,	91
the	84
and	50
of	49
.	46
to	34
he	28
in	23
his	23
a	23
that	22
—	20
when	19
home	19
him	18
"	18
was	17
think	17
is	17
we	15
they	13
with	12
there	12
i	12
for	12
do	12
by	12
?	12
!	12
their	11
so	11
it	11
at	11
you	10
have	10
which	9
me	9
had	8
be	8
|'s|	7
who	7
sweet	7
soldier	7
not	7
love	7
as	7
would	6
from	6
chorus	6
;	6
were	5
those	5
shall	5
said	5
on	5
day	5
but	5
."	5
where	4
then	4
rest	4
heaven	4
hearts	4
has	4
fall	4
can	4
before	4
been	4
battle	4
are	4
:	4
'	4
|arabic1digit|	3
words	3
voice	3
us	3
this	3
than	3
testament	3
t	3
still	3
she	3
prayer	3
over	3
our	3
n	3
my	3
more	3
mercy	3
like	3
last	3
how	3
forever	3
ever	3
country	3
cease	3
cannot	3
breast	3
bosom	3
blessed	3
all	3
again	3
*	3
•	2
you'll	2
yes	2
wounded	2
wound	2
wish	2
will	2
while	2
turned	2
true	2
time	2
through	2
sun	2
struck	2
spread	2
spirit	2
sound	2
small	2
sleep	2
sister	2
share	2
remember	2
regiment	2
pray	2
one	2
old	2
no	2
mother	2
meet	2
m	2
loving	2
looked	2
light	2
life	2
left	2
leaves	2
land	2
know	2
joined	2
il	2
honours	2
honour	2
heroic	2
heard	2
happy	2
hand	2
grace	2
glory	2
gave	2
first	2
field	2
fallen	2
faith	2
ere	2
dust	2
death	2
dear	2
crowned	2
celestial	2
call	2
bright	2
brave	2
bis	2
bible	2
ball	2
away	2
among	2
above	2
►	1
■	1
|arabic3digit|	1
|arabic2digit|	1
youth	1
young	1
wreaths	1
wreath	1
wrap	1
wounds	1
work	1
worcli	1
without	1
within	1
wishes	1
wickad	1
whose	1
whisper	1
what	1
wftslieat	1
well	1
weeping	1
weep	1
weary	1
waving	1
watching	1
warmest	1
warm	1
war	1
volume	1
visited	1
virginia	1
victory	1
victor	1
very.eweet	1
vacant	1
unsullied	1
unsuccessful	1
unseen	1
undimmed	1
under	1
umn	1
ul	1
ty	1
twas	1
turf	1
tumult	1
troubling	1
trod	1
triumph	1
trials	1
triajs	1
too	1
tomb	1
told	1
tlomel	1
tli	1
tion	1
till	1
thrilling	1
thr.nkfnl	1
thoy	1
thought	1
though^affec	1
though	1
them	1
thebible	1
thankful	1
th'ft	1
tented	1
tender	1
tells	1
te	1
talented	1
tae	1
sympathy	1
sword	1
sweeter	1
surgeons	1
summoned	1
suitable	1
suffering	1
suffer	1
suddenly	1
struggle	1
strangers	1
storm	1
stanzas	1
standing	1
staggered	1
stagger	1
spring	1
spoke	1
splendour	1
spirits	1
souls	1
soul	1
son	1
sod	1
smiling	1
smile	1
slumbering	1
slight	1
sleeps	1
skies	1
sisters	1
sink	1
sing	1
since	1
silenced	1
short	1
shining	1
shielded	1
shield	1
shed	1
shared	1
shadows	1
severed	1
servants	1
servant	1
seen	1
seemed	1
see	1
seat	1
saw	1
saviour	1
saved	1
sang	1
sadness	1
sadly	1
sadder|far	1
sad	1
sacredly	1
sacred	1
sabbath	1
rung	1
rude	1
round	1
riven	1
righteous	1
reunited	1
returns	1
responded	1
resigned	1
repair	1
rejoiced	1
refuge	1
recover	1
reclining	1
receive	1
realised	1
rapture	1
ransomed	1
ranks	1
rallied	1
raise	1
radiance	1
quoted	1
pronounced	1
promptly	1
promised	1
procure	1
preston	1
pressed	1
precious	1
powerful	1
poetry	1
pocket	1
pleasures	1
plains	1
pious	1
pilgrim	1
perish	1
patriotism	1
passed	1
parts	1
pardoned	1
panting	1
out	1
other	1
ordered	1
orange	1
or	1
onset	1
only	1
obtain	1
numbered	1
now	1
north	1
noble	1
night	1
new	1
never	1
need	1
neat	1
name	1
n^ke	1
myrtle	1
must	1
mould	1
mortally	1
mortal	1
monarch	1
mirth	1
might	1
merits	1
mere	1
melting	1
meaning	1
meal	1
may	1
marshalled	1
manly	1
mangam	1
manauni	1
manassas	1
man	1
made	1
lord	1
look	1
longing	1
long	1
livelong	1
lis	1
lips	1
links	1
leaving	1
leaned	1
lead	1
laurel	1
laughing	1
large	1
lament	1
kpelt	1
known	1
knell	1
knaw	1
kindred	1
kind	1
kept	1
kentucky	1
just	1
judge	1
jr	1
joy	1
join	1
jn	1
its	1
instruction	1
instant	1
infinitely	1
infinite	1
independence	1
increasing	1
immortality	1
immortal	1
if	1
hut	1
however	1
household	1
hospital	1
hopeful	1
hope	1
homo	1
hgme	1
hermit	1
heretofore	1
her	1
heavenly	1
hearth	1
heart	1
healed	1
he'and	1
hauds	1
happiness	1
hallowed	1
grey	1
greatest	1
greater	1
goes	1
god	1
girls	1
ghastly	1
genuine	1
gems	1
gathers	1
g	1
ft	1
front	1
friends	1
friend	1
freedom	1
fought	1
forms	1
force	1
fond	1
foe	1
fisher	1
firm	1
fingers	1
find	1
fiery	1
fields	1
fied	1
few	1
felt	1
feet	1
feared	1
father	1
fatal	1
farewell	1
far	1
fancy	1
faithfal	1
fairy	1
face	1
f	1
eyes	1
eye	1
experience	1
exchange	1
examination	1
everlasting	1
evening	1
eternal	1
eoly	1
enthusiasm	1
enemy	1
emphasis	1
embraced	1
eloquent	1
effort	1
ed	1
ebbing	1
earthly	1
earnestly	1
early	1
dwell	1
driven	1
dresa	1
dreary	1
dreams	1
dread	1
distant	1
discovered	1
dirge	1
direction	1
died	1
die	1
dewy	1
devotion	1
defence	1
deepest	1
deep	1
deck	1
dc	1
days	1
dawn	1
dark	1
daring	1
dangers	1
dancing	1
daily	1
d	1
cry	1
coun	1
could	1
couch	1
confusion	1
comrades	1
comply	1
companion	1
common	1
comes	1
come	1
colonel	1
cold	1
col	1
clay	1
clarion	1
claim	1
circle	1
christian	1
children	1
cherished	1
cheered	1
cheer	1
charge	1
chaplet	1
chair	1
chain	1
cause	1
carried	1
carolina	1
canaot	1
camp	1
came	1
calm	1
broken	1
bravely	1
boys	1
boyhood	1
both	1
born	1
bless	1
blend	1
bibles	1
bf	1
better	1
betrayed	1
bereaved	1
believe	1
behind	1
beautiful	1
beauti*	1
beamed	1
battery	1
balm	1
balls	1
bade	1
b	1
aye	1
awhile	1
assurance	1
ask	1
ascend	1
around	1
any	1
amid	1
ami	1
am	1
already	1
aged	1
after	1
affected	1
adieu	1
address	1
^tonelmt	1
[	1
6th	1
.•	1
.,	1
."]	1
**	1
(	1
',	1
