,	5511
the	3015
and	2045
—	1647
.	1024
;	907
to	790
of	752
his	742
!	552
in	550
with	528
a	521
:	506
he	470
but	425
for	397
on	378
that	355
then	279
"	277
not	275
from	274
all	269
him	253
king	247
as	233
is	230
?	226
they	221
their	214
|'s|	205
i	200
her	198
at	173
thou	170
be	169
like	167
now	164
upon	161
thy	152
was	148
yet	142
or	131
shall	129
'	124
will	123
still	123
so	123
by	121
thus	116
this	114
them	112
it	109
what	103
no	100
nor	99
earth	99
battle	99
down	97
your	96
my	96
when	95
thee	92
hand	92
every	92
up	91
our	90
we	89
stood	87
let	87
chariot	87
ye	85
are	85
heaven	84
again	84
forth	83
voice	82
."	81
one	80
may	80
were	77
host	77
arbaces	76
out	75
city	75
arms	75
steeds	72
god	72
spake	71
away	70
who	69
through	69
me	68
eye	67
more	66
man	65
us	64
she	63
horse	62
over	61
long	61
have	61
fire	61
come	61
!"	61
heard	60
assyria	60
you	58
chariots	58
went	57
toward	57
far	57
even	57
car	57
came	57
men	56
mede	56
hath	56
haste	55
unto	53
priest	53
many	53
go	53
there	52
heart	50
flew	50
bright	50
back	49
sword	48
cried	48
arm	48
looked	47
fell	47
fight	46
before	46
walls	44
round	44
hearts	44
fly	44
while	43
eyes	43
an	43
day	42
strength	41
oh	41
might	41
into	41
foe	41
said	40
high	40
death	40
words	39
than	39
th	39
sun	39
some	39
plain	39
its	39
aloud	39
tyrant	38
proud	38
once	38
loud	38
had	38
would	37
thousand	37
saw	37
night	37
if	37
foot	37
turned	36
sound	36
salamenes	36
must	36
which	35
turn	35
too	35
throne	35
these	35
such	35
shout	35
pale	35
mighty	35
live	35
how	35
here	35
ever	35
see	34
queen	34
own	34
monarch	34
love	34
gold	34
first	34
against	34
where	33
brow	33
bow	33
strong	32
spear	32
rose	32
horses	32
head	32
gods	32
chief	32
though	31
shouts	31
rushed	31
kings	31
field	31
ere	31
within	30
should	30
off	30
light	30
deep	30
thunder	29
take	29
jerimoth	29
himself	29
hear	29
hands	29
.'"	29
till	28
nigh	28
nebaioth	28
gates	28
fall	28
drove	28
drew	28
could	28
cast	28
art	28
amid	28
way	27
thine	27
steed	27
stay	27
look	27
hosts	27
friends	27
fallen	27
blood	27
assyrian	27
wine	26
right	26
nations	26
morn	26
moment	26
great	26
foes	26
brazen	26
assyrians	26
stand	25
sent	25
rest	25
meantime	25
lost	25
horsemen	25
hope	25
golden	25
face	25
ear	25
called	25
beneath	25
around	25
yon	24
side	24
shield	24
hour	24
fled	24
do	24
cry	24
comes	24
blow	24
beheld	24
wheels	23
sprang	23
soon	23
glory	23
fierce	23
fear	23
been	23
arose	23
air	23
why	22
thoughts	22
swift	22
seen	22
rush	22
know	22
flight	22
dark	22
can	22
camp	22
burst	22
bid	22
bade	22
say	21
sat	21
never	21
lion	21
huge	21
ground	21
gone	21
give	21
cup	21
behold	21
awhile	21
word	20
waves	20
steel	20
shouting	20
rout	20
nineveh	20
median	20
made	20
limbs	20
leapt	20
dreadful	20
both	20
am	20
-	20
wind	19
well	19
time	19
thought	19
speed	19
sky	19
rushing	19
people	19
pass	19
palace	19
lord	19
length	19
left	19
hot	19
hast	19
glittering	19
close	19
burning	19
brave	19
arrow	19
above	19
vain	18
terror	18
tent	18
tempest	18
tell	18
struck	18
sleep	18
rebel	18
passed	18
full	18
doth	18
counsel	18
coming	18
clouds	18
call	18
belesis	18
?"	18
|arabic1digit|	17
think	17
speak	17
sank	17
raised	17
power	17
other	17
oft	17
life	17
hundred	17
ceased	17
breath	17
brass	17
bowed	17
young	16
vengeance	16
twice	16
stroke	16
strike	16
slain	16
name	16
lift	16
leader	16
fury	16
feet	16
dazzling	16
bent	16
answer	16
angry	16
.''	16
zimri	15
years	15
wide	15
whose	15
whom	15
trumpets	15
stir	15
step	15
standing	15
silence	15
shame	15
shaft	15
seer	15
old	15
most	15
make	15
lay	15
land	15
instantly	15
instant	15
hurled	15
headlong	15
friend	15
flood	15
fate	15
either	15
dust	15
dara	15
chiefs	15
charioteer	15
breast	15
azubah	15
after	15
youth	14
wound	14
woman	14
trembling	14
things	14
strife	14
smote	14
shalt	14
seized	14
rule	14
replied	14
pride	14
open	14
music	14
midst	14
medes	14
mail	14
lance	14
helm	14
good	14
glorious	14
gate	14
gainst	14
darkness	14
cries	14
cloud	14
chosen	14
bring	14
black	14
behind	14
aside	14
anon	14
aid	14
wait	13
voices	13
valiant	13
two	13
tis	13
those	13
thick	13
swords	13
surely	13
soldiers	13
sight	13
shouted	13
save	13
sardanapalus	13
reins	13
ran	13
rage	13
rabsaris	13
prophet	13
nought	13
none	13
nehushta	13
met	13
loved	13
looking	13
hideous	13
helmet	13
held	13
heavy	13
hark	13
gorgeous	13
giant	13
gave	13
free	13
foul	13
each	13
draw	13
dead	13
break	13
armour	13
abner	13
wise	12
weapon	12
weak	12
uproar	12
uplifted	12
trumpet	12
strove	12
stone	12
stern	12
space	12
shook	12
rode	12
roar	12
return	12
rank	12
place	12
noble	12
moved	12
meet	12
lo	12
lifted	12
laugh	12
last	12
israel	12
hold	12
heed	12
heavens	12
half	12
hail	12
gleaming	12
gazed	12
fiery	12
father	12
escape	12
dream	12
dread	12
distant	12
cheek	12
broad	12
babylon	12
ask	12
also	12
alone	12
abiathar	12
world	11
without	11
wisdom	11
tread	11
took	11
tomorrow	11
together	11
thrice	11
terrible	11
storm	11
stars	11
stands	11
spread	11
soul	11
silent	11
rich	11
put	11
poured	11
pointing	11
perchance	11
o	11
myriads	11
mortal	11
mad	11
low	11
louder	11
longer	11
less	11
furiously	11
furious	11
fought	11
flying	11
flaming	11
firm	11
eternal	11
equal	11
doom	11
die	11
did	11
cold	11
clear	11
chamber	11
cars	11
better	11
bear	11
backward	11
anger	11
yonder	10
wrath	10
wheel	10
warriors	10
war	10
turning	10
trees	10
trample	10
told	10
toil	10
three	10
ten	10
sure	10
started	10
sennacherib	10
seemed	10
safe	10
rider	10
reply	10
ranks	10
pursuit	10
paused	10
ours	10
next	10
new	10
mist	10
midnight	10
looks	10
lofty	10
joy	10
home	10
height	10
grew	10
gem	10
found	10
flag	10
few	10
exulting	10
east	10
drive	10
dim	10
deemed	10
days	10
dawn	10
contest	10
choose	10
captains	10
captain	10
calling	10
bound	10
bosom	10
bloody	10
beware	10
banquet	10
white	9
waving	9
warrior	9
victory	9
vainly	9
upraised	9
troubled	9
traitor	9
touch	9
thunders	9
threw	9
summit	9
suddenly	9
stretched	9
sea	9
royal	9
rolled	9
roaring	9
rising	9
rise	9
rapid	9
perish	9
part	9
onset	9
mountain	9
mount	9
moon	9
mind	9
majestic	9
madman	9
little	9
leave	9
ill	9
hearing	9
hasten	9
glanced	9
four	9
foam	9
fit	9
fatal	9
drawn	9
doubt	9
din	9
died	9
diamond	9
destruction	9
dared	9
dance	9
couch	9
book	9
bold	9
began	9
beast	9
azareel	9
answered	9
along	9
abdolonimus	9
work	8
winds	8
wild	8
walked	8
unharmed	8
trampling	8
touched	8
throng	8
threatening	8
struggle	8
strange	8
slept	8
slave	8
shot	8
shock	8
send	8
seek	8
rapidly	8
raged	8
quickly	8
quick	8
pursued	8
pure	8
prepared	8
plume	8
peace	8
pause	8
past	8
nation	8
myself	8
monstrous	8
mightier	8
mailed	8
lest	8
laid	8
idle	8
horseman	8
honour	8
help	8
heads	8
haughty	8
guilt	8
gay	8
flowers	8
floor	8
flashing	8
find	8
false	8
faces	8
driven	8
drink	8
deeds	8
crush	8
corpse	8
conflict	8
bind	8
atossa	8
astonished	8
arrows	8
armed	8
arabian	8
appeared	8
another	8
abide	8
women	7
wives	7
wealth	7
utterly	7
urged	7
upsprang	7
towers	7
towards	7
tongue	7
thrown	7
thousands	7
sweet	7
summons	7
spot	7
splendour	7
speech	7
soldier	7
snatched	7
smoke	7
slow	7
sister	7
silently	7
short	7
shields	7
sensual	7
scourge	7
scarce	7
sayest	7
same	7
returned	7
quivering	7
pressed	7
plains	7
pierced	7
path	7
passing	7
opening	7
ocean	7
numbers	7
nobler	7
multitude	7
much	7
mother	7
moses	7
morning	7
mock	7
mingled	7
minds	7
million	7
may'st	7
mark	7
loosed	7
lips	7
lightning	7
lightly	7
known	7
knee	7
iron	7
hung	7
holy	7
helms	7
haply	7
guard	7
goblet	7
given	7
gaze	7
fro	7
foremost	7
flushed	7
flower	7
flies	7
flame	7
five	7
fine	7
filled	7
fighting	7
fame	7
eve	7
enemies	7
else	7
eagle	7
dull	7
dropped	7
driving	7
dreams	7
done	7
daughter	7
dashed	7
crown	7
coursers	7
course	7
concubines	7
clash	7
children	7
ceaselessly	7
cause	7
burn	7
brief	7
breeze	7
breathing	7
breathed	7
bore	7
bidding	7
beholding	7
beauteous	7
banners	7
banner	7
babylonian	7
awful	7
awaiting	7
anxiously	7
amazed	7
already	7
.'	7
youthful	6
wounded	6
worse	6
wilt	6
wearied	6
waved	6
watch	6
veil	6
vast	6
vanquished	6
unseen	6
unnumbered	6
underneath	6
tumult	6
true	6
trod	6
tremendous	6
traitors	6
tiger	6
therefore	6
terrific	6
tents	6
tall	6
talk	6
taken	6
sway	6
stoop	6
stayed	6
star	6
spring	6
splendid	6
spirit	6
spears	6
speaking	6
sought	6
song	6
solemn	6
soft	6
slumber	6
silver	6
shaking	6
senseless	6
second	6
score	6
ruling	6
reverence	6
remain	6
rebellion	6
read	6
reached	6
rather	6
presumptuous	6
prayer	6
pray	6
pour	6
panting	6
pallid	6
onward	6
only	6
nay	6
motionless	6
mine	6
michael	6
methinks	6
media	6
march	6
madness	6
living	6
limb	6
learn	6
late	6
lands	6
lances	6
knew	6
knees	6
joined	6
join	6
insolent	6
indignant	6
incensed	6
impatient	6
hours	6
hoarse	6
hill	6
herald	6
hence	6
heavily	6
hasted	6
hailstones	6
grey	6
green	6
glance	6
gigantic	6
gazing	6
fresh	6
fouled	6
form	6
force	6
fool	6
fling	6
fixed	6
felt	6
feel	6
feeble	6
feast	6
fast	6
expecting	6
event	6
entrance	6
eastern	6
dost	6
didst	6
desperate	6
deed	6
covered	6
country	6
cool	6
clamours	6
chance	6
brother	6
bolt	6
body	6
blaze	6
blast	6
beside	6
beloved	6
bed	6
base	6
aught	6
arch	6
anxious	6
almelon	6
aged	6
age	6
advanced	6
accursed	6
|romannumeral|	5
year	5
wisely	5
whence	5
weakness	5
wave	5
waiting	5
victors	5
upstanding	5
trust	5
triumphant	5
triumph	5
trance	5
tower	5
toiled	5
today	5
times	5
throw	5
thing	5
tears	5
task	5
tale	5
sudden	5
stream	5
stones	5
stirring	5
stirred	5
starred	5
standard	5
spoken	5
south	5
sons	5
slight	5
sign	5
sigh	5
shaken	5
set	5
sense	5
seat	5
scales	5
sang	5
rules	5
ruled	5
roll	5
rod	5
rock	5
robe	5
restless	5
redoubled	5
ready	5
race	5
quenched	5
prostrate	5
proclaimed	5
prey	5
press	5
presence	5
praise	5
pomp	5
placed	5
pierce	5
palaces	5
overthrow	5
obey	5
numerous	5
nothing	5
nigher	5
neck	5
nearer	5
named	5
morrow	5
moonlight	5
melancholy	5
massive	5
marble	5
making	5
maidens	5
maid	5
madly	5
listened	5
lions	5
lightnings	5
least	5
labour	5
kind	5
joab	5
impetuous	5
hurl	5
hissing	5
hilkiah	5
higher	5
heroic	5
heralds	5
hasting	5
harp	5
happy	5
guide	5
guerdon	5
groans	5
graceful	5
girls	5
get	5
fragrant	5
forms	5
flashed	5
flamed	5
fires	5
fill	5
fifth	5
favoured	5
falls	5
faint	5
eyed	5
exclaimed	5
evil	5
everywhere	5
enough	5
end	5
drunken	5
destroy	5
defiance	5
dart	5
dare	5
damsels	5
crystal	5
crowned	5
corslet	5
clad	5
chains	5
canst	5
calm	5
calls	5
broken	5
briefly	5
bridge	5
bowing	5
bower	5
bosoms	5
born	5
billows	5
beyond	5
between	5
best	5
bearing	5
awake	5
assault	5
armies	5
apart	5
among	5
aloft	5
aim	5
advancing	5
abroad	5
abijah	5
"'	5
•	4
|arabic3digit|	4
zeal	4
yoke	4
written	4
wretch	4
worship	4
witness	4
whole	4
whisper	4
whirling	4
whirled	4
whatever	4
wert	4
weaker	4
water	4
wanton	4
vision	4
valour	4
useless	4
urge	4
unequal	4
uncertain	4
unarmed	4
twas	4
turns	4
try	4
truth	4
tree	4
tramplings	4
trampled	4
tramp	4
train	4
tore	4
top	4
tigris	4
tidings	4
throughout	4
thin	4
thence	4
themselves	4
tarry	4
swiftly	4
studded	4
struggling	4
stronger	4
streaming	4
strained	4
stormy	4
stooped	4
startled	4
starting	4
staff	4
sport	4
splendours	4
spirits	4
spent	4
sparkling	4
sounds	4
sometimes	4
smoking	4
small	4
slumbering	4
slay	4
single	4
since	4
sides	4
shone	4
sheep	4
shake	4
shade	4
service	4
sees	4
seem	4
seeing	4
secret	4
sage	4
ruin	4
ruby	4
rouse	4
rocked	4
roared	4
road	4
riders	4
revenge	4
retiring	4
retired	4
retire	4
resolve	4
renown	4
rend	4
remained	4
rejoicing	4
rein	4
red	4
recovering	4
rebels	4
rebellious	4
reason	4
rear	4
rang	4
rain	4
purpose	4
purple	4
proof	4
priests	4
priestly	4
poor	4
ponderous	4
poison	4
pointed	4
plumes	4
peril	4
pay	4
passion	4
owe	4
oppressed	4
opened	4
noise	4
nature	4
moving	4
mouth	4
mound	4
mixed	4
means	4
matter	4
matched	4
match	4
madder	4
listening	4
listen	4
lifting	4
lies	4
led	4
leaned	4
lead	4
laughing	4
lash	4
kept	4
just	4
juice	4
judge	4
joyous	4
jehovah	4
jar	4
japhet	4
j	4
invite	4
inciting	4
impious	4
imperial	4
impassable	4
hushed	4
hum	4
hoping	4
hollow	4
hissed	4
hills	4
helmets	4
heeded	4
hears	4
hearken	4
headed	4
hasty	4
harder	4
hardened	4
hang	4
hall	4
groaning	4
grass	4
grasping	4
grace	4
glancing	4
glad	4
girt	4
giddy	4
gentle	4
gather	4
frenzy	4
fountain	4
foolish	4
follow	4
fitter	4
fetters	4
fearful	4
farewell	4
falter	4
falchion	4
exhorting	4
evening	4
erelong	4
enterprise	4
egypt	4
ears	4
earnest	4
early	4
eager	4
dulcimer	4
drops	4
drawing	4
drank	4
door	4
divine	4
discourse	4
desert	4
deluge	4
delivered	4
defeated	4
deem	4
debased	4
dear	4
darts	4
curb	4
cunning	4
crying	4
crowd	4
cowards	4
courser	4
countenance	4
council	4
corslets	4
cooling	4
conquest	4
confusion	4
communing	4
commune	4
clasp	4
child	4
chase	4
changed	4
cease	4
cannot	4
broke	4
breathless	4
breathe	4
bravest	4
bravely	4
blue	4
blowing	4
blind	4
bleeding	4
blazing	4
birth	4
bespoke	4
bending	4
bend	4
beauty	4
beam	4
battle-axe	4
bareheaded	4
banks	4
bactria	4
azariah	4
axe	4
assembly	4
ashes	4
arabia	4
anew	4
ample	4
alike	4
ahaz	4
agony	4
about	4
''	4
'"	4
!'	4
|arabic2digit|	3
youths	3
worst	3
worshipped	3
withdrew	3
wisest	3
wiped	3
wickedness	3
whirring	3
whirlwind	3
wheeling	3
whatsoever	3
west	3
welcome	3
weary	3
waxed	3
wavering	3
waver	3
waters	3
watchtower	3
waste	3
wakes	3
wake	3
waits	3
wail	3
voluptuous	3
victor	3
vestments	3
vengeful	3
utmost	3
urging	3
unwillingly	3
unresisting	3
universal	3
unhurt	3
undaunted	3
uncommanded	3
unchecked	3
unceasingly	3
unceasing	3
umbrageous	3
trusting	3
troops	3
tremulous	3
trembled	3
tremble	3
tomb	3
toils	3
timna	3
timbrel	3
tide	3
thyself	3
thundering	3
thundered	3
thrust	3
thronging	3
thirst	3
thigh	3
thickest	3
thanks	3
terrified	3
teeth	3
taught	3
taste	3
t	3
sweetest	3
sweep	3
swayed	3
sunshine	3
stunned	3
strengthen	3
streets	3
street	3
straight	3
stopped	3
stooping	3
steps	3
steeped	3
state	3
staggering	3
spokes	3
spoke	3
spearmen	3
speaks	3
sounding	3
solid	3
softly	3
snowy	3
snow	3
smiting	3
smiling	3
smile	3
slowly	3
sleepless	3
slaughter	3
slack	3
sixth	3
sits	3
sit	3
sinks	3
sinking	3
silken	3
signet	3
signal	3
shun	3
shoutings	3
shoulders	3
shine	3
sheathed	3
shattered	3
shades	3
semiramis	3
scorn	3
sceptre	3
scented	3
scatter	3
scared	3
scaped	3
says	3
saying	3
saith	3
sacred	3
routed	3
robes	3
roarings	3
revelry	3
retreat	3
resolved	3
repent	3
rejoice	3
recklessly	3
ray	3
rare	3
rapt	3
raging	3
radiant	3
quiver	3
question	3
punishment	3
proudly	3
proclaim	3
prince	3
prevailed	3
pressing	3
prepare	3
precious	3
praying	3
prayers	3
pondered	3
point	3
plucked	3
planted	3
plague	3
pit	3
perhaps	3
perfumed	3
peresh	3
pawing	3
passions	3
pardon	3
palm	3
pageant	3
p	3
overthrown	3
ourselves	3
orb	3
ones	3
obedient	3
northward	3
north	3
noiseless	3
noblest	3
nice	3
neither	3
myriad	3
murmur	3
multitudes	3
move	3
mood	3
monarchs	3
millions	3
mightiest	3
mid	3
meteor	3
mercy	3
martial	3
mantle	3
loudly	3
loose	3
lonely	3
lone	3
load	3
lives	3
linen	3
likest	3
lie	3
liberty	3
leaping	3
leap	3
leagued	3
kingdom	3
judgement	3
journey	3
jarring	3
ivory	3
issuing	3
intent	3
inflamed	3
infantry	3
indus	3
incense	3
implore	3
ignorant	3
hurricane	3
hues	3
howling	3
horrid	3
hoofs	3
homeward	3
holds	3
herself	3
hers	3
herbs	3
henceforth	3
helpless	3
hellish	3
hell	3
heaving	3
heated	3
hatred	3
hated	3
harnessed	3
harmless	3
harden	3
hard	3
hapless	3
haired	3
hair	3
ha	3
grief	3
grave	3
grasp	3
goshen	3
goes	3
glowed	3
gleamed	3
glaring	3
glare	3
gilded	3
ghastly	3
gems	3
gathered	3
frowning	3
frenzied	3
fourth	3
fortune	3
forgot	3
forbidden	3
forbear	3
folly	3
followers	3
folded	3
foaming	3
flesh	3
flat	3
fired	3
fields	3
feared	3
favouring	3
fathers	3
faithful	3
fair	3
faintly	3
fail	3
experience	3
enter	3
encouraging	3
ebon	3
earthquake	3
earthly	3
dying	3
dwells	3
due	3
dreaded	3
draught	3
drained	3
dragon	3
donned	3
divided	3
distance	3
disdain	3
dire	3
different	3
diamonds	3
dewy	3
destined	3
designed	3
den	3
demand	3
delighted	3
delight	3
delicious	3
delayed	3
deity	3
deeper	3
debauch	3
debate	3
deaths	3
deafening	3
deadly	3
dash	3
darkening	3
darkened	3
darius	3
daring	3
danger	3
curse	3
crushing	3
crest	3
crazed	3
crash	3
courage	3
countless	3
counter	3
counsels	3
cord	3
control	3
consume	3
conqueror	3
conquer	3
conflicting	3
confess	3
concealed	3
cloudy	3
closing	3
closed	3
clasped	3
clang	3
cheerful	3
charioteers	3
charge	3
change	3
chaldea	3
chained	3
censure	3
cedar	3
caution	3
caught	3
career	3
burned	3
brought	3
brings	3
bringing	3
breathes	3
brain	3
boy	3
boundless	3
bolts	3
blows	3
blackness	3
bitter	3
bids	3
below	3
beds	3
battles	3
balanced	3
bad	3
bactrians	3
babylonians	3
axle	3
awe	3
await	3
augury	3
audacious	3
approaching	3
appointed	3
applause	3
any	3
amain	3
alarm	3
afar	3
advance	3
adriel	3
admonition	3
across	3
?-	3
zealous	2
zadok	2
yourselves	2
youngest	2
wrong	2
wreck	2
wrathfully	2
wounds	2
wouldst	2
worthless	2
worthiest	2
wore	2
woke	2
wish	2
wipe	2
wing	2
wildly	2
wielding	2
wielded	2
wield	2
whither	2
whisperings	2
whim	2
whereto	2
whereon	2
wherefore	2
wheeled	2
weight	2
weeping	2
weep	2
ween	2
weapons	2
we'll	2
watchmen	2
watchful	2
warning	2
warlike	2
wall	2
waking	2
waken	2
waked	2
waited	2
wage	2
w	2
vulgar	2
vow	2
visions	2
virtue	2
violence	2
victorious	2
vexed	2
very	2
venus	2
vehement	2
vassal	2
vapour	2
vanquish	2
use	2
upwent	2
upturned	2
upspringing	2
upsnatching	2
uprising	2
upright	2
upheld	2
upheaped	2
unwise	2
untended	2
unsubstantial	2
unsteadily	2
unsought	2
unknown	2
unknowing	2
unite	2
union	2
unhappy	2
unguarded	2
unearthly	2
undeserved	2
unbounded	2
unbidden	2
tyranny	2
twixt	2
twilight	2
tumultuous	2
tumbled	2
trouble	2
tributary	2
treason	2
traveller	2
trappings	2
torrents	2
tops	2
topped	2
tone	2
titanic	2
tired	2
timbrels	2
throat	2
threatened	2
threat	2
thread	2
thirsted	2
third	2
thinks	2
thickening	2
theme	2
temples	2
temple	2
tempered	2
tear	2
teach	2
tamed	2
table	2
swiftness	2
swept	2
sweat	2
swear	2
swaying	2
swarming	2
surer	2
supreme	2
sunny	2
sunlight	2
summer	2
sum	2
sullenly	2
succour	2
submit	2
subject	2
subdued	2
stubble	2
struggled	2
strongest	2
strode	2
striving	2
strive	2
striking	2
strides	2
stretch	2
streamed	2
sting	2
stiff	2
sternly	2
steal	2
stature	2
start	2
starry	2
standest	2
squadrons	2
spurring	2
spurred	2
sprinkled	2
springs	2
sprightly	2
spoiler	2
spoil	2
sounded	2
sore	2
sooth	2
songs	2
son	2
solitude	2
solitary	2
sole	2
sogdiana	2
snapped	2
smooth	2
smitten	2
slumbers	2
slew	2
sleeps	2
sleeping	2
slaves	2
skin	2
sitting	2
sires	2
sire	2
sink	2
sing	2
shunning	2
shunned	2
shuddering	2
shrubs	2
shrill	2
shriek	2
shrank	2
shows	2
show	2
shoulder	2
shorn	2
shooting	2
ship	2
shining	2
shed	2
shameless	2
shafts	2
shadows	2
shadow	2
shading	2
seventh	2
servitude	2
servant	2
sends	2
seldom	2
seems	2
secure	2
searching	2
scroll	2
scorns	2
scornful	2
scoff	2
scattering	2
scattered	2
saturn	2
satraps	2
sands	2
sake	2
sad	2
sacrifice	2
ruddy	2
roused	2
roses	2
rooted	2
roomy	2
room	2
roof	2
rolling	2
rocky	2
rocks	2
robed	2
ringing	2
ride	2
riches	2
reward	2
revels	2
revealed	2
returning	2
resounding	2
resisting	2
resist	2
report	2
rent	2
rending	2
removed	2
remorse	2
remains	2
relaxing	2
regal	2
refreshed	2
received	2
recall	2
rebuking	2
reach	2
re	2
rays	2
raw	2
ravisher	2
rashly	2
quiet	2
questioned	2
pursue	2
prove	2
protect	2
prosper	2
prophets	2
prophesy	2
prophecies	2
proper	2
promised	2
proclaiming	2
prevail	2
presume	2
present	2
preparation	2
powers	2
powerless	2
portal	2
pondering	2
poising	2
plunge	2
pluck	2
pleasures	2
pleasing	2
pleased	2
please	2
pleasantly	2
plead	2
play	2
plant	2
pile	2
physician	2
phrygian	2
pest	2
persians	2
persian	2
persia	2
perpetual	2
permitted	2
perished	2
perforce	2
pennons	2
peals	2
peal	2
pavilion	2
patient	2
parts	2
parting	2
parted	2
panted	2
pain	2
owes	2
overlooks	2
outstretching	2
outstretched	2
oppressor	2
odds	2
obedience	2
o'erlaid	2
notes	2
nostrils	2
nimrod	2
needfully	2
needful	2
nectar	2
near	2
mute	2
mountains	2
motioned	2
motion	2
monument	2
monster	2
mocked	2
misled	2
misgave	2
mirror	2
ministers	2
mingling	2
milk	2
message	2
meanly	2
meal	2
matters	2
master	2
mass	2
marriage	2
marked	2
mariner	2
manhood	2
makes	2
magnificent	2
maddened	2
lying	2
lydian	2
lute	2
lusts	2
lurid	2
lure	2
lukewarm	2
loveliness	2
longed	2
locked	2
lip	2
linger	2
line	2
liked	2
leopard	2
leaders	2
lazy	2
law	2
laughed	2
latest	2
large	2
languid	2
lacking	2
knowest	2
knit	2
knelt	2
kissed	2
kingly	2
kindness	2
kindling	2
kindled	2
keep	2
keener	2
k	2
justly	2
justice	2
jupiter	2
joys	2
jovial	2
joshua	2
jessamine	2
jehoshaphat	2
javelin	2
jahaziel	2
itself	2
inviting	2
invites	2
invisible	2
invincible	2
interpreters	2
intending	2
instruments	2
instrument	2
inspired	2
iniquities	2
inglorious	2
infused	2
infants	2
infant	2
incited	2
inaccessible	2
impelled	2
impatiently	2
image	2
ignorance	2
ice	2
i'll	2
hurry	2
hurling	2
hungry	2
human	2
hued	2
howled	2
horror	2
horribly	2
horizon	2
hopes	2
hopeless	2
hoped	2
homes	2
hither	2
hinges	2
hilt	2
hid	2
hero	2
herd	2
herb	2
hebrew	2
heavier	2
heaved	2
heat	2
hearted	2
heaps	2
healing	2
havoc	2
hateful	2
hate	2
hastily	2
harlot	2
happier	2
hamutah	2
halls	2
h	2
gulf	2
guilty	2
guiding	2
grows	2
growing	2
groves	2
grove	2
groan	2
griped	2
grinding	2
grievous	2
griefs	2
greater	2
grazing	2
grasped	2
grandeur	2
going	2
godlike	2
goddesses	2
goddess	2
glowing	2
gliding	2
gleam	2
glass	2
gladly	2
gives	2
girl	2
gift	2
gently	2
garments	2
gardens	2
garden	2
garb	2
gaping	2
gan	2
galled	2
gain	2
future	2
fruits	2
frowns	2
front	2
fretted	2
freedom	2
frantic	2
framed	2
frame	2
fragrance	2
fountains	2
foundations	2
foulness	2
forward	2
fortress	2
forsake	2
forgotten	2
forgiveness	2
forget	2
forfeit	2
forest	2
forehead	2
fore	2
food	2
flung	2
flown	2
flowed	2
flinging	2
fliers	2
flax	2
flash	2
flames	2
flags	2
fierceness	2
fiercely	2
fewer	2
fevered	2
fever	2
fettered	2
fellows	2
feels	2
feasting	2
feasted	2
fears	2
fearfully	2
farthest	2
farther	2
fans	2
falling	2
falchions	2
f	2
exposed	2
example	2
estranged	2
espied	2
erring	2
erect	2
equipped	2
ephah	2
entered	2
ensign	2
enormous	2
endless	2
emprise	2
empire	2
eminent	2
echoed	2
easy	2
eagerly	2
e	2
drunkard	2
drooping	2
drives	2
dreamy	2
dreadless	2
draughts	2
drain	2
downward	2
doubts	2
doubtful	2
doubted	2
double	2
dizzy	2
disunion	2
discordant	2
direct	2
dies	2
dews	2
destroyed	2
destiny	2
despair	2
design	2
deserved	2
descry	2
derision	2
delusion	2
deliverance	2
delay	2
defeat	2
deer	2
decree	2
debt	2
dealing	2
deaf	2
dazzled	2
dares	2
dangerous	2
dancing	2
dames	2
dame	2
cymbal	2
cursed	2
curbing	2
crushed	2
crowds	2
crossed	2
created	2
crashing	2
coward	2
covetous	2
covet	2
court	2
count	2
counsellor	2
costly	2
cooled	2
convulsively	2
consuming	2
consult	2
conspicuous	2
conjuring	2
confusedly	2
confused	2
comrade	2
compare	2
commutual	2
communed	2
commence	2
command	2
comfort	2
combat	2
coldly	2
colder	2
coat	2
clink	2
climbed	2
climb	2
clenched	2
clashing	2
clashed	2
clangours	2
clanging	2
claims	2
cities	2
chorus	2
choice	2
chiefly	2
chest	2
cheering	2
checked	2
certainty	2
centre	2
central	2
celestial	2
cautious	2
cattle	2
casting	2
cased	2
cared	2
canopy	2
camped	2
calmly	2
bursting	2
burns	2
buried	2
buckler	2
bruised	2
brows	2
browed	2
brimming	2
brim	2
brightness	2
bridal	2
breasts	2
breaking	2
brake	2
braced	2
boys	2
bounding	2
bossed	2
bone	2
bonds	2
boldest	2
board	2
blushing	2
blushed	2
blush	2
blown	2
bloom	2
bloodred	2
blew	2
bleed	2
blame	2
blackened	2
bitterly	2
bird	2
big	2
betwixt	2
bethink	2
believe	2
beholds	2
begun	2
beginning	2
begin	2
befallen	2
because	2
beautiful	2
beasts	2
bath	2
barred	2
barbed	2
banded	2
bandage	2
band	2
bactrian	2
azure	2
ay	2
awaking	2
awaits	2
awaited	2
averted	2
avenging	2
attired	2
attend	2
atoms	2
asshur	2
ashamed	2
ascend	2
arrived	2
arouse	2
arise	2
aright	2
ardour	2
ardent	2
arachosian	2
arabians	2
arab	2
approving	2
approached	2
appear	2
appalling	2
anointed	2
amorous	2
ambitious	2
altered	2
almost	2
allegiance	2
alive	2
alighting	2
airily	2
aiming	2
aghast	2
ages	2
agape	2
advice	2
admiring	2
adieu	2
acts	2
abiah	2
abdeel	2
?''	2
?'"	2
*	2
'?	2
!™	2
™	1
»oh	1
|	1
zulmanna	1
younger	1
yielding	1
yield	1
yesternight	1
yesterday	1
yearly	1
yea	1
wroth	1
wrongs	1
wrongful	1
wronged	1
writhe	1
wrinkled	1
wrathful	1
wrapped	1
woven	1
worthy	1
worthily	1
worshipt	1
worn	1
worms	1
worm	1
works	1
wordy	1
wooing	1
wood	1
woo	1
wondrous	1
wondering	1
won	1
womanly	1
wolf	1
wo	1
wizard	1
withhold	1
withheld	1
withered	1
wither	1
wit	1
wings	1
winging	1
winged	1
wines	1
windfall	1
win	1
wily	1
wills	1
wiles	1
wilds	1
wildness	1
wife	1
wields	1
widowed	1
widow	1
widely	1
wicked	1
wholly	1
wholesome	1
whizzed	1
whispers	1
whispering	1
whispered	1
whirl	1
whetted	1
whether	1
wherewith	1
wheresoever	1
whereof	1
whelmed	1
westward	1
western	1
well-known	1
webs	1
wearying	1
wear	1
weaponless	1
weakest	1
we've	1
ways	1
wax	1
wavered	1
watered	1
watching	1
watchers	1
watched	1
wastes	1
wasted	1
wash	1
warned	1
warmth	1
warmer	1
warm	1
warhorse	1
warding	1
ward	1
wanting	1
wandering	1
wandered	1
walks	1
walking	1
walk	1
wakened	1
wajs	1
waist	1
wails	1
wailing	1
waged	1
wag	1
wafting	1
vows	1
vowed	1
vouchsafe	1
vortex	1
volcano	1
void	1
voiced	1
vital	1
vistas	1
visit	1
visible	1
virtuous	1
virgin	1
vindictive	1
vigour	1
viewless	1
view	1
victories	1
victim	1
vicious	1
vicegerents	1
vesture	1
verse	1
venture	1
vengefully	1
venerable	1
veiled	1
vehemently	1
veering	1
veered	1
vaunted	1
variety	1
varied	1
vantage	1
vanquishers	1
vanished	1
vanish	1
van	1
vale	1
vacant	1
vacancy	1
uttering	1
uttered	1
utterance	1
uselessly	1
uptore	1
upthrew	1
upstarting	1
upsoaring	1
upsent	1
uprose	1
uprisen	1
uprearing	1
upreared	1
upon't	1
uplifts	1
uplifting	1
uplift	1
uphold	1
upgathering	1
upflung	1
upcame	1
upbraiding	1
unworthy	1
unworn	1
unwilling	1
unwelcome	1
unuttered	1
untwisted	1
untroubled	1
untold	1
until	1
unthought	1
unsuspected	1
unstrung	1
unstirred	1
unstained	1
unstable	1
unsounding	1
unskilful	1
unshaken	1
unseat	1
unseasoned	1
unsanctified	1
unrolled	1
unrelenting	1
unquenched	1
unpunished	1
unproved	1
unprepared	1
unpermitted	1
unmoving	1
unmolested	1
unmeasured	1
unmastered	1
unlooked-for	1
unheeding	1
unheard	1
unhappily	1
ungyved	1
ungrateful	1
unfurled	1
unfit	1
unfinished	1
unfearing	1
unfeared	1
undoubting	1
undoubted	1
undisturbed	1
understood	1
understanding	1
undelighted	1
uncustomed	1
uncovered	1
uncontrolled	1
unconsciously	1
unconscious	1
uncompelled	1
unclouded	1
uncheer'd	1
unbroken	1
unbridled	1
unbreathing	1
unbating	1
unawed	1
unapproving	1
unapproached	1
unanswered	1
unaided	1
unadorned	1
unabating	1
unabashed	1
tyrannous	1
type	1
twinkling	1
twining	1
twanging	1
twain	1
tutor	1
trusteth	1
trusted	1
truest	1
trodden	1
trips	1
tried	1
tribute	1
tresses	1
treasures	1
treasons	1
treading	1
transplanted	1
transpierced	1
transfixed	1
traitorous	1
tracked	1
traces	1
traced	1
trace	1
tottering	1
tossing	1
tossed	1
torrent	1
torches	1
torch	1
tonight	1
tongues	1
toned	1
toldest	1
token	1
toilsome	1
toiling	1
tipsy	1
tip	1
tinted	1
tinkling	1
timorously	1
timidly	1
timeless	1
timed	1
tigers	1
ties	1
tied	1
tie	1
thunderous	1
thunderings	1
thundercloud	1
thronged	1
thrones	1
throned	1
throes	1
throats	1
thrive	1
threatens	1
threatener	1
threaten	1
threads	1
thrall	1
thou'rt	1
thong	1
thither	1
thinner	1
thinking	1
thinkest	1
thieves	1
thickness	1
thicker	1
thickened	1
thf	1
thereto	1
thereon	1
therein	1
thanksgiving	1
thankless	1
terrors	1
term	1
terawed	1
tens	1
tenfold	1
tenderly	1
tender	1
tendance	1
tend	1
tempt	1
tempests	1
tells	1
tellest	1
teemed	1
tearful	1
teardrop	1
teaches	1
taunting	1
tasted	1
talons	1
talmai	1
talking	1
talkest	1
taking	1
system	1
syria	1
symbol	1
sylph	1
sycophants	1
swore	1
swooned	1
swoon	1
swollen	1
swimming	1
swiftest	1
swifter	1
swerved	1
swells	1
sweetness	1
sweeter	1
sways	1
swarms	1
sustain	1
surrounding	1
surrounded	1
surprised	1
surf	1
surety	1
supremacy	1
support	1
sunset	1
sunlit	1
sunken	1
sunk	1
sunbeam	1
summoning	1
summoner	1
summoned	1
summon	1
summed	1
sultry	1
sullen	1
suing	1
suggestions	1
suggestion	1
sufficient	1
sued	1
succour'hoping	1
subsided	1
submissive	1
submiss	1
sublime	1
subjection	1
subdues	1
stupor	1
stung	1
stuck	1
strown	1
strives	1
stripling	1
string	1
stricken	1
strew	1
stretching	1
strengthless	1
strengthened	1
strangers	1
stranger	1
straining	1
story	1
stormed	1
stories	1
stops	1
stirs	1
stirreth	1
stinketh	1
stillness	1
stepping	1
stepped	1
stem	1
steep	1
steaming	1
steamed	1
steam	1
stealthy	1
stealth	1
steals	1
stays	1
staunch	1
statue	1
stately	1
staring	1
stared	1
standards	1
stake	1
stairs	1
staircase	1
stains	1
staggered	1
staffs	1
srantickly	1
squelch	1
square	1
sputtering	1
spurning	1
spurn	1
spun	1
spumed	1
sprung	1
springing	1
spreading	1
spouse	1
sportive	1
spoilers	1
spit	1
spill	1
spheres	1
sphere	1
spell	1
sped	1
spectre	1
speck	1
speaker	1
spattered	1
spasm	1
spark	1
spared	1
spans	1
spacious	1
sovereign	1
souls	1
sorrowing	1
sorrowful	1
sorrow	1
sorcerer	1
soothing	1
soothed	1
somewhat	1
sol	1
soil	1
softened	1
soever	1
sod	1
sobs	1
sobbed	1
soaring	1
snow-white	1
snorting	1
snorted	1
snatching	1
snare	1
snap	1
smite	1
smiles	1
smell	1
slumbrous	1
slough	1
sloth	1
slippery	1
slingers	1
slinger	1
sling	1
slender	1
sleepers	1
slaughtered	1
slackened	1
skinner	1
skilled	1
skill	1
sitteth	1
sisters	1
sinned	1
singly	1
sinful	1
sinewy	1
sin	1
simplest	1
simple	1
silly	1
silk	1
signed	1
sighs	1
sighed	1
sick	1
shut	1
shrunken	1
shroud	1
shrinks	1
shrine	1
shrieks	1
shown	1
showing	1
showers	1
shower	1
shouldst	1
shorter	1
shod	1
shocks	1
shocking	1
shocked	1
shemiramoth	1
sheds	1
sheath	1
shattering	1
sharp	1
share	1
shape	1
shameful	1
shallow	1
shakes	1
shaggy	1
shadowy	1
shadowed	1
settle	1
setteth	1
servitors	1
services	1
servants	1
serpent	1
sepulchre	1
separate	1
sending	1
selfish	1
self	1
seizing	1
seize	1
seers	1
seeks	1
seeking	1
seekers	1
see.™	1
securely	1
season	1
search	1
seals	1
scythian	1
scythe	1
sculptured	1
screaming	1
scream	1
scorning	1
scornfully	1
scorned	1
scope	1
scoffs	1
scoffing	1
school	1
schemes	1
sceptred	1
scents	1
scent	1
scale	1
scabbard	1
saving	1
saunters	1
saunter	1
satrap	1
satisfied	1
sandal	1
sand	1
sanctuary	1
samson	1
salute	1
salt	1
sallied	1
sails	1
sable	1
rustling	1
rustle	1
runs	1
rulers	1
ruler	1
royalty	1
rounds	1
rough	1
rotten	1
ront	1
rolls	1
roe	1
rocking	1
rob	1
riven	1
rites	1
rises	1
risen	1
ring	1
rimmed	1
rilled	1
rightful	1
righteous	1
riding	1
ridge	1
richness	1
richest	1
revolted	1
revolt	1
reviling	1
reverend	1
revelled	1
revel	1
returns	1
restraint	1
restored	1
restlessness	1
resting	1
rested	1
resplendent	1
respite	1
resounded	1
resolute	1
resistlessly	1
resistless	1
resistance	1
resigning	1
resigned	1
reside	1
reserve	1
rescue	1
requite	1
repute	1
repulsed	1
reproaching	1
reproachful	1
reproach	1
reposed	1
repose	1
repenting	1
repenteth	1
repented	1
repentant	1
repaired	1
renowned	1
renewing	1
remote	1
remembrance	1
remembered	1
rememb'reth	1
reluctant	1
relentless	1
relenting	1
relaxed	1
relax	1
rejoiced	1
regardful	1
regard	1
refusing	1
refuge	1
refreshing	1
refrained	1
refrain	1
reeling	1
reel	1
redeemed	1
redeem	1
recreant	1
record	1
recompense	1
recollecting	1
recoiling	1
recoil	1
recklessness	1
reckless	1
rebuked	1
rebounded	1
readiest	1
razor	1
raze	1
rayed	1
raven	1
rarest	1
ranked	1
range	1
ramparts	1
rained	1
radiance	1
racked	1
r	1
quivers	1
quivered	1
quitting	1
quite	1
quit	1
quickening	1
quench	1
quell	1
quake	1
quaint	1
quaftd	1
quaffed	1
putting	1
pursuers	1
purposed	1
purify	1
purest	1
purer	1
puny	1
punish	1
pull	1
psaltery	1
pry	1
prudery	1
prudent	1
provoked	1
provoke	1
protract	1
protected	1
prospect	1
propontis	1
prophetic	1
prophecy	1
pronounced	1
prone	1
prompt	1
promising	1
promises	1
promise	1
prolonged	1
prognostic	1
profusely	1
profitless	1
profane	1
prize	1
prison	1
printer	1
pricked	1
prevails	1
prevaileth	1
presumed	1
preserve	1
preparing	1
prefer	1
precipice	1
prayed	1
prate	1
praising	1
praises	1
powerful	1
pours	1
pouring	1
potency	1
pot	1
possessed	1
portentous	1
portals	1
poorly	1
polly	1
pollute	1
polished	1
pole	1
poisonous	1
poised	1
poise	1
points	1
pointest	1
plunging	1
plumy	1
plumed	1
plumb	1
ploughing	1
pliant	1
pleasant	1
playmate	1
plated	1
plate	1
plank	1
planets	1
plaintive	1
plagues	1
placing	1
placid	1
pity	1
pipe	1
pious	1
pine	1
pillars	1
piled	1
piercing	1
piece	1
phrygia	1
pharaoh	1
petitioned	1
pestiferous	1
perverted	1
perjury	1
perjuries	1
perishable	1
perils	1
peril'd	1
perfumes	1
perceiving	1
pensive	1
pennon	1
peeps	1
peep	1
peasant	1
pearl	1
peaceful	1
payment	1
pavement	1
paths	1
pastime	1
passionate	1
passage	1
partook	1
partners	1
parties	1
particular	1
paradise	1
pantings	1
panoply	1
panic	1
pang	1
pampered	1
palms	1
paler	1
painting	1
painted	1
pained	1
paid	1
oxen	1
ox	1
owed	1
overwhelming	1
overtopped	1
overtake	1
overpeered	1
overhung	1
overflow	1
overcome	1
overbreaking	1
outward	1
outskirts	1
outroar	1
outride	1
outrageous	1
outflamed	1
outcries	1
others	1
orisons	1
orient	1
orgies	1
order	1
ordained	1
orbed	1
orange	1
opprobrious	1
oppression	1
oppress	1
opposer	1
oppose	1
opinions	1
ominous	1
omen	1
oil	1
oif	1
ofttimes	1
oftest	1
often	1
offj	1
office	1
offerings	1
offering	1
offer	1
offends	1
offenceless	1
offence	1
odoriferous	1
occasion	1
obtests	1
obscure	1
oblong	1
obeys	1
obeyed	1
oaths	1
oath	1
oaken	1
o'erweening	1
o'erproud	1
o'ermuch	1
o'erlooked	1
o'ercharged	1
nursing	1
numbered	1
number	1
numbed	1
note	1
noontide	1
noon	1
nod	1
ninus	1
nightly	1
nightingale	1
neutrality	1
nerve	1
needy	1
needs	1
need	1
necks	1
necked	1
nebuchadnezzar	1
neath	1
nearest	1
naves	1
native	1
narrow	1
naphtha	1
names	1
nameless	1
naked	1
n	1
mysteries	1
myrtles	1
myrtle	1
musing	1
musicians	1
muse	1
muscle	1
murrain	1
murmurs	1
murmuring	1
murderous	1
murderer	1
multitudinous	1
mower	1
moves	1
moveless	1
mouths	1
mouldered	1
mothers	1
moss	1
moody	1
mong	1
moments	1
moist	1
mocking	1
moaning	1
misused	1
misty	1
mistress	1
missing	1
miss	1
misnamed	1
misery	1
misdoubt	1
misdeeming	1
miscreant	1
mischief	1
miry	1
mirth	1
mire	1
minstrelsy	1
minister	1
mindful	1
mildly	1
middle	1
merry	1
merriment	1
meridian	1
mere	1
mercury	1
merciful	1
merchandise	1
menacing	1
melodious	1
mellifluous	1
mediators	1
medians	1
measure	1
meanwhile	1
meanest	1
meaner	1
mean	1
mayest	1
matured	1
mature	1
matron	1
mated	1
matchless	1
mastery	1
mastering	1
mast	1
marvel	1
mars	1
marching	1
manoah	1
manifold	1
manifest	1
maniacs	1
mane	1
mandate	1
majesty	1
majestically	1
main	1
maiden	1
magnificence	1
madden	1
machines	1
m	1
lydia	1
luxury	1
luxuriant	1
lusty	1
lustrous	1
lustre	1
lust	1
luscious	1
lus	1
lured	1
lunatic	1
lucky	1
lowly	1
lower	1
lover	1
loudest	1
lot	1
loss	1
lose	1
lords	1
loosely	1
london	1
loins	1
log	1
loftiest	1
lodging	1
locks	1
lock	1
loathsomeness	1
loathes	1
loathe	1
llabsaris	1
livest	1
lived	1
lit	1
listing	1
listens	1
listed	1
list	1
liquid	1
link	1
lining	1
lingerest	1
linger'st	1
limits	1
limbed	1
likely	1
lightness	1
lighted	1
lifeless	1
liest	1
lids	1
lice	1
lewd	1
lesson	1
lengthened	1
leech	1
leaving	1
leaves	1
leavers	1
leaved	1
learning	1
learnedly	1
learned	1
leaps	1
leaning	1
lean	1
league	1
leads	1
leading	1
lawn	1
lavishly	1
laved	1
laughter	1
laud	1
later	1
lasts	1
lastly	1
lasting	1
lashed	1
lark	1
larger	1
lank	1
lamps	1
lamp	1
lament	1
lamb	1
lake	1
lacked	1
labouring	1
knowing	1
knocking	1
kissing	1
kiss	1
kin	1
keeps	1
keen	1
joyously	1
joyfully	1
joyful	1
joyed	1
jove	1
jointed	1
jewels	1
jewel	1
jest	1
jealous	1
jaw	1
jasper	1
jaded	1
ivy	1
issued	1
issue	1
israelitish	1
israelite	1
island	1
irresolute	1
irresistibly	1
irresistible	1
irrational	1
inward	1
invoke	1
inured	1
intruding	1
intertwined	1
interrupting	1
intents	1
intentively	1
intensely	1
intense	1
intellect	1
instead	1
inspiration	1
inside	1
insect	1
insatiate	1
insane	1
inquired	1
inquire	1
innumerous	1
innumerable	1
innocent	1
innocence	1
inner	1
inmost	1
inly	1
inlaid	1
iniquity	1
infusing	1
influence	1
infatuate	1
infancy	1
infamy	1
inexpressible	1
industrious	1
indistinct	1
ind	1
increases	1
inclined	1
incline	1
incestuous	1
impressed	1
impostor	1
imposed	1
impose	1
imploring	1
implanted	1
impetuously	1
imperious	1
impenetrable	1
immoveable	1
imminent	1
immense	1
ilium	1
ignoble	1
idly	1
iberia	1
i'd	1
hyrcania	1
hush	1
husband	1
hurt	1
hurrying	1
hurried	1
hurls	1
hunters	1
hunter	1
hunted	1
hundreds	1
humbly	1
humble	1
hue	1
howl	1
however	1
household	1
hounds	1
hottest	1
horrible	1
hornet	1
horned	1
honeyed	1
honey	1
homage	1
hollowed	1
holiest	1
hit	1
history	1
hiss	1
hirelings	1
hint	1
hindmost	1
hind	1
hidest	1
hideously	1
hewn	1
heroes	1
herbage	1
helplessness	1
hellespont	1
heedfully	1
heaviest	1
heaveth	1
heavenly	1
heartless	1
hearths	1
hearest	1
heaped	1
healthful	1
heal	1
headstrong	1
headforemost	1
hct	1
hazy	1
having	1
haughtily	1
hauberk	1
hastens	1
hastened	1
harsh	1
harps	1
harmlessly	1
harm	1
happiness	1
hanging	1
halfway	1
hairs	1
hailstorm	1
hailing	1
hailed	1
haggard	1
haft	1
hadst	1
gust	1
gushed	1
guileless	1
guilefully	1
guessing	1
guards	1
grown	1
growl	1
grow	1
grosser	1
gross	1
groaned	1
gripe	1
grinds	1
grind	1
grimly	1
grim	1
greetings	1
greeting	1
greet	1
greedy	1
greaves	1
greatness	1
greatly	1
graze	1
gravely	1
gratitude	1
grateful	1
gracefully	1
government	1
got	1
gossamer	1
gory	1
goodly	1
gonfalon	1
goeth	1
goest	1
goblets	1
goat	1
goal	1
gnashing	1
gnarring	1
glutton	1
glows	1
glow	1
glorying	1
glories	1
gloomy	1
glistering	1
glided	1
gleams	1
glares	1
glared	1
glances	1
gladness	1
giving	1
girdle	1
gird	1
giants	1
gh	1
gesture	1
gentler	1
gentleness	1
generous	1
general	1
gendering	1
gemmed	1
gedrosia	1
gaza	1
gaunt	1
gaudy	1
gathering	1
gasping	1
gasp	1
garment	1
gareb	1
game	1
gallant	1
gained	1
furnace	1
funeral	1
fumes	1
fulfilled	1
fruitless	1
fruit	1
frown	1
frogs	1
fright	1
friendship	1
friendly	1
frequented	1
frequent	1
frate	1
frantickly	1
fragments	1
fragile	1
founder	1
forthwith	1
forked	1
forgive	1
forfeited	1
forewarn	1
foretold	1
foretokenings	1
foretelling	1
foreseeing	1
forecasting	1
foreboding	1
forebodes	1
forcing	1
forces	1
forceful	1
forbidding	1
footsteps	1
footstep	1
fools	1
fond	1
follows	1
followed	1
folds	1
foiled	1
fluttering	1
fluid	1
flowing	1
flowery	1
flowering	1
flow	1
floods	1
flooding	1
floodgates	1
flitting	1
flings	1
fleetest	1
flaunting	1
flatteries	1
flatterers	1
flatterer	1
flashings	1
flares	1
flanks	1
flank	1
fix	1
fits	1
fitful	1
firmly	1
finger	1
filling	1
fiill	1
figure	1
fights	1
fig	1
fifty	1
fifteen	1
feverish	1
fettering	1
fetch	1
festivals	1
fervour	1
fervent	1
fellies	1
feigned	1
feelest	1
feed	1
fed	1
features	1
fearlessly	1
fearless	1
fearing	1
feareth	1
faults	1
fault	1
fatherless	1
fates	1
fastnesses	1
fashioned	1
fare	1
fangs	1
fancy	1
fancifully	1
fancies	1
fan	1
falters	1
faltering	1
fallacies	1
faintness	1
failing	1
failed	1
fading	1
faced	1
extol	1
extended	1
exquisite	1
expectation	1
expectant	1
expect	1
expand	1
exile	1
exhorted	1
exchange	1
excepted	1
excelling	1
exalteth	1
exactly	1
evermore	1
events	1
esteeming	1
escaping	1
escaped	1
error	1
erred	1
errand	1
equally	1
eounded	1
envelope	1
entreat	1
entering	1
enmity	1
enlighten	1
enlarged	1
engine	1
enemy	1
endure	1
ends	1
ended	1
en	1
empty	1
empress	1
empires	1
empassive	1
emitting	1
eminence	1
emeralds	1
embryo	1
embraces	1
embrace	1
embossed	1
emblem	1
emblazoned	1
elsewhere	1
eloquent	1
elephant	1
elements	1
elected	1
elder	1
elbow	1
elate	1
eighth	1
effeminate	1
edged	1
edge	1
eclipsed	1
eclipse	1
ebony	1
ebbed	1
easily	1
ease	1
earthworms	1
earliest	1
dwelleth	1
dusty	1
dusky	1
during	1
dulcimers	1
dry	1
drunk	1
drugs	1
drug	1
drowsily	1
drowns	1
drop	1
droop	1
driver	1
dripping	1
drinks	1
dressed	1
dress	1
drear	1
dreamlike	1
dreaming	1
dreading	1
draws	1
drags	1
dragons	1
dragged	1
drag	1
downy	1
doubtfully	1
dote	1
dooming	1
dog	1
doffed	1
divinity	1
divide	1
disturbed	1
distrust	1
distributing	1
distorted	1
distilled	1
distill	1
dissolved	1
disproportioned	1
disposed	1
displeaseth	1
displeased	1
disparted	1
disorder	1
dismiss	1
dismayed	1
dismay	1
dishonoured	1
disguise	1
disdaining	1
disdainful	1
disdained	1
disclose	1
disappointed	1
dimness	1
dimming	1
dimmed	1
dimly	1
difference	1
dewdrop	1
devout	1
devours	1
devouring	1
determined	1
detained	1
destroying	1
despite	1
despairing	1
desolation	1
desolate	1
desire	1
deserving	1
deserve	1
deserts	1
deserting	1
descrying	1
descends	1
derided	1
derceto	1
depths	1
depth	1
deprived	1
depressed	1
depends	1
depending	1
departing	1
depart	1
dense	1
denounced	1
demanded	1
deluged	1
deliverer	1
delighting	1
deliberate	1
defying	1
defy	1
defied	1
defensive	1
defending	1
defend	1
defence	1
decreed	1
decked	1
decisive	1
decide	1
deceitful	1
deathlike	1
dearly	1
dealt	1
deal	1
dazzle	1
dawning	1
dauntless	1
daughters	1
dastards	1
dashing	1
darksome	1
darkling	1
darken	1
darest	1
dappled	1
dangers	1
damascan	1
dalliance	1
daily	1
dagon	1
dagger	1
cymbals	1
cut	1
customed	1
curtain	1
curses	1
curl	1
curbed	1
cups	1
cumbers	1
cumbering	1
cubits	1
cubit	1
crystalline	1
crushes	1
crowns	1
crowding	1
cross	1
crop	1
crimson	1
crimes	1
crime	1
crieth	1
crests	1
crested	1
credulous	1
creamy	1
craves	1
cranes	1
cowardice	1
coupled	1
counted	1
counsel'st	1
cost	1
coronal	1
corn	1
convulsive	1
convulsed	1
converse	1
convened	1
controlling	1
continually	1
contesting	1
content	1
contending	1
contended	1
contemptuous	1
contempt	1
consigned	1
consequence	1
consented	1
consecrate	1
conquerors	1
conquering	1
conjoin	1
confronted	1
confirmed	1
confirm	1
confiding	1
conceive	1
concave	1
common	1
commixed	1
commingle	1
commencement	1
commands	1
commanding	1
comest	1
combustion	1
combatants	1
colours	1
collapsed	1
coiled	1
coil	1
clustering	1
clustered	1
clung	1
clown	1
cloudless	1
clouded	1
clothed	1
closer	1
clime	1
climbing	1
cliffy	1
cliffs	1
clenching	1
cleaves	1
clearing	1
cleanse	1
clay	1
clasps	1
clanking	1
clanged	1
claim	1
citron	1
cither	1
circuit	1
circling	1
chorasmia	1
choicest	1
chime	1
childish	1
chieftain	1
chide	1
cherubim	1
cherished	1
chequered	1
cheered	1
cheer	1
cheeks	1
checks	1
chastisement	1
chased	1
charms	1
charm	1
charged	1
chaos	1
chaldean	1
cerulean	1
cell	1
ceiling	1
ceaseless	1
cavalry	1
cavalcade	1
cautiously	1
catching	1
catch	1
casque	1
caspian	1
case	1
carpet	1
carnage	1
careering	1
care	1
captors	1
captives	1
captive	1
cappadocia	1
caparisons	1
camels	1
caitiff	1
cable	1
busy	1
business	1
bushed	1
bury	1
bursts	1
burnished	1
bulwarks	1
bulwark	1
bulky	1
bulk	1
built	1
builded	1
build	1
bugbears	1
bucklers	1
buck	1
brothers	1
brotherly	1
brook	1
brooding	1
brood	1
broidered	1
brittle	1
brilliant	1
brightly	1
brightest	1
brighten	1
bridegroom	1
bride	1
bribed	1
breathings	1
breastplate	1
breaks	1
bray	1
bravingly	1
bravery	1
branches	1
branch	1
boyhood	1
bows	1
bowmen	1
bowls	1
bounds	1
bounded	1
boundaries	1
bought	1
bordered	1
bones	1
bondsman	1
bondage	1
boldness	1
boldly	1
bolder	1
boils	1
boiling	1
boasts	1
boasted	1
boar	1
blotches	1
blooming	1
bliss	1
blighted	1
blessed	1
bless	1
blaspheming	1
blasphemer	1
blaring	1
blare	1
blames	1
blameless	1
blamed	1
blains	1
blade	1
blacken	1
bituminous	1
bitterness	1
bitterest	1
bithynia	1
birthplace	1
birds	1
bight	1
biddest	1
bewildered	1
betrothed	1
betide	1
bestowed	1
bestow	1
bestir	1
bespattered	1
bespangled	1
besought	1
besmeared	1
beseem	1
bereaved	1
benumbing	1
benumbed	1
benign	1
bends	1
belus	1
belt	1
believed	1
belief	1
being	1
behemoth	1
begrimed	1
begone	1
begins	1
begged	1
beg	1
befriended	1
befits	1
befall	1
bees	1
bee	1
becomes	1
become	1
beckoning	1
beat	1
beastly	1
beardless	1
beard	1
beams	1
beaming	1
beak	1
beaded	1
beacon	1
bayed	1
baulked	1
battlefield	1
baths	1
bathed	1
baseness	1
bars	1
barriers	1
barrier	1
bared	1
bare	1
bard	1
barb	1
banquetings	1
banishment	1
bands	1
baffling	1
badge	1
bactriana	1
backs	1
backed	1
bacchus	1
babylonia	1
babes	1
babbling	1
aye	1
axletrees	1
axles	1
awfully	1
awed	1
awaked	1
avith	1
avhat	1
avert	1
avenger	1
avail	1
augustly	1
attention	1
attended	1
attempt	1
atossa™	1
athletic	1
astound	1
astonied	1
astarte	1
assured	1
asses	1
assailants	1
aslant	1
asks	1
asked	1
askant	1
ashres	1
ascendeth	1
artfully	1
arrowy	1
arrogance	1
arrive	1
arrayed	1
array	1
armenian	1
armenia	1
arid	1
aria	1
architecture	1
arc	1
arbitrate	1
arbiter	1
arachosia	1
approved	1
approof	1
approach	1
applied	1
applauding	1
appearing	1
appeal	1
apparel	1
antiquated	1
antelope	1
answering	1
answer'st	1
anklets	1
animating	1
angrily	1
angel	1
and'all	1
ancient	1
anarchy	1
amplest	1
amongst	1
amend	1
ambiguous	1
amazement	1
always	1
alternate	1
altar	1
almighty	1
allies	1
alleys	1
allay	1
alighted	1
alas	1
airy	1
airs	1
aimed	1
ail	1
aiding	1
ahab	1
ah	1
afraid	1
afflicted	1
aethereal	1
advances	1
adoration	1
administered	1
adjuring	1
adjured	1
addressed	1
adamantine	1
active	1
acted	1
act	1
acknowledged	1
achmetha	1
aching	1
account	1
absent	1
abrupt	1
abreast	1
abominable	1
abode	1
abncr	1
abides	1
abida	1
abhorred	1
abed	1
abdiel	1
abated	1
aaron	1
^	1
?™	1
?'	1
?""	1
>	1
<	1
..	1
-.-	1
(	1
',	1
'',	1
'!	1
!'"	1
