,	1397
the	1292
and	818
of	816
in	369
;	328
—	308
to	287
that	286
.	279
a	253
with	223
on	162
i	152
from	147
not	129
all	121
we	120
is	119
for	115
but	115
our	114
:	107
my	98
or	91
have	90
as	88
upon	87
by	86
light	85
her	74
when	73
it	73
thou	69
soul	67
|'s|	64
into	62
thy	61
now	59
their	58
hath	58
earth	57
one	56
who	55
so	55
this	54
love	54
like	54
his	54
me	53
thee	50
life	50
its	49
are	48
us	47
where	46
there	46
some	46
which	45
up	45
till	45
night	44
'	44
then	43
heaven	43
be	43
was	42
through	42
they	42
sweet	42
over	42
deep	42
things	41
she	41
whose	39
ever	39
joy	38
?	38
most	37
day	37
thought	36
at	36
world	35
no	35
bright	35
spirit	33
god	33
far	33
down	33
may	32
forth	32
|arabic2digit|	31
sun	31
how	31
heart	31
he	31
full	31
were	30
nor	30
hills	29
along	29
shall	28
new	28
long	28
great	28
see	27
been	27
them	26
blessed	26
beauty	26
will	25
thoughts	25
sea	25
past	25
if	25
each	25
air	25
"	25
mighty	24
look	24
away	24
out	23
morn	23
men	23
green	23
dark	23
come	23
calm	23
had	22
well	21
time	21
stream	21
man	21
land	21
holy	21
beautiful	21
an	21
|arabic3digit|	20
would	20
summer	20
many	20
loved	20
every	20
daily	20
words	19
these	19
sight	19
pure	19
never	19
him	19
glory	19
first	19
beneath	19
around	19
after	19
yet	18
ye	18
without	18
those	18
thick	18
souls	18
even	18
doth	18
death	18
before	18
art	18
within	17
thine	17
strange	17
sky	17
round	17
old	17
more	17
hope	17
high	17
hand	17
above	17
young	16
voice	16
thus	16
than	16
side	16
pass	16
human	16
flowers	16
eyes	16
clear	16
sleep	15
presence	15
path	15
golden	15
glorious	15
fair	15
|romannumeral|	14
what	14
song	14
self	14
rise	14
place	14
peace	14
passing	14
mountain	14
looked	14
hour	14
home	14
heavenly	14
can	14
blue	14
your	13
while	13
whether	13
vision	13
very	13
such	13
stars	13
spring	13
solemn	13
shade	13
seen	13
power	13
might	13
low	13
little	13
hopes	13
gentle	13
faint	13
desire	13
among	13
|arabic1digit|	12
way	12
stood	12
still	12
search	12
rest	12
own	12
oft	12
moon	12
last	12
go	12
evening	12
clouds	12
came	12
ancient	12
weary	11
under	11
tell	11
steep	11
stand	11
spread	11
soft	11
perchance	11
music	11
morning	11
lesson	11
leaves	11
inner	11
here	11
half	11
flower	11
ere	11
days	11
child	11
)	11
(	11
years	10
western	10
west	10
unto	10
two	10
toil	10
thousand	10
tender	10
talk	10
sweetest	10
sudden	10
star	10
spirits	10
sounds	10
sorrow	10
sense	10
same	10
other	10
off	10
let	10
knew	10
inward	10
heard	10
hast	10
fresh	10
form	10
fire	10
face	10
eye	10
earthly	10
could	10
born	10
abroad	10
youth	9
woe	9
waves	9
truth	9
told	9
therefore	9
tears	9
speak	9
slow	9
silver	9
should	9
shining	9
saw	9
said	9
sad	9
rose	9
pleasant	9
passed	9
onward	9
only	9
live	9
lie	9
left	9
hill	9
hear	9
dwelled	9
dull	9
dells	9
comes	9
best	9
back	9
about	9
word	8
wonderful	8
winds	8
why	8
twilight	8
too	8
together	8
think	8
take	8
sunny	8
strong	8
spoke	8
sound	8
silent	8
set	8
sat	8
rich	8
poured	8
parted	8
pale	8
often	8
mortal	8
memory	8
looks	8
known	8
know	8
humble	8
hours	8
forms	8
fixed	8
fields	8
fell	8
fall	8
faith	8
distant	8
dim	8
darkness	8
cold	8
brow	8
brightest	8
breast	8
because	8
bank	8
again	8
!	8
yon	7
wooded	7
wandered	7
vol	7
village	7
veil	7
twas	7
trace	7
towers	7
tis	7
tide	7
temple	7
step	7
spiritual	7
soon	7
since	7
sin	7
show	7
shone	7
seat	7
rocks	7
quiet	7
pomp	7
perfect	7
peaceful	7
open	7
ocean	7
near	7
nature	7
natural	7
moonlight	7
mist	7
mine	7
laid	7
influence	7
grave	7
folded	7
feel	7
fancy	7
fade	7
eve	7
end	7
ear	7
divine	7
dear	7
converse	7
close	7
church	7
children	7
burst	7
built	7
bound	7
birth	7
beloved	7
being	7
angel	7
against	7
yonder	6
wondrous	6
wind	6
wild	6
wide	6
whom	6
whence	6
wert	6
wander	6
visible	6
vales	6
unknown	6
trembling	6
top	6
times	6
sunset	6
sung	6
stretch	6
strains	6
sights	6
seem	6
save	6
rolled	6
river	6
rising	6
resting	6
reached	6
purest	6
promise	6
patient	6
paths	6
part	6
once	6
nothing	6
nether	6
names	6
name	6
methinks	6
memories	6
meet	6
made	6
looking	6
lift	6
length	6
just	6
joys	6
joyous	6
ill	6
higher	6
hearts	6
happy	6
hallowed	6
give	6
gathered	6
flows	6
fast	6
eternal	6
dwell	6
dreams	6
dew	6
delight	6
common	6
cloud	6
clothed	6
cliff	6
clad	6
chamber	6
care	6
broad	6
bloom	6
beside	6
alone	6
.'	6
."	6
*	6
wrought	5
wings	5
white	5
waters	5
watched	5
walls	5
voices	5
virgin	5
vast	5
valleys	5
upwards	5
universe	5
underlying	5
turn	5
trust	5
tower	5
touch	5
thing	5
teaching	5
task	5
tale	5
sweetly	5
sunk	5
stone	5
steps	5
steady	5
softly	5
slumber	5
slope	5
sit	5
simple	5
short	5
shore	5
shapes	5
seek	5
school	5
restless	5
read	5
reach	5
purple	5
pride	5
pile	5
pain	5
oh	5
noon	5
nearer	5
must	5
much	5
moved	5
move	5
mountains	5
minister	5
mind	5
melodies	5
meadows	5
make	5
lovely	5
living	5
linked	5
lines	5
led	5
leaf	5
lavish	5
keep	5
journey	5
import	5
hung	5
hard	5
ground	5
grey	5
grew	5
grace	5
glories	5
glittering	5
gathering	5
gather	5
free	5
forward	5
flowed	5
find	5
field	5
feet	5
feed	5
fallen	5
evermore	5
either	5
dost	5
died	5
dead	5
dazzling	5
crimson	5
city	5
cheek	5
canst	5
call	5
busy	5
breeze	5
boughs	5
bosom	5
book	5
beyond	5
bells	5
behind	5
aught	5
athwart	5
arching	5
you	4
wound	4
wood	4
winter	4
went	4
weep	4
wave	4
vain	4
upward	4
tribute	4
trees	4
throng	4
though	4
thence	4
tall	4
stretched	4
strength	4
streams	4
strain	4
store	4
steeps	4
state	4
stands	4
sport	4
speed	4
sought	4
solitary	4
small	4
slumbering	4
slowly	4
slopes	4
slept	4
skies	4
silence	4
shed	4
shalt	4
sets	4
sent	4
seemed	4
scattered	4
scarce	4
sacrifice	4
sacred	4
roses	4
robes	4
road	4
righteous	4
repose	4
remember	4
rare	4
proudly	4
prospect	4
present	4
prayer	4
praise	4
play	4
plain	4
peacefully	4
parting	4
nourishment	4
nought	4
northern	4
nook	4
nightingale	4
multitude	4
mourned	4
mouldering	4
moment	4
ministered	4
middle	4
melody	4
mellow	4
majesty	4
lived	4
limbs	4
lights	4
liberty	4
level	4
less	4
lay	4
king	4
infant	4
image	4
humankind	4
homeward	4
hither	4
held	4
heads	4
hands	4
hair	4
guide	4
grove	4
gone	4
gold	4
gloom	4
glimpse	4
gleam	4
glad	4
gave	4
fought	4
foot	4
foliage	4
fold	4
floating	4
fleeting	4
few	4
father	4
false	4
falls	4
evil	4
errant	4
enough	4
elm	4
dwells	4
dwelling	4
draw	4
distance	4
die	4
didst	4
did	4
dance	4
cup	4
cry	4
crown	4
crowd	4
cross	4
crags	4
cradle	4
course	4
countenance	4
cool	4
consciousness	4
comfort	4
clearest	4
churchyard	4
chosen	4
choir	4
childish	4
childhood	4
cherished	4
charmed	4
charm	4
change	4
ceased	4
cast	4
cannot	4
bud	4
brought	4
broods	4
brink	4
breath	4
breaks	4
branches	4
bowered	4
bower	4
both	4
blood	4
bliss	4
black	4
bed	4
bay	4
balanced	4
autumn	4
arms	4
arm	4
april	4
ages	4
age	4
afar	4
aether	4
accustomed	4
yearnings	3
year	3
written	3
wreathed	3
worlds	3
work	3
woody	3
woods	3
witness	3
wise	3
win	3
watch	3
wandering	3
walks	3
walk	3
waiting	3
wain	3
visitant	3
vale	3
unquiet	3
universal	3
underneath	3
uncertain	3
turned	3
turf	3
train	3
tracks	3
timbered	3
thunder	3
throne	3
thickly	3
themes	3
theme	3
thanks	3
ten	3
temples	3
surface	3
sunshine	3
summon	3
suffering	3
struggling	3
strife	3
strangely	3
stir	3
starry	3
sprung	3
springs	3
spray	3
southern	3
soothing	3
sons	3
songs	3
sometimes	3
smile	3
silently	3
shown	3
showed	3
shine	3
sheen	3
shady	3
shadows	3
shadowed	3
severed	3
setting	3
service	3
serene	3
separate	3
send	3
seldom	3
secret	3
searchings	3
searching	3
safe	3
sabbath	3
rule	3
rough	3
riper	3
richest	3
return	3
resurrection	3
rests	3
resting-place	3
rather	3
ranged	3
quenched	3
queen	3
purity	3
purified	3
proud	3
pour	3
port	3
poised	3
poesy	3
playful	3
places	3
pictured	3
pathways	3
pathway	3
paradise	3
parable	3
painful	3
outward	3
outer	3
order	3
opening	3
ones	3
o	3
nurture	3
never-failing	3
native	3
mystic	3
myriad	3
mossy	3
moor	3
mild	3
meets	3
meek	3
meed	3
meditation	3
meditate	3
mass	3
lustre	3
lullabyes	3
loud	3
lost	3
lose	3
longer	3
lit	3
listening	3
lips	3
lilies	3
leaping	3
leap	3
late	3
lands	3
labours	3
kind	3
kept	3
jutting	3
joyful	3
ivy	3
isle	3
interchange	3
infirmity	3
hurrying	3
humblest	3
house	3
hot	3
host	3
hold	3
hidden	3
herself	3
help	3
has	3
harp	3
hang	3
hadst	3
gulfs	3
guess	3
grows	3
grown	3
grief	3
grand	3
good	3
goes	3
giveth	3
gazed	3
gates	3
gate	3
further	3
frost	3
fringed	3
friend	3
fretted	3
frequent	3
fragments	3
found	3
forgiven	3
fond	3
flushed	3
flow	3
flood	3
flight	3
flesh	3
flame	3
fit	3
firmament	3
firm	3
fetched	3
felt	3
feeding	3
fed	3
fears	3
fear	3
faintly	3
fain	3
faded	3
everlasting	3
emblem	3
echoes	3
east	3
earnest	3
early	3
dust	3
drooping	3
drink	3
dream	3
drawing	3
done	3
discourse	3
dews	3
degrees	3
deeply	3
deeper	3
deemed	3
daylight	3
dawn	3
cruel	3
crest	3
created	3
cottaged	3
cot	3
copse	3
communings	3
coming	3
cluster	3
clay	3
circle	3
chill	3
cave	3
careful	3
captive	3
calls	3
called	3
budding	3
brows	3
bring	3
brightness	3
brightly	3
break	3
branch	3
brake	3
bore	3
blessedness	3
blank	3
birds	3
bird	3
bid	3
between	3
bent	3
below	3
beauties	3
beacon	3
barrier	3
band	3
asks	3
approved	3
angels	3
amidst	3
aloft	3
afresh	3
-	3
youthful	2
yore	2
yielding	2
yew	2
yesterday	2
yellow	2
yea	2
wrong	2
wrench	2
wrecks	2
worn	2
workings	2
wore	2
wont	2
woes	2
wing	2
window	2
wilderness	2
wholesome	2
whitest	2
whispering	2
whereon	2
wherein	2
westward	2
westering	2
wept	2
weave	2
wearisome	2
wearied	2
wax	2
water	2
watching	2
waste	2
warm	2
warbles	2
war	2
wanted	2
want	2
wane	2
wanderings	2
wall	2
walked	2
waking	2
waited	2
votive	2
voiced	2
villages	2
view	2
varying	2
various	2
vapour	2
vanished	2
vainly	2
upper	2
upland	2
unwelcome	2
unrest	2
unnatural	2
unnamed	2
union	2
undying	2
undistinguishable	2
unceasing	2
tyrant	2
twinkles	2
twinkled	2
twinkle	2
twining	2
tumbling	2
try	2
truths	2
trunk	2
true	2
trophies	2
troop	2
tremble	2
tree	2
treasured	2
travellers	2
travelled	2
travel	2
transitory	2
trail	2
tract	2
track	2
toward	2
tossing	2
tops	2
took	2
tongues	2
tones	2
toiled	2
tinkling	2
timber	2
thronging	2
thrones	2
throbbing	2
thither	2
third	2
thickets	2
thickest	2
therein	2
thankfully	2
tempest	2
teems	2
teeming	2
teach	2
taught	2
taper	2
tamed	2
taken	2
tabernacles	2
t	2
sword	2
swims	2
swept	2
swells	2
swell	2
sweep	2
sunder	2
struck	2
strive	2
strings	2
strike	2
stretching	2
streets	2
stranger	2
story	2
storms	2
stores	2
stones	2
stole	2
stay	2
starred	2
starlight	2
staid	2
sprinkling	2
sprinkled	2
sporting	2
spoken	2
spent	2
speech	2
sparkles	2
spark	2
spake	2
space	2
southward	2
sounded	2
sorrows	2
son	2
somewhat	2
solitude	2
snows	2
smiles	2
sloping	2
skilled	2
skill	2
sisters	2
sister	2
sires	2
similitude	2
sides	2
shut	2
shouts	2
shores	2
shines	2
shared	2
share	2
shake	2
shafts	2
shadowy	2
shadow	2
shades	2
severn	2
severe	2
seven	2
serried	2
senses	2
seeking	2
second	2
seasons	2
season	2
searches	2
sculptured	2
scent	2
scarcely	2
scanty	2
say	2
saints	2
sainted	2
sail	2
sadness	2
saddened	2
rude	2
roll	2
rode	2
rock	2
risen	2
ripened	2
rigid	2
right	2
reward	2
reverend	2
returns	2
resolve	2
rent	2
refuge	2
refreshing	2
reed	2
recurring	2
records	2
record	2
recline	2
realities	2
rapturous	2
rank	2
rain	2
radiance	2
r	2
quietly	2
questioning	2
question	2
quest	2
queenly	2
quaint	2
put	2
purer	2
pulses	2
pulse	2
providence	2
proper	2
promised	2
procession	2
prison	2
principles	2
pressed	2
prayers	2
prayed	2
pray	2
pouring	2
porch	2
pools	2
pondered	2
pole	2
poisons	2
pointed	2
pleasures	2
pleasure	2
pleasantly	2
playing	2
playfully	2
plants	2
plains	2
pipe	2
pinnacles	2
pillared	2
picked	2
pestilent	2
perilous	2
peopled	2
patience	2
pathless	2
parts	2
parables	2
painfully	2
pacing	2
paced	2
pace	2
overhead	2
ourselves	2
ours	2
orion	2
orbs	2
orb	2
opens	2
onwards	2
olympus	2
offices	2
observance	2
oak	2
nymphs	2
nursed	2
notes	2
none	2
nightingales	2
nicely	2
next	2
neither	2
mysterious	2
myriads	2
musically	2
murmurs	2
moving	2
mournful	2
mount	2
moulded	2
motion	2
mother	2
moss	2
mood	2
moments	2
modest	2
mix	2
misty	2
mists	2
mingling	2
mingled	2
mildly	2
mid	2
methought	2
messengers	2
melancholy	2
meanwhile	2
meaning	2
mayest	2
matter	2
marvellous	2
mark	2
marble	2
mansion	2
manifold	2
magnificent	2
magic	2
lyre	2
lump	2
lulled	2
loves	2
loss	2
lore	2
lord	2
longings	2
longing	2
lone	2
locks	2
lives	2
lithe	2
listened	2
listen	2
liquid	2
linn	2
lingering	2
lingered	2
limit	2
lightly	2
lighteth	2
lighted	2
lifted	2
lengthened	2
leaving	2
learned	2
leapt	2
leafy	2
laws	2
lately	2
large	2
lanes	2
lane	2
lake	2
labouring	2
laboured	2
labour	2
knows	2
knowest	2
kindly	2
keen	2
kedron	2
jerusalem	2
itself	2
issues	2
island	2
innocent	2
innocence	2
inhabitants	2
inhabitant	2
infancy	2
incense	2
importunate	2
hundred	2
hue	2
hovering	2
horizon	2
hopeless	2
honey	2
homage	2
hollow	2
holiday	2
holds	2
hillside	2
hemisphere	2
hedgerow	2
heavy	2
heavily	2
heath	2
heartlessness	2
heartless	2
heaps	2
healed	2
harmony	2
handful	2
gush	2
gulf	2
guardian	2
growth	2
group	2
greetings	2
greeting	2
grassy	2
gradual	2
glow	2
globes	2
glistered	2
glide	2
gleams	2
gladdening	2
gives	2
given	2
gently	2
gentlest	2
gentler	2
genius	2
gaze	2
gay	2
galilee	2
gained	2
future	2
funeral	2
fully	2
fulfilled	2
fruitful	2
front	2
friends	2
freely	2
freedom	2
fountains	2
fount	2
foul	2
forgotten	2
forgetfulness	2
forerunning	2
force	2
food	2
fondness	2
followed	2
follow	2
floweth	2
floods	2
flock	2
floats	2
floated	2
float	2
fled	2
flats	2
flaming	2
fittest	2
fitly	2
firmly	2
fill	2
figured	2
fight	2
fierce	2
fetch	2
fern	2
fellows	2
favourite	2
farwell	2
farwel	2
farms	2
farewell	2
fanes	2
famished	2
fading	2
facing	2
everything	2
erst	2
enters	2
enter	2
energies	2
ease	2
earthy	2
ears	2
duly	2
due	2
drops	2
dreary	2
dreariness	2
drear	2
dreamy	2
dread	2
dowry	2
downward	2
do	2
dizzy	2
distinct	2
disclose	2
dips	2
dimmer	2
dies	2
desolating	2
desert	2
descend	2
depth	2
depend	2
dell	2
delicately	2
delicate	2
defined	2
deem	2
declared	2
decay	2
dawning	2
darkly	2
darkest	2
daring	2
dangerously	2
dame	2
curved	2
curse	2
cull	2
crumbling	2
crowns	2
crowned	2
cries	2
creation	2
crag	2
country	2
costly	2
corruption	2
corpse	2
constant	2
conflict	2
companion	2
communion	2
comely	2
combinations	2
colours	2
colour	2
coast	2
clusters	2
clustering	2
cloudy	2
clothing	2
clothe	2
clock	2
climbed	2
climb	2
circling	2
chime	2
chief	2
cherubim	2
chequered	2
chastened	2
chase	2
charity	2
changing	2
chains	2
certain	2
caution	2
cathedral	2
catch	2
carried	2
cares	2
careless	2
buttresses	2
bursts	2
buds	2
brown	2
brother	2
brooding	2
broken	2
broke	2
britain	2
brighter	2
brief	2
bride	2
breasts	2
brain	2
bowering	2
bow	2
boundless	2
blown	2
blossoms	2
bloomed	2
bitterness	2
bitten	2
bind	2
bell	2
behold	2
begin	2
beauteous	2
beasts	2
bears	2
bearing	2
bear	2
beaconed	2
beach	2
bare	2
backward	2
babes	2
b	2
awakened	2
avenues	2
assigned	2
ashes	2
ash	2
ascendant	2
artist	2
artful	2
aright	2
arcturus	2
arch	2
arbour	2
apron	2
approach	2
appointed	2
any	2
answer	2
anon	2
am	2
alternate	2
altar	2
aisles	2
airy	2
ago	2
action	2
achieved	2
abbey	2
••	1
•	1
»	1
§.	1
|arabicprice|	1
zone	1
zenith	1
zeboim	1
zeal	1
youths	1
yield	1
yesternight	1
yeaned	1
wrote	1
writes	1
wrist	1
wretchednes	1
wrestled	1
wrested	1
wreck	1
wreath	1
wrath	1
wrapping	1
wounds	1
wounded	1
wouldst	1
worthy	1
worshippers	1
worship	1
worm	1
worldly	1
works	1
working	1
woodbine	1
wonder	1
won	1
woman	1
wold	1
wode	1
wizard	1
withers	1
wither	1
withdrawn	1
withdraw	1
wintery	1
winters	1
wins	1
wine	1
windy	1
windows	1
windeth	1
willing	1
wildly	1
wife	1
whistling	1
whisperings	1
whisper	1
wherewith	1
wherefore	1
whereby	1
wheeling	1
wheeled	1
wheel	1
wheat	1
whatever	1
wet	1
wends	1
welling	1
welfare	1
welcome	1
weight	1
weeping	1
weeds	1
weariness	1
wearily	1
wear	1
weakness	1
weaker	1
weakened	1
waywardness	1
waywardly	1
ways	1
waxing	1
wavy	1
watery	1
watchful	1
watches	1
watchers	1
wassail	1
wash	1
wary	1
warrant	1
warning	1
warmth	1
ware	1
warbler	1
warble	1
wanting	1
wanders	1
wanderers	1
wakeless	1
wakeful	1
wake	1
waits	1
wait	1
wailings	1
wailed	1
wafting	1
voyage	1
vows	1
vow	1
void	1
voiceless	1
vocal	1
vnstablenesse	1
vital	1
vista	1
visits	1
visions	1
violet	1
vigour	1
victory	1
vibrates	1
verse	1
verona	1
verge	1
vengeance	1
vely	1
velvet	1
veins	1
veileth	1
veiled	1
vaunting	1
vaulted	1
vault	1
varyablenesse	1
vapours	1
vantage	1
vanitie	1
valley	1
vague	1
vacancy	1
utterly	1
uttered	1
utter	1
utmost	1
upsprung	1
upright	1
uppermost	1
unwritten	1
unwitnest	1
unwilling	1
unwearied	1
unwavering	1
unwaked	1
unveiled	1
unvanquishable	1
unusual	1
untuned	1
untroubled	1
untried	1
untouched	1
untimely	1
untended	1
untaught	1
unsparingly	1
unsouls	1
unsinning	1
unsevered	1
unseen	1
unseemly	1
unreproved	1
unrelenting	1
unregistered	1
unprovided	1
unpremeditated	1
unpitied	1
unopposing	1
unmurmured	1
unmarked	1
unlooked-for	1
unlike	1
unit	1
unimpeded	1
unimaginable	1
unheeded	1
unguided	1
unfulfilled	1
unforgiven	1
unfolding	1
unfitting	1
unfettered	1
undrest	1
undowried	1
undirected	1
undetermined	1
undertaken	1
undazzled	1
unclouded	1
unchecked	1
uncentered	1
uncautious	1
unbroken	1
unbridled	1
unborrowed	1
unblessed	1
unbeclouded	1
unaccompanied	1
types	1
twisted	1
twines	1
twice	1
twain	1
turns	1
tuning	1
tunic	1
tuneful	1
tuned	1
tune	1
trunks	1
truly	1
truant	1
troy	1
troths	1
troops	1
trodden	1
trod	1
triumphs	1
triumphant	1
triumph	1
triple	1
tries	1
tried	1
trickled	1
tribulation	1
tribes	1
tribe	1
trial	1
tremulously	1
treetops	1
treasures	1
treasure	1
traverse	1
transept	1
tranquilly	1
tranquil	1
trance	1
training	1
trained	1
trailed	1
traffic	1
trade	1
traced	1
towns	1
town	1
towering	1
towered	1
towards	1
toss	1
tormenting	1
tormented	1
topped	1
topmost	1
tongue	1
toned	1
tombstones	1
tomb	1
tokens	1
token	1
toils	1
tired	1
timbrel	1
ties	1
tidings	1
tides	1
thyself	1
thwarting	1
thunderstroke	1
thrown	1
throw	1
thronged	1
throe	1
throb	1
thrilled	1
three	1
threading	1
thread	1
thrall	1
thousands	1
thirsting	1
thirst	1
thickening	1
thh	1
thereon	1
thereby	1
thenceforth	1
themselves	1
thankfulness	1
thankful	1
testimonies	1
terrassed	1
tents	1
tendril	1
tenderest	1
tendencies	1
tend	1
tenanted	1
tempt	1
tempers	1
tempereth	1
tells	1
telling	1
tearful	1
tear	1
teacheth	1
teacher	1
tass	1
tarrying	1
tares	1
tangled	1
talked	1
tales	1
taking	1
tainting	1
system	1
symmetry	1
swung	1
swoon	1
swimming	1
swiftly	1
swift	1
sweetness	1
sweeter	1
sways	1
swathes	1
swathed	1
sward	1
swamp	1
swam	1
swain	1
supplies	1
sunsets	1
suns	1
sunrise	1
sunlight	1
sunken	1
sunbeam	1
summons	1
summit	1
summers	1
sulphur	1
sullen	1
suiteth	1
suffice	1
sufferance	1
suffer	1
successi	1
suburbs	1
submits	1
sublimely	1
stumble	1
stuck	1
stubborn	1
struggle	1
strove	1
stronger	1
strokes	1
striving	1
strives	1
striven	1
stripping	1
stricken	1
stretches	1
streamlets	1
streamlet	1
strawberries	1
straining	1
straggling	1
stormye	1
stopped	1
stoops	1
stolen	1
stock	1
stirred	1
sting	1
stillest	1
stiffened	1
sterner	1
stern	1
stems	1
steeply	1
steeped	1
steaming	1
steal	1
steadily	1
stayed	1
staves	1
stately	1
startling	1
startings	1
starre	1
standing	1
standest	1
stamped	1
stalks	1
stalk	1
stair	1
stain	1
spurred	1
sprightly	1
sprays	1
spouse	1
spots	1
spot	1
sports	1
sportfully	1
splendour	1
spire	1
spice	1
spend	1
spell	1
speeds	1
spectre	1
speck	1
specious	1
spearing	1
speaks	1
sparry	1
sparkling	1
spar	1
sown	1
south	1
sources	1
source	1
sounding	1
sorteth	1
sorely	1
sooth	1
something	1
sole	1
sojourned	1
softest	1
sodom	1
society	1
sober	1
snow	1
snatching	1
snatch	1
smothely	1
smoothed	1
smooth	1
smoke	1
smell	1
slumbers	1
slumberer	1
slough	1
sloped	1
slippery	1
slip	1
sleeps	1
sleepless	1
slanted	1
slant	1
slanders	1
slab	1
skklton	1
skirted	1
skim	1
skilfully	1
skblton	1
sixth	1
sitteth	1
sirius	1
sire	1
sins	1
sinks	1
sink	1
sing	1
sinful	1
simply	1
simplicitye	1
silvery	1
signs	1
signed	1
signal	1
sighted	1
sighed	1
siege	1
sickly	1
sick	1
shyp	1
shrined	1
shrine	1
shrill	1
shows	1
showers	1
shower	1
shoulder	1
shote	1
shorewards	1
ship	1
shineth	1
shepherds	1
shepherd	1
shelter	1
sheep	1
sheds	1
shechinah	1
sheaves	1
shattering	1
sharp	1
sharing	1
shape	1
shame	1
shaded	1
settle	1
serving	1
served	1
serve	1
serenest	1
seraphim	1
seraph	1
sepulchre	1
sentence	1
sensibly	1
sensible	1
sends	1
semeth	1
sees	1
seemty	1
seems	1
seemly	1
seeks	1
seed	1
securely	1
secure	1
seaweed	1
seaward	1
seats	1
screen	1
scorn	1
scorching	1
scooping	1
scion	1
science	1
schismatic	1
scheme	1
sceptre	1
scented	1
scattering	1
scared	1
scar	1
scanned	1
scale	1
sayle	1
saws	1
sawest	1
saviour	1
saving	1
saved	1
satisfied	1
sated	1
sardanapalus	1
sands	1
sand	1
sanctuary	1
salutation	1
salu	1
saintly	1
saint	1
sailing	1
saidst	1
safer	1
saddens	1
sacrificed	1
s	1
rustling	1
rush	1
rung	1
run	1
rumour	1
ruling	1
rulest	1
rules	1
ruins	1
rugged	1
row	1
roughs	1
rosy	1
root	1
roosting	1
roof	1
rocky	1
rockt	1
rocked	1
robed	1
robe	1
roareth	1
roamed	1
roam	1
riven	1
rites	1
risk	1
risings	1
riseth	1
rises	1
ripens	1
ripening	1
ripe	1
rightful	1
rifted	1
ridgy	1
ridges	1
ridge	1
ribbed	1
revels	1
revelry	1
revealed	1
returning	1
returnest	1
returned	1
retreats	1
restore	1
restlessness	1
responses	1
respite	1
repub	1
reposed	1
replied	1
repentant	1
repass	1
repair	1
rendered	1
reminds	1
reminded	1
remembrance	1
rememberest	1
remembered	1
remained	1
remain	1
reluctantly	1
religious	1
rejoicing	1
rejoices	1
rejoiced	1
reign	1
regret	1
regained	1
reflective	1
reflected	1
refine	1
redeemed	1
reddened	1
red	1
recollections	1
recognition	1
recesses	1
receptacle	1
receive	1
receding	1
reasonings	1
reasoners	1
reasoned	1
reared	1
ready	1
reaches	1
rays	1
ravished	1
ravine	1
ravelled	1
rash	1
rarer	1
raptures	1
raptured	1
rapture	1
rapt	1
ranks	1
ranging	1
ranges	1
range	1
rambling	1
ramble	1
raise	1
raiment	1
race	1
rabid	1
quite	1
quires	1
quick	1
quarters	1
quaintly	1
puzzled	1
pushed	1
pursue	1
purify	1
pulled	1
prowl	1
prove	1
protection	1
prostrate	1
prosperity	1
propping	1
prophets	1
prophetic	1
prophecy	1
prop	1
pronounced	1
prone	1
prompt	1
promontory	1
promises	1
prom	1
progress	1
processes	1
private	1
prisoned	1
prisms	1
printed	1
print	1
princely	1
primroses	1
priest	1
pretence	1
presses	1
press	1
presently	1
presences	1
prepared	1
preference	1
precious	1
precinct	1
potion	1
potentates	1
pot	1
portioned	1
portion	1
poor	1
pool	1
pondering	1
polity	1
polish	1
poison	1
poets	1
poet	1
plunging	1
plunge	1
plumaged	1
pleiades	1
pleased	1
pleasantest	1
plays	1
playmate	1
playfulness	1
playfellows	1
playfellow	1
played	1
plato	1
plate	1
planted	1
plant	1
planet	1
pity	1
pittance	1
pitilessly	1
pinnacled	1
pilgrim	1
piles	1
piety	1
piercing	1
pierce	1
pier	1
phseacia	1
pest	1
pervious	1
perspective	1
persecuting	1
performance	1
perfectness	1
perceived	1
people	1
penetrate	1
pendent	1
pendant	1
pencils	1
pen	1
peers	1
peering	1
peer	1
peeping	1
peculiar	1
peasant	1
pearl	1
peak	1
paved	1
patterns	1
patiently	1
paternal	1
pastured	1
passion	1
passes	1
passers	1
passengers	1
passages	1
partner	1
particle	1
partaker	1
parley	1
panting	1
pangs	1
pane	1
palsy	1
palms	1
palm	1
palestine	1
palest	1
palace	1
pair	1
pages	1
owing	1
owes	1
owe	1
overlooks	1
overlook	1
overflow	1
outstretched	1
outside	1
outline	1
outlaws	1
outbreakings	1
ought	1
otherwise	1
organ	1
ore	1
orderly	1
ordered	1
orchis	1
oppressor	1
oppressed	1
opposite	1
opened	1
olive	1
olden	1
ointment	1
offering	1
offered	1
obscured	1
objections	1
obeying	1
oaks	1
oaken	1
o'erflowed	1
nurslings	1
nursling	1
nursing	1
nourishing	1
notice	1
note	1
northward	1
noonday	1
noise	1
nineveh	1
nile	1
nights	1
nightly	1
nigher	1
nigh	1
niche	1
news	1
newly	1
newborn	1
nereids	1
neglect	1
need	1
nectar	1
necked	1
neck	1
necessity	1
neared	1
navies	1
nave	1
narrowing	1
narrow	1
naphtha	1
nakedness	1
naked	1
mute	1
mustered	1
musings	1
musical	1
mused	1
muse	1
murmuring	1
murmured	1
murmur	1
multitudinous	1
multitudes	1
muffling	1
moves	1
movement	1
mourning	1
mourners	1
mourner	1
mountainside	1
mounds	1
mounded	1
mound	1
mould	1
motley	1
mosses	1
moral	1
moonlit	1
moods	1
monument	1
months	1
month	1
momentary	1
moist	1
moderated	1
mockings	1
mock	1
moanings	1
moan	1
mixture	1
mixed	1
misseth	1
misrule	1
misliking	1
misery	1
miserable	1
mirth	1
mirror	1
minutest	1
ministrations	1
ministrant	1
ministering	1
mindful	1
minarets	1
milky	1
milder	1
mightiest	1
mightier	1
midway	1
midst	1
midnight	1
mid-channel	1
mid-air	1
mi	1
metal	1
messages	1
message	1
mercy	1
merchandise	1
mention	1
mental	1
memorials	1
melt	1
mellowed	1
meetings	1
meeting	1
meekness	1
meekest	1
meanest	1
mead	1
mazes	1
maw	1
matins	1
matin	1
masts	1
master	1
massy	1
marvel	1
marshalls	1
marrying	1
married	1
marriage	1
marks	1
marked	1
margin	1
marge	1
mantled	1
manly	1
mankind	1
manifest	1
maniac	1
manger	1
making	1
makes	1
majestical	1
majestic	1
maintenance	1
mail	1
maids	1
maidens	1
maeotis	1
maddening	1
machinery	1
lying	1
lye	1
lycia	1
luxuriance	1
lutes	1
lustrous	1
lustred	1
luscious	1
lurid	1
lures	1
lured	1
lowly	1
loving	1
lovest	1
lovers	1
louder	1
lorn	1
loosed	1
loose	1
looketh	1
lonely	1
lofty	1
loftier	1
lode	1
liveth	1
lively	1
listlessly	1
listed	1
lip	1
links	1
lingers	1
limits	1
limes	1
limb	1
likened	1
lightning	1
lightest	1
lifts	1
lifeless	1
liest	1
lies	1
lest	1
lessons	1
lessened	1
lessen	1
lemnos	1
leisurely	1
legacy	1
leaven	1
leave	1
least	1
learn	1
leapings	1
lean	1
leaguing	1
leads	1
leading	1
lead	1
laying	1
lawns	1
lawless	1
lavished	1
laves	1
laver	1
laura	1
launched	1
latter	1
lark	1
larch	1
languid	1
language	1
landscapes	1
landed	1
lamping	1
lam	1
lain	1
lady	1
laden	1
ladder	1
lacks	1
laced	1
knowledge	1
knoweth	1
knotted	1
knoll	1
knit	1
kneels	1
kisses	1
kiss	1
kings	1
kingdom	1
kindle	1
keenly	1
justly	1
justified	1
june	1
juice	1
judge	1
judaean	1
joyed	1
jove	1
jordan	1
joined	1
jesu	1
jasper	1
jarring	1
j	1
iters	1
issued	1
islands	1
irrespective	1
irony	1
inwrought	1
inviting	1
invites	1
invitation	1
invisible	1
investiture	1
invention	1
intricate	1
intervals	1
intermission	1
interlaced	1
interest	1
intercourse	1
intensely	1
instrument	1
instant	1
insight	1
insatiable	1
inquired	1
inland	1
informing	1
influences	1
individual	1
indifference	1
indelibly	1
imposed	1
immortals	1
illusion	1
idol	1
ideas	1
i've	1
hymns	1
hymn	1
hushed	1
husband	1
hunters	1
hummed	1
humilitye	1
humility	1
humbler	1
humanity	1
hues	1
howls	1
howling	1
howled	1
hover	1
hourly	1
hostess	1
horse	1
horned	1
horizontal	1
hopelessness	1
hopeful	1
honours	1
honour	1
honeysuckle	1
honest	1
homes	1
hollowed	1
holiest	1
holier	1
hoary	1
historian	1
hissing	1
hindrances	1
hilly	1
hillock	1
highly	1
highday	1
hid	1
hesper	1
heritage	1
henry	1
hence	1
hemmed	1
helpmates	1
helpeth	1
helmet	1
heir	1
heights	1
height	1
heed	1
hedgerows	1
hebe	1
heavier	1
heavenward	1
heavens	1
heats	1
heat	1
hearth	1
hearted	1
hearest	1
health	1
healing	1
headstones	1
headstone	1
headlong	1
headland	1
heading	1
head	1
hazy	1
haven	1
haunt	1
hates	1
hated	1
hastens	1
harvest	1
harps	1
harmonies	1
harm	1
hardship	1
hardest	1
harbour	1
hangs	1
hanging	1
hangeth	1
handle	1
hallam	1
hails	1
hailed	1
habitable	1
h	1
gushings	1
gushing	1
guise	1
guides	1
guidance	1
guarding	1
guarded	1
guard	1
grudge	1
grow	1
groves	1
groups	1
grounds	1
grottoes	1
grosser	1
griefs	1
greet	1
greece	1
graved	1
grass	1
granted	1
grant	1
grange	1
grain	1
governors	1
gorgeous	1
goodness	1
goodly	1
godspeed	1
gods	1
godlike	1
godless	1
gnarled	1
glowed	1
glorying	1
glorify	1
glorified	1
gloomily	1
glistering	1
glimpses	1
glimmer	1
gliding	1
gleaming	1
glare	1
glamorgan	1
gladness	1
glades	1
gladdens	1
gladdened	1
giving	1
girt	1
girl	1
girds	1
girded	1
giant	1
ghosts	1
ghastly	1
gems	1
gemmed	1
gem	1
gazing	1
gashed	1
garlands	1
gaping	1
gambolled	1
gall	1
gale	1
gains	1
gain	1
g	1
furze	1
furnished	1
fullest	1
fulfilment	1
fruit	1
frosts	1
fronted	1
frolic	1
fringing	1
frettings	1
freight	1
freezing	1
frame	1
frail	1
fragrant	1
foxglove	1
fourth	1
founts	1
fountain	1
foundations	1
foundation	1
fosters	1
forts	1
formerly	1
forgetting	1
forget	1
forests	1
forest	1
foreheads	1
forehead	1
fore	1
forces	1
footmarks	1
fondnesses	1
fondly	1
fondest	1
follows	1
following	1
foes	1
fly	1
flute	1
flush	1
flown	1
flowing	1
flowery	1
floude	1
flocks	1
flit	1
flickering	1
flee	1
flattering	1
flash	1
flaring	1
flakes	1
fitter	1
fitted	1
fitfully	1
fitful	1
firstborn	1
firmest	1
firmer	1
finger	1
finding	1
finally	1
final	1
film	1
fills	1
filled	1
figure	1
fifth	1
fiery	1
fickell	1
fiat	1
fevered	1
fettered	1
festers	1
festereth	1
fenced	1
fence	1
feelings	1
feedeth	1
feeble	1
features	1
fearing	1
fearful	1
fealty	1
favoured	1
favour	1
fau	1
fathomless	1
fathers	1
fashioning	1
fashioned	1
fares	1
fare	1
fangs	1
fan	1
falsenesse	1
falsely	1
falling	1
faithless	1
faithful	1
fairest	1
fainting	1
fainter	1
fail	1
fades	1
faculty	1
faces	1
fabling	1
extreme	1
extend	1
expected	1
example	1
evident	1
events	1
eventide	1
eternity	1
essays	1
espousals	1
erymanthus	1
err	1
erewhile	1
erewhilb	1
equally	1
entrusted	1
entranced	1
entrance	1
enshrine	1
enlightening	1
enjoyments	1
enjoyment	1
enfranchised	1
enduring	1
endow	1
endearments	1
encouragement	1
encompassed	1
enclosed	1
enamelled	1
emptied	1
empires	1
embower	1
embossed	1
embosomed	1
embayed	1
else	1
elms	1
elements	1
eight	1
egyptian	1
effluence	1
edge	1
eddies	1
eclipse	1
ebbs	1
ebb	1
easy	1
eastward	1
eastern	1
earned	1
earliest	1
eagle	1
eager	1
e	1
dwellers	1
duties	1
dusky	1
dusk	1
during	1
dug	1
dry	1
drunk	1
drowns	1
dropping	1
drop	1
droop	1
dripping	1
drinks	1
drinking	1
drew	1
dressed	1
dress	1
drawn	1
dove	1
doubtful	1
doubt	1
doubly	1
dorr	1
dorian	1
door	1
donnb	1
domes	1
doing	1
dogstar	1
doffed	1
divisions	1
divinest	1
divided	1
disturbs	1
distrusting	1
distress	1
distilled	1
disrobed	1
disquietude	1
disposed	1
dismally	1
disenshrine	1
discipline	1
dip	1
din	1
dialogue	1
dewball	1
devious	1
devilish	1
devices	1
deuyll	1
deuill	1
determined	1
destroyed	1
destitution	1
destinies	1
despise	1
desolate	1
desiring	1
descent	1
descending	1
descended	1
depravity	1
departure	1
departed	1
dense	1
denizen	1
demand	1
delving	1
delves	1
delos	1
delay	1
deftly	1
definite	1
deepens	1
deepened	1
deeds	1
deed	1
decreed	1
deck	1
decease	1
deals	1
deaf	1
deadly	1
dazzle	1
dayspring	1
daughter	1
darkling	1
darker	1
darkens	1
darkening	1
dares	1
dare	1
dappled	1
dangled	1
dangers	1
damp	1
dale	1
d	1
cut	1
curve	1
curtains	1
current	1
curls	1
curfew	1
curb	1
cups	1
culture	1
crystalline	1
crystal	1
crushed	1
crush	1
crumbled	1
crowding	1
crowded	1
crow	1
crosiers	1
cropped	1
crisped	1
crime	1
crescent	1
crept	1
creeks	1
creed	1
creative	1
crash	1
craggy	1
cowslips	1
coward	1
covetousnes	1
covers	1
covenant	1
courting	1
court	1
couch	1
cottages	1
cots	1
corridor	1
corners	1
corner	1
corbels	1
coral	1
coppice	1
cooste	1
coombs	1
cooling	1
converted	1
conversing	1
continuous	1
contentment	1
contented	1
contemplation	1
containeth	1
consecrate	1
confluence	1
confess	1
conditions	1
condescension	1
concourse	1
conclusions	1
conception	1
conceit	1
complicate	1
compass	1
company	1
companionship	1
companions	1
companies	1
compact	1
communing	1
command	1
comforter	1
combination	1
cock	1
clustered	1
cloudless	1
clothes	1
cloth	1
closest	1
closed	1
cling	1
climbing	1
cliffs	1
clere	1
clenching	1
clefts	1
cleave	1
clearness	1
clearer	1
clasped	1
cities	1
circumstance	1
circumference	1
circlet	1
circled	1
churchyards	1
churchward	1
churches	1
christ	1
choose	1
choking	1
choicest	1
choice	1
chivalry	1
chimy	1
chimes	1
chilly	1
chiding	1
check	1
cheating	1
cheated	1
cheat	1
chasm	1
chasing	1
charms	1
chariot	1
character	1
chanting	1
chanted	1
chant	1
channelled	1
channel	1
changes	1
changeful	1
changed	1
chambers	1
chambered	1
chaldee	1
chaldaean	1
chafed	1
centres	1
centred	1
centre	1
celestial	1
cease	1
cautious	1
causes	1
cattle	1
catalogued	1
castle	1
cast-off	1
casement	1
carve	1
carries	1
carol	1
carnal	1
cargoes	1
carelessly	1
captain	1
capes	1
capacious	1
capable	1
canopy	1
canopied	1
can'st	1
camels	1
cambrian	1
cambria	1
callow	1
cadence	1
buttress	1
busfling	1
bursting	1
burning	1
burned	1
burn	1
building	1
brushes	1
brothers	1
brooks	1
brook	1
brode	1
british	1
brings	1
brim	1
brightening	1
bridled	1
breezes	1
breezeless	1
breathlessly	1
breathless	1
breathings	1
breathed	1
breathe	1
breaking	1
bread	1
bowed	1
bought	1
borrowed	1
boreal	1
borders	1
bordered	1
border	1
booming	1
bonnet	1
bonds	1
boldly	1
bold	1
boats	1
boasting	1
boast	1
blotting	1
blossomed	1
blooms	1
blooming	1
blithe	1
blind	1
blights	1
blighting	1
blew	1
blessings	1
blent	1
blazoning	1
blazed	1
blasting	1
blast	1
blasphemous	1
blackness	1
bitterly	1
bitter	1
births	1
birthright	1
bier	1
bidding	1
betwixt	1
better	1
bestowed	1
beste	1
besides	1
bents	1
benignity	1
benighted	1
benight	1
bend	1
belt	1
belongs	1
beings	1
beheld	1
begins	1
began	1
beech	1
beds	1
beckoning	1
beatings	1
beaten	1
beat	1
beareth	1
beacons	1
battlements	1
battle	1
bat	1
base	1
bark	1
bard	1
baptismal	1
bands	1
banded	1
balmy	1
balmiest	1
balm	1
babylon	1
aye	1
awhile	1
awful	1
awakes	1
awakening	1
awake	1
avalon	1
austral	1
attributes	1
attendant	1
attend	1
attempt	1
attained	1
attain	1
atmospheres	1
atmosphere	1
asunder	1
assured	1
assure	1
assurance	1
aspirant	1
asleepe	1
aslant	1
asked	1
aside	1
ashy	1
ascending	1
arthur	1
artemis	1
arrived	1
array	1
arranged	1
arraigning	1
arose	1
ark	1
arise	1
ardent	1
architraves	1
arches	1
arbours	1
arboured	1
araby	1
apt	1
approaching	1
apportioned	1
appere	1
appearing	1
apparel	1
apostle	1
apollo	1
apace	1
anxious	1
antique	1
anthem	1
answers	1
answered	1
another	1
anker	1
anguished	1
anguish	1
anew	1
anemones	1
anchored	1
ample	1
amid	1
ambrosial	1
amber	1
always	1
altering	1
also	1
already	1
aisle	1
airiest	1
agree	1
agony	1
aggregate	1
aged	1
afraid	1
affliction	1
affection	1
affect	1
aethereal	1
aery	1
aerial	1
adverse	1
adrift	1
admission	1
admiration	1
admah	1
active	1
act	1
across	1
acquired	1
acquainted	1
acknowledge	1
accomplish	1
accidents	1
accident	1
accepted	1
abode	1
aberavon	1
?'	1
9<>	1
/	1
!"	1
