,	1041
the	602
and	299
of	245
!	210
.	208
to	197
in	130
with	117
a	103
—	100
thy	86
;	78
his	75
|'s|	73
thou	73
that	65
i	65
from	62
or	60
as	58
but	57
thee	54
by	54
where	49
their	49
'	49
all	48
for	46
?	44
not	42
:	42
now	38
on	37
my	35
|arabic2digit|	33
who	33
when	33
upon	33
heaven	33
at	33
was	31
is	31
how	31
there	29
he	29
they	28
it	28
what	25
ye	24
too	24
shall	24
once	24
no	24
still	23
o	23
"	23
yet	22
so	22
me	22
love	22
(	22
while	21
which	21
him	21
then	20
over	20
more	20
heart	20
have	20
whose	19
nor	19
man	19
her	19
youth	18
this	18
like	18
here	18
bright	18
be	18
some	17
soft	17
its	17
earth	17
amid	17
were	16
time	16
these	16
such	16
if	16
thought	15
thine	15
soul	15
oft	15
eye	15
ah	15
loved	14
joy	14
had	14
far	14
are	14
)	14
wild	13
whom	13
view	13
those	13
than	13
should	13
mid	13
deep	13
death	13
alone	13
*	13
world	12
tears	12
see	12
plain	12
one	12
look	12
hills	12
behold	12
art	12
waves	11
though	11
them	11
tell	11
greece	11
ever	11
bliss	11
thus	10
sweet	10
stood	10
little	10
immortal	10
happy	10
forms	10
fond	10
first	10
even	10
divine	10
dark	10
beneath	10
alas	10
|arabic1digit|	9
wast	9
voice	9
tis	9
sons	9
mournful	9
may	9
life	9
hour	9
heavenly	9
god	9
gay	9
down	9
day	9
anon	9
age	9
your	8
young	8
within	8
wide	8
sun	8
shores	8
seen	8
sad	8
rude	8
own	8
oh	8
men	8
lost	8
long	8
hill	8
hand	8
golden	8
form	8
forever	8
fair	8
eyes	8
breast	8
bloom	8
around	8
winds	7
why	7
thence	7
smile	7
scenes	7
power	7
perchance	7
ocean	7
muse	7
let	7
hear	7
has	7
great	7
flowers	7
fell	7
fate	7
dreams	7
despair	7
canst	7
athens	7
air	7
again	7
wings	6
wave	6
vain	6
truth	6
thousand	6
she	6
say	6
rose	6
revenge	6
repose	6
refuge	6
rage	6
purple	6
near	6
must	6
most	6
mighty	6
methought	6
lo	6
light	6
land	6
joys	6
high	6
head	6
flowery	6
feet	6
feel	6
every	6
do	6
didst	6
delight	6
dear	6
could	6
can	6
beauteous	6
away	6
arms	6
an	6
[	6
!)	6
you	5
years	5
would	5
wisdom	5
vales	5
u	5
twas	5
triumph	5
tale	5
swift	5
sway	5
sudden	5
strange	5
spirit	5
sky	5
skies	5
sight	5
shade	5
seemed	5
seek	5
secret	5
sea	5
scene	5
saw	5
rosy	5
race	5
quick	5
pure	5
precious	5
pair	5
often	5
night	5
never	5
mind	5
majestic	5
lovely	5
lofty	5
jove	5
isle	5
impious	5
hours	5
himself	5
hands	5
groves	5
gods	5
go	5
glorious	5
foes	5
foe	5
find	5
felt	5
fast	5
fancy	5
face	5
dust	5
dream	5
die	5
charms	5
cause	5
breathed	5
bowers	5
born	5
blooming	5
below	5
beams	5
base	5
bark	5
aid	5
•	4
wreath	4
work	4
wondrous	4
witness	4
wilt	4
verdant	4
vale	4
up	4
twice	4
true	4
together	4
through	4
sunk	4
song	4
soil	4
smiles	4
slaves	4
severe	4
seems	4
seas	4
scarce	4
sacred	4
round	4
revealed	4
prey	4
pressed	4
pleased	4
philosophy	4
peace	4
patriot	4
paths	4
only	4
nymph	4
none	4
nature	4
mountain	4
morn	4
moment	4
meet	4
many	4
lover	4
looks	4
lay	4
isles	4
instant	4
immediate	4
host	4
hope	4
hearts	4
hast	4
hallowed	4
grave	4
goddess	4
glittering	4
glad	4
gazed	4
gaze	4
fled	4
feels	4
fatal	4
fane	4
else	4
eager	4
distant	4
dire	4
daphne	4
childhood	4
caves	4
calm	4
brows	4
breeze	4
breathing	4
boy	4
bosom	4
bold	4
blessed	4
beyond	4
beloved	4
before	4
been	4
august	4
arts	4
angel	4
along	4
after	4
above	4
zephyrs	3
yield	3
words	3
without	3
will	3
wherever	3
whence	3
we	3
waved	3
waking	3
vows	3
vision	3
virtue	3
vine	3
victory	3
upraised	3
treacherous	3
train	3
towering	3
touch	3
till	3
tide	3
thick	3
themselves	3
taught	3
taken	3
t	3
sweetest	3
sublime	3
subject	3
struck	3
strength	3
streams	3
stand	3
speaks	3
soon	3
smiling	3
skim	3
since	3
sigh	3
sickness	3
shrieks	3
shed	3
shadowy	3
self	3
seem	3
seeking	3
save	3
sat	3
roved	3
robe	3
rich	3
restless	3
resistless	3
renowned	3
reason	3
ray	3
proud	3
port	3
plains	3
place	3
pity	3
piercing	3
perfumes	3
out	3
neath	3
nay	3
named	3
myrtle	3
might	3
midnight	3
methinks	3
mazy	3
matchless	3
mass	3
mark	3
majesty	3
made	3
lustre	3
low	3
loud	3
live	3
lists	3
lips	3
line	3
lifts	3
left	3
know	3
king	3
joyous	3
innocence	3
infant	3
indignant	3
indeed	3
illustrious	3
horrors	3
hie	3
heights	3
heavens	3
hears	3
graceful	3
gone	3
gold	3
giddy	3
gentle	3
genius	3
gales	3
gale	3
frown	3
frantic	3
frame	3
fragrant	3
found	3
florello	3
fixed	3
fired	3
finds	3
filled	3
fields	3
field	3
few	3
fear	3
fain	3
f	3
eyed	3
ethereal	3
error	3
endued	3
enamoured	3
empurpled	3
elder	3
east	3
ear	3
dissolved	3
did	3
dewy	3
dew	3
devious	3
depict	3
date	3
dare	3
dangers	3
crown	3
cries	3
crew	3
court	3
concealed	3
cold	3
clouds	3
cloud	3
cheek	3
came	3
built	3
brow	3
breathes	3
both	3
blood	3
blast	3
being	3
beautiful	3
battle	3
barbaric	3
band	3
balmy	3
arise	3
appeared	3
among	3
aloft	3
alike	3
affrighted	3
adventurous	3
adorned	3
adored	3
!*	3
|romannumeral|	2
yielding	2
year	2
wretched	2
wreck	2
wrath	2
would'st	2
worse	2
wont	2
wives	2
wind	2
win	2
wert	2
weltering	2
well	2
weight	2
wedded	2
web	2
way	2
waste	2
warm	2
wander	2
wake	2
virtuous	2
virgin	2
victims	2
vernal	2
veins	2
various	2
vanished	2
us	2
unmoved	2
undismayed	2
tyrant	2
two	2
turned	2
turn	2
triumphs	2
trembling	2
tree	2
towers	2
toward	2
tops	2
tongue	2
timid	2
thundering	2
thunderbolt	2
thousands	2
thoughts	2
thither	2
theseus	2
theirs	2
tenderness	2
tender	2
temples	2
temple	2
tempest	2
tempered	2
tear	2
take	2
sympathy	2
swell	2
sweets	2
sweeter	2
surprise	2
surcharged	2
succour	2
stung	2
studious	2
strewn	2
stretches	2
stretch	2
strand	2
strain	2
storm	2
stores	2
stern	2
step	2
stay	2
stately	2
startled	2
springs	2
sports	2
spoiler	2
spared	2
south	2
souls	2
son	2
solitude	2
solitary	2
smooth	2
slow	2
sleep	2
slay	2
slain	2
skirt	2
skill	2
sitt'st	2
sinuous	2
sinks	2
silence	2
sick	2
shame	2
serener	2
seraph	2
seized	2
secure	2
search	2
scio	2
sage	2
safety	2
rustling	2
ruffian	2
roses	2
rock	2
revel	2
rest	2
resplendent	2
reposed	2
rend	2
remote	2
remember	2
remain	2
reigned	2
reflecting	2
reflected	2
realms	2
rather	2
rapturous	2
rapture	2
raised	2
radiant	2
queen	2
pursues	2
purest	2
prouder	2
propitious	2
prime	2
press	2
preaching	2
prayer	2
powerless	2
poor	2
ponderous	2
polluted	2
plumes	2
pleasure	2
pleasing	2
plataea	2
plaint	2
pitying	2
piteous	2
pile	2
pestilence	2
perpetual	2
people	2
pentelicus	2
parting	2
part	2
pale	2
page	2
overflows	2
outstretched	2
orange	2
oppressor	2
olive	2
nymphs	2
numbers	2
nt	2
noon	2
nodding	2
noblest	2
next	2
new	2
name	2
mutual	2
music	2
much	2
mountains	2
mount	2
mother	2
mood	2
monster	2
monarch	2
mist	2
mightest	2
midst	2
met	2
mere	2
matter	2
marked	2
mar	2
main	2
maid	2
maddening	2
lyre	2
lust	2
lurid	2
lore	2
lone	2
livest	2
lives	2
listen	2
linked	2
lines	2
lights	2
liberty	2
less	2
les	2
lengthened	2
lavish	2
laurel	2
late	2
last	2
lap	2
languid	2
laments	2
justice	2
just	2
iron	2
invisible	2
into	2
intent	2
inspired	2
inglorious	2
ineffable	2
impassioned	2
immense	2
i've	2
hymettus	2
hygeia	2
hydra	2
hunter	2
hundred	2
humble	2
human	2
horrid	2
horizon	2
hid	2
hero	2
height	2
heard	2
health	2
healing	2
haunts	2
happiness	2
hapless	2
half	2
hail	2
guilt	2
guileless	2
ground	2
groans	2
grievous	2
grief	2
grecian	2
grateful	2
gracious	2
graces	2
godlike	2
glories	2
gladness	2
gentler	2
genial	2
gems	2
full	2
fugitives	2
fruits	2
front	2
fount	2
forgive	2
forget	2
force	2
folly	2
follow	2
flown	2
flow	2
floats	2
flight	2
flies	2
fleeting	2
fit	2
fill	2
feverish	2
favoured	2
fantastic	2
famed	2
fame	2
fallen	2
fall	2
fabric	2
extends	2
extended	2
expire	2
everlasting	2
eve	2
europe	2
eugenio	2
escape	2
enjoys	2
england	2
endless	2
encircled	2
elgin	2
eastern	2
early	2
due	2
drops	2
drink	2
drew	2
dreadful	2
dread	2
dost	2
domain	2
does	2
dissolves	2
disease	2
dim	2
despot	2
desperate	2
depart	2
delights	2
delighted	2
deeper	2
decks	2
decked	2
dearest	2
deaf	2
dead	2
dazzling	2
days	2
daughters	2
darts	2
darling	2
cut	2
cup	2
crush	2
crowned	2
crime	2
course	2
conviction	2
condemned	2
come	2
cling	2
climes	2
cliffs	2
clay	2
classic	2
circling	2
chilling	2
cheering	2
cheat	2
changed	2
chain	2
cautious	2
cased	2
cares	2
careless	2
captive	2
cannot	2
called	2
call	2
busy	2
bursting	2
burst	2
burning	2
breathless	2
breath	2
boyhood	2
boundless	2
bound	2
bonds	2
blue	2
blossom	2
blissful	2
bleeding	2
bland	2
bitterer	2
benumbing	2
beings	2
beauty	2
bear	2
beam	2
banks	2
awhile	2
awake	2
aught	2
attest	2
athenian	2
ask	2
arrayed	2
ardent	2
appear	2
appal	2
apelles	2
answer	2
another	2
alighted	2
alarm	2
aghast	2
adventure	2
action	2
/	2
."	2
■	1
youthful	1
yon	1
yields	1
yes	1
yells	1
yea	1
ycleped	1
yawning	1
xerxes	1
xenophon	1
wrought	1
wrong	1
wrinkled	1
wretchedness	1
wretch	1
wrest	1
wreathed	1
wrathful	1
wove	1
wounds	1
wound	1
worship	1
worlds	1
worldings	1
word	1
wood	1
wondering	1
wonder	1
won	1
witnessed	1
withhold	1
withered	1
wither	1
withdraw'st	1
wish	1
wisest	1
wiping	1
winter	1
winged	1
wing	1
wily	1
wilds	1
wildering	1
wield	1
widowed	1
whispered	1
whirled	1
whilst	1
whether	1
whenever	1
whelms	1
westward	1
west	1
weigh	1
weep	1
wedged	1
weaves	1
weave	1
weak	1
wayward	1
watery	1
watching	1
wasted	1
wash	1
warrior	1
warring	1
warns	1
war	1
walls	1
walks	1
wakes	1
wait	1
wafts	1
wafted	1
vulture	1
vouchsafed	1
votary	1
volumes	1
vollied	1
vivifying	1
vivacious	1
vista	1
visions	1
visages	1
vire	1
violet	1
violence	1
villages	1
views	1
viewless	1
viewed	1
view'dst	1
vies	1
victor	1
victim	1
vexed	1
vestiges	1
vessel	1
vermil	1
verdure	1
venus	1
venice	1
veiled	1
vecn	1
vaulted	1
vault	1
varying	1
varied	1
vanish	1
van	1
valour	1
valleys	1
vacancy	1
urns	1
urn	1
urge	1
upholding	1
upborne	1
unwilling	1
unwept	1
unwelcome	1
unwearied	1
unwary	1
untired	1
unsullied	1
unstrung	1
unsparing	1
unseen	1
unsatisfied	1
unresisting	1
unquenchable	1
unpitying	1
unnumbered	1
unlock	1
unknown	1
unites	1
unison	1
unhinge	1
unheeded	1
unheard	1
unhappy	1
unfading	1
undulations	1
undissembled	1
underneath	1
uncovered	1
unconcerned	1
unbroken	1
unbending	1
unawed	1
un	1
umpla	1
tyrian	1
tyrants	1
twixt	1
twins	1
twined	1
twine	1
twere	1
twain	1
tusked	1
turk	1
turbid	1
tumultuous	1
tumult	1
ttoit	1
trump	1
trout	1
trolled	1
trodden	1
triumphed	1
tremble	1
trees	1
treasures	1
tread	1
travellers	1
traveller	1
trappings	1
transported	1
tranquilly	1
trampled	1
tragic	1
track	1
traced	1
trace	1
tpeak	1
towns	1
town	1
touched	1
tottering	1
tossed	1
torrents	1
torrent	1
torn	1
tore	1
top	1
tometimes	1
tomb	1
told	1
toils	1
toiled	1
toil	1
tint	1
tingles	1
tinge	1
tinctured	1
times	1
timely	1
ties	1
thyself	1
thyme	1
throughout	1
thronged	1
throng	1
thrones	1
throneless	1
throne	1
throbbings	1
throbbing	1
throb	1
thrills	1
thrice	1
threats	1
threads	1
thrace	1
thoughtless	1
thistle	1
thirsty	1
thipwrecked	1
thinks	1
thing	1
thin	1
theunpitying	1
thessaly	1
themistocles	1
thaw	1
thai	1
th	1
terrible	1
terrestrial	1
termed	1
tenant	1
tenacious	1
teedded	1
teach	1
tea	1
tbtteu	1
tba	1
taste	1
task	1
tarnishes	1
tarnished	1
tam'rind	1
taints	1
sympathetic	1
swells	1
swelled	1
sweeps	1
sweeping	1
sweep	1
swayed	1
suspect	1
survive	1
surveyed	1
survey	1
surnain'd	1
surge	1
sure	1
supreme	1
support	1
suppliant	1
supine	1
superstructure	1
supernal	1
superior	1
superb	1
sung	1
sundered	1
summoned	1
summits	1
summer	1
sultry	1
sullen	1
suits	1
suffers	1
substitute	1
sublunar	1
subduing	1
sturdier	1
stuff	1
strong	1
stroke	1
strive	1
strewing	1
strew	1
stretched	1
streets	1
streaming	1
streamed	1
stream	1
strayed	1
stray'st	1
stranger	1
strait	1
storms	1
storied	1
stops	1
stoop	1
stone	1
stoic	1
stillness	1
stifled	1
steps	1
steals	1
statue	1
state	1
starts	1
start	1
stars	1
stands	1
standi	1
stalks	1
stalk	1
stain	1
stagirite	1
stable	1
spurning	1
spurned	1
spurn	1
spring	1
spread	1
sprang	1
spot	1
sport	1
spoil	1
splendid	1
spirits	1
spent	1
spell	1
speck	1
spear	1
speak	1
sparkling	1
sparkles	1
sparkled	1
spark	1
spare	1
spangled	1
sovereign	1
southward	1
southern	1
source	1
sound	1
sought	1
sorrows	1
sorrow	1
sordid	1
sombre	1
solve	1
solon	1
solitudes	1
solid	1
solace	1
softly	1
softer	1
softened	1
socrates	1
sober	1
soar	1
snatched	1
snatch	1
smoke	1
small	1
slumbering	1
slumber	1
slope	1
slew	1
slender	1
sleeps	1
sleek	1
slaughtered	1
slaughter	1
slant	1
skyey	1
skiff	1
sits	1
sires	1
sinking	1
sink	1
sings	1
singly	1
silken	1
side	1
sickle	1
sicken	1
shut	1
shrunk	1
shrinks	1
shrinking	1
shrink	1
shriek	1
showers	1
showed	1
show	1
shouts	1
shout	1
shortened	1
short-lived	1
short	1
shore	1
shoots	1
shock	1
shivers	1
shivering	1
shipwrecked	1
shine	1
shepherd	1
shelter	1
shell	1
shattered	1
shake	1
shaft	1
shades	1
sex	1
severm	1
severed	1
setting	1
seriphos	1
serene	1
sequestered	1
sent	1
sense	1
sends	1
semblance	1
seeming	1
seem'dst	1
seeks	1
sec	1
seated	1
seat	1
sealed	1
scyileum	1
sculptures	1
scouring	1
scoff	1
scillus	1
science	1
sceptre	1
scented	1
scaling	1
scaled	1
scale	1
says	1
sayest	1
savage	1
saps	1
sapped	1
same	1
salutes	1
salute	1
salamis	1
sail	1
said	1
sages	1
sadder	1
saddening	1
sacrilegious	1
s	1
ruthless	1
rushing	1
rush	1
rural	1
rule	1
ruin	1
rugged	1
rudely	1
roof	1
rod	1
rocky	1
rocks	1
roam	1
riveted	1
rivalled	1
rising	1
rises	1
rise	1
riper	1
riots	1
riot'st	1
ring	1
rightly	1
rifted	1
revolving	1
reverts	1
reverse	1
reverie	1
reveals	1
revealing	1
reveal	1
return	1
retreats	1
retired	1
restores	1
restored	1
restore	1
resting	1
resounded	1
resigned	1
reserved	1
reraember'd	1
reposes	1
reply	1
replete	1
repentant	1
repel	1
repeated	1
repeat	1
repair	1
rent	1
remorseless	1
remembrance	1
remembermst	1
remains	1
relic	1
released	1
relate	1
reigns	1
reign	1
regret	1
regard	1
recur	1
recreant	1
recoil	1
reckless	1
recesses	1
recall	1
rear	1
read	1
reach	1
rave	1
ravages	1
rare	1
rapt	1
raphael	1
raises	1
raise	1
r	1
quickened	1
quenched	1
que	1
quarry	1
quake	1
pythian	1
pursued	1
pursue	1
pulse	1
prowess	1
prow	1
proudly	1
protrudes	1
prostrate	1
prosperous	1
prospect	1
pronounced	1
promontory	1
promethean	1
prolonged	1
progeny	1
progenitors	1
profane	1
proclaim	1
problem	1
pristine	1
primaeval	1
pride	1
preyed	1
present	1
prepare	1
prayers	1
pray	1
pours	1
potent	1
possess	1
ports	1
portray	1
porticoes	1
portentous	1
porch	1
pomp	1
polar	1
poet	1
pny»	1
plus	1
plunged	1
plunge	1
plunder	1
plenteous	1
pleasures	1
pleads	1
playful	1
play	1
plastic	1
plant	1
plank	1
plague	1
pitd	1
pire	1
pipe	1
pillow	1
pillars	1
pilgrim	1
pigmy	1
pierce	1
phrensied	1
phrase	1
philosophic	1
phidias	1
phantom	1
pestiferous	1
perverseness	1
pervades	1
pervade	1
persuasive	1
persuasion	1
perspective	1
persian	1
persia	1
perseus	1
perplexed	1
pericles	1
perhaps	1
perennial	1
perch	1
perceived	1
peopled	1
pensive	1
pegasus	1
peers	1
pearly	1
pay	1
pavilioned	1
pause	1
paul	1
patriots	1
path	1
pastoral	1
past	1
passive	1
passion	1
passing	1
passed	1
partial	1
parthenon	1
paros	1
parnes	1
parnassus	1
paridrotis	1
parian	1
paragons	1
paradise	1
panting	1
panoply	1
panhellenian	1
pangs	1
pang	1
panbcoon	1
palters	1
palsy	1
pales	1
paint	1
pain	1
paid	1
pacific	1
p	1
owe	1
overshadowing	1
overshadowed	1
overlook	1
ought	1
ou	1
others	1
other	1
ore	1
ordains	1
orbs	1
orb	1
orator	1
oppressors	1
oppressing	1
oppressed	1
opening	1
open	1
oped	1
ominous	1
olympus	1
olympian	1
old	1
ofhtwoaw	1
ofair	1
odorous	1
obtrusive	1
obtrudes	1
obtain	1
obstreperous	1
observe	1
oaten	1
o'ertakes	1
o'ershaded	1
o'erherfoes	1
nurtured	1
nursed	1
nurse	1
nuptial	1
numerous	1
notes	1
nook	1
noise	1
nobler	1
noble	1
nightly	1
nightlong	1
nigh	1
nestles	1
nerveless	1
neptune	1
neophyte	1
neighbouring	1
nectared	1
necessity	1
nearer	1
naxos	1
navies	1
natural	1
names	1
naiads	1
naiad	1
mysterious	1
myriads	1
mute	1
muses	1
musaeus	1
murmurings	1
murmuring	1
murmur	1
murderers	1
multitudes	1
multitude	1
moving	1
mourns	1
mourn	1
mould	1
mothers	1
moslem	1
mortars	1
mortal	1
morning	1
mora	1
monuments	1
monument	1
mong	1
monde	1
moments	1
mole	1
moist	1
modish	1
modern	1
modelled	1
mockery	1
mix	1
mists	1
mistress	1
mischance	1
mirth	1
minnow	1
mingled	1
mine	1
milton	1
miltiades	1
mild	1
miictly	1
midland	1
mexic	1
messenger	1
meretricious	1
mercy	1
mercury	1
mercurial	1
mention	1
mental	1
menace	1
mellifluous	1
meets	1
medusa	1
measures	1
meantime	1
meander	1
mb	1
matters	1
matin	1
masts	1
master	1
marvellous	1
marvel	1
martial	1
mars	1
margin	1
marge	1
marathonia	1
marathon	1
manly	1
manlier	1
mankind	1
manhood	1
mama	1
malignant	1
malice	1
make	1
maia	1
madness	1
mad	1
macedon	1
lyres	1
lydia	1
luxury	1
luxurious	1
luscious	1
lurk	1
lured	1
lulled	1
loves	1
lovers	1
loveliness	1
lovelier	1
lov'dst	1
loss	1
loosed	1
loose	1
longitude	1
longer	1
loftier	1
locks	1
loading	1
llissus	1
livelong	1
livelier	1
listening	1
list	1
lion	1
linger	1
lined	1
lightning	1
lift	1
lie	1
leviathan	1
level	1
leuctra	1
lest	1
lengthening	1
length	1
lend	1
led	1
leaving	1
leaves	1
leave	1
least	1
learn	1
le	1
laved	1
laurels	1
laurelled	1
launched	1
laugh	1
latona	1
latest	1
later	1
lasting	1
lashed	1
landscape	1
lamp	1
lamented	1
lament	1
lambent	1
laid	1
lacerate	1
labyrinth	1
labouring	1
knows	1
known	1
knew	1
knees	1
kissed	1
kindred	1
kind	1
kill	1
kile	1
ken	1
keen	1
juice	1
joyless	1
jojs	1
jes\m	1
java	1
j've	1
j	1
itself	1
ithuriel	1
irradiates	1
ios	1
ionian	1
inward	1
involved	1
invoked	1
invoke	1
invocation	1
invite	1
inveterate	1
invent	1
inveighs	1
interrupt	1
intermixed	1
intermingled	1
interminable	1
intenser	1
insidious	1
inquisition	1
innocent	1
ingratitude	1
infuse	1
influences	1
influence	1
infixed	1
infidel	1
infectious	1
infatuated	1
inert	1
indissolubly	1
ind	1
incumbent	1
incredible	1
increasing	1
incensed	1
imprisoned	1
impotent	1
imperfect	1
impel	1
impart	1
immortality	1
imbued	1
image	1
illusion	1
ills	1
ilion	1
ike	1
ignorant	1
ignominious	1
ignoble	1
iegsean	1
iegaleos	1
iegaean	1
ideal	1
idea	1
icy	1
ia	1
hymen	1
hushed	1
hurrying	1
hurled	1
hunger	1
hung	1
humbled	1
hum	1
hts	1
hovers	1
hovering	1
horror	1
hordes	1
horde	1
hopes	1
hopeless	1
honour	1
honeyed	1
homer	1
home	1
holy	1
historic	1
higher	1
hideous	1
hidden	1
herself	1
heroic	1
heroes	1
herds	1
helpless	1
hell	1
helicon	1
heir	1
heeds	1
hector	1
hebe	1
heat	1
hearse	1
heardst	1
headlong	1
havoc	1
hath	1
hate	1
hasten	1
harold	1
harmless	1
harm	1
hark	1
hardy	1
hardier	1
hardened	1
hard	1
harbinger	1
happier	1
haply	1
handmaids	1
hammer	1
hamlet	1
halo	1
halirrhotius	1
hair	1
hah	1
hadst	1
ha	1
h	1
gush	1
gulfs	1
gulf	1
guise	1
guest	1
guerdon	1
groaned	1
groan	1
grim	1
green	1
greek	1
graze	1
gratitude	1
grassy	1
grasp	1
grappling	1
grape	1
grain	1
gould	1
goths	1
gorge	1
gore	1
glows	1
glowing	1
glory	1
glitter	1
glides	1
gladsome	1
gift	1
giants	1
giant	1
gentiles	1
gem	1
gazing	1
gave	1
gaunt	1
gaul	1
gathered	1
gather	1
gates	1
gallia	1
gainst	1
furious	1
funereal	1
fulmin'd	1
fruit	1
frowns	1
frowning	1
frost	1
frolic	1
fro	1
frisbie	1
frigate	1
frieze	1
frenzy	1
french	1
freighted	1
freight	1
freemen	1
freedom	1
fray	1
frail	1
fragments	1
fragile	1
founts	1
founded	1
foundation	1
fought	1
forward	1
fortunes	1
fortunate	1
forth	1
forsooth	1
formed	1
forgotten	1
forgetting	1
forest	1
foreign	1
forced	1
footed	1
foolish	1
fooled	1
fool	1
follows	1
following	1
fly	1
flushed	1
flowing	1
flower	1
flowed	1
florellos	1
flocks	1
flock	1
floating	1
float	1
flesh	1
fleet	1
flee	1
flashed	1
flames	1
flame	1
flag	1
firing	1
fire	1
finding	1
fills	1
fight	1
fig	1
fierce	1
fiends	1
fiend	1
fiction	1
festoon'd	1
fervid	1
fervent	1
fellows	1
felicity	1
feeling	1
feejs	1
feed	1
feeble	1
feats	1
feathered	1
feasting	1
feast	1
fearful	1
fawns	1
favyite	1
fathom	1
fathers	1
fated	1
fanes	1
fan	1
famished	1
falls	1
faithless	1
faith	1
faintness	1
fade	1
fabled	1
fable	1
exulting	1
exuberant	1
extent	1
extend	1
exposed	1
expiring	1
expires	1
expelled	1
expectation	1
expanse	1
expands	1
expand	1
exiled	1
exhale	1
exert	1
exclaim	1
exchange	1
except	1
exalt	1
everything	1
evaporates	1
evanish'd	1
evanescent	1
euripides	1
eugenic	1
eternal	1
etc	1
et	1
established	1
est	1
espace	1
escapes	1
erst	1
erratic	1
erin	1
erects	1
erebus	1
equal	1
epitome	1
epitaph	1
epicurean	1
eogenio	1
enwraps	1
envious	1
envied	1
entranced	1
enthroned	1
enter'dst	1
enter	1
ensues	1
engulfed	1
engaged	1
endure	1
end	1
encounter	1
enchantress	1
enchantment	1
enchanter	1
enchanted	1
empurpling	1
empire	1
emphatic	1
eminence	1
emerald	1
embowered	1
emanates	1
eluding	1
elude	1
eloquent	1
eloquence	1
elle	1
elevate	1
elements	1
element	1
elated	1
elate	1
elapsed	1
egypt	1
eftus'd	1
effulgence	1
effort	1
effluence	1
ee	1
educe	1
eden	1
ecstatic	1
echoing	1
echoes	1
echo	1
earthly	1
ears	1
earliest	1
each	1
dying	1
dye	1
dwelling	1
dwelled	1
dun	1
dull	1
drossy	1
drooping	1
driven	1
drive	1
drinks	1
drench	1
drear	1
drawn	1
doubly	1
double	1
doth	1
doom	1
divulge	1
divinely	1
diverging	1
disturb	1
dissus	1
disports	1
dispensing	1
disparted	1
disenchants	1
dipped	1
din	1
dimmed	1
dimly	1
dilates	1
dilate	1
dignity	1
diffuse	1
dexterous	1
dews	1
devoted	1
detect	1
detained	1
destruction	1
destroys	1
destroyer	1
destroyed	1
destinies	1
destined	1
destin	1
despoiled	1
desolate	1
deserted	1
desert	1
descried	1
descends	1
descending	1
descend	1
derived	1
depths	1
depressed	1
deprecates	1
deplored	1
depictur'd	1
denizens	1
denies	1
demoniac	1
democracy	1
demand	1
delos	1
delighted'st	1
deities	1
deigned	1
deferred	1
defender	1
defended	1
defeat	1
deepening	1
deems	1
deem	1
deeds	1
deed	1
declivous	1
deck	1
decay	1
dearer	1
de	1
dcfy'd	1
dawn	1
daughter	1
dastards	1
dashed	1
darkness	1
darkly	1
darkling	1
danger	1
dancing	1
dance	1
damps	1
d	1
cypress	1
cynic	1
cyclades	1
customed	1
curious	1
cunaxa	1
cumbrous	1
cumbered	1
culpd	1
crushm	1
cruelty	1
cruel	1
crowns	1
crowd	1
cross	1
crisped	1
cretan	1
crescent	1
craves	1
crash	1
coy	1
cowering	1
coward	1
covering	1
covered	1
country	1
count	1
couldst	1
could'st	1
couch	1
cottages	1
cot	1
costliest	1
cost	1
cos	1
corrode	1
coronets	1
corinth	1
cordage	1
coral	1
conveys	1
converse	1
contrived	1
contrite	1
contrast	1
continuous	1
contemplative	1
contagion	1
consummate	1
consume	1
constant	1
constancy	1
consents	1
conjoined	1
conic	1
congregated	1
confounded	1
confined	1
conduct	1
conclave	1
compensate	1
compassion	1
comparm	1
companions	1
commotion	1
commingled	1
commerce	1
coming	1
comes	1
combined	1
columns	1
collision	1
collapse	1
colder	1
coast	1
cloudy	1
cloudless	1
closed	1
close	1
climb	1
cliff	1
cleared	1
clear	1
clasps	1
claim	1
clad	1
cjthfr*	1
city	1
citron	1
cithaeron	1
citadel	1
ciaon■	1
christian	1
choses	1
chosen	1
choice	1
chiselled	1
chill	1
childe	1
child	1
cheered	1
cheer	1
cheeks	1
checked	1
chatham	1
chase	1
charmer	1
charm	1
change	1
chains	1
certainty	1
ceres	1
cephissus	1
centuries	1
celestial	1
cecropia	1
ce	1
caverned	1
caused	1
caught	1
catch	1
castalie	1
cast	1
cartoon	1
career	1
capes	1
cane	1
calauria	1
byron'i	1
burrow'd	1
burnt	1
burn	1
buoyant	1
bun	1
bulk	1
bu	1
brown	1
brother	1
brooding	1
brood	1
broad	1
briny	1
brings	1
brinded	1
brilessus	1
brightness	1
breathe	1
breadth	1
brave	1
brain	1
braid	1
bower	1
bow	1
bounds	1
bounding	1
boots	1
bootless	1
boon	1
boldly	1
body	1
boats	1
boasted	1
boast	1
boar	1
blushing	1
blushes	1
blush	1
blow	1
bloody	1
blocks	1
blind	1
blessing	1
bless	1
blaze	1
blasted	1
blanched	1
blackest	1
blackened	1
black	1
biuds	1
birthright	1
binds	1
bids	1
better	1
bestow	1
bespeaks	1
bereft	1
bent	1
beneficent	1
bending	1
bend	1
belongs	1
belles	1
belief	1
beholds	1
behind	1
beheld	1
begins	1
beetling	1
bee	1
beds	1
bed	1
beckonest	1
beckon	1
became	1
beattie	1
beats	1
beat	1
bears	1
bearing	1
beaming	1
beach	1
bays	1
bat	1
basks	1
bashful	1
baser	1
barren	1
bards	1
bard	1
barbarous	1
banner	1
bands	1
baltic	1
balm	1
bade	1
backward	1
back	1
azure	1
axe	1
awokr	1
awes	1
awe	1
awaking	1
awaj	1
avows	1
avail	1
autumn	1
aud	1
attunes	1
attica	1
attend	1
attempt	1
atrophy	1
ate	1
astonished	1
associate	1
assisted	1
assembly	1
assembled	1
assaipd	1
assail	1
aspiring	1
asian	1
ascends	1
ascending	1
ascend	1
arrow	1
arrived	1
arose	1
armour	1
arm	1
arion	1
arid	1
argos	1
areopagus	1
areopagites	1
architrave	1
archetypes	1
arbitress	1
araby	1
april	1
approving	1
applause	1
appetites	1
appears	1
appalled	1
apostle	1
apart	1
antler'd	1
antipodes	1
annual	1
animate	1
angry	1
ancient	1
anchored	1
anchesmus	1
amplitude	1
ampler	1
amaranthine	1
amaranth	1
am	1
always	1
altitude	1
aloud	1
allient	1
allay	1
alights	1
alighting	1
alcibiades	1
albion	1
aits	1
airy	1
ages	1
agency	1
african	1
afric	1
affright	1
affiane'd	1
affections	1
afar	1
aery	1
advocate	1
advance	1
adorns	1
adolescence	1
adjudge	1
adhere	1
address	1
adamant	1
actseon	1
act	1
acropolis	1
ache	1
accused	1
acclaim	1
academus	1
abused	1
absence	1
abrupt	1
abroad	1
abodes	1
abode	1
abject	1
abhorrent	1
abhorred	1
abashed	1
?'	1
>	1
<ncte4	1
<	1
.'"	1
.'	1
!'	1
!"	1
