the	13448
,	9906
and	9232
of	5162
:	1718
;	1701
in	1657
to	1618
that	1450
a	1437
he	1415
his	1298
.	1255
"	1228
for	1168
i	1094
but	1093
is	1050
as	958
they	953
on	933
|'s|	825
was	799
her	781
she	751
thou	729
shall	725
with	724
then	723
it	684
from	603
my	600
their	582
king	581
thy	544
be	541
all	522
sigurd	514
."	484
heart	470
so	461
men	429
there	425
by	425
no	424
when	412
are	410
over	405
?	404
him	395
!	382
were	373
now	365
said	355
day	355
have	353
'	334
folk	332
o	313
days	312
hand	308
nor	300
not	298
thee	295
yet	286
man	284
hall	274
me	270
kings	263
[	263
gold	259
spake	256
them	254
world	253
niblungs	252
sword	247
how	247
at	245
war	244
hath	243
earth	241
come	240
or	234
gunnar	231
fair	224
face	224
till	223
may	222
mighty	219
its	214
eyes	213
up	209
long	209
house	209
great	207
word	206
forth	206
what	204
we	201
this	201
nought	201
love	201
gods	200
niblung	197
had	194
wise	190
volsung	189
atli	186
before	183
ye	182
will	182
sigmund	182
night	181
through	180
down	177
brynhild	176
lo	175
again	175
deeds	174
came	174
who	170
sun	169
thine	167
sea	166
life	166
high	166
people	165
if	165
might	164
our	162
death	162
battle	160
out	159
many	156
where	154
more	154
while	153
gudrun	150
golden	149
went	148
land	148
hope	147
glory	146
ancient	144
one	143
even	140
—	138
words	138
though	136
little	136
god	134
dead	132
would	131
son	131
tell	130
stood	130
tale	129
looked	128
voice	126
do	126
shalt	125
see	124
queen	124
last	124
well	122
white	119
light	118
cried	118
should	116
know	116
wind	114
?"	113
go	112
lay	111
hogni	111
never	110
about	109
wood	107
deed	107
knew	105
alone	105
mid	103
look	103
hearts	103
hands	103
things	102
told	99
glorious	99
ere	98
feet	97
sons	96
lord	95
hast	95
good	95
fear	95
away	94
than	93
wrought	92
summer	91
fire	90
brother	90
an	90
yea	89
back	89
wrath	87
turned	87
cast	87
speech	86
set	86
mine	86
lest	86
wall	85
odin	85
ever	85
bright	85
woman	84
home	84
grey	84
first	84
father	84
born	84
tide	83
glad	83
upon	82
unto	82
side	82
saw	82
saith	82
old	82
head	82
rose	81
sweet	80
heard	80
none	79
joy	79
fell	79
done	79
ride	78
lie	78
wilt	77
door	77
answered	77
ways	76
such	76
oft	76
fame	76
women	75
those	75
sorrow	75
place	75
once	75
art	75
siggeir	74
sat	74
peace	74
full	74
cry	74
best	74
am	74
regin	73
like	73
bear	73
woe	72
seat	72
praise	72
morning	72
let	72
kind	72
did	72
behold	72
these	71
hearken	71
feast	71
red	70
signy	69
giuki	69
evil	69
dwelling	69
wife	68
save	68
name	68
heavens	68
grew	68
each	68
bed	68
amidst	68
wide	67
laughed	67
fashioned	67
been	67
moon	66
lips	66
kin	66
desire	66
twain	65
song	65
must	65
earls	65
blood	65
wisdom	64
here	64
give	64
dark	64
burg	64
mountains	63
merry	63
fall	63
end	63
die	63
cold	63
soul	62
mother	62
master	62
fain	62
doth	62
child	62
way	61
still	61
live	61
left	61
!"	61
say	60
wend	59
seen	59
goth	59
wrong	58
work	58
within	58
thought	58
rings	58
drew	58
volsungs	57
us	57
treasure	57
round	57
morn	57
flood	57
far	57
cup	57
worth	56
weary	56
meet	56
brethren	56
wild	55
sit	55
norns	55
into	55
cloudy	55
abide	55
time	54
therein	54
shield	54
laid	54
flame	54
field	54
deemed	54
children	54
your	53
win	53
together	53
speak	53
roof	53
hour	53
glittering	53
gear	53
take	52
river	52
nay	52
grimhild	52
beneath	52
wine	51
thing	51
soft	51
pass	51
heavy	51
gave	51
desert	51
amid	51
swords	50
greyfell	50
floor	50
fathers	50
very	49
sound	49
raiment	49
hear	49
exceeding	49
departed	49
chamber	49
sinfiotli	48
other	48
need	48
lords	48
deem	48
dawning	48
sleep	47
silent	47
nothing	47
grown	47
gathered	47
comes	47
took	46
lovely	46
indeed	46
heaven	46
harp	46
goes	46
dwarf	46
wonder	45
without	45
waxen	45
sore	45
ring	45
green	45
gift	45
coming	45
change	45
why	44
wan	44
stand	44
blue	44
won	43
winter	43
lies	43
grief	43
goodly	43
earl	43
•	42
seemed	42
made	42
hearkened	42
gate	42
eastland	42
aloft	42
sister	41
rest	41
murder	41
most	41
hail	41
grow	41
gifts	41
curse	41
cloud	41
bore	41
twixt	40
slain	40
shone	40
heath	40
daughter	40
cometh	40
above	40
aback	40
ran	39
helm	39
edges	39
body	39
beheld	39
toil	38
since	38
ruddy	38
ocean	38
mountain	38
lieth	38
fare	38
doom	38
dawn	38
bid	38
water	37
waste	37
tree	37
today	37
tidings	37
swift	37
loved	37
kindred	37
host	37
hold	37
guile	37
foe	37
elf	37
earthly	37
dear	37
young	36
strong	36
right	36
pride	36
passed	36
neath	36
knoweth	36
eve	36
arise	36
turn	35
rode	35
hidden	35
crown	35
clad	35
breast	35
|arabic1digit|	34
wrack	34
wouldst	34
warriors	34
troth	34
thrust	34
strange	34
smote	34
pale	34
gone	34
fate	34
dight	34
better	34
awake	34
anigh	34
after	34
sitteth	33
shame	33
serpent	33
season	33
maidens	33
happy	33
fafnir	33
empty	33
branstock	33
walls	32
steel	32
some	32
met	32
living	32
lives	32
ill	32
help	32
hard	32
guttorm	32
fail	32
called	32
blade	32
bitter	32
beside	32
beloved	32
behind	32
thereof	31
strife	31
space	31
shields	31
new	31
mouth	31
morrow	31
looks	31
leave	31
kingly	31
hung	31
gain	31
dwell	31
dream	31
bare	31
against	31
aforetime	31
years	30
waters	30
threshold	30
smitten	30
nigh	30
hate	30
gazed	30
forest	30
fashion	30
dread	30
cries	30
craft	30
brought	30
birth	30
betwixt	30
arose	30
you	29
whom	29
whiles	29
too	29
strings	29
silence	29
make	29
lymdale	29
longing	29
leapt	29
latter	29
labour	29
kissed	29
increase	29
horse	29
east	29
eager	29
dusk	29
drank	29
dim	29
clear	29
uttermost	28
sits	28
seek	28
seed	28
plain	28
horn	28
helper	28
gleaming	28
gather	28
find	28
draw	28
blind	28
bide	28
bale	28
bade	28
apart	28
any	28
abode	28
wolf	27
visage	27
two	27
thus	27
stirred	27
sooth	27
smite	27
scarce	27
road	27
noble	27
measureless	27
mayest	27
goeth	27
forgotten	27
foes	27
died	27
builded	27
vain	26
steed	26
stands	26
spear	26
slumber	26
rejoice	26
rang	26
off	26
noon	26
hushed	26
huge	26
gripir	26
fled	26
few	26
drink	26
dreams	26
blossom	26
arms	26
another	26
abroad	26
think	25
spring	25
spoken	25
sees	25
sake	25
past	25
midmost	25
masters	25
edge	25
brow	25
beast	25
armed	25
across	25
winds	24
thicket	24
stars	24
shielded	24
purple	24
open	24
mingled	24
low	24
held	24
heed	24
has	24
clouds	24
changed	24
burden	24
built	24
bower	24
boughs	24
bidding	24
worse	23
woodland	23
wolves	23
wert	23
wed	23
smile	23
slay	23
seeth	23
sang	23
rent	23
remember	23
moved	23
midst	23
loki	23
hosts	23
glee	23
gleam	23
fateful	23
drift	23
call	23
breath	23
belike	23
aught	23
ah	23
wot	22
waxed	22
three	22
tales	22
stroke	22
stranger	22
strand	22
sky	22
shine	22
maid	22
joyance	22
garden	22
feared	22
faint	22
eyen	22
every	22
darkness	22
bosom	22
bliss	22
youth	21
wealth	21
wail	21
throne	21
surely	21
strive	21
sing	21
mirk	21
meadows	21
lived	21
laughter	21
isle	21
image	21
hither	21
hid	21
harvest	21
goths	21
got	21
forlorn	21
fellow	21
deep	21
cunning	21
close	21
broken	21
afar	21
whit	20
wedded	20
under	20
thereon	20
tarry	20
stayed	20
silver	20
rock	20
quoth	20
ones	20
noontide	20
mightiest	20
looketh	20
knees	20
hiordis	20
hide	20
grows	20
grass	20
gotten	20
garth	20
fierce	20
fallen	20
ending	20
doorway	20
bane	20
answer	20
anger	20
yoke	19
whose	19
wedding	19
waves	19
thrall	19
story	19
stone	19
spread	19
spears	19
speaketh	19
shrank	19
rideth	19
net	19
midnight	19
lonely	19
least	19
laugh	19
lack	19
joyous	19
hoard	19
fresh	19
forsooth	19
fast	19
eyed	19
dreadful	19
deal	19
daylight	19
cherished	19
bring	19
black	19
awful	19
around	19
aloud	19
.'	19
wept	18
wendeth	18
wended	18
wain	18
spent	18
smiled	18
slaying	18
show	18
renown	18
rejoicing	18
rain	18
queens	18
maiden	18
longed	18
lit	18
linen	18
knows	18
houses	18
hindfell	18
grave	18
friend	18
foster	18
foemen	18
flames	18
dwellings	18
dwelled	18
dust	18
durst	18
doors	18
depart	18
city	18
cherish	18
bonds	18
blent	18
beasts	18
beareth	18
andvari	18
accomplished	18
weal	17
turns	17
trouble	17
toward	17
storm	17
snare	17
slept	17
short	17
ships	17
ruth	17
riseth	17
rise	17
reidmar	17
own	17
much	17
mirth	17
leaves	17
learned	17
lands	17
honour	17
holy	17
hearth	17
fruit	17
found	17
enough	17
eagles	17
draweth	17
clash	17
blossoms	17
beginning	17
abiding	17
abideth	17
worn	16
whence	16
wavering	16
warrior	16
triumphant	16
tomorrow	16
token	16
thither	16
therewith	16
terror	16
swear	16
strode	16
semblance	16
scorn	16
saddle	16
run	16
ready	16
plenteous	16
part	16
oath	16
oak	16
near	16
mock	16
led	16
leap	16
lea	16
journey	16
iron	16
heeded	16
hangings	16
hallowed	16
half	16
hair	16
guest	16
greater	16
glimmering	16
gleamed	16
further	16
free	16
elder	16
dusky	16
deer	16
deadly	16
crowned	16
chill	16
both	16
blossomed	16
bind	16
backward	16
anear	16
woven	15
west	15
wave	15
wakened	15
wake	15
upward	15
tongue	15
thralls	15
thereto	15
sure	15
shapen	15
seeming	15
seem	15
rides	15
remembrance	15
mound	15
meseems	15
meseemeth	15
loud	15
load	15
known	15
hush	15
heimir	15
guileful	15
greeting	15
greedy	15
friends	15
failed	15
doubt	15
desired	15
departing	15
deems	15
deedless	15
bound	15
blast	15
beyond	15
begun	15
because	15
awhile	15
agone	15
wives	14
wet	14
undo	14
twilight	14
trembled	14
thence	14
ten	14
tangled	14
strove	14
stay	14
speed	14
speaks	14
sought	14
soon	14
shout	14
shining	14
sharp	14
shape	14
sank	14
raised	14
marvel	14
lowly	14
loving	14
latest	14
knefrud	14
hilts	14
hearted	14
hauberk	14
given	14
gathering	14
follow	14
fight	14
fared	14
faces	14
faced	14
else	14
dale	14
burned	14
board	14
ask	14
aside	14
array	14
anguish	14
aloof	14
air	14
ago	14
acres	14
year	13
worm	13
womb	13
wings	13
welcome	13
wear	13
wandering	13
uprising	13
twas	13
torch	13
thin	13
taketh	13
swore	13
swept	13
stir	13
sprang	13
sped	13
slow	13
shook	13
ship	13
sheath	13
seems	13
realm	13
prey	13
pray	13
point	13
perish	13
naked	13
lifted	13
hereafter	13
halls	13
grim	13
get	13
forget	13
fares	13
dull	13
drive	13
dreamed	13
dost	13
crieth	13
country	13
carven	13
blades	13
bent	13
ariseth	13
alive	13
acre	13
wroth	12
wondrous	12
which	12
whetted	12
wherein	12
wait	12
uprose	12
unborn	12
tells	12
taught	12
sunlight	12
sunder	12
stark	12
smooth	12
smithying	12
slew	12
sign	12
shore	12
shines	12
shards	12
sayest	12
rolled	12
rim	12
remembered	12
play	12
perished	12
pavement	12
path	12
needs	12
mead	12
matter	12
marvellous	12
mail	12
loose	12
lone	12
leaps	12
late	12
guarded	12
groweth	12
ground	12
flowery	12
flickering	12
fearful	12
farewell	12
falls	12
dwarfs	12
dukes	12
clothes	12
caught	12
began	12
beat	12
anew	12
among	12
alow	12
allfather	12
yore	11
worst	11
worser	11
wont	11
withal	11
whereof	11
weep	11
weak	11
uplifted	11
true	11
trod	11
torches	11
topmost	11
tonight	11
toiled	11
tangle	11
steeds	11
stall	11
sprung	11
somewhat	11
sitting	11
singing	11
sheep	11
sheathed	11
sail	11
rich	11
put	11
poured	11
nook	11
liar	11
learn	11
keep	11
higher	11
henceforward	11
hell	11
heap	11
harness	11
gaze	11
fulfil	11
fowl	11
fool	11
fields	11
felt	11
endure	11
delight	11
dearth	11
crave	11
conquered	11
casteth	11
care	11
bold	11
blow	11
blessed	11
befall	11
beams	11
aweing	11
autumn	11
afraid	11
yellow	10
woke	10
wasted	10
warders	10
victory	10
venom	10
utmost	10
unseen	10
tis	10
thunder	10
thinks	10
tears	10
teach	10
sworn	10
sunlit	10
sung	10
stream	10
store	10
southland	10
smiling	10
sleeping	10
slaked	10
shoulder	10
ridge	10
repent	10
rampart	10
race	10
queenly	10
pondered	10
pity	10
pit	10
perchance	10
newborn	10
names	10
moment	10
mind	10
maybe	10
loveth	10
lore	10
less	10
kingdoms	10
kingdom	10
kindness	10
kept	10
hours	10
hill	10
highway	10
herein	10
heedeth	10
heavenly	10
heads	10
hangs	10
grieve	10
girded	10
gates	10
fruitful	10
foot	10
fond	10
flashed	10
fish	10
fine	10
fallow	10
fairest	10
eyeless	10
either	10
driven	10
doomed	10
dealt	10
daughters	10
counsel	10
council	10
company	10
clashed	10
borghild	10
bodies	10
bloom	10
between	10
beseech	10
awoke	10
avail	10
|romannumeral|	9
wondered	9
woeful	9
windows	9
weeping	9
web	9
voices	9
upright	9
tremble	9
trees	9
tower	9
tokens	9
times	9
thank	9
sweetly	9
swan	9
stretch	9
steep	9
stead	9
stared	9
standeth	9
spoke	9
spoil	9
speaking	9
sounds	9
snow	9
slopes	9
showed	9
sent	9
send	9
sails	9
rule	9
riding	9
returning	9
remembereth	9
rejoiced	9
rein	9
ransom	9
raise	9
proud	9
promise	9
pain	9
outward	9
nurse	9
next	9
myself	9
mingle	9
meadow	9
matters	9
mastery	9
lyngi	9
longer	9
lealand	9
knowest	9
hot	9
height	9
heaps	9
hang	9
gainst	9
front	9
fought	9
forbear	9
flaw	9
finger	9
feeble	9
feasting	9
ears	9
early	9
cleft	9
clean	9
changing	9
cave	9
bride	9
brand	9
bones	9
blinded	9
biddeth	9
beholdeth	9
ash	9
amend	9
along	9
ages	9
|arabic2digit|	8
yearn	8
wound	8
woods	8
withstand	8
wit	8
windy	8
whither	8
wax	8
watched	8
watch	8
wallower	8
wakening	8
waken	8
waiting	8
waded	8
utter	8
turneth	8
trumpet	8
towers	8
tiller	8
throng	8
throat	8
tempest	8
sweetness	8
stripling	8
street	8
strangers	8
stony	8
stones	8
stem	8
steadfast	8
star	8
springtide	8
smith	8
small	8
slayer	8
singers	8
sight	8
shake	8
seas	8
sad	8
rue	8
roar	8
prayer	8
prayed	8
passing	8
parting	8
outer	8
oar	8
nowise	8
noise	8
nigher	8
move	8
mocking	8
meeting	8
marvelled	8
lying	8
locks	8
lily	8
lighted	8
lead	8
lad	8
laboured	8
knitted	8
knit	8
kingship	8
intent	8
inmost	8
hurrying	8
hurled	8
horses	8
horns	8
hollow	8
hinder	8
helping	8
helgi	8
hedge	8
hears	8
heaped	8
harps	8
guests	8
grace	8
gown	8
gleams	8
gazeth	8
forecourt	8
fore	8
fools	8
followed	8
folded	8
flesh	8
filled	8
fellows	8
fed	8
fated	8
faring	8
falcon	8
faithful	8
endureth	8
dreaming	8
drawing	8
drave	8
dragons	8
deeps	8
darkling	8
darkened	8
dales	8
craving	8
craved	8
cities	8
carles	8
buy	8
burn	8
brows	8
break	8
bread	8
brake	8
book	8
blessing	8
betide	8
begin	8
become	8
beaten	8
bears	8
beam	8
barren	8
bared	8
ashes	8
arrayed	8
abundant	8
abided	8
youngling	7
youngest	7
yester	7
wonders	7
wilderness	7
wheat	7
westland	7
wends	7
weight	7
weather	7
wandered	7
waking	7
wailing	7
upreared	7
upper	7
undark	7
twice	7
truth	7
treason	7
telling	7
talk	7
sweeps	7
stooped	7
south	7
souls	7
sorry	7
sings	7
sick	7
shepherds	7
shaping	7
shapes	7
seven	7
same	7
sailed	7
rims	7
ridden	7
repentance	7
reins	7
reap	7
rattling	7
rather	7
played	7
places	7
pillars	7
overcome	7
only	7
nursed	7
north	7
murmured	7
mocked	7
merchants	7
measure	7
marvels	7
maids	7
litten	7
lingered	7
lair	7
laden	7
kindly	7
island	7
homeward	7
hilt	7
hearkeneth	7
heareth	7
haste	7
hark	7
guise	7
greet	7
gloom	7
glimmer	7
glaive	7
giveth	7
gay	7
garnered	7
gainsay	7
fulfilment	7
fulfilled	7
fostered	7
forge	7
forgat	7
fold	7
foeman	7
foam	7
flush	7
flew	7
fill	7
fashioning	7
falleth	7
fails	7
fade	7
eylimi	7
errand	7
dying	7
doubtful	7
din	7
dies	7
dew	7
deserted	7
dealings	7
dared	7
content	7
climb	7
chambers	7
carle	7
bridge	7
brass	7
boy	7
bought	7
blossoming	7
blooming	7
blew	7
bless	7
blaze	7
below	7
beholding	7
begotten	7
baldur	7
arisen	7
afield	7
acold	7
accursed	7
abiders	7
abider	7
!'	7
yield	6
written	6
wrathful	6
wore	6
witch	6
wildfire	6
wherewith	6
wherefore	6
weed	6
wearing	6
wearied	6
waxeth	6
waver	6
wander	6
wains	6
valiant	6
upriseth	6
unwitting	6
unheard	6
tomorn	6
toils	6
threat	6
thora	6
third	6
thereafter	6
tarried	6
tall	6
taken	6
sunshine	6
sunny	6
sundered	6
strives	6
stricken	6
stretched	6
straw	6
straight	6
storehouse	6
stithy	6
staff	6
spilled	6
spell	6
songs	6
something	6
softly	6
skirts	6
shift	6
sheared	6
shafts	6
shaft	6
setteth	6
serve	6
seldom	6
seemeth	6
saying	6
rushing	6
runs	6
rumour	6
refrain	6
reek	6
quickened	6
question	6
praising	6
pour	6
plighted	6
pleasure	6
pillared	6
pierced	6
peopled	6
pall	6
outworn	6
outlands	6
outland	6
otter	6
ordered	6
opened	6
onward	6
o'erhead	6
noted	6
note	6
neck	6
nameless	6
music	6
moreover	6
message	6
memory	6
meanwhile	6
main	6
lovest	6
longs	6
linger	6
lightning	6
lesser	6
lain	6
kindled	6
keen	6
joyful	6
increased	6
images	6
idle	6
husband	6
holpen	6
holds	6
hills	6
hereof	6
henceforth	6
helms	6
hearkens	6
handmaid	6
handled	6
hammer	6
haired	6
gudrod	6
growing	6
greed	6
goods	6
godlike	6
glittered	6
girth	6
freyia	6
fourth	6
forgetting	6
flee	6
fareth	6
faltered	6
falling	6
erst	6
ernes	6
erewhile	6
enter	6
elders	6
eastlands	6
earliest	6
earlier	6
dwells	6
due	6
drear	6
drawn	6
deeming	6
dealing	6
dastard	6
cut	6
crying	6
crag	6
cooking	6
cling	6
clave	6
cheek	6
changeless	6
champions	6
certain	6
candles	6
burning	6
building	6
bows	6
bow	6
bloodred	6
blend	6
birds	6
bideth	6
bidden	6
benches	6
beaker	6
banners	6
banner	6
axe	6
awakening	6
awakened	6
athwart	6
astir	6
arm	6
aright	6
april	6
anvil	6
afternoon	6
yestereven	5
wrapped	5
worship	5
wordless	5
wooing	5
wooeth	5
wooer	5
wolfish	5
woes	5
withhold	5
whereby	5
weaving	5
waving	5
walled	5
vengeance	5
uttered	5
uplift	5
unspoken	5
unmoved	5
unbidden	5
turmoil	5
tumult	5
trench	5
treasures	5
traitor	5
tossed	5
torn	5
tore	5
tooth	5
tinkling	5
timbers	5
thrones	5
thrice	5
thoughts	5
thereby	5
thanks	5
telleth	5
task	5
swordless	5
swirling	5
swiftly	5
swelled	5
swallowed	5
sunset	5
sundering	5
sunbeams	5
summers	5
stories	5
stirreth	5
stern	5
stepped	5
springs	5
spirit	5
spared	5
smithied	5
smites	5
sink	5
sigi	5
shouts	5
shouldst	5
shot	5
shineth	5
shifting	5
shepherd	5
sheaves	5
share	5
shaken	5
serving	5
seeketh	5
seaward	5
scatter	5
sayeth	5
rough	5
roll	5
roast	5
rippling	5
righteous	5
rider	5
rejoiceth	5
reft	5
reached	5
rafters	5
quarry	5
prevail	5
praiseth	5
praised	5
portion	5
poor	5
pool	5
pillar	5
pile	5
pay	5
overcomer	5
onset	5
oars	5
nether	5
narrow	5
mouths	5
mourn	5
mood	5
months	5
misty	5
meal	5
market	5
lust	5
lurk	5
loves	5
lost	5
loins	5
limbs	5
lift	5
leaned	5
lawn	5
laughs	5
lady	5
lacking	5
kiss	5
kine	5
infinite	5
hunger	5
homes	5
hollows	5
holdeth	5
hideth	5
hence	5
hearkening	5
heal	5
hatred	5
hapless	5
hap	5
hangeth	5
handed	5
hadst	5
guilt	5
greeted	5
greatest	5
grassy	5
goodwill	5
going	5
godhead	5
glowed	5
glimmers	5
glaumvor	5
glare	5
girt	5
giants	5
generations	5
garland	5
gable	5
frail	5
fosterling	5
forgetteth	5
foremost	5
ford	5
footsteps	5
flowers	5
flooded	5
flit	5
flecks	5
flare	5
fishers	5
fires	5
fingers	5
feastful	5
feareth	5
fearest	5
famous	5
fainted	5
faded	5
eye	5
exalted	5
envy	5
entered	5
ended	5
echoing	5
easy	5
dwelleth	5
dulled	5
duke	5
drunken	5
driveth	5
dreamy	5
draws	5
draught	5
downward	5
doing	5
dieth	5
devour	5
desires	5
deft	5
deemeth	5
dazed	5
damsels	5
cursed	5
crest	5
creeping	5
count	5
comfort	5
coat	5
cloudless	5
clamour	5
chooser	5
choose	5
cheer	5
charge	5
carry	5
can	5
bull	5
brushed	5
broke	5
broad	5
bringeth	5
brighter	5
brave	5
boding	5
blithe	5
blended	5
bids	5
biddest	5
beds	5
beauty	5
bearing	5
beakers	5
bank	5
band	5
baleful	5
asleep	5
asked	5
arising	5
apace	5
angry	5
amendeth	5
age	5
adder	5
yesterday	4
yellowing	4
yearned	4
wreathed	4
wotted	4
worms	4
worlds	4
worldly	4
wisest	4
window	4
wholly	4
whole	4
whispered	4
wheels	4
whatso	4
whatever	4
weltering	4
welter	4
welshland	4
wells	4
webs	4
weave	4
weaponed	4
waxing	4
wars	4
warning	4
warfare	4
warded	4
ward	4
wailed	4
wade	4
void	4
voiced	4
vision	4
venison	4
valour	4
valhall	4
untold	4
untimely	4
until	4
unshielded	4
unholpen	4
undone	4
undoing	4
understood	4
understand	4
trusty	4
troubled	4
trodden	4
triumph	4
trembling	4
towns	4
towered	4
tossing	4
toss	4
tongues	4
tinkle	4
thyself	4
thinketh	4
thieves	4
thick	4
themselves	4
teeth	4
tear	4
t	4
swing	4
sweep	4
swart	4
sward	4
swam	4
sunrise	4
sunless	4
suchlike	4
strike	4
strengthen	4
streak	4
strayed	4
strained	4
steady	4
stayeth	4
state	4
stare	4
springeth	4
spoils	4
speeds	4
speechless	4
speakest	4
sow	4
sole	4
snow-white	4
smoke	4
smiting	4
smit	4
smiles	4
sleepeth	4
slayeth	4
skin	4
sinks	4
singeth	4
simple	4
silken	4
sigh	4
sickness	4
sickened	4
shuttle	4
shrill	4
shown	4
shouting	4
short-lived	4
shed	4
shear	4
shaming	4
shadowless	4
shadow	4
sendeth	4
scored	4
scanty	4
scant	4
sand	4
sackless	4
rye	4
rush	4
ruin	4
reward	4
rerir	4
rents	4
rend	4
remembers	4
reared	4
reaping	4
reach	4
ravening	4
raven	4
rattled	4
rattle	4
quivering	4
quean	4
quaking	4
quake	4
porch	4
plough	4
plight	4
passeth	4
overmuch	4
order	4
often	4
o'erlong	4
neighed	4
needed	4
neat	4
murmuring	4
moveless	4
mourning	4
mothers	4
moonlit	4
month	4
moan	4
misery	4
minished	4
methought	4
merchant	4
meeteth	4
meat	4
mean	4
making	4
majesty	4
loth	4
loosened	4
loosen	4
loosed	4
loom	4
livest	4
lightly	4
lighteth	4
leaping	4
leadeth	4
laughing	4
laugheth	4
lamenting	4
lamentation	4
labouring	4
knife	4
kirtle	4
ivory	4
inner	4
hunting	4
hungry	4
huddled	4
howled	4
hopeless	4
holt	4
himself	4
highways	4
hewed	4
hero	4
herd	4
helpless	4
heaths	4
headed	4
hawthorn	4
hasteneth	4
hasten	4
harm	4
hardened	4
harden	4
hallow	4
hailed	4
grievous	4
grieved	4
greatness	4
glow	4
glitter	4
glass	4
gladness	4
gladdened	4
gladden	4
girdle	4
gird	4
giant	4
gems	4
gateway	4
gaping	4
gainsayeth	4
gained	4
frown	4
friendship	4
freed	4
frame	4
forsaken	4
forging	4
forges	4
forged	4
foreshore	4
forbid	4
folly	4
following	4
fly	4
floats	4
fearless	4
fashioners	4
escape	4
entering	4
ends	4
encompassed	4
eldest	4
eat	4
earthward	4
ear	4
dove	4
dooming	4
dominion	4
dogs	4
doeth	4
didst	4
despite	4
deliverer	4
darksome	4
dare	4
dance	4
cumbered	4
crystal	4
crouched	4
craveth	4
craftsmen	4
covered	4
cover	4
could	4
corn	4
contention	4
constraineth	4
confusion	4
confounded	4
compass	4
coils	4
coil	4
coal	4
clomb	4
cloak	4
chilly	4
chilled	4
chief	4
casts	4
careless	4
calm	4
calleth	4
burns	4
brown	4
brood	4
brightness	4
bridal	4
bowed	4
bolt	4
bode	4
blazed	4
blackness	4
bitterest	4
bill	4
bided	4
bickering	4
bera	4
beginneth	4
became	4
bearest	4
beaks	4
beacons	4
battles	4
baby	4
awaken	4
await	4
atwain	4
asking	4
ashore	4
ashen	4
amazed	4
aileth	4
afoot	4
abides	4
abased	4
-	4
*	4
"'	4
»	3
yonder	3
writ	3
wreath	3
wottest	3
works	3
wold	3
witless	3
withstandeth	3
wiser	3
winning	3
windless	3
winded	3
whitherward	3
whitened	3
whether	3
westward	3
weighty	3
weighed	3
weepest	3
wealthy	3
wasteth	3
wastes	3
wasters	3
wasteland	3
washed	3
wary	3
warm	3
warfaring	3
wards	3
warder	3
waning	3
waned	3
walked	3
wakeneth	3
waited	3
wails	3
wages	3
waft	3
vile	3
vex	3
utterly	3
used	3
upraised	3
upraise	3
upheaved	3
unwrought	3
unwedded	3
unstable	3
unrest	3
unmingled	3
unforgotten	3
undreamed	3
unchanging	3
unangry	3
unafraid	3
try	3
trust	3
troublous	3
triumphing	3
trembleth	3
tread	3
traitors	3
toy	3
toucheth	3
touched	3
tinkled	3
tilth	3
thronged	3
thorns	3
thor	3
thirst	3
thief	3
therefrom	3
therefore	3
thenceforward	3
tender	3
temples	3
swine	3
sweeping	3
swayed	3
sway	3
supplanters	3
struck	3
strokes	3
stride	3
strewn	3
strew	3
strength	3
streets	3
streams	3
streamed	3
streaks	3
strain	3
stormy	3
stored	3
stock	3
stirs	3
sting	3
stilled	3
steal	3
standing	3
stained	3
stable	3
spurs	3
springing	3
spoilers	3
sown	3
sower	3
southern	3
sorrows	3
sorrowed	3
sorely	3
songcraft	3
soever	3
smiteth	3
slumbered	3
slowly	3
slim	3
slender	3
sleeps	3
sleepless	3
slaughter	3
sinking	3
singer	3
sights	3
sighed	3
sides	3
shut	3
shrink	3
showeth	3
shorn	3
shores	3
shipmen	3
shipman	3
shipboard	3
shifts	3
sheen	3
shallows	3
shackles	3
servant	3
sends	3
seest	3
second	3
seasons	3
searched	3
search	3
scorched	3
scattered	3
scaled	3
scabbards	3
scabbard	3
sawest	3
salutation	3
sack	3
rust	3
rushed	3
runes	3
root	3
roofward	3
roofs	3
rod	3
roaring	3
rises	3
ripple	3
ridges	3
ridest	3
riches	3
rhyme	3
return	3
restless	3
resteth	3
renowned	3
rending	3
remembering	3
reddened	3
raiseth	3
quick	3
quaked	3
price	3
prevails	3
prevaileth	3
prayers	3
points	3
pledge	3
piled	3
picture	3
perilous	3
peoples	3
pearls	3
peaceful	3
painted	3
overwise	3
overlong	3
overcame	3
ordained	3
opens	3
odorous	3
o'ermuch	3
noblest	3
nights	3
newly	3
neither	3
nations	3
nameth	3
named	3
mused	3
murmur	3
moving	3
moveth	3
mouthed	3
moons	3
moonlight	3
moonless	3
mirrored	3
mirror	3
midworld	3
methinks	3
metal	3
meseemed	3
merrier	3
mere	3
meekly	3
meddle	3
measured	3
meaning	3
mate	3
masteries	3
mar	3
manhood	3
mane	3
lurking	3
loveliest	3
lovelier	3
lose	3
loathed	3
loaded	3
liveth	3
lip	3
lingering	3
lighter	3
level	3
leafy	3
leaf	3
lays	3
lark	3
laps	3
lap	3
lamp	3
lacketh	3
knowst	3
knowledge	3
kneaded	3
kisseth	3
kindreds	3
keel	3
june	3
jaws	3
innermost	3
ice	3
hurt	3
hunt	3
howl	3
houseless	3
hopes	3
hoofs	3
hood	3
holding	3
hoarded	3
ho	3
hindereth	3
hight	3
herself	3
herb	3
hem	3
heeds	3
healing	3
hawks	3
hated	3
hastened	3
hart	3
hardy	3
happed	3
gyves	3
gylfi	3
guileless	3
groves	3
groaned	3
gripped	3
griping	3
grip	3
grinded	3
grain	3
goodlihead	3
goddess	3
gnawed	3
glows	3
gleanings	3
glassy	3
giving	3
giver	3
girdeth	3
gilt	3
getteth	3
gem	3
geirmund	3
gazing	3
garths	3
garnering	3
garments	3
gan	3
gainsayed	3
furrows	3
freshness	3
fray	3
framing	3
framers	3
four	3
foul	3
fosterer	3
forward	3
force	3
foolish	3
folds	3
flows	3
flower	3
fleeing	3
flash	3
flank	3
flaming	3
fishy	3
firth	3
fettered	3
fervent	3
fells	3
feel	3
fears	3
fathomless	3
fates	3
farest	3
falter	3
false	3
fairer	3
fading	3
fadeth	3
fades	3
f	3
eyelids	3
evermore	3
evening	3
enwrapped	3
eastern	3
ease	3
duly	3
dry	3
drunk	3
drowned	3
drooping	3
driving	3
drinketh	3
drifted	3
dragged	3
dewy	3
destruction	3
desireth	3
departure	3
delivered	3
deliver	3
deftly	3
deathless	3
dancing	3
daisies	3
daisied	3
crowns	3
cross	3
creatures	3
crafty	3
cradle	3
courts	3
court	3
countries	3
cost	3
corpse	3
conquering	3
compeller	3
clustering	3
cloth	3
clink	3
cleaving	3
cleave	3
clatter	3
clashing	3
chase	3
chance	3
chair	3
cease	3
cause	3
carving	3
carried	3
careful	3
candle	3
bygone	3
bury	3
burnt	3
burgs	3
bulwark	3
build	3
brightened	3
breeding	3
bred	3
breathing	3
breathed	3
breaketh	3
branches	3
bowl	3
bough	3
bondsmen	3
bolster	3
bloometh	3
blindness	3
bird	3
biders	3
bettered	3
betrayed	3
betimes	3
beseeching	3
bench	3
begrudge	3
begat	3
beforehand	3
babe	3
axes	3
awakeneth	3
avenge	3
ate	3
asunder	3
astonied	3
assembled	3
armour	3
appointed	3
amongst	3
amended	3
alas	3
aid	3
agnar	3
adornment	3
adders	3
accomplish	3
aboard	3
abate	3
/	3
.'"	3
writhing	2
writhed	2
wrights	2
wreathe	2
wrap	2
wounds	2
wounded	2
wotteth	2
worsened	2
working	2
workday	2
wool	2
wooed	2
woodways	2
woodmen	2
woo	2
wolflings	2
withstood	2
winneth	2
willed	2
wilds	2
wight	2
widening	2
widened	2
wicket	2
whoso	2
whispering	2
whisper	2
whirls	2
whirling	2
wherever	2
wheeled	2
western	2
wending	2
welsh	2
welcoming	2
wedge	2
weddeth	2
wearier	2
weareth	2
wayside	2
wavy	2
waterside	2
watching	2
watchful	2
watchers	2
warp	2
warding	2
waketh	2
waked	2
waits	2
waiteth	2
wafter	2
wafted	2
wadeth	2
vine	2
victorious	2
verily	2
valkyrs	2
unwearied	2
untrodden	2
untormented	2
unstained	2
unsmitten	2
unshapen	2
unsay	2
unsaid	2
unrent	2
unquestioned	2
unpeopled	2
unpeace	2
unnamed	2
unlovely	2
unlearned	2
unknitted	2
unhoped	2
unfurrowed	2
unfashioned	2
unfamiliar	2
unfaltering	2
understanding	2
uncounted	2
unchanged	2
unbroken	2
unbloodied	2
unavenged	2
twofold	2
twinkling	2
twin	2
twigs	2
twere	2
tuns	2
tuneful	2
tumbled	2
tuggers	2
trow	2
trout	2
troubles	2
treasured	2
travailed	2
travail	2
trample	2
tramp	2
town	2
towering	2
torment	2
torchlight	2
tops	2
toiling	2
tjie	2
timely	2
tillage	2
throws	2
thrown	2
throughout	2
throats	2
threats	2
threaten	2
thousands	2
thorn	2
therewithal	2
thereunder	2
thereat	2
thaw	2
thanked	2
temple	2
teacheth	2
tarrying	2
targe	2
tame	2
talking	2
takes	2
tables	2
swollen	2
sweetest	2
sweat	2
swathes	2
swathe	2
swarm	2
swans	2
surged	2
sunken	2
sunk	2
sunderer	2
sudden	2
suchwise	2
stubborn	2
struggled	2
striped	2
strip	2
stringed	2
strideth	2
strides	2
stretcheth	2
strengthened	2
stray	2
stormed	2
stoops	2
stilling	2
stilleth	2
stick	2
step	2
stems	2
stealing	2
staying	2
stature	2
starry	2
starless	2
stares	2
stalwart	2
stair	2
spur	2
spun	2
spinneth	2
spin	2
spice	2
speedy	2
speedily	2
speedier	2
speeched	2
sparks	2
spark	2
spare	2
sowing	2
soweth	2
southlands	2
sounded	2
solar	2
softened	2
snarling	2
smoothed	2
sloth	2
slot	2
slips	2
slipped	2
sleight	2
sleeve	2
sleepers	2
slayers	2
slave	2
slaughtered	2
skirt	2
skill	2
skerry	2
six	2
sinketh	2
silk	2
sidelong	2
sickenest	2
shrunk	2
shroud	2
shrinketh	2
shrieked	2
shoulders	2
shipless	2
sheaf	2
shattering	2
shard	2
shapely	2
shaped	2
shameful	2
shadowy	2
shadows	2
seventh	2
settle	2
setting	2
sell	2
self	2
seer	2
scorneth	2
scoff	2
scarcely	2
sawed	2
sandy	2
salt	2
saddles	2
s	2
rung	2
rune	2
rout	2
room	2
rolls	2
rocks	2
roareth	2
roared	2
roan	2
roads	2
rivers	2
riven	2
risen	2
ridgy	2
restraineth	2
repented	2
rends	2
rendeth	2
regions	2
reel	2
reeds	2
redeeming	2
rede	2
reaps	2
reaper	2
reading	2
rapt	2
ranks	2
ramparts	2
ragged	2
rage	2
rafter	2
quiver	2
quiet	2
quickens	2
quicken	2
quenched	2
quench	2
prison	2
pressed	2
pound	2
pouch	2
posts	2
plunge	2
plucked	2
plenty	2
pleading	2
pitiless	2
pitched	2
piping	2
pine	2
pillow	2
peril	2
peerless	2
peer	2
pardon	2
paid	2
overworn	2
overthrow	2
overlate	2
overhung	2
overhead	2
overhanging	2
overbold	2
outmost	2
outcast	2
otherwise	2
orchard	2
openeth	2
oldest	2
oakwood	2
oaken	2
nurses	2
numberless	2
number	2
nowhere	2
nourish	2
nine	2
nightless	2
nest	2
nesses	2
ness	2
neighs	2
neigheth	2
neighbour	2
needle	2
nd	2
murmureth	2
murderous	2
murdered	2
mote	2
mortal	2
morns	2
miss	2
mirky	2
minstrelsy	2
minster	2
mingling	2
minded	2
mightier	2
meshes	2
mercy	2
maze	2
match	2
masts	2
march	2
marble	2
malice	2
maketh	2
makes	2
mad	2
lovers	2
loss	2
looking	2
lookest	2
lookedst	2
longeth	2
locked	2
loathe	2
listest	2
listed	2
list	2
lipped	2
lintel	2
lingers	2
limbed	2
lilies	2
lightened	2
lifts	2
liest	2
lied	2
lids	2
letters	2
lets	2
length	2
leek	2
leaved	2
leapeth	2
leaders	2
layst	2
layest	2
lapping	2
lapped	2
lane	2
landward	2
landing	2
lamps	2
lamented	2
knots	2
kneeleth	2
knee	2
kinsmen	2
keeping	2
keels	2
just	2
judges	2
joyed	2
joined	2
j	2
inward	2
instant	2
imaginings	2
hunthiof	2
hunters	2
hunter	2
hunding	2
humble	2
hue	2
hsenir	2
howso	2
howbeit	2
hound	2
horror	2
hopples	2
hoppled	2
hook	2
hoodwinked	2
hooded	2
homestead	2
hoisted	2
hoist	2
hindered	2
highest	2
hiding	2
hides	2
hew	2
herewith	2
herds	2
helpmate	2
helped	2
helmed	2
heirship	2
heedfully	2
heedest	2
hedges	2
hedged	2
heaveth	2
heave	2
hearths	2
hearest	2
health	2
healed	2
hazelled	2
hazel	2
hay	2
hawk	2
haunted	2
harsh	2
harnessed	2
haps	2
happiest	2
hale	2
haenir	2
habitation	2
gunthiof	2
gullrond	2
gulf	2
grudged	2
grimly	2
grieveth	2
greetings	2
greensward	2
greatly	2
graven	2
grant	2
grand	2
goodliness	2
goest	2
glories	2
glooming	2
gleameth	2
glance	2
glade	2
gilded	2
getting	2
generation	2
gazer	2
garner	2
gaped	2
gainsaid	2
gains	2
furrowed	2
furrow	2
furnace	2
fullness	2
fulfilleth	2
fruitless	2
frozen	2
frosty	2
frey	2
fretting	2
franklin	2
framer	2
framed	2
fox	2
forthright	2
forswear	2
forests	2
foredoomed	2
footed	2
foil	2
fluttering	2
flushed	2
flowed	2
flow	2
flock	2
flitting	2
fleeting	2
fleet	2
fleck	2
flakes	2
firm	2
finds	2
filleth	2
fifth	2
fetters	2
fetch	2
fenrir	2
fenced	2
fence	2
fellowship	2
feels	2
feeleth	2
feed	2
feathers	2
feasters	2
fat	2
farers	2
falters	2
faith	2
fairness	2
faileth	2
exultation	2
ewes	2
eves	2
enwrappeth	2
entrails	2
enfolded	2
enduring	2
endured	2
endlong	2
endless	2
eld	2
elbow	2
eight	2
eddy	2
eddies	2
echoes	2
eastward	2
easier	2
earned	2
e	2
dwellers	2
dusty	2
dusketh	2
dumb	2
drops	2
droopeth	2
drifting	2
dried	2
drenched	2
dreamtide	2
drained	2
downlong	2
doubteth	2
doings	2
dog	2
dish	2
dimmer	2
dimmed	2
dimly	2
dighteth	2
digged	2
devoured	2
depths	2
departeth	2
deliverance	2
delights	2
delaying	2
delay	2
deemest	2
deedful	2
deaths	2
dearest	2
dealeth	2
dayspring	2
dastards	2
das	2
darkening	2
daring	2
dapple	2
cursing	2
cups	2
cumbers	2
cumber	2
crossed	2
crooked	2
crispy	2
crests	2
crept	2
creep	2
creation	2
crane	2
crags	2
craftsmaster	2
cowered	2
covetous	2
courses	2
cot	2
corpses	2
cornerstone	2
cool	2
converse	2
constraining	2
considered	2
conquer	2
compelling	2
compassing	2
compassed	2
command	2
colours	2
coloured	2
collar	2
coast	2
clung	2
cloven	2
closes	2
closed	2
cloisters	2
clingeth	2
climbs	2
clenched	2
cleaves	2
clearly	2
clattered	2
clasped	2
clank	2
clanged	2
circle	2
churls	2
chose	2
choosers	2
chin	2
childhood	2
cheeks	2
champion	2
ceased	2
caves	2
cart	2
captain	2
calls	2
busy	2
burst	2
bulls	2
bucklers	2
brothers	2
brotherhood	2
broodeth	2
brooded	2
broil	2
broidered	2
brings	2
brightening	2
brighten	2
bridle	2
bridges	2
breeze	2
breedeth	2
breasts	2
breaking	2
breaker	2
breadth	2
breach	2
brazen	2
brands	2
branch	2
bramble	2
bragi	2
bosoms	2
bondmen	2
bondman	2
bondage	2
bond	2
bole	2
bodily	2
boar	2
blows	2
blown	2
blooms	2
bloody	2
blessings	2
bleak	2
blazing	2
blameless	2
bits	2
biteth	2
billow	2
bight	2
biding	2
bewailed	2
betrayers	2
betrayer	2
betray	2
betided	2
bestrider	2
bemocked	2
bell	2
believe	2
beholds	2
beholdest	2
beguiled	2
begrudged	2
befell	2
bedward	2
bearers	2
bearer	2
beardless	2
beard	2
beaconing	2
baulks	2
bathed	2
bath	2
base	2
banquet	2
balanced	2
baking	2
backs	2
backeth	2
babble	2
aweth	2
awe	2
awaking	2
awaits	2
avenger	2
avails	2
attire	2
atone	2
astonished	2
assured	2
asketh	2
arede	2
archer	2
arch	2
apparelled	2
amber	2
altogether	2
also	2
aimless	2
ails	2
aforesaid	2
afire	2
afeard	2
abated	2
abashed	2
abase	2
?'	2
..	2
.,	2
.''	2
(	2
',	2
''	2
•many	1
•.	1
•*•	1
•*	1
„	1
«	1
|	1
yule	1
youthful	1
yours	1
younger	1
yon	1
yielded	1
yew	1
yestreen	1
yesternight	1
yestereve	1
yest'reve	1
yegir	1
yearnings	1
wrung	1
wrongs	1
wrongfully	1
wronged	1
writhen	1
wristed	1
wrist	1
wrings	1
wringeth	1
wright	1
wretch	1
wreck	1
wreathes	1
wrappings	1
wrapping	1
wove	1
wounding	1
wots	1
worshipped	1
worketh	1
worked	1
woos	1
woody	1
woodruff	1
woodbine	1
wonted	1
wondering	1
wonderful	1
womankind	1
womanhood	1
wlien	1
witness	1
withstands	1
withoutward	1
withered	1
wither	1
wish	1
wisely	1
wiped	1
winters	1
winner	1
winked	1
wing	1
windings	1
winding	1
winders	1
willows	1
willow	1
wilful	1
wiles	1
wights	1
wielding	1
wield	1
widens	1
whosoever	1
whores	1
whoredom	1
wholesome	1
whittles	1
whiteneth	1
whiten	1
whistling	1
whirled	1
whirl	1
whip	1
whilst	1
whileome	1
whey	1
whet	1
whereto	1
whereon	1
wherefrom	1
whereas	1
whelp	1
wheel	1
wheaten	1
wharf	1
whale	1
wften	1
wethers	1
westlands	1
westering	1
weregild	1
wentst	1
wentest	1
wendest	1
welled	1
welfare	1
weird	1
weighs	1
weigheth	1
weazles	1
weaveth	1
weavers	1
weaver	1
wearying	1
wears	1
weariness	1
wearily	1
weariest	1
wearest	1
wearers	1
wearer	1
weapons	1
weaponless	1
wealthiest	1
weakened	1
wayfarings	1
wayfaring	1
wayfarer	1
waxest	1
wavers	1
wavered	1
waved	1
wattle	1
watchman	1
wasting	1
waster	1
wash	1
warship	1
warred	1
warps	1
warms	1
warily	1
warhorse	1
wargear	1
warflame	1
warfarings	1
warfanngs	1
wares	1
warden	1
waneth	1
wanes	1
wane	1
wands	1
wanderings	1
wandereth	1
wand	1
walking	1
walk	1
wakes	1
wakeners	1
waist	1
waileth	1
wagons	1
wagon	1
wager	1
wage	1
wadest	1
vultures	1
voiceless	1
vingi	1
vineyard	1
vikings	1
victual	1
vessels	1
venture	1
vein	1
veil	1
vault	1
vast	1
vassals	1
vanquished	1
vanir	1
vanes	1
valleys	1
valley	1
valiancy	1
vale	1
uttereth	1
usward	1
use	1
upstood	1
upstand	1
upspringeth	1
upspring	1
uprise	1
uprears	1
upreareth	1
uprear	1
uplifts	1
uplifteth	1
upheaveth	1
upheave	1
upbuilded	1
upborne	1
unwrongful	1
unwounded	1
unwonted	1
unwinds	1
unwinded	1
unwary	1
unwalled	1
untrusty	1
untroubled	1
untrembling	1
unsworded	1
unsure	1
unstrained	1
unsteered	1
unspurred	1
unspent	1
unspeakable	1
unsmiling	1
unslain	1
unseeing	1
unscathed	1
unsatiate	1
unruffled	1
unrolled	1
unrewarded	1
unreddened	1
unquenched	1
unnoted	1
unmjved	1
unmighty	1
unmeet	1
unmeasured	1
unmatched	1
unmanned	1
unlitten	1
unlike	1
unless	1
unhushed	1
unhurt	1
unhoped-for	1
unhooded	1
unhid	1
unhelped	1
unheeded	1
unhearkened	1
unharried	1
unguarded	1
ungrieved	1
ungirt	1
unfree	1
unforsaken	1
unforlorn	1
unforgot	1
unfeared	1
unfathomed	1
unequalled	1
undying	1
undinted	1
undid	1
undefined	1
undared	1
uncursed	1
uncouth	1
unconstrained	1
unclasp	1
unchidden	1
unburied	1
unbound	1
unblenching	1
unbitted	1
unbeloved	1
unbeguiled	1
unawares	1
unarmed	1
un	1
ugly	1
tyrant	1
tyrannous	1
twinkled	1
twill	1
twi	1
turning	1
turmoiled	1
turfy	1
turfs	1
turf	1
tugged	1
tub	1
tttle	1
trunk	1
trundled	1
truncheon	1
trump	1
truly	1
truer	1
trowed	1
trothplight	1
trjese	1
tries	1
tried	1
trial	1
trfat	1
tresses	1
trembler	1
treeless	1
treads	1
treadeth	1
treacherous	1
tre	1
traveller	1
transfigured	1
trampler	1
tramping	1
traitorous	1
trained	1
track	1
traces	1
trace	1
tp	1
township	1
towards	1
toward.the	1
toughness	1
touch	1
tormented	1
toppling	1
toppled	1
topped	1
top	1
tools	1
tolk	1
tokening	1
tokened	1
toileth	1
toilers	1
toiler	1
to.ride	1
tireless	1
tipped	1
tinkleth	1
tillers	1
tiles	1
tighter	1
tifl	1
tides	1
tid	1
thy'name	1
thunders	1
thrums	1
thronging	1
thrive	1
thrill	1
threw	1
threescore	1
threatening	1
thread	1
thrashing	1
thousand	1
thoughtful	1
thoughtest	1
thoroughly	1
thorny	1
thirsts	1
thinkst	1
thinkest	1
thievish	1
thickest	1
thickening	1
thickened	1
therethrough	1
therest	1
thenceforth	1
theirs	1
the^erchants	1
the.blade	1
the'waste	1
the'earth	1
thatithe	1
thatched	1
thatch	1
tethered	1
tel	1
team	1
teaching	1
teacher	1
tdeace	1
tawny	1
tasted	1
taskmaster	1
tarries	1
tangling	1
tangles	1
taming	1
tall.masts	1
talketh	1
swung	1
sworded	1
swooping	1
swims	1
swim	1
swerve	1
swells	1
swelleth	1
sweir	1
sweeter	1
sweareth	1
sware	1
swallows	1
swaddling	1
swaddler	1
swaddled	1
svhile	1
sustain	1
surt	1
surging	1
surfy	1
surest	1
surcoat	1
suppliant	1
supplanter	1
sundog	1
subtly	1
stumbling	1
stumbled	1
stumble	1
stuff	1
stud	1
struggling	1
struggleth	1
struggle	1
strown	1
stroke"fell	1
striving	1
striveth	1
striver	1
striven	1
striplings	1
string	1
strewing	1
strewed	1
stretching	1
stress	1
strenuous	1
streeted	1
streamward	1
strangely	1
straitly	1
straiter	1
strait	1
strains	1
straightway	1
straighteneth	1
straightener	1
stout	1
storing	1
storehouses	1
store'as	1
stopped	1
stoopeth	1
stonework	1
stoneless	1
stolen	1
stole	1
stirrup	1
stirring	1
stirrer	1
stih	1
stiff	1
sticks	1
steppeth	1
steeples	1
steeple	1
stealth	1
stealer	1
stayer	1
staunchest	1
stately	1
startest	1
starlight	1
stareth	1
standest	1
stalls	1
staining	1
stain	1
stables	1
srr.ote	1
sriarp	1
spy	1
spurring	1
spurred	1
sprouted	1
spreads	1
spreading	1
spreadeth	1
spray	1
sport	1
spool	1
spoilt	1
spoiling	1
splinters	1
splasheth	1
spite	1
spins	1
spill	1
spies	1
sphere	1
spendthrift	1
spend	1
spells	1
speeding	1
speedeth	1
speckled	1
spearwood	1
speaker	1
sparkled	1
sparest	1
spakest	1
spae	1
sows	1
sowed	1
soundeth	1
sorrel	1
soothfast	1
songful	1
some'god	1
solace	1
sojourn	1
soil	1
soi	1
sobs	1
soberly	1
soared	1
snuff	1
snows	1
snowfall	1
snatch	1
snarl	1
snap	1
smoulder	1
smother	1
smoother	1
smoky	1
smithy	1
smithier	1
smiter	1
smileth	1
smiledst	1
smelling	1
smart	1
sm1led	1
slumberer	1
slippeth	1
sleipnir	1
sleepy	1
sleepful	1
sleeked	1
sleek	1
slaves	1
slaughtering	1
slant	1
slanderous	1
slake	1
skull	1
skins	1
skinned	1
skim	1
skiff	1
skerries	1
sixth	1
sittst	1
sittest	1
sires	1
sigurd'lieth	1
sigtnund	1
signs	1
sighs	1
sighing	1
siggier	1
sifting	1
sift	1
sickle	1
sickens	1
sicken	1
shun	1
shuddered	1
shudder	1
shrines	1
shrilling	1
shriek	1
shred	1
shows	1
showers	1
shoreward	1
shoreless	1
shoot	1
shoon	1
shock	1
shivering	1
shiverest	1
shipward	1
shipped	1
shimmers	1
shimmer	1
shieldless	1
shieldeth	1
shepherdless	1
sheltering	1
shell	1
sheets	1
sheer	1
sheathing	1
shaven	1
shattered	1
sharper	1
sharpen	1
shared	1
sharded	1
shapers	1
shallow	1
shaking	1
shadeth	1
shades	1
shade	1
sewed	1
sever	1
settest	1
sets	1
servants	1
serried	1
serpents	1
serene	1
sending	1
senders	1
selling	1
selfsame	1
seethed	1
seemest	1
seeks	1
seeking	1
seeing	1
seeded	1
seats	1
seaside	1
seared	1
searcheth	1
searchers	1
sealess	1
sealed	1
scythes	1
scythe	1
screen	1
screamed	1
scowling	1
scowled	1
scowl	1
scourge	1
scour	1
scornful	1
scorned	1
score	1
scorching	1
school	1
scatterer	1
scathed	1
scars	1
scarlet	1
scared	1
scaped	1
scantly	1
scaly	1
scalds	1
scalded	1
scald	1
savour	1
sands	1
sailors	1
sailing	1
sages	1
safety	1
safely	1
safe	1
saddened	1
sacrifice	1
ruthless	1
rustled	1
rusheth	1
rushes	1
running	1
runnest	1
ruled	1
ruined	1
rued	1
rowan	1
roses	1
roots	1
roofing	1
roofed	1
rolling	1
rollers	1
roller	1
rods	1
rocky	1
robes	1
roars	1
riverside	1
rising	1
ripples	1
rippled	1
ripening	1
ripe	1
ringing	1
rightward	1
righting	1
rightful	1
righter	1
rift	1
ridged	1
riders	1
ridech	1
rid	1
richest	1
ribs	1
ribbed	1
returned	1
rested	1
replenish	1
repentst	1
repenting	1
repenteth	1
render	1
rended	1
remnant	1
rejoicers	1
reined	1
refuse	1
reels	1
redgleeds	1
redes	1
redeemer	1
redeemed	1
redeem	1
redder	1
redden	1
recketh	1
reck	1
recall	1
rear	1
reapeth	1
read	1
reacheth	1
re	1
ray	1
ravens	1
rattleth	1
rank	1
range	1
random	1
rainy	1
rains	1
rainless	1
rained	1
rags	1
rageth	1
raged	1
quivered	1
quicker	1
questioned	1
quenching	1
quelling	1
quelleth	1
quelled	1
quell	1
quavering	1
quarter	1
quarried	1
quarrel	1
quanched	1
quakest	1
quakedst	1
quail	1
pursuing	1
purse	1
pure	1
purblind	1
proved	1
prove	1
promised	1
prithee	1
priest	1
prevailers	1
presseth	1
press	1
presence	1
precious	1
prays	1
praying	1
prayeth	1
prattling	1
praises	1
powers	1
power	1
pours	1
poureth	1
portioned	1
por	1
poplars	1
poop	1
pools	1
pondereth	1
pomp	1
pole	1
poised	1
plunging	1
plunder	1
pluck	1
plougher	1
ploughed	1
plotting	1
plighting	1
plighteth	1
plentiful	1
plenishing	1
pledged	1
please	1
pleasant	1
playing	1
playeth	1
platter	1
plains	1
pitiedst	1
pitchy	1
pips	1
pipes	1
pipe	1
pinched	1
pillowy	1
pillows	1
pigeons	1
pierceth	1
piercer	1
pictures	1
pictured	1
perplex	1
perch	1
peradventure	1
pent	1
penfold	1
pelts	1
peers	1
peered	1
patience	1
pathway	1
pasturing	1
pastures	1
pasture	1
passage	1
parts	1
parted	1
parched	1
paps	1
panted	1
palms	1
palest	1
paler	1
paleing	1
pains	1
pail	1
paceth	1
pace	1
p	1
oxen	1
owl	1
overwhelms	1
overtake	1
overrun	1
overload	1
overlay	1
overgild	1
overcoming	1
overcometh	1
overcomers	1
overborne	1
oven	1
ouzels	1
outstretched	1
outspread	1
outside	1
outshone	1
outright	1
outlive	1
outgrow	1
outface	1
outburst	1
outbreak	1
outbrake	1
ours	1
ounce	1
ought	1
others	1
ot	1
oson	1
orderly	1
orb	1
opening	1
oozy	1
onwards	1
onrush	1
on.the	1
oinn	1
oily	1
ofttimes	1
oftenest	1
offspring	1
offers	1
offered	1
odours	1
odm	1
obeyed	1
oaths	1
oaks	1
o'erweigh	1
o'ertoppeth	1
o'ershort	1
o'erpassed	1
o'erpass	1
o'ermastered	1
o'erlate	1
o'erlaid	1
o'erladen	1
nursing	1
numbered	1
npr	1
nowither	1
nourishing	1
notwithstanding	1
northland	1
norland	1
nlblungs	1
niy	1
nighttide	1
niggard	1
niblung^masters	1
nibhing	1
newfound	1
newcomer	1
nevertheless	1
neighing	1
needy	1
needeth	1
needest	1
necked	1
nearest	1
neared	1
natured	1
nation	1
nar	1
nailed	1
n	1
muzzle	1
mutters	1
mute	1
musing	1
murmurings	1
murderers	1
murderer	1
muffled	1
mowed	1
moves	1
mournful	1
mourned	1
mounteth	1
mounds	1
moulds	1
mould	1
motherless	1
moth	1
motes	1
mostly	1
morsel	1
mornings	1
morii	1
moonwake	1
moonrise	1
moody	1
mocks	1
mocketh	1
mockest	1
mockeries	1
mocker	1
moaned	1
mistress	1
mist	1
missed	1
misgave	1
misdoubt	1
mint	1
minstrels	1
minish	1
mingles	1
mingler	1
mined	1
mimir	1
milk	1
mile	1
mightst	1
midwinter	1
midway	1
midward	1
midnoon	1
middle	1
mews	1
methinkcth	1
meted	1
metals	1
messengers	1
merrily	1
meres	1
mercies	1
menfolk	1
mended	1
mend	1
memories	1
melting	1
melted	1
melt	1
meets	1
meeter	1
meek	1
meeds	1
meed	1
medreamed	1
meats	1
meaneth	1
meads	1
mazy	1
mazes	1
mayhap	1
mattock	1
matchless	1
matched	1
mast	1
mass	1
masons	1
marvelling	1
marshalled	1
marshal	1
marred	1
mark	1
marish	1
mare	1
manner	1
manlike	1
manless	1
manifold	1
manes	1
manchild	1
maker	1
maji	1
maimed	1
mailcoat	1
lurks	1
lulling	1
lulled	1
lull	1
lowland	1
lower	1
lowed	1
lovesome	1
lover	1
loveless	1
loudest	1
louder	1
lot	1
losest	1
lorging	1
lordly	1
lopped	1
looser	1
lookst	1
longships	1
longship	1
longings	1
longest	1
loitered	1
log	1
loftiest	1
lodging	1
lock	1
loathes	1
loaf	1
litteth	1
lion	1
linked	1
linden	1
likewise	1
likest	1
lightless	1
lifteth	1
lifeless	1
lifedays	1
lifeblood	1
lies«still	1
lief	1
licks	1
licked	1
liars	1
liangeth	1
lfost	1
lesson	1
lessen	1
lengthening	1
lend	1
legs	1
leeches	1
leechcraft	1
leech	1
leavst	1
leaving	1
leaveth	1
learns	1
learning	1
leaneth	1
lean	1
lealands	1
leafage	1
leads	1
leading	1
leader	1
leaden	1
layetli	1
layeth	1
later	1
latch	1
lasteth	1
last'of	1
lapse	1
lanjj	1
landless	1
lament	1
lake	1
lads	1
ladings	1
lack'st	1
krtew	1
knot	1
knocked	1
knobbed	1
knitteth	1
kneels	1
kneel	1
kinsman	1
kinsfolk	1
kinless	1
kindling	1
kill	1
kfngs	1
key	1
keeps	1
k	1
judging	1
judge	1
joys	1
joyless	1
jower	1
journeyed	1
jo	1
jher	1
jewelled	1
jeers	1
isxgrimhild	1
isles	1
islands	1
irons	1
io	1
iny	1
inwrought	1
intertwine	1
intermingled	1
increasing	1
inboard	1
imagining	1
imagined	1
imagery	1
imaged	1
ihe	1
iale	1
husbands	1
husbandry	1
husbandman	1
hurts	1
hurry	1
hurried	1
hunted	1
hungerest	1
hundred	1
humbles	1
humbled	1
huger	1
hubbub	1
howsoever	1
howls	1
howling	1
hovering	1
hovered	1
hover	1
houseward	1
household	1
hounds	1
horsed	1
horned	1
hoping	1
hoped	1
hooves	1
honoured	1
honeyed	1
holm	1
hoary	1
hoarders	1
hithermost	1
hist	1
hissing	1
his'story	1
hireling	1
hired	1
hire	1
hiordis''bower	1
hindmost	1
hindfett	1
hind	1
himseems	1
hilted	1
hillsides	1
hillock	1
hie	1
hers	1
heritance	1
heritage	1
heretofore	1
herbs	1
herborg	1
helpmates	1
helpest	1
helll	1
heights	1
heels	1
heel	1
heedless	1
heavyhearted	1
heaviest	1
heavier	1
heaves	1
heavenward	1
heaved	1
heathland	1
heat	1
heartstrings	1
hearthstones	1
heartbroken	1
hearkenetrt	1
hearkener	1
headless	1
he^rt	1
hcfuse	1
hawsers	1
hawser	1
havens	1
haven	1
haunt	1
hauberks	1
hats	1
hating	1
hasty	1
hastest	1
hastening	1
harvesting	1
harpstrings	1
harper	1
hardihood	1
harbour	1
har1y	1
happier	1
hanging	1
handle	1
handiwork	1
handful	1
hanclbreadth	1
hamper	1
hamond	1
hammers	1
hammered	1
half-dead	1
haileth	1
haggard	1
haddest	1
had.seen	1
hacked	1
habit	1
guttonn	1
gushed	1
gush	1
gunwale	1
gunner	1
gun	1
guilty	1
guesting	1
gudrurwwent	1
guards	1
guard	1
growth	1
growest	1
grovelled	1
grove	1
groper	1
grope	1
groaning	1
groan	1
gripeth	1
gripes	1
grind	1
grin	1
grig	1
griefs	1
grided	1
gride	1
greyback	1
greeteth	1
graver	1
gravemound	1
grasping	1
grains	1
gothland	1
goodness	1
goodman	1
goodliest	1
goodlier	1
goings	1
goal	1
goad	1
gnaweth	1
glistered	1
glimpse	1
glimmereth	1
gleaning	1
gleanedst	1
glazed	1
glaives	1
gladly	1
glades	1
gladdest	1
gladdenedst	1
givest	1
gives	1
girths	1
gianf	1
giaflaug	1
ghost	1
gfcne	1
gemstones	1
gemmed	1
geese	1
gavest	1
gathers	1
gathereth	1
gateways	1
gasping	1
garment	1
gardens	1
gap	1
gangways	1
game	1
gales	1
gainsaying	1
gainsaith	1
future	1
fur	1
funeral	1
fully	1
fulfilling	1
fruited	1
fro	1
frighted	1
fright	1
friendly	1
fretteth	1
fretted	1
fraught	1
frameth	1
fragment	1
fountain	1
foundered	1
fouled	1
foughten	1
fosterlings	1
fostering	1
fosterers	1
fosterbrethren	1
fortunes	1
forthwith	1
forsworn	1
forsakeu	1
form	1
forgot	1
forgiveness	1
forgive	1
forgers	1
forever	1
foretelling	1
foretell	1
foretaste	1
foresight	1
foreshores	1
foreordered	1
forefront	1
forefathers	1
forebore	1
foreboding	1
forebodeth	1
forces	1
forced	1
forborn	1
forbore	1
forbidden	1
forbearings	1
footways	1
footprints	1
fooling	1
fondled	1
fondest	1
followeth	1
folk.in	1
folioweth	1
folding	1
foesl	1
foamless	1
foals	1
foaled	1
foal	1
flutter	1
flowing	1
floweth	1
flourish	1
floors	1
floods	1
floated	1
flits	1
flint	1
flight	1
flies	1
flickers	1
fleshly	1
fleshless	1
fleeth	1
flees	1
fleeces	1
fleece	1
flecked	1
flashing	1
flasheth	1
flaring	1
flares	1
flared	1
flame.reared	1
flaked	1
flail	1
fixed	1
fivefold	1
fitful	1
fishless	1
fireless	1
fir	1
finished	1
finespun	1
findeth	1
finders	1
fills	1
fillers	1
fighteth	1
fiery	1
fetter	1
ferry	1
fell'shivering	1
feebly	1
feebler	1
feats	1
feasts	1
feaster	1
fearing	1
fay	1
fatlter	1
fatherless	1
fatal	1
fashioner	1
farings	1
farfetched	1
far-famed	1
fane	1
famished	1
famine	1
familiar	1
faltering	1
falledst	1
faithfulness	1
fainting	1
fagots	1
fafuir	1
eyrie	1
eyesight	1
expectation	1
excellent	1
excel	1
exalting	1
exalteth	1
exaltation	1
exalt	1
everything	1
everlasting	1
estate	1
errands	1
erne	1
ermine	1
enwraps	1
enwoven	1
envier	1
entreated	1
entreat	1
entereth	1
entangled	1
entangle	1
enfold	1
endurance	1
encompass	1
emptier	1
embracing	1
embers	1
embayed	1
elsewhere	1
elmy	1
elm	1
elk	1
eke	1
eighth	1
eggest	1
eel	1
eddying	1
ed	1
echo	1
ebbs	1
ebbing	1
ebb	1
eats	1
eater	1
eastmen	1
easting	1
eastering	1
earthen	1
earthborn	1
earth'may	1
earless	1
eagle	1
dye	1
dwindled	1
dwellest	1
dweller	1
dusking	1
dunghill	1
dun	1
dulleth	1
duller	1
dug	1
dtght	1
drunkard	1
drown	1
drought	1
dropped	1
drooped	1
droop	1
drivers	1
drippeth	1
drinks	1
drifts	1
drifteth	1
dreary	1
drearfis	1
dreamland	1
dreameth	1
dreaded	1
draye	1
drawest	1
draughts	1
dragon	1
drag	1
dp	1
doves	1
doubting	1
double	1
doorways	1
donned	1
don	1
doled	1
dole	1
divideth	1
diver	1
dissembleth	1
disport	1
dishonoured	1
disarrayed	1
dint	1
dims	1
dimness	1
dimming	1
dighting	1
dightest	1
dig	1
destroyers	1
destroyer	1
desolation	1
desirest	1
depth	1
den.of	1
delivereth	1
delighting	1
delayeth	1
delayed	1
defenders	1
deers	1
deepest	1
deepens	1
deepeneth	1
deepen	1
deem'st	1
decks	1
deck	1
deceit	1
decay	1
dearly	1
dealtst	1
deals	1
dealers	1
deadliest	1
deadening	1
deadened	1
daylong	1
daybreak	1
darling	1
darker	1
darkens	1
darken	1
dares	1
dangers	1
danced	1
damsel	1
dallied	1
dainty	1
cutters	1
custom	1
curving	1
curses	1
curser	1
cull	1
crush	1
cruel	1
crowds	1
crowd	1
crouch	1
crop	1
crook	1
crones	1
crock	1
cringe	1
crime	1
creeps	1
createth	1
creak	1
craves	1
craftsman	1
crafts	1
crackling	1
crackled	1
cower	1
coward	1
cow	1
covet	1
covereth	1
courteous	1
coursers	1
countless	1
counted	1
counselled	1
councillors	1
corrupting	1
corner	1
core	1
cordage	1
copse	1
coping	1
cook	1
constrain	1
conies	1
concourse	1
concerning	1
compelled	1
communing	1
commanded	1
comfortless	1
comest	1
comers	1
comer	1
colour	1
coldly	1
coin	1
coiling	1
coiler	1
cock	1
coasts	1
clutcheth	1
cloudy.days	1
cloudland	1
clothe	1
cloister	1
cloaks	1
cloaked	1
climbeth	1
clight	1
cliffs	1
cliff	1
clattering	1
clasping	1
clasheth	1
clanking	1
clangs	1
clang	1
clamorous	1
claimeth	1
citied	1
churlish	1
churl	1
choked	1
chjld	1
chimneys	1
children.and	1
chiefs	1
chiefest	1
chest	1
chess	1
cherishing	1
chatter	1
chasing	1
chasers	1
chased	1
charm	1
chapmen	1
changes	1
chanced	1
champing	1
chains	1
chained	1
chain	1
chaffering	1
chaffer	1
chaff	1
ceasing	1
ceaseth	1
causeway	1
castles	1
castle	1
casement	1
carvers	1
carved	1
carve	1
cares	1
cared	1
canst	1
cannot	1
calling	1
buying	1
buttressed	1
bursten	1
burnished	1
buried	1
burdens	1
burdened	1
bulwarks	1
bulk	1
builders	1
builder	1
buckler	1
bucket	1
bubbles	1
bubbled	1
brynkild'was	1
brunt	1
browed	1
broughtst	1
brooks	1
brook	1
broider	1
bringest	1
brightens	1
bridles	1
brewed	1
breezes	1
breathe	1
breasteth	1
breasted	1
breaks	1
breakers	1
bravest	1
bravely	1
brain	1
boys	1
boweth	1
bowers	1
bounteous	1
bounds	1
bounden	1
bottom	1
bored	1
booty	1
booth	1
boon	1
bone	1
bondsman	1
bondmaid	1
bolts	1
boldest	1
boied	1
boded	1
boats	1
boat	1
bnt	1
blunted	1
blue^white	1
blqssomed	1
bloweth	1
blossomless	1
bloomed	1
bloodfeud	1
blocks	1
blink	1
blinds	1
blinding	1
blinder	1
blesseth	1
blends	1
blenching	1
blencher	1
blench	1
bleared	1
blazonings	1
blazeth	1
blasts	1
blacker	1
bitterness	1
bitterer	1
bit	1
bison	1
birthday	1
binds	1
binding	1
bindeth	1
billowy	1
billows	1
bights	1
biggest	1
big	1
bidest	1
bides	1
bewrays	1
bewray	1
bewildered	1
beware	1
bewail	1
bettereth	1
betideth	1
betid	1
bethought	1
bethinks	1
bethink	1
besweat	1
bestrides	1
bestrewn	1
bestirs	1
bestir	1
bestead	1
bestarred	1
bespread	1
bespeak	1
besought	1
beshielded	1
beset	1
beseen	1
beseems	1
beseem	1
beseecheth	1
bern	1
bereft	1
benighted	1
benight	1
bendeth	1
bend	1
belt	1
bells	1
bellow	1
beleaguerment	1
belated	1
beheld'his	1
beguile	1
begrudgeth	1
begrudgest	1
begrudger	1
begot	1
begone	1
begirdled	1
begins	1
begetting	1
begetteth	1
begetter	1
befooled	1
befits	1
befalls	1
beech	1
becomes	1
beckoning	1
beats	1
beateth	1
beaters	1
beater	1
beamed	1
beached	1
beach	1
bay	1
battled	1
battens	1
bathes	1
bat	1
baste	1
bastard	1
bartered	1
barred	1
barns	1
barn	1
barley	1
bark	1
bareth	1
barefoot	1
barefaced	1
banished	1
baneful	1
banded	1
ban	1
ball	1
bales	1
balers	1
baldurs	1
bald	1
baked	1
bake	1
bad	1
baclf	1
backed	1
babes	1
awrong	1
awfully	1
aweary	1
awash	1
awaketh	1
awakes	1
awakedst	1
avenging	1
avengers	1
atwo	1
atti	1
atonement	1
athirst	1
astern	1
ashy	1
asgunnar	1
asgard	1
arrows	1
arrow	1
arrayest	1
arow	1
army	1
ark	1
arid	1
areded	1
arches	1
aqd	1
apple	1
appease	1
ao	1
antlers	1
answers	1
answereth	1
anon	1
angrier	1
angle	1
amiss	1
amending	1
ambush	1
amain	1
although	1
alter	1
altars	1
allis	1
alike	1
alight	1
akin	1
ajli	1
airts	1
ain	1
afresh	1
aflame	1
adventure	1
advancement	1
addeth	1
ache	1
accusers	1
accuser	1
account	1
accomplishing	1
abundantly	1
aboundeth	1
ablaze	1
abed	1
abateth	1
abasement	1
abackward	1
abac	1
a/iblungs	1
^esir	1
^-	1
^	1
\vill	1
\	1
?''	1
?'"	1
>'•	1
>	1
<	1
0	1
-••	1
-*•	1
-*-	1
)	1
'.'	1
%	1
!)	1
!''	1
!'"	1
