,	1651
the	841
and	704
.	603
to	440
of	396
;	262
that	250
in	235
!	180
with	179
a	161
|'s|	144
for	141
"	132
his	123
thy	106
all	106
who	105
as	104
he	95
from	91
by	90
thou	86
their	80
thee	80
him	80
when	79
shall	75
her	74
i	70
you	65
my	64
heart	61
not	57
is	57
she	56
where	55
one	55
it	55
on	53
be	51
which	50
they	50
or	50
love	49
earth	49
at	49
—	48
but	48
sweet	47
your	45
if	45
well	44
there	44
was	43
song	43
have	42
high	41
ethelbert	41
sing	40
bird	40
this	38
heaven	38
had	38
were	36
so	36
life	36
good	36
yet	35
still	34
man	34
through	33
day	33
words	32
will	32
then	32
whose	31
those	31
me	31
lillian	31
tell	30
may	30
each	29
days	29
men	28
happy	28
would	27
worth	27
horatius	27
ever	27
brave	27
above	27
years	26
them	26
than	26
other	26
leon	26
joy	26
no	25
?	25
true	24
these	24
nor	24
like	24
its	24
are	24
angel	24
an	24
soul	23
our	23
every	23
come	23
bright	23
whom	22
should	22
now	22
gave	22
thine	21
sad	21
never	21
heard	21
grand	21
give	21
came	21
art	21
while	20
what	20
sweetest	20
some	20
more	20
made	20
how	20
grief	20
could	20
blessed	20
though	19
sunshine	19
land	19
hills	19
given	19
we	18
ways	18
scene	18
over	18
god	18
friend	18
did	18
bless	18
angels	18
."	18
'	18
truth	17
own	17
live	17
joys	17
hope	17
here	17
hand	17
full	17
do	17
cheer	17
beyond	17
:	17
ye	16
work	16
too	16
such	16
skies	16
near	16
name	16
must	16
most	16
might	16
long	16
has	16
faith	16
bliss	16
time	15
thought	15
singing	15
see	15
pleasant	15
maiden	15
heavenly	15
best	15
away	15
tears	14
sun	14
sky	14
others	14
make	14
eyes	14
done	14
desert	14
among	14
again	14
word	13
within	13
say	13
right	13
rest	13
praise	13
power	13
light	13
kind	13
kept	13
hear	13
glad	13
doubt	13
doth	13
care	13
birds	13
before	13
aid	13
[	13
way	12
voice	12
till	12
smith	12
sin	12
once	12
noble	12
night	12
keep	12
hath	12
find	12
fame	12
estelle	12
delight	12
can	12
bring	12
bitter	12
wrong	11
us	11
town	11
shalt	11
seemed	11
old	11
music	11
morning	11
metawampe	11
into	11
hour	11
griefs	11
face	11
ask	11
along	11
.]	11
tis	10
thus	10
strong	10
spirit	10
rose	10
prove	10
learn	10
last	10
home	10
hearts	10
great	10
fit	10
berkshire	10
belief	10
after	10
|arabic3digit|	9
worst	9
wing	9
win	9
welcome	9
wealth	9
two	9
trust	9
stars	9
soon	9
since	9
read	9
prize	9
place	9
new	9
mine	9
lives	9
know	9
hast	9
grace	9
friends	9
flowers	9
fate	9
far	9
choicest	9
always	9
act	9
world	8
wish	8
winter	8
verse	8
until	8
told	8
things	8
teach	8
speak	8
sincere	8
sent	8
seems	8
said	8
river	8
rills	8
o	8
noblest	8
many	8
lovely	8
lead	8
inspiring	8
golden	8
foe	8
fitting	8
fiends	8
field	8
evermore	8
ere	8
down	8
dear	8
critics	8
brooks	8
bravest	8
bower	8
wilt	7
unto	7
trials	7
spoke	7
smithville	7
selfishness	7
quick	7
need	7
native	7
much	7
mountains	7
mountain	7
mortal	7
morn	7
meet	7
meaning	7
living	7
hours	7
hard	7
grown	7
gold	7
found	7
first	7
fear	7
brightest	7
bravely	7
blessing	7
any	7
air	7
!"	7
wisdom	6
whatever	6
wed	6
wave	6
upon	6
tune	6
tender	6
study	6
strange	6
spring	6
speaks	6
silver	6
shame	6
school	6
scenes	6
rightly	6
returning	6
pray	6
people	6
only	6
numbers	6
none	6
nature	6
mind	6
message	6
lived	6
led	6
kindly	6
joyous	6
highest	6
hell	6
heed	6
hearty	6
grandest	6
go	6
fill	6
felt	6
fashion	6
erst	6
early	6
dread	6
deep	6
deeds	6
deed	6
clear	6
charms	6
carols	6
cares	6
cannot	6
call	6
broken	6
bloom	6
began	6
been	6
ban	6
alone	6
airs	6
•	5
yon	5
year	5
woes	5
wise	5
wild	5
wherein	5
warring	5
wait	5
vowed	5
valley	5
vale	5
vain	5
try	5
think	5
take	5
sweeter	5
sung	5
summer	5
sufferer	5
spurning	5
sought	5
sings	5
shore	5
set	5
saw	5
save	5
roses	5
road	5
rise	5
rhythmic	5
real	5
reach	5
present	5
pilgrim	5
peace	5
pass	5
out	5
oft	5
lover	5
lines	5
let	5
kindness	5
ken	5
journey	5
innocence	5
inner	5
influence	5
inclined	5
ill	5
ideal	5
honour	5
hold	5
hill	5
growing	5
grow	5
grew	5
greet	5
grandly	5
gone	5
forgot	5
forgive	5
fly	5
fight	5
fell	5
feet	5
fears	5
father	5
fact	5
ear	5
dwell	5
doubts	5
discreet	5
discern	5
death	5
dark	5
crane	5
country	5
close	5
chill	5
carol	5
cadence	5
boys	5
both	5
born	5
boon	5
blue	5
blows	5
blithe	5
bid	5
better	5
benignant	5
begun	5
bards	5
bands	5
arbour	5
ah	5
addresses	5
}'	4
yield	4
wrath	4
worthy	4
wooing	4
wide	4
war	4
vision	4
up	4
turn	4
tonight	4
today	4
thoughts	4
thorns	4
theme	4
thanks	4
thank	4
tells	4
tarry	4
sunday	4
sunbeams	4
suffered	4
straying	4
splendours	4
speed	4
sorrows	4
shining	4
shed	4
share	4
sentiment	4
send	4
selfish	4
seem	4
seeks	4
sadness	4
saddened	4
review	4
revealing	4
realm	4
radiant	4
quite	4
quest	4
prayer	4
poet	4
plan	4
plains	4
plain	4
placed	4
perchance	4
peaceful	4
patient	4
patience	4
obeying	4
needed	4
named	4
mother	4
meeting	4
major	4
lustre	4
loves	4
lovers	4
loved	4
lodge	4
little	4
liquid	4
lips	4
likewise	4
lies	4
left	4
learning	4
learned	4
labour	4
knew	4
kiss	4
kindred	4
kill	4
inspire	4
hither	4
heroes	4
helpful	4
height	4
hamlet	4
half	4
guide	4
grove	4
glow	4
gentle	4
future	4
form	4
foretaste	4
flee	4
fire	4
fills	4
fiercest	4
fiend	4
fancy	4
eternal	4
enemy	4
enduring	4
end	4
earthly	4
ears	4
dust	4
due	4
dream	4
doing	4
does	4
din	4
died	4
die	4
didst	4
devoted	4
delightful	4
declared	4
dawn	4
course	4
complete	4
cometh	4
comes	4
children	4
cheering	4
celestial	4
burning	4
brown	4
bringing	4
breeze	4
breath	4
bravery	4
bowers	4
bow	4
blight	4
blade	4
being	4
begin	4
beauty	4
beams	4
appeared	4
angelic	4
ancient	4
although	4
aided	4
addressed	4
-	4
|arabic1digit|	3
zephyrs	3
zephyr	3
youth	3
yearning	3
wreath	3
won	3
woman	3
winsome	3
wilson	3
whereon	3
wedding	3
weary	3
waters	3
warbler	3
walk	3
waiting	3
very	3
unworthy	3
unselfish	3
unknown	3
twelve	3
troubled	3
toiling	3
toil	3
thyself	3
thoughtful	3
therein	3
ten	3
temper	3
telling	3
teaching	3
taught	3
swift	3
sweetness	3
surely	3
sunset	3
success	3
streams	3
story	3
storms	3
stood	3
star	3
stand	3
squire	3
springs	3
spheres	3
spake	3
sorrow	3
songsters	3
songs	3
slave	3
skill	3
singers	3
sight	3
serenely	3
sense	3
self	3
seek	3
second	3
scorning	3
schoolhouse	3
schemes	3
saying	3
sang	3
sands	3
run	3
rule	3
royal	3
room	3
romance	3
ringing	3
righteous	3
rhyme	3
returned	3
return	3
repeated	3
relief	3
relenting	3
rehearse	3
ready	3
raven	3
ran	3
radiance	3
purpose	3
pure	3
proclaim	3
praying	3
praises	3
powers	3
poor	3
pledge	3
perish	3
penned	3
pay	3
paths	3
path	3
passed	3
party	3
pardon	3
pain	3
overcome	3
orient	3
ones	3
omen	3
older	3
often	3
note	3
noon	3
noise	3
nobly	3
muse	3
murmur	3
moved	3
moments	3
modest	3
minstrelsy	3
meted	3
met	3
merit	3
memories	3
melody	3
mead	3
mating	3
mate	3
master	3
march	3
maples	3
manners	3
manly	3
makes	3
look	3
longer	3
lift	3
leave	3
least	3
leading	3
landscape	3
lands	3
knows	3
known	3
king	3
kin	3
keeps	3
keeping	3
inspires	3
inspired	3
hue	3
however	3
hillside	3
hid	3
hero	3
help	3
health	3
hate	3
grey	3
greeted	3
greed	3
gratitude	3
grateful	3
grandeur	3
grade	3
gods	3
glows	3
glowing	3
glowed	3
glen	3
glade	3
gives	3
girl	3
gift	3
gain	3
further	3
fresh	3
freely	3
fragrant	3
fragrance	3
forty	3
forgiving	3
foreign	3
follow	3
flows	3
flame	3
fellow	3
features	3
favour	3
fairyland	3
fair	3
fail	3
exquisite	3
even	3
escort	3
endure	3
endeavour	3
eastern	3
duty	3
dulcet	3
dreams	3
dreaming	3
doubted	3
dost	3
door	3
divining	3
designing	3
designed	3
deserving	3
deserted	3
darkness	3
dared	3
dance	3
crown	3
crispin	3
courage	3
conquered	3
conflict	3
companion	3
common	3
command	3
coming	3
cold	3
clime	3
clad	3
church	3
christ	3
child	3
cherish	3
cheered	3
cheap	3
charm	3
chains	3
castles	3
cascades	3
caressing	3
calm	3
called	3
burn	3
brought	3
brother	3
brings	3
brief	3
boyhood	3
bounds	3
bold	3
blending	3
birth	3
bestow	3
beside	3
beneath	3
below	3
because	3
bear	3
bay	3
bard	3
balm	3
bade	3
bad	3
autumn	3
attend	3
ascend	3
artist	3
around	3
approach	3
another	3
ambitious	3
ambitions	3
almost	3
aids	3
ago	3
addressing	3
across	3
accursed	3
accept	3
abundant	3
■	2
|arabic2digit|	2
zest	2
yore	2
writ	2
wretched	2
wounds	2
worship	2
wood	2
wondrous	2
wonder	2
woe	2
wit	2
wins	2
winning	2
winging	2
wine	2
wife	2
wicked	2
why	2
whirl	2
whim	2
wherewith	2
wherever	2
western	2
wept	2
went	2
weeps	2
watch	2
wast	2
washington	2
wanting	2
walked	2
waft	2
vows	2
vow	2
vine	2
village	2
victim	2
venture	2
useless	2
unthinking	2
unnerving	2
unmated	2
unkind	2
under	2
unceasing	2
twining	2
twenty	2
twas	2
twain	2
turning	2
turned	2
tuneful	2
truest	2
truer	2
tribute	2
trembling	2
trees	2
tree	2
traffic	2
traced	2
towers	2
toward	2
torrid	2
token	2
ties	2
tide	2
throne	2
thrive	2
thrilling	2
thistles	2
thinks	2
themes	2
test	2
terms	2
tempter	2
tear	2
teachings	2
teacher	2
taste	2
tasks	2
taking	2
sweetheart	2
sweep	2
surprise	2
sure	2
sunsets	2
suit	2
suing	2
suffering	2
sudden	2
succeeds	2
sublimely	2
sublime	2
stronger	2
strive	2
strife	2
stray	2
storm	2
steps	2
steed	2
stayed	2
state	2
stanza	2
standing	2
springtime	2
spot	2
spoken	2
spite	2
special	2
speaking	2
speakest	2
sparkling	2
sparkle	2
sore	2
soothe	2
sons	2
songster	2
solar	2
solace	2
social	2
soar	2
sneer	2
smiling	2
smiles	2
smile	2
six	2
sinning	2
sign	2
sigh	2
side	2
ship	2
shines	2
shadows	2
service	2
sequel	2
sends	2
selectest	2
sees	2
seen	2
seeming	2
seated	2
seasons	2
seas	2
search	2
sea	2
scornful	2
scorned	2
scarce	2
safety	2
safe	2
saddest	2
sacred	2
rugged	2
ruddy	2
rout	2
roundelay	2
round	2
romances	2
rising	2
rings	2
righted	2
rich	2
revive	2
returns	2
retort	2
resulting	2
responsive	2
resembles	2
renewing	2
renew	2
remorse	2
remembered	2
remember	2
remains	2
rejoice	2
reigns	2
refused	2
reformers	2
reflect	2
refined	2
reduce	2
red	2
rebel	2
reason	2
rarest	2
rapture	2
rambled	2
question	2
quenching	2
quaint	2
put	2
purling	2
pupils	2
providence	2
proved	2
prophetic	2
proof	2
prompt	2
promise	2
proffered	2
problem	2
pride	2
prey	2
pretends	2
prepare	2
preach	2
pours	2
poured	2
pour	2
possessing	2
politics	2
please	2
playing	2
played	2
planned	2
pilgrims	2
piercing	2
picture	2
perfumed	2
perfected	2
perennial	2
pen	2
pasture	2
past	2
part	2
painted	2
orders	2
ordeal	2
nursed	2
notes	2
nights	2
next	2
news	2
nerve	2
needs	2
nectar	2
move	2
morrow	2
months	2
monster	2
mister	2
mill	2
mighty	2
midnight	2
meridian	2
memory	2
meekness	2
measure	2
mean	2
maying	2
mayest	2
matin	2
mated	2
match	2
mark	2
maple	2
mansion	2
manliest	2
manfully	2
majestic	2
lyres	2
lyre	2
low	2
loving	2
loveliness	2
lot	2
losses	2
lore	2
lord	2
loose	2
longing	2
lofty	2
locks	2
livest	2
listening	2
linger	2
lie	2
lessons	2
legends	2
leaving	2
laurel	2
laugh	2
later	2
late	2
lark	2
lakelet	2
lake	2
laid	2
kisses	2
kindest	2
keen	2
intuitions	2
intuition	2
interest	2
intent	2
inspiration	2
innocent	2
increased	2
incline	2
impart	2
i'll	2
hymn	2
humblest	2
humble	2
human	2
hosts	2
host	2
horseback	2
hoping	2
hopes	2
honest	2
homes	2
holy	2
hindrance	2
heroic	2
henceforward	2
hence	2
helped	2
held	2
heights	2
heeded	2
heavy	2
head	2
harp	2
harmony	2
harmonious	2
hands	2
guest	2
guards	2
guard	2
growmg	2
ground	2
grind	2
grim	2
grieving	2
grieve	2
grassy	2
grasses	2
gracious	2
gospel	2
goodness	2
glory	2
glorious	2
glens	2
gladdest	2
giving	2
giveth	2
girlhood	2
gently	2
generous	2
general	2
gemming	2
gazing	2
gates	2
gale	2
furnished	2
fully	2
fullest	2
fruitage	2
frost	2
fright	2
frequent	2
freighted	2
freedom	2
free	2
fountain	2
fortune	2
forth	2
forever	2
forest	2
fools	2
flown	2
flowery	2
flood	2
flinging	2
flight	2
fleeting	2
fled	2
flaming	2
firm	2
fires	2
finest	2
finer	2
fine	2
findest	2
fierce	2
fields	2
few	2
feed	2
feature	2
feast	2
fault	2
fates	2
farthest	2
famous	2
false	2
faithfully	2
faithful	2
fairy	2
faded	2
explain	2
expel	2
expectant	2
excelling	2
example	2
evidence	2
everywhere	2
events	2
esquire	2
equipoise	2
equestrians	2
entwining	2
ennobling	2
ends	2
emprise	2
embark	2
else	2
easy	2
earnest	2
dying	2
dwelling	2
dwelled	2
duress	2
drive	2
drink	2
dove	2
divine	2
district	2
dissonance	2
discipline	2
dignity	2
despairs	2
descry	2
derision	2
depicted	2
depart	2
denouement	2
defeat	2
declare	2
dawns	2
date	2
cursed	2
cup	2
cruel	2
crowns	2
crooked	2
cowardice	2
court	2
count	2
conveying	2
constant	2
consort	2
confessing	2
comrade	2
companions	2
commanding	2
coach	2
clusters	2
cloy	2
cloud	2
closed	2
classic	2
class	2
chose	2
childhood	2
cheeks	2
charming	2
charity	2
caused	2
carry	2
busy	2
business	2
burdens	2
buoyant	2
building	2
bryant	2
bringeth	2
breaking	2
bore	2
blowing	2
blow	2
blossoms	2
blisses	2
blessings	2
bleeding	2
bitterness	2
birch	2
bids	2
bestowing	2
benisons	2
benign	2
belong	2
believe	2
beech	2
beautiful	2
beaming	2
beam	2
battle	2
banned	2
axes	2
awhile	2
awake	2
aught	2
attuned	2
attire	2
attending	2
atone	2
ashes	2
armed	2
arising	2
apple	2
apart	2
answer	2
anent	2
amid	2
am	2
alliance	2
aglow	2
against	2
affrighted	2
address	2
acts	2
■their	1
■'•right	1
•which	1
}''	1
}'!	1
}	1
|romannumeral|	1
youthful	1
yours	1
young	1
yoke	1
yju	1
yester	1
yeais	1
yard	1
wrung	1
wrote	1
wrongs	1
wrongful	1
write	1
wretch	1
wreck	1
wreak	1
wounded	1
wound	1
wouldst	1
worthies	1
worn	1
works	1
woods	1
woo	1
wonted	1
womankind	1
witness	1
withstand	1
without	1
withholds	1
wistful	1
wishing	1
wished	1
wisely	1
wintriest	1
wings	1
winged	1
winds	1
windows	1
wind	1
willingness	1
william	1
wiles	1
whole	1
whoever	1
white	1
whist	1
whispers	1
whilst	1
whence	1
whelming	1
wheaten	1
westering	1
west	1
weight	1
weigh	1
weeping	1
weep	1
wedded	1
wearying	1
wears	1
wearied	1
we'll	1
waxen	1
waves	1
waterfall	1
water	1
watching	1
watchful	1
waste	1
wary	1
warrior	1
warned	1
warblings	1
wants	1
want	1
waned	1
wanderer	1
waltzing	1
wakes	1
wake	1
waits	1
wage	1
votes	1
voce	1
visions	1
visioned	1
vigil	1
views	1
view	1
victor	1
vi^hich	1
vex	1
vet	1
verve	1
versed	1
verdure	1
verdant	1
venomed	1
veneration	1
various	1
varied	1
variance	1
vanquished	1
vanity	1
valued	1
value	1
usual	1
usher	1
usefulness	1
urge	1
urban	1
upper	1
unwelcome	1
untrod	1
untimely	1
untainted	1
unsupplied	1
unspeakable	1
unselfishness	1
unseen	1
unrighteous	1
unregenerate	1
unplanned	1
unmindful	1
unmarred	1
unlock	1
unlike	1
unless	1
unknowing	1
uniting	1
united	1
unite	1
union	1
unifies	1
unequal	1
undulation	1
undone	1
undertaker	1
understood	1
understandest	1
understand	1
uncontrol	1
unconscious	1
unconfessed	1
uncomplaining	1
unchained	1
uncaring	1
unbiassed	1
ultimate	1
twinkling	1
twined	1
twice	1
tunes	1
truths	1
trusty	1
trudged	1
troubles	1
trouble	1
trophy	1
trode	1
trivial	1
triumphs	1
triumph	1
trim	1
triest	1
tried	1
tribulation	1
trial	1
tresses	1
tremulous	1
trembled	1
treasures	1
treason	1
treachery	1
transparent	1
translated	1
transcendent	1
traits	1
track	1
tracing	1
tracery	1
trace	1
towering	1
torn	1
tore	1
top	1
tools	1
took	1
tongue	1
tones	1
tomorrow	1
toilsome	1
together	1
tired	1
tiny	1
times	1
timely	1
thunder	1
thrust	1
thrown	1
throu2	1
throngs	1
throbs	1
thrilled	1
thrice	1
threescore	1
three	1
threats	1
threat	1
thread	1
thoroughbrace	1
thorny	1
thornless	1
thorn	1
thirst	1
thinketh	1
thinkest	1
thief	1
thick	1
they're	1
there'll	1
thence	1
thanksgiving	1
thanking	1
thankfulness	1
terse	1
term	1
tendrils	1
tenders	1
tendencies	1
tedious	1
taxed	1
tasted	1
task	1
tarries	1
tardy	1
talk	1
taken	1
tact	1
tackle	1
t'endure	1
sympathetic	1
sword	1
swerving	1
swelling	1
sweets	1
sweetly	1
swear	1
swayed	1
sway	1
swamp	1
svveetest	1
sustained	1
sustain	1
suspicion	1
suspect	1
survive	1
surveying	1
surpliced	1
surpassing	1
surmise	1
surging	1
surge	1
supremest	1
supremely	1
supreme	1
supplied	1
suppliant	1
superior	1
suns	1
sunrise	1
sunny	1
sunnier	1
sunless	1
sunken	1
sundays	1
summons	1
sum	1
suitor	1
sufficing	1
succour	1
succeed	1
substantial	1
subservient	1
sublimest	1
subject	1
stuff	1
struggling	1
struggled	1
struck	1
strove	1
strolls	1
striven	1
strict	1
stricken	1
strength	1
street	1
streaming	1
strayed	1
stranger	1
strangeness	1
strand	1
strain	1
store	1
stor	1
stone	1
stilled	1
stern	1
sterling	1
step	1
steers	1
steep	1
stealing	1
steady	1
staying	1
stay	1
staunch	1
states	1
starving	1
start	1
starr	1
stammered	1
stairs	1
stain	1
staid	1
stages	1
stagecoach	1
staff	1
square	1
spurned	1
spreads	1
spray	1
spontaneous	1
spoiler	1
spleen	1
spill	1
spike	1
sphere	1
spend	1
speeding	1
speech	1
spanned	1
sovereigns	1
southern	1
sound	1
souls	1
sotto	1
sorts	1
sordid	1
sombre	1
solves	1
solstice	1
solicitude	1
solicited	1
soiil	1
softly	1
soft	1
socially	1
snowy	1
snows	1
sneers	1
sneering	1
sneaking	1
snake	1
smother	1
smiled	1
small	1
slow	1
slopes	1
slimy	1
slew	1
slept	1
sleet	1
sleep	1
sled	1
slaying	1
slay	1
slant	1
slander	1
slake	1
slain	1
skilled	1
sit	1
sips	1
sins	1
sinks	1
sincerity	1
sincerest	1
sincerely	1
silvery	1
significant	1
signalise	1
sighing	1
sighed	1
sick	1
shun	1
shrinking	1
shows	1
showed	1
show	1
short	1
shop	1
shone	1
shocks	1
shirk	1
shinine	1
sheds	1
sheaf	1
sharing	1
shades	1
shade	1
sfold	1
severe	1
serving	1
serve	1
sermon	1
serenity	1
serener	1
serene	1
sentinels	1
sentineled	1
sentinel	1
sentiments	1
select	1
seldom	1
seized	1
secured	1
secret	1
seat	1
season	1
searching	1
searchers	1
sear	1
scythe	1
scripture	1
scotland	1
scorn	1
score	1
scorch	1
schools	1
scenery	1
scalding	1
says	1
sayest	1
sawed	1
saving	1
saved	1
saturn	1
satisfying	1
sating	1
satan	1
sat	1
sarcastic	1
same	1
saints	1
sails	1
sail	1
sages	1
safest	1
sadly	1
sadder	1
rust	1
rules	1
ruled	1
rubbing	1
royally	1
roving	1
routine	1
routed	1
rounded	1
roughest	1
rough	1
rosy	1
roseate	1
rocky	1
rocks	1
robed	1
roamed	1
roadway	1
rivulets	1
riveted	1
rite	1
risks	1
risen	1
ring	1
rids	1
rides	1
rid	1
richness	1
richest	1
reward	1
revives	1
reverses	1
reverse	1
reverent	1
revered	1
revelation	1
reveal	1
reunited	1
retrospect	1
retrieving	1
retinue	1
reticent	1
retard	1
resumes	1
restored	1
restless	1
restfulness	1
restful	1
resplendent	1
respected	1
resonance	1
resides	1
resembled	1
reposeful	1
reporters	1
replete	1
repenting	1
repentest	1
repentant	1
repent	1
repeat	1
repartee	1
reminiscent	1
reminiscences	1
reminiscence	1
reminded	1
remembrances	1
remembrance	1
remained	1
remain	1
relive	1
relieve	1
relates	1
rejoicing	1
rein	1
reigning	1
reigned	1
regulate	1
regretting	1
regnant	1
regions	1
refusal	1
refreshingly	1
refreshing	1
refreshed	1
reformed	1
refining	1
redeeming	1
redeem	1
recurring	1
recreant	1
record	1
recompense	1
reclined	1
reckoned	1
reckoiic	1
recital	1
receiving	1
receives	1
receive	1
recede	1
recalled	1
recall	1
rebellious	1
rebelled	1
reared	1
reap	1
really	1
reads	1
reading	1
readily	1
reached	1
rays	1
ravens	1
rather	1
rated	1
rash	1
rare	1
raptured	1
rapt	1
rap	1
range	1
rang	1
ramble	1
rains	1
rain	1
rage	1
race	1
quiet	1
quickly	1
quickened	1
questions	1
quenches	1
queenly	1
queen	1
pursue	1
purse	1
purposes	1
purls	1
pupil	1
punish	1
pulpiteers	1
public	1
psalm	1
prowl	1
provided	1
proven	1
proudly	1
protract	1
protesting	1
protection	1
protect	1
prose	1
proper	1
pronounced	1
prolong	1
proclaimed	1
privilege	1
private	1
prison	1
print	1
primal	1
priceless	1
previous	1
pressed	1
press	1
presence	1
prescribes	1
prediction	1
predicting	1
preacher	1
preached	1
prayed	1
prate	1
practised	1
practice	1
powerless	1
pouring	1
postponed	1
possessor	1
possess	1
portrait	1
polluting	1
politician	1
poise	1
pointedly	1
pluck	1
plot	1
plied	1
pledges	1
pledged	1
pleading	1
plea	1
play	1
plans	1
plannings	1
planning	1
plaintive	1
plaint	1
plainly	1
pitying	1
pity	1
pippins	1
pious	1
pining	1
pilgrun	1
pile	1
phases	1
pews	1
pest	1
pervading	1
perplexing	1
perpetrated	1
permitting	1
permit	1
perfume	1
perfecting	1
perch	1
penny	1
pence	1
pelt	1
peerless	1
pattered	1
patriotic	1
patiently	1
pathway	1
passioned	1
passion	1
passing	1
parson	1
parry	1
parried	1
parents	1
parchment	1
paragraph	1
paradise	1
paper	1
panting	1
pansied	1
panoply	1
palms	1
pallid	1
pale	1
pairing	1
paintings	1
page	1
p	1
overestimate	1
outer	1
ours	1
ought	1
ou	1
orisons	1
origin	1
ordereth	1
ordained	1
orchards	1
orchard	1
orbs	1
oppression	1
oppressed	1
oppose	1
open	1
oint	1
offering	1
offer	1
odours	1
october	1
ocean	1
obtain	1
observed	1
obscurity	1
object	1
obey	1
oasis	1
o'erlooking	1
nurtured	1
nurses	1
number	1
noxious	1
nought	1
noting	1
notice	1
nothingness	1
nothing	1
noted	1
northern	1
noontide	1
noons	1
nigh	1
neighbours	1
neighbouring	1
neighbourhood	1
neighbour	1
neglecting	1
needless	1
needing	1
needeth	1
neath	1
nearing	1
nearer	1
neared	1
nbove	1
nation	1
naming	1
names	1
n	1
mystery	1
mysterious	1
mysteries	1
myself	1
murky	1
murk	1
motto	1
motioning	1
motion	1
motherless	1
mortals	1
mornings	1
morals	1
mood	1
month	1
monitions	1
mong	1
monarch	1
moment	1
moist	1
moans	1
mistake	1
missioned	1
mission	1
missed	1
miser	1
mirrored	1
mio	1
minstrels	1
ministrants	1
mingling	1
minds	1
mindful	1
milton	1
mien	1
midst	1
mid	1
meteth	1
merry	1
memor	1
member	1
melodious	1
melodies	1
meant	1
means	1
meanness	1
meanings	1
meads	1
matter	1
mastery	1
massachusetts	1
masons	1
martial	1
mars	1
married	1
marks	1
marked	1
marble	1
mansions	1
mankind	1
mandate	1
managed	1
making	1
maize	1
maintaining	1
mainly	1
main	1
mail	1
maidens	1
magnified	1
magic	1
madness	1
machinery	1
ma	1
lures	1
lured	1
lumber	1
lucid	1
loyal	1
lowly	1
lovero	1
loveliest	1
loudly	1
loudest	1
losing	1
lordly	1
looking	1
looked	1
lobby	1
loaf	1
load	1
liveth	1
livelihood	1
listened	1
list	1
lip	1
lions	1
lingering	1
lined	1
line	1
lincoln	1
limpid	1
lilhan	1
liking	1
lighted	1
lifelong	1
liberty	1
liberals	1
lever	1
lesser	1
lessen	1
less	1
lens	1
length	1
leisure	1
legislative	1
leaves	1
leaved	1
leathern	1
leaf	1
leads	1
leadeth	1
leaders	1
leader	1
lazy	1
lay	1
laws	1
lavish	1
lave	1
laughs	1
laughing	1
laughed	1
laudation	1
latest	1
lasting	1
larks	1
largest	1
languages	1
language	1
lane	1
landscapes	1
laden	1
lacking	1
laborious	1
knowing	1
knightly	1
knelt	1
kneeling	1
knave	1
knack	1
kith	1
kissed	1
kingly	1
kenned	1
keepsake	1
keener	1
just	1
juror	1
jupiter	1
june	1
joyful	1
joyed	1
jove	1
journeyed	1
jokes	1
joined	1
jeered	1
jealousies	1
jealous	1
iury	1
itself	1
italy	1
ire	1
ioy	1
io	1
invoke	1
invitation	1
invest	1
intervene	1
interpret	1
interpose	1
intensity	1
intended	1
instead	1
inspirer	1
insight	1
insanity	1
inquire	1
injunctions	1
initial	1
inhaling	1
inhale	1
inform	1
inflict	1
infinite	1
inferred	1
induced	1
index	1
ind	1
increase	1
incited	1
impulses	1
improving	1
import	1
imply	1
impish	1
imperilled	1
impel	1
imparting	1
illustrious	1
illumes	1
ills	1
il	1
ignominous	1
ignoble	1
idle	1
icy	1
hyenas	1
huskings	1
hurt	1
hunger	1
hung	1
hundred	1
humming	1
hues	1
ht	1
hovering	1
hovered	1
hover	1
housatonic	1
hot	1
hosannas	1
hoped	1
honours	1
honeymoon	1
homeward	1
homemade	1
hindrances	1
himself	1
highborn	1
hidden	1
hewn	1
hers	1
herald	1
helps	1
helpfulness	1
helpfully	1
heeding	1
heavens	1
heats	1
heat	1
heartrending	1
heartiest	1
heartfelt	1
hearest	1
healthful	1
hay	1
havoc	1
haunt	1
haste	1
harshness	1
harps	1
harpers	1
harmonies	1
hardy	1
hardly	1
happiest	1
happier	1
haply	1
halls	1
halcyon	1
hadst	1
habitues	1
h	1
guns	1
guides	1
guardian	1
groves	1
group	1
grit	1
greying	1
greeting	1
greening	1
greened	1
green	1
greedy	1
greatest	1
greater	1
grave	1
gratefully	1
granted	1
grant	1
grander	1
graciousness	1
graces	1
governor	1
gossips	1
goodly	1
godlike	1
gnawing	1
glories	1
glor	1
glinted	1
glimpse	1
gleeful	1
glee	1
glancing	1
gladsomeness	1
gladness	1
gladly	1
glades	1
giver	1
girls	1
gild	1
gifted	1
get	1
gentleness	1
gemmed	1
gem	1
gazed	1
gay	1
gavest	1
gavel	1
gauge	1
gather	1
garb	1
galleries	1
gall	1
gales	1
gaining	1
gained	1
furniture	1
furnish	1
fulcrum	1
fruits	1
fruition	1
fruit	1
frowns	1
frowning	1
frown	1
frivolity	1
frigid	1
friendship	1
friendly	1
fret	1
fray	1
frank	1
france	1
fourth	1
fountains	1
founded	1
fortunate	1
forsaken	1
forofiven	1
forms	1
former	1
formed	1
forgotten	1
forgives	1
forgiven	1
forgetting	1
foretelling	1
forests	1
forbid	1
foolish	1
food	1
fondness	1
fondest	1
folk	1
foes	1
foemen	1
flushes	1
flowing	1
flowed	1
flow	1
flourish	1
flint	1
flies	1
fleetest	1
flecked	1
flask	1
flail	1
five	1
firmly	1
firing	1
finding	1
final	1
fiery	1
fiercely	1
fiendish	1
fiction	1
fiat	1
ffive	1
fewer	1
feuds	1
feudal	1
fetters	1
feting	1
feted	1
fervors	1
fervid	1
fervency	1
fertility	1
fences	1
fenced	1
felicitous	1
fees	1
feeling	1
feel	1
fed	1
feasts	1
fearing	1
fearful	1
fearest	1
favoured	1
fateful	1
fated	1
farming	1
farmhouse	1
faring	1
fares	1
fared	1
fanned	1
fancies	1
fan	1
family	1
famed	1
faltering	1
falseness	1
fall	1
fainted	1
faint	1
failings	1
faces	1
eye	1
extremest	1
extravagance	1
extortions	1
extends	1
extending	1
explode	1
explained	1
expectation	1
exhale	1
excellence	1
excelled	1
exceeds	1
evincing	1
evil	1
everybody	1
evergreen	1
evanescent	1
european	1
europe	1
euclid	1
etjulbert	1
eternity	1
estimate	1
esteems	1
estates	1
estate	1
essayed	1
espy	1
especial	1
errand	1
equal	1
envy	1
entwined	1
entrancing	1
entranced	1
entrance	1
enthroned	1
ensconced	1
enraged	1
ennoblement	1
enlightens	1
enjoyment	1
enhance	1
english	1
enervate	1
endured	1
endurance	1
endued	1
ending	1
ended	1
endearing	1
endear	1
enamoured	1
en	1
emulate	1
empowered	1
employs	1
emotions	1
emotion	1
eminent	1
eloquence	1
elnathan	1
elevates	1
elect	1
eighty-four	1
edens	1
eden	1
ebbing	1
eastward	1
ease	1
earti'i	1
earths	1
earthliness	1
earnestness	1
earned	1
eager	1
dwelleth	1
duration	1
dun	1
drove	1
dropped	1
driven	1
drifts	1
drifting	1
drear	1
dreamed	1
dreadest	1
drank	1
dramatic	1
doubtful	1
dominant	1
domestic	1
doleful	1
dole	1
doctor	1
dizzy	1
divest	1
distressed	1
distill	1
distant	1
dissolving	1
disregard	1
displayed	1
dispensing	1
dispelled	1
dismount	1
dismiss	1
dish	1
discreetly	1
discovered	1
discover	1
discoursing	1
discouraged	1
discord	1
discerning	1
discarded	1
disaster	1
direful	1
direction	1
directing	1
directed	1
direct	1
dimmed	1
dews	1
development	1
despite	1
despise	1
despairing	1
desire	1
design	1
deserves	1
deserve	1
descending	1
descend	1
derisive	1
depths	1
denied	1
demanding	1
dell	1
delighteth	1
delicious	1
deign	1
defying	1
defy	1
defeating	1
defeated	1
deeply	1
deepest	1
deems	1
deeming	1
deemed	1
decreed	1
decoys	1
deck	1
decision	1
decided	1
deceive	1
debtor	1
dearly	1
dealt	1
dead	1
deacons	1
dawnings	1
dawfi	1
darkest	1
darkens	1
darkened	1
daring	1
dare	1
dangerous	1
cursing	1
curses	1
curls	1
cure	1
cummington	1
cultured	1
cry	1
crushed	1
crush	1
crumbled	1
cruelly	1
crowds	1
crosses	1
crossed	1
cross	1
criticise	1
critic	1
crimson	1
cries	1
creator	1
craft	1
coy	1
cowards	1
coward	1
cousin	1
courtier	1
courteous	1
coursing	1
courageous	1
countries	1
counterpart	1
counsel	1
cot	1
correct	1
corners	1
corn	1
copied	1
coolest	1
cool	1
convincing	1
convert	1
convening	1
control	1
contritions	1
continues	1
continue	1
consummation	1
consummate	1
consigning	1
conquer	1
conies	1
congratulations	1
congratulated	1
confided	1
confesses	1
confessed	1
condign	1
con	1
comprehend	1
completion	1
compelling	1
compass	1
compare	1
commissioned	1
commands	1
comely	1
comeliest	1
combining	1
columbia	1
coldest	1
colburn	1
coinage	1
coasting	1
clue	1
clover	1
clouds	1
cloaked	1
clip	1
clinging	1
climb	1
cleaving	1
clasping	1
claims	1
claimed	1
city	1
circling	1
chronicle	1
chosen	1
chorus	1
choked	1
choirs	1
choice	1
chime	1
chief	1
cherry	1
chemistry	1
cheery	1
cheerful	1
check	1
chary	1
charmed	1
changes	1
change	1
chance	1
champion	1
challenge	1
cf	1
century	1
centre	1
cellars	1
cedars	1
ceaseth	1
cease	1
causing	1
causes	1
cause	1
caught	1
cast	1
cart	1
carried	1
carolling	1
carnage	1
caresses	1
caressed	1
caress	1
careening	1
capture	1
capitol	1
canvas	1
canst	1
camp	1
calling	1
burst	1
burns	1
burned	1
buried	1
burden	1
built	1
builds	1
budding	1
bud	1
buckwheat	1
bubble	1
brow	1
brook	1
broke	1
broad	1
bringest	1
brimming	1
brighter	1
brighdy	1
briggs	1
breathing	1
breathed	1
breaks	1
break	1
boy	1
bows	1
bought	1
bosom	1
borrow	1
borders	1
boots	1
book	1
blotted	1
blossom	1
blood	1
blissful	1
blew	1
blessinsr	1
blessest	1
blesses	1
blended	1
bleak	1
blaze	1
blast	1
blaring	1
bitterest	1
biting	1
bind	1
billows	1
bidding	1
biddest	1
between	1
bettered	1
betides	1
betide	1
besieged	1
bent	1
benediction	1
bending	1
belied	1
behove	1
behold	1
behaviour	1
behave	1
begins	1
beginning	1
beg	1
bees	1
beers	1
beeches	1
beechen	1
beckoned	1
beat	1
bearing	1
beamed	1
beaks	1
bays	1
battles	1
battled	1
bashfulness	1
barrister	1
barren	1
bar	1
banished	1
band	1
back	1
baby	1
azure	1
awoke	1
aware	1
awaits	1
avould	1
avoiding	1
averted	1
avarice	1
avail	1
autumnal	1
austere	1
august	1
augurs	1
attune	1
attracts	1
attracting	1
attired	1
attest	1
attentive	1
attention	1
attain	1
atmosphere	1
ate	1
astray	1
assure	1
assist	1
assigned	1
assembly	1
assembled	1
assault	1
asrain	1
askest	1
aside	1
ascended	1
artlessly	1
artificial	1
arms	1
arm	1
aright	1
arbutus	1
apt	1
approval	1
appoint	1
appliance	1
applause	1
appeased	1
appearing	1
apollyon	1
anxious	1
anthems	1
anthem	1
ant	1
answers	1
annoy	1
announcing	1
announce	1
annealed	1
anguish	1
ample	1
ambrosial	1
amble	1
amber	1
alpine	1
alonsf	1
alive	1
alarms	1
aiding	1
ages	1
afterwards	1
afterward	1
afternoons	1
aflame	1
affright	1
affords	1
affording	1
afford	1
affliction	1
affiance	1
affection	1
afar	1
advent	1
adorning	1
adopts	1
adolescent	1
admit	1
admiring	1
admire	1
admiration	1
adjoining	1
added	1
ad	1
acting	1
acted	1
achieving	1
accuse	1
acclaim	1
accessible	1
abundantly	1
abode	1
abijah	1
^^^	1
]	1
?,	1
?"	1
.?	1
.)	1
.''	1
-"	1
**	1
*	1
(	1
',	1
'''	1
''	1
!'	1
