,	1576
the	904
.	786
and	588
to	359
a	327
of	312
i	310
;	276
in	212
|romannumeral|	174
|'s|	163
—	159
his	158
all	133
he	132
with	119
!	112
that	106
for	105
is	102
as	96
on	83
from	82
thy	78
"	76
but	74
|arabic2digit|	71
was	68
there	65
be	64
:	60
over	58
|arabic3digit|	57
it	57
when	54
were	50
now	50
my	50
love	50
its	50
how	50
are	50
or	48
no	46
where	45
her	45
at	44
they	43
so	43
'	41
heart	40
then	39
still	39
by	39
every	38
thou	37
not	37
you	36
down	36
sweet	34
shall	33
earth	33
yet	32
we	32
life	32
more	31
your	30
this	30
would	29
up	29
an	29
will	28
their	28
what	27
nor	27
day	27
while	26
sad	26
again	26
like	25
have	25
hath	25
each	25
upon	24
one	24
let	24
could	24
?	24
old	23
man	23
little	23
hand	23
|arabic1digit|	22
if	22
gone	22
ah	22
youth	21
ye	21
some	21
home	21
him	21
way	20
till	20
soon	20
see	20
here	20
she	19
sea	19
oh	19
me	19
hour	19
had	19
eye	19
away	19
well	18
them	18
our	18
must	18
many	18
far	18
who	17
time	17
though	17
tell	17
soul	17
sky	17
might	17
may	17
fair	17
deep	17
around	17
truth	16
tis	16
these	16
long	16
come	16
through	15
sun	15
star	15
side	15
name	15
mighty	15
make	15
light	15
lie	15
last	15
hope	15
high	15
good	15
can	15
along	15
above	15
vain	14
true	14
too	14
thee	14
such	14
spirit	14
out	14
oft	14
night	14
near	14
hill	14
die	14
dark	14
bright	14
air	14
went	13
should	13
said	13
poor	13
mercy	13
made	13
go	13
gate	13
fell	13
dear	13
came	13
beautiful	13
world	12
tear	12
tale	12
take	12
st	12
sin	12
seemed	12
has	12
great	12
free	12
do	12
death	12
dead	12
care	12
thus	11
t	11
strike	11
sigh	11
saw	11
ms	11
lo	11
land	11
jake	11
hear	11
glorious	11
ever	11
wo	10
town	10
story	10
stone	10
sped	10
sorrow	10
song	10
shore	10
prayer	10
power	10
past	10
never	10
mother	10
morning	10
men	10
heaven	10
hearts	10
god	10
find	10
dragon	10
door	10
despair	10
wild	9
wide	9
weep	9
things	9
strong	9
seen	9
sail	9
ray	9
o	9
midnight	9
know	9
knew	9
gentle	9
gave	9
full	9
fly	9
dread	9
done	9
comes	9
call	9
battle	9
angel	9
alas	9
yon	8
weary	8
tears	8
swift	8
storm	8
rest	8
radiant	8
mine	8
meet	8
lost	8
jewel	8
hast	8
glory	8
friend	8
found	8
forth	8
flowers	8
ear	8
doth	8
christian	8
children	8
brow	8
boy	8
beauty	8
another	8
years	7
work	7
word	7
wlien	7
wing	7
tree	7
tliat	7
times	7
tide	7
than	7
sway	7
say	7
prove	7
peace	7
nought	7
nothing	7
most	7
m	7
lonely	7
live	7
left	7
joy	7
grief	7
grew	7
glowing	7
give	7
gem	7
first	7
fields	7
fear	7
fame	7
even	7
breast	7
brave	7
bower	7
bow	7
beam	7
youthful	6
young	6
won	6
winds	6
which	6
wanderer	6
voices	6
voice	6
us	6
thousand	6
thought	6
those	6
stood	6
spread	6
son	6
soldier	6
skies	6
since	6
shadows	6
roll	6
rare	6
pure	6
pole	6
play	6
people	6
path	6
part	6
other	6
once	6
ocean	6
nicholas	6
new	6
nature	6
n	6
hilt	6
head	6
happy	6
guide	6
green	6
gloom	6
gay	6
gates	6
freedom	6
flown	6
flow	6
feet	6
fate	6
faithful	6
drew	6
dog	6
cry	6
cell	6
cannot	6
breeze	6
bosom	6
blast	6
birds	6
bid	6
beyond	6
been	6
back	6
alone	6
abide	6
worth	5
woman	5
winter	5
win	5
why	5
whose	5
wealth	5
war	5
view	5
twas	5
try	5
trees	5
told	5
toil	5
three	5
sure	5
summit	5
summer	5
strife	5
streets	5
stem	5
stand	5
smoke	5
sleep	5
shame	5
shalt	5
santaclaus	5
rose	5
roar	5
right	5
put	5
praise	5
portal	5
pen	5
passed	5
palisades	5
onward	5
only	5
noble	5
nation	5
move	5
mournful	5
mountain	5
mortal	5
mind	5
mark	5
low	5
loud	5
lord	5
lone	5
leave	5
lay	5
keep	5
innocence	5
immortal	5
hark	5
hail	5
grow	5
ground	5
grave	5
golden	5
forest	5
footsteps	5
folly	5
fold	5
flower	5
flock	5
flame	5
fast	5
fall	5
e	5
deeds	5
days	5
child	5
burning	5
bud	5
brother	5
blow	5
bloom	5
blessed	5
bis	5
before	5
banner	5
art	5
ancient	5
among	5
afar	5
-	5
year	4
wrong	4
without	4
wintery	4
wings	4
wind	4
white	4
wear	4
warrior	4
united	4
uncle	4
two	4
twere	4
trump	4
truant	4
tattletown	4
swell	4
susan	4
strove	4
strive	4
strength	4
stranger	4
strain	4
step	4
stay	4
spake	4
sound	4
soft	4
sister	4
sight	4
sighs	4
show	4
ship	4
shed	4
shade	4
set	4
seems	4
season	4
school	4
run	4
rude	4
round	4
rolled	4
river	4
rise	4
repose	4
reign	4
red	4
read	4
ran	4
rage	4
race	4
prize	4
pleasures	4
pleasure	4
pleasant	4
pass	4
palace	4
own	4
off	4
north	4
none	4
mystic	4
mountains	4
mill	4
master	4
maiden	4
loved	4
look	4
liis	4
lier	4
leaf	4
lea	4
laid	4
just	4
joys	4
joyous	4
journey	4
holy	4
hither	4
hills	4
heroic	4
heroes	4
heavenly	4
heard	4
haste	4
harvest	4
hallowed	4
gun	4
glow	4
gives	4
girls	4
garden	4
forever	4
fond	4
flood	4
flew	4
flee	4
fled	4
field	4
few	4
false	4
falling	4
f	4
eyes	4
eternity	4
early	4
eager	4
dream	4
divine	4
did	4
depths	4
dawn	4
darksome	4
dare	4
cruel	4
cover	4
course	4
country	4
cottage	4
command	4
cold	4
clear	4
church	4
christmas	4
certain	4
centuries	4
career	4
calm	4
breath	4
born	4
blood	4
blew	4
beneath	4
below	4
behold	4
bear	4
beaming	4
awake	4
august	4
appear	4
appeal	4
any	4
annie	4
angels	4
am	4
age	4
about	4
ab	4
."	4
•	3
zion	3
yain	3
written	3
wooden	3
wondrous	3
wonder	3
woe	3
whom	3
whispering	3
wherever	3
whence	3
whatever	3
west	3
weeping	3
wave	3
waters	3
wait	3
very	3
valleys	3
vale	3
turned	3
tried	3
treasure	3
tread	3
travel	3
toll	3
thunder	3
thine	3
tempest	3
task	3
sweeps	3
sung	3
stroke	3
street	3
stream	3
strange	3
stockings	3
stocking	3
stars	3
spring	3
sprang	3
spoken	3
speed	3
speak	3
spare	3
spar	3
south	3
something	3
soar	3
smiling	3
sit	3
sire	3
sing	3
silent	3
shout	3
shepherd	3
shades	3
sevastopol	3
serene	3
sense	3
send	3
seem	3
seek	3
seat	3
scythe	3
scene	3
saviour	3
sat	3
sang	3
sage	3
ruins	3
rocks	3
roam	3
rivers	3
righteous	3
rich	3
returning	3
remotest	3
reason	3
real	3
rattle	3
rang	3
raise	3
rainbow	3
queen	3
pride	3
prevail	3
prepare	3
pray	3
pipe	3
pinions	3
pierce	3
perils	3
peasant	3
peaceful	3
patriot	3
paths	3
pain	3
page	3
overcast	3
ought	3
note	3
nose	3
noon	3
nations	3
mystery	3
mysterious	3
much	3
mourn	3
morn	3
mere	3
memory	3
matchless	3
lovely	3
london	3
living	3
line	3
lies	3
liberty	3
lesson	3
led	3
learning	3
lawn	3
lands	3
laden	3
knife	3
kindly	3
j	3
into	3
instead	3
instant	3
ill	3
ilath	3
icy	3
humble	3
houses	3
house	3
horse	3
horrid	3
hopes	3
himself	3
hied	3
help	3
heavens	3
hearth	3
heaps	3
hastening	3
harmony	3
haply	3
guard	3
greet	3
grasp	3
grand	3
gospel	3
gold	3
going	3
goes	3
glen	3
gifts	3
giant	3
gently	3
gallant	3
gale	3
fury	3
friendship	3
friends	3
four	3
forms	3
form	3
forests	3
foot	3
foes	3
flying	3
flowing	3
flight	3
fleet	3
filled	3
fight	3
fiercely	3
fierce	3
feeling	3
feel	3
father	3
fatal	3
faith	3
evermore	3
evening	3
ere	3
enter	3
endure	3
empire	3
emotion	3
eden	3
ease	3
earnest	3
duty	3
dublin	3
drink	3
dover	3
doubt	3
dome	3
dirge	3
desolate	3
demand	3
delight	3
decay	3
danger	3
cried	3
courage	3
counsel	3
control	3
close	3
clock	3
city	3
childhood	3
change	3
chains	3
cease	3
cap	3
calling	3
brings	3
bring	3
brief	3
breaks	3
bravely	3
boys	3
bore	3
book	3
bold	3
boemus	3
bloody	3
bliss	3
billow	3
best	3
beside	3
begin	3
bee	3
bed	3
because	3
beard	3
bark	3
bard	3
ask	3
april	3
anguish	3
amsterdam	3
almost	3
album	3
ages	3
(	3
younger	2
yonder	2
yields	2
yea	2
wouldst	2
working	2
wood	2
wont	2
wonderful	2
woeful	2
wlio	2
witty	2
within	2
wise	2
wipe	2
widow	2
wicked	2
whole	2
whispers	2
western	2
weigh	2
weeper	2
waves	2
watches	2
wasted	2
washington	2
want	2
wandering	2
wandered	2
wander	2
wall	2
wakes	2
wake	2
wages	2
visions	2
vision	2
vile	2
verse	2
vast	2
vanished	2
utter	2
utmost	2
untold	2
until	2
universe	2
under	2
tyranny	2
turning	2
ttie	2
trumpet	2
trial	2
travels	2
traveller	2
transient	2
tranquil	2
toys	2
touched	2
touch	2
tossed	2
tops	2
took	2
tongue	2
tomorrow	2
tokens	2
toils	2
together	2
tms	2
tints	2
tilings	2
threw	2
thinking	2
think	2
thing	2
thence	2
theme	2
terror	2
ten	2
tempests	2
teach	2
taylor	2
tavern	2
taken	2
tail	2
sword	2
swept	2
sweetly	2
sweeping	2
sweep	2
surges	2
supply	2
superstition	2
sudden	2
substance	2
struggling	2
struck	2
streams	2
streamlet	2
straying	2
steps	2
steep	2
state	2
start	2
starry	2
stands	2
stamped	2
stain	2
staff	2
square	2
spurn	2
spheres	2
sphere	2
spain	2
sought	2
sorrows	2
sordid	2
soothe	2
sooth	2
sons	2
solitude	2
solace	2
soaring	2
snow	2
snares	2
smite	2
smiles	2
slow	2
sleigh	2
sleeping	2
slain	2
skim	2
skates	2
sitting	2
sinks	2
sink	2
single	2
singing	2
sign	2
shun	2
showers	2
shower	2
share	2
sever	2
seven	2
setting	2
sets	2
seize	2
seest	2
secure	2
seasons	2
seas	2
scarce	2
says	2
saith	2
sailors	2
sailor	2
sages	2
safely	2
safe	2
sadly	2
sadden	2
s	2
ruled	2
ruined	2
ruin	2
rugged	2
root	2
romping	2
rolls	2
rippling	2
ring	2
rill	2
reward	2
requiem	2
reply	2
renewed	2
remember	2
reluctant	2
relate	2
rejoices	2
rejoice	2
regret	2
regions	2
regal	2
reflection	2
redoubt	2
records	2
receive	2
ready	2
re	2
ravenous	2
rapturous	2
rapture	2
ranks	2
quivering	2
queer	2
purse	2
purest	2
prow	2
proudest	2
profound	2
prince	2
prime	2
pressed	2
powers	2
pouring	2
poured	2
pour	2
portentous	2
pool	2
ploughman	2
plough	2
please	2
playthings	2
planting	2
planted	2
plant	2
plains	2
pine	2
pilgrim	2
piled	2
picture	2
pet	2
peril	2
pensive	2
pearls	2
pearl	2
patriots	2
pathway	2
passing	2
park	2
paris	2
paradise	2
pair	2
painted	2
pabt	2
overflow	2
orphans	2
opens	2
open	2
ones	2
often	2
oer	2
oblivious	2
obey	2
oak	2
nuts	2
ns	2
nothings	2
notes	2
nook	2
nod	2
nigh	2
nerve	2
need	2
nearly	2
native	2
myriad	2
musing	2
murky	2
murderer	2
mowing	2
motion	2
mossy	2
mortar	2
mortals	2
morrow	2
monsters	2
money	2
moloch	2
mj	2
missionary	2
mission	2
mirth	2
mingling	2
mingled	2
millions	2
miles	2
mid	2
melody	2
melodies	2
measure	2
meaning	2
mead	2
mates	2
mastiff	2
mariners	2
margin	2
manhood	2
making	2
maidens	2
lyre	2
ly	2
lustre	2
looks	2
looked	2
longing	2
lived	2
listen	2
list	2
lind	2
lifted	2
legions	2
lee	2
leather	2
learned	2
leap	2
laws	2
law	2
lass	2
ladies	2
labour	2
kor	2
kone	2
ko	2
knows	2
knees	2
kings	2
kind	2
ken	2
k	2
june	2
july	2
island	2
inspiring	2
inspire	2
indeed	2
inclined	2
impart	2
idolatry	2
idle	2
hurried	2
hung	2
human	2
hudson	2
hs	2
hovered	2
hot	2
honey	2
homeward	2
holiday	2
hold	2
hoisted	2
hoary	2
ho	2
hke	2
hero	2
helm	2
heights	2
height	2
heed	2
heavenward	2
heathen	2
hearted	2
hears	2
havoc	2
harmless	2
hall	2
half	2
hair	2
gushed	2
gulf	2
guilty	2
guilt	2
guiding	2
guest	2
growl	2
grateful	2
grapple	2
grant	2
got	2
gore	2
goose	2
goodness	2
gloomy	2
glittering	2
gleam	2
generous	2
gathered	2
further	2
fruits	2
frozen	2
frowning	2
frown	2
frosty	2
friendly	2
freemen	2
france	2
frame	2
fragrant	2
fountains	2
fountain	2
forgetting	2
forget	2
footstep	2
fool	2
fondest	2
follow	2
follies	2
foe	2
floats	2
fleeting	2
flashing	2
firm	2
fire	2
finger	2
fine	2
fill	2
festivities	2
felt	2
feeble	2
fearful	2
fancy	2
fallacious	2
fairest	2
fairer	2
fain	2
fail	2
fade	2
face	2
explore	2
explain	2
excellence	2
evoke	2
error	2
equipped	2
entranced	2
enduring	2
ends	2
enchanted	2
emotions	2
embrace	2
else	2
elf	2
effort	2
edwin	2
echoes	2
eat	2
eagle	2
dying	2
dwelling	2
dwellers	2
during	2
drum	2
drove	2
dropped	2
drooping	2
dreary	2
dreadful	2
doom	2
does	2
disappears	2
dim	2
diadem	2
dewdrops	2
dew	2
devotion	2
despairing	2
dell	2
delights	2
delaying	2
dejection	2
degree	2
defy	2
deem	2
declare	2
decked	2
deceit	2
deadly	2
d	2
cuts	2
cut	2
crying	2
crown	2
crowded	2
cross	2
crafty	2
cot	2
cost	2
correction	2
cool	2
content	2
conquer	2
complete	2
cometh	2
columbus	2
clouds	2
cloud	2
climbed	2
clash	2
claim	2
christians	2
chorus	2
chief	2
cheerful	2
cheer	2
cheek	2
chase	2
charms	2
charm	2
charley	2
charge	2
chanting	2
chain	2
celestial	2
ceased	2
caves	2
catharine	2
castles	2
castle	2
cares	2
careering	2
car	2
calls	2
cakes	2
buy	2
burst	2
broken	2
broke	2
breathes	2
breathed	2
break	2
bowl	2
bowers	2
bound	2
boughs	2
books	2
blue	2
blooming	2
blissful	2
blessing	2
bless	2
bleak	2
bitter	2
birth	2
bim	2
beware	2
better	2
betrayed	2
bestow	2
ber	2
bend	2
believe	2
being	2
beguile	2
base	2
bands	2
band	2
balm	2
ball	2
bags	2
bag	2
bade	2
babes	2
awful	2
arts	2
arose	2
arms	2
arm	2
arise	2
ariglit	2
anthems	2
anchor	2
amid	2
america	2
ambition	2
aim	2
after	2
afraid	2
advice	2
action	2
accents	2
abound	2
\	2
.,	2
)	2
''	2
»	1
|arabic5+digit|	1
|arabic4digit|	1
zuyder	1
zero	1
zephyrs	1
zephyr	1
zee	1
youtlifal	1
yours	1
youjhave	1
you'll	1
york	1
yore	1
yontli	1
yine	1
yill	1
yii	1
yielded	1
yield	1
yi	1
yesuvins	1
yes	1
yellow	1
yell	1
yeak	1
yawn	1
yainlj	1
y	1
xin	1
xelly	1
wtiy	1
wtiose	1
wtiich	1
wrung	1
wrought	1
wrote	1
wronging	1
wriucn	1
writhing	1
writes	1
write	1
wretched	1
wrecked	1
wreath	1
wrath	1
worthless	1
worshipped	1
worship	1
worse	1
worlds	1
woods	1
wonldst	1
wondering	1
women	1
wolves	1
wolf	1
woes	1
wmstled	1
wmgsl	1
wliolc	1
wizard	1
witk	1
withhold	1
withered	1
wither	1
witch	1
wishes	1
wish	1
wisdom	1
wiped	1
winged	1
wine	1
windy	1
windsor	1
windowpanes	1
windmills	1
wilt	1
wills	1
willow	1
wildly	1
wilderness	1
wiio	1
wife	1
widows	1
widowed	1
wicket	1
wickedly	1
whoso	1
whle	1
whit	1
whistling	1
whistles	1
whistled	1
whispereth	1
whispered	1
whirl	1
whigs	1
wheels	1
wheel	1
wetting	1
wet	1
wended	1
welcome	1
weight	1
ween	1
weeds	1
weed	1
wee	1
we'll	1
wben	1
wbat	1
waving	1
wavering	1
water	1
watchmen	1
watchman	1
watched	1
watch	1
waste	1
warning	1
warmer	1
warm	1
wares	1
warbling	1
warbles	1
wantonly	1
wanders	1
wand	1
walls	1
walking	1
walk	1
wajs	1
waj^	1
waiting	1
wailing	1
wail	1
wage	1
wafting	1
waft	1
wae	1
w	1
vsay	1
voyager	1
vow	1
votaries	1
voluptuous	1
volcano	1
vo	1
vn	1
vital	1
vistas	1
vista	1
visited	1
virtues	1
virtue	1
vines	1
vine	1
villain	1
villages	1
village	1
vil	1
vigils	1
vigil	1
viewless	1
vie	1
victory	1
victim	1
vex	1
vesuvius	1
verses	1
verge	1
verdure	1
venturous	1
venture	1
vengeance	1
velvet	1
vatican	1
vapours	1
vapour	1
vanquished	1
van	1
value	1
valour	1
valorous	1
valley	1
vainly	1
ushers	1
used	1
use	1
urging	1
urged	1
ural	1
uprear	1
upraises	1
upper	1
uo	1
unwindowed	1
unwilling	1
unwholesome	1
unwelcome	1
unwary	1
untutored	1
unto	1
untiring	1
unsung	1
unstained	1
unskilful	1
unseen	1
unscrew	1
unrol	1
unplanned	1
unloved	1
unknown	1
unkindly	1
universal	1
union	1
unhallowed	1
unfurled	1
unfruitfill	1
unfriendly	1
unfortunate	1
unfold	1
unfathomed	1
unes	1
unerring	1
unearthly	1
undone	1
undiscovered	1
uncouth	1
unclouded	1
uncertain	1
unavaihng	1
unasked	1
unarmed	1
ugly	1
u	1
tyrant	1
tying	1
twixt	1
twirl	1
twinkle	1
twined	1
twine	1
twenty	1
twentieth	1
twain	1
turrets	1
turns	1
turn	1
tunefal	1
tune	1
tuileries	1
tub	1
tsar	1
trying	1
truthful	1
trusty	1
trusts	1
trust	1
trumpets	1
trudging	1
troubled	1
troop	1
trojan	1
trode	1
trodden	1
trjdng	1
triumpli	1
triumphed	1
triumph	1
trinmpliantly	1
trinmpli	1
trickling	1
tribute	1
trenton	1
trembling	1
trembled	1
treat	1
trample	1
tramping	1
trade	1
track	1
towering	1
towered	1
towards	1
toward	1
tourist	1
touchstone	1
touches	1
tottering	1
torrents	1
topmost	1
tool	1
tonight	1
tones	1
tobacco	1
tnith	1
tne	1
tmniilts	1
tlirongli	1
tliroiigli	1
tlij	1
tliimders	1
tliiinders	1
tlic	1
tke	1
tiny	1
tinted	1
tint	1
tinsel	1
tin	1
ties	1
tied	1
tidings	1
thunders	1
thundering	1
thsy	1
ths	1
thrum	1
throw	1
throughout	1
throng	1
throne	1
throbbing	1
thriving	1
thrilling	1
thrill	1
thril	1
thrice	1
thouseesthelll	1
thousands	1
thoughtful	1
thoroughfare	1
thirsty	1
thirsts	1
thinks	1
thigh	1
thieving	1
thicken	1
therefore	1
thej	1
theirs	1
test	1
terrors	1
terrible	1
terrene	1
tendrils	1
tenderlj^	1
tempting	1
tempter	1
tempted	1
temple	1
temper	1
teeth	1
teem	1
teachers	1
tea	1
tb.jo	1
taw	1
taught	1
tattler	1
tarry	1
tarried	1
tapering	1
taper	1
tales	1
taking	1
taints	1
tables	1
tabby	1
sympathy	1
swung	1
sworn	1
swing	1
swiftly	1
sweetest	1
sweeten	1
swayed	1
surprised	1
surge	1
surface	1
supreme	1
suppliant	1
superstitions	1
superior	1
sunny	1
sundown	1
sunbeams	1
sunbeam	1
summons	1
sum	1
sullivak	1
sullen	1
suit	1
sugar	1
suffice	1
suddenly	1
succour	1
subsequently	1
sublimities	1
sublime	1
subdue	1
style	1
sty	1
sturdy	1
study	1
string	1
stretch	1
streaming	1
stray	1
strand	1
strait	1
strains	1
storied	1
stores	1
store	1
stopped	1
stole	1
stiver	1
stint	1
stings	1
stern	1
sterile	1
stepped	1
steers	1
steered	1
steeped	1
steeling	1
steel	1
steamboats	1
steam	1
stealthy	1
stealing	1
steal	1
steady	1
steadfast	1
stayed	1
stave	1
statistlce	1
stately	1
stateliest	1
startled	1
starting	1
starless	1
stark	1
standard	1
stamps	1
stamp	1
stalk	1
stak	1
stairs	1
srain	1
spy	1
spumed	1
springs	1
spreading	1
spraj	1
spouts	1
sports	1
spoke	1
splintered	1
splendours	1
splendour	1
splendid	1
spitefully	1
spire	1
spinning	1
spin	1
spend	1
spell	1
speeding	1
speaks	1
sparlding	1
sparkling	1
sparkle	1
spark	1
spared	1
spanning	1
spanish	1
spacious	1
space	1
sowing	1
sovereign	1
southwest	1
southward	1
southern	1
source	1
sour	1
sorrowing	1
sore	1
sooty	1
sootmng	1
soothing	1
soothed	1
sonl	1
songsters	1
songs	1
sometimes	1
somehow	1
solitary	1
soldiers	1
sold	1
sojourn	1
softly	1
soften	1
social	1
snug	1
snowy	1
snowdrift	1
snjdple	1
snfferer	1
snare	1
smouldering	1
smoothest	1
smooth	1
smoking	1
smiled	1
smile	1
smes	1
smart	1
small	1
smacks	1
slumbering	1
slumber	1
slipped	1
sliops	1
slioots	1
sliip	1
slight	1
sliell	1
sliade	1
sleeper	1
sled	1
slay	1
slavery	1
slander	1
skimmed	1
skill	1
skiflfs	1
sketch	1
skating	1
skate	1
six	1
sir	1
sipping	1
sip	1
sins	1
sinless	1
sings	1
sinful	1
sinfal	1
sincerely	1
sincere	1
simple	1
silver	1
silken	1
silently	1
silence	1
signet	1
sigli	1
sickening	1
sick	1
siberian	1
shuns	1
shudder	1
shrink	1
shrines	1
shrieks	1
shows	1
shown	1
showed	1
shouts	1
shouting	1
shouldst	1
shorter	1
shook	1
shone	1
shivering	1
ships	1
shineth	1
shine	1
shilling	1
shillala	1
shghting	1
shephekd	1
sheltering	1
sheltered	1
shelf	1
sheep	1
shatters	1
sharp	1
shafts	1
shaft	1
shadowy	1
sewed	1
sew	1
settle	1
serpent	1
sermon	1
serenest	1
serenely	1
seraphic	1
seraph	1
sentry	1
sentinel	1
sentiments	1
sent	1
sensual	1
senses	1
senseless	1
sends	1
sending	1
sell	1
selfish	1
self-denying	1
self-denial	1
seldom	1
seine	1
segars	1
sees	1
seer	1
seeming	1
seemeth	1
seeks	1
seeing	1
securing	1
secures	1
second	1
secluded	1
seats	1
seated	1
searching	1
search	1
sealed	1
scroll	1
screaming	1
scowling	1
scowled	1
scowl	1
scorned	1
score	1
scions	1
schoolboy	1
scholar	1
sceptre	1
scattered	1
scathing	1
scales	1
scaled	1
scaffold	1
sbouts	1
saying	1
sayest	1
savethatof	1
sauntered	1
saucy	1
satan	1
santacj.au	1
sanguine	1
sands	1
samson	1
salvation	1
salute	1
sake	1
sails	1
sailing	1
safety	1
sadness	1
sacrificial	1
sable	1
s<!otch	1
rusting	1
rustic	1
ruslied	1
rushed	1
rush	1
rural	1
running	1
rules	1
rudely	1
ruddy	1
royeb	1
royal	1
row	1
rover	1
rousing	1
rounds	1
rosy	1
roses	1
roseate	1
room	1
rongli	1
romid	1
romantic	1
rolling	1
rod	1
rocky	1
rock	1
robes	1
robert	1
roaring	1
road	1
rivalling	1
rising	1
ripened	1
ripe	1
rings	1
ringing	1
rigtit	1
righting	1
rightful	1
riders	1
rhyme	1
rhetorician	1
reviving	1
revive	1
review	1
reverie	1
reverend	1
revere	1
reverberates	1
revelled	1
revel	1
reveal	1
return	1
retreat	1
retired	1
restored	1
respire	1
resolved	1
resemblances	1
rescue	1
reproving	1
representatives	1
reposes	1
repenting	1
repentant	1
repel	1
repeat	1
repair	1
rent	1
renown	1
rends	1
rending	1
remove	1
remote	1
reminiscence	1
reminded	1
remembered	1
remains	1
religion	1
relief	1
relentless	1
release	1
rejoicel	1
reigned	1
rehearse	1
region	1
regimental	1
regard	1
regain	1
refulgent	1
reflections	1
reeks	1
redeemer	1
recreative	1
recreant	1
record	1
recommend	1
recollect	1
receiving	1
recall	1
rebels	1
reared	1
reaping	1
reaper	1
reap	1
realms	1
reached	1
raw	1
ravished	1
raved	1
rave	1
rast	1
rapid	1
rank	1
range	1
raised	1
rainbows	1
rags	1
rafter	1
r	1
quite	1
quietly	1
quiet	1
quickly	1
quickening	1
quest	1
quenclied	1
quenched	1
queens	1
quarters	1
quarrels	1
quaint	1
quaffing	1
quaff	1
puts	1
pursuit	1
pursuing	1
pursued	1
pursue	1
purses	1
purpose	1
purer	1
purchased	1
punch	1
pulses	1
pull	1
puddings	1
psalm	1
pruned	1
prospered	1
prose	1
propping	1
propitious	1
prophets	1
proof	1
prone	1
promises	1
promised	1
progression	1
professions	1
profession	1
prodigal	1
proclaims	1
proclaim	1
primer	1
priest	1
prices	1
preventing	1
prevails	1
prevailing	1
pretty	1
presumptuous	1
presses	1
press	1
presents	1
prepares	1
premises	1
predicted	1
precipice	1
precious	1
prayed	1
praising	1
powder	1
pours	1
potently	1
potent	1
potatoes	1
port	1
pope	1
pooreobert	1
ponder	1
pomp	1
poisons	1
poie.^	1
poetically	1
poesy	1
poem	1
pockets	1
plunged	1
plunder	1
plummet	1
plum	1
pluck	1
plouglied	1
plougkman	1
plnms	1
plights	1
plied	1
plenty	1
pledge	1
plead	1
playing	1
playfully	1
plank	1
plain	1
pitying	1
pits	1
piteous	1
pistols	1
piper	1
pioneer	1
pins	1
pinnace	1
pilots	1
pillowed	1
pillow	1
pigs	1
pigeon	1
piety	1
pies	1
pierced	1
picturesque	1
pianos	1
physicians	1
philosophy	1
philosophers	1
phantoms	1
phantom	1
pewter	1
petersburgh	1
petersburg	1
peter	1
pestilential	1
pert	1
persuaded	1
persia	1
permits	1
permit	1
perishing	1
perished	1
perform	1
perfame	1
perdition	1
percliance	1
percbance	1
penury	1
pent	1
pensively	1
penny	1
penned	1
penitent	1
pendant	1
pencil	1
pelting	1
pelazzar	1
pek	1
peerless	1
peep	1
pears	1
pear	1
peal	1
peaks	1
pay	1
pausing	1
paused	1
paulas	1
pattern	1
patriarchal	1
pate	1
pasture	1
pastor	1
passerby	1
pas	1
partition	1
parted	1
partake	1
parlour	1
parliament	1
parents	1
parental	1
parachute	1
papers	1
pap	1
panic	1
pangs	1
palsied	1
palm	1
palestine	1
painter	1
pains	1
pail	1
pahsades	1
pahsade	1
pages	1
pagan	1
packed	1
packages	1
pabn	1
p	1
owl	1
owe	1
overwhelming	1
overwhelm	1
overflows	1
overcome	1
outflowing	1
outcast	1
otir	1
others	1
orphan	1
orew	1
ore	1
order	1
orchard	1
orbs	1
oppressor	1
oppression	1
opposing	1
oppose	1
opened	1
op	1
onr	1
onl	1
olympian	1
older	1
olden	1
old-fashioned	1
oif	1
oftentimes	1
officers	1
ode	1
oceans	1
occurred	1
occasion	1
obscuring	1
obscured	1
obeying	1
oath	1
oars	1
oam©	1
o'erwearied	1
o'ershadows	1
nurtured	1
nursed	1
numerous	1
numbers	1
number	1
nsed	1
nsbing	1
np	1
novels	1
nourish	1
notre	1
northern	1
nobler	1
nobility	1
nnwash'd	1
nnfurled	1
nis	1
nimrod	1
nimble	1
niece	1
next	1
newer	1
nevermore	1
nether	1
nestle	1
nero	1
neitjier	1
neither	1
neighbours	1
needle	1
neck	1
nearest	1
nearer	1
nd	1
natal	1
narrow	1
narcotic	1
nameless	1
nail	1
mysteries	1
myriads	1
muttering	1
mute	1
musulman	1
muster	1
music	1
muses	1
mused	1
muse	1
muscovite	1
murmurs	1
murmuring	1
mrmmw	1
mowers	1
mowed	1
mouths	1
mouth	1
mournfully	1
mourner	1
mount	1
mound	1
moumm	1
mouldering	1
mould	1
mothers	1
mosque	1
morel	1
morals	1
moral	1
moored	1
moons	1
montgolfier	1
monrnfal	1
monkeys	1
moments	1
momenta	1
moment	1
mom	1
moliammed	1
mokning	1
modest	1
mockeries	1
moaning	1
mn	1
mmute	1
mmd	1
mm	1
mistress	1
misshapen	1
minstrel	1
ministers	1
mingles	1
mingle	1
mines	1
minds	1
mince	1
minaret	1
mile	1
miglitj	1
mightj	1
mien	1
midnights	1
mice	1
mew	1
methinks	1
met	1
merry	1
merely	1
mercj	1
mental	1
mend	1
memorials	1
memorial	1
melting	1
melted	1
melt	1
melancholy	1
meirj	1
meets	1
meerschaum	1
meek	1
meed	1
mediterranean	1
meditative	1
mechanic	1
measures	1
means	1
meal	1
maybe	1
mature	1
matron	1
mathematician	1
massive	1
mart	1
marriage	1
marks	1
marked	1
marj	1
mariner	1
marching	1
marbles	1
map	1
mantled	1
mantle	1
mangled	1
manahatta	1
mammonite	1
maketh	1
makes	1
maker	1
majestically	1
maj	1
main	1
maid	1
magnitudes	1
magic	1
madrid	1
mad	1
maa	1
lying	1
luxurious	1
lustrous	1
lurk	1
lured	1
lucy	1
luckless	1
lu	1
loye	1
lowering	1
loving	1
loves	1
lover	1
lova	1
lour	1
lotid	1
lot	1
lose	1
lore	1
lopping	1
looketli	1
logician	1
lofty	1
location	1
loaf	1
listening	1
lis	1
lip	1
liow	1
lionses	1
lionseless	1
lion	1
linked	1
lingering	1
lingered	1
lines	1
limitless	1
limbs	1
lily	1
lilacs	1
liking	1
liiimble	1
liie	1
lighting	1
lifei	1
lieffable	1
lieedless	1
liberty^s	1
liaiid	1
lets	1
lessening	1
length	1
lend	1
legion	1
legend	1
learns	1
learn	1
leapt	1
lean	1
leafless	1
leaden	1
lays	1
lawyers	1
laurels	1
launching	1
larger	1
lapse	1
lap	1
lanes	1
lane	1
landscapes	1
landscape	1
lamenting	1
lament	1
lambs	1
lake	1
laj	1
lad	1
labourer	1
l^appy	1
kuss	1
kule	1
kuined	1
kow	1
kouse	1
kosciuscan	1
knowledge	1
knotty	1
knickerbocker	1
knelt	1
knee	1
kjiell	1
kivulets	1
kittens	1
kingdom	1
king	1
kindred	1
kindness	1
kindlj	1
kindest	1
killing	1
killed	1
kill	1
kicholas	1
kever	1
kemoter	1
kemorse	1
kejoicel	1
kegardless	1
keeps	1
keen	1
kedeemer	1
keartli	1
kay	1
kature	1
katrina	1
kations	1
juggernauth	1
judah	1
jubilee	1
jpon	1
joyful	1
jove	1
jou	1
jon	1
joints	1
joins	1
join	1
jewellery	1
jewelled	1
jesus	1
jenny	1
jealous	1
jaws	1
jacks	1
jacket	1
ixom	1
iu	1
italy	1
istora	1
isted	1
isle	1
islam	1
isabella	1
iron	1
irish	1
ire	1
ir	1
inviting	1
invader	1
invade	1
intrude	1
intricate	1
intent	1
intensest	1
instructive	1
instruct	1
institution	1
insect	1
inns	1
inky	1
injuries	1
iniquity	1
influence	1
infirm	1
infant	1
ineffable	1
industrious	1
indus	1
indulged	1
indian	1
india	1
index	1
increase	1
inclining	1
in'evermore	1
imprisoned	1
impressive	1
impress	1
impoverished	1
imploring	1
impious	1
impede	1
imparts	1
imparting	1
impaling	1
impair	1
immannerly	1
imitate	1
imceasing	1
imagining	1
illusion	1
iliglit	1
iis	1
iinkaown	1
ignorance	1
ignoble	1
igl	1
idll	1
idlers	1
icicle	1
ice	1
ibe	1
i've	1
i'll	1
hushed	1
husband	1
hurrying	1
hurries	1
hurl	1
hunting	1
hundreds	1
hums	1
humility	1
humblest	1
humbled	1
huge	1
hues	1
hueless	1
hue	1
hst	1
hps	1
howl	1
however	1
hours	1
hosannah	1
horses	1
horsemen	1
horror	1
hopeless	1
honour	1
homeless	1
hollow	1
holidays	1
hohest	1
hod	1
hoboken	1
hoards	1
hmnming	1
hium	1
history	1
historic	1
hist	1
hireling	1
hilltops	1
hillside	1
highest	1
higher	1
hie	1
hides	1
hide	1
hidden	1
herewith	1
herald	1
helped	1
helen	1
held	1
heir	1
heel	1
heedless	1
heeded	1
heavenlj	1
heaved	1
heave	1
hearty	1
hearing	1
healthfal	1
health	1
heaj	1
headland	1
he'll	1
haunts	1
haunted	1
hatred	1
hate	1
hastes	1
hastened	1
harry	1
harrowing	1
harm	1
hard	1
happj	1
happened	1
hapless	1
hap	1
hangs	1
hanging	1
handsome	1
hammer	1
halls	1
hakk	1
habitation	1
ha	1
h	1
gushing	1
guillotine	1
guileless	1
guessing	1
guards	1
guardian	1
groves	1
group	1
grot	1
groping	1
gronps	1
groans	1
groan	1
grin	1
grimalkin	1
grim	1
grievous	1
grieve	1
grey	1
grel	1
greeting	1
greenwood	1
greenland	1
grecia	1
gratitude	1
grandmother	1
graces	1
graced	1
grace	1
gory	1
goods	1
godlike	1
goal	1
glorying	1
glorj	1
glittered	1
glitter	1
glide	1
glee	1
glean	1
gleaming	1
glare	1
glances	1
glance	1
glade	1
glad	1
giving	1
girt	1
girlliood	1
girdle	1
gilead	1
gilder	1
gilded	1
gigs	1
gift	1
giddy	1
giants	1
ghastly	1
getting	1
gets	1
germany	1
genius	1
general	1
gems	1
gazing	1
gaze	1
gaza	1
gaul	1
gaudy	1
gaudalquiver	1
gather	1
garret	1
gains	1
gained	1
gaily	1
fuss	1
furthest	1
funny	1
fume	1
fullness	1
fulfilment	1
fulfilled	1
fruitless	1
fruit	1
frosted	1
frontal	1
front	1
friendsliip	1
friendless	1
freshening	1
frequent	1
french	1
freeman	1
freely	1
fray	1
fraught	1
fraud	1
fraternal	1
frail	1
fowls	1
fourth	1
fount	1
foundation	1
foul	1
foueth	1
fortune	1
fort	1
forsaken	1
formal	1
forgotten	1
forgot	1
forgiven	1
forgive	1
forfeit	1
forehead	1
forced	1
force	1
fondly	1
following	1
folks	1
folk	1
folios	1
folfil	1
folded	1
foemen	1
fob	1
foam	1
flowret	1
flowed	1
flourished	1
flourish	1
floods	1
flocks	1
flitted	1
flit	1
flings	1
fling	1
fliglit	1
flies	1
fleetly	1
fleeing	1
flatterers	1
flash	1
fitful	1
firmly	1
fireely	1
firebrand	1
financial	1
filial	1
filch	1
fightmg	1
fiends	1
fiend	1
fiddles	1
ffis	1
festive	1
fervent	1
ferry	1
ferdinand	1
fellowship	1
fellows	1
fellowmen	1
feel^thy	1
feed	1
fed	1
feast	1
fearsome	1
fearless	1
fathers	1
fashionable	1
farthest	1
farms	1
farm	1
farewell	1
fanny	1
fancyings	1
fancies	1
famous	1
familiar	1
fames	1
faltering	1
falsehood	1
fallen	1
faithless	1
fairy	1
fails	1
failing	1
fading	1
faded	1
fabric	1
fabled	1
eyed	1
extends	1
expiring	1
expire	1
expect	1
existence	1
excuse	1
exceed	1
exalt	1
exact	1
evil	1
everywhere	1
everlasting	1
everj	1
eventide	1
eussia	1
eush	1
eupert	1
eupeii	1
euined	1
euin	1
etna	1
eternal	1
et	1
estate	1
erudition	1
erring	1
errand	1
erected	1
eps	1
epitaph	1
epidemic	1
eover	1
eove	1
eooting	1
eonsing	1
eome	1
eobed	1
envy	1
entrenched	1
entertaining	1
ensue	1
enjoyments	1
enhance	1
engines	1
engage	1
energy	1
enemy	1
endures	1
endless	1
ending	1
endearing	1
endangers	1
empty	1
emperor	1
emerging	1
embraces	1
emblem	1
elysian	1
elsewhere	1
eliza	1
elfin	1
elephants	1
elencefortti	1
elegy	1
elegant	1
electric	1
elbows	1
el	1
eke	1
ejebds	1
eje	1
eiver	1
eipe	1
eevealed	1
eetum	1
eest	1
eesistless	1
eephes	1
eeligion	1
eeceive	1
eeceding	1
eeading	1
edward	1
echoing	1
easy	1
eastern	1
ears	1
earn	1
earl	1
eair	1
eainy	1
eaining	1
eageth	1
dwindling	1
dwelled	1
dwell	1
dutchman	1
dutch	1
dust	1
dusky	1
dungeons	1
dull	1
duellists	1
dry	1
drowns	1
drowned	1
drown	1
drops	1
droop	1
driving	1
drives	1
driven	1
drive	1
dripping	1
drinks	1
dressed	1
dreariness	1
drear	1
dreams	1
dreamest	1
drawn	1
drawing	1
draw	1
drank	1
dower	1
doughnuts	1
doubtful	1
dorwn	1
dorado	1
doomed	1
don	1
dolls	1
dollar	1
doleful	1
dole	1
dogs	1
dmgy	1
divinely	1
ditty	1
disturbers	1
disturb	1
distilling	1
distant	1
distance	1
dissolving	1
dissembling	1
displeasure	1
displays	1
displaying	1
dispensing	1
dispel	1
disobey	1
disobedient	1
dismantled	1
dismal	1
disgrace	1
disdaining	1
disdain	1
discussing	1
discontent	1
discomforting	1
discerning	1
disburses	1
disappointment	1
directs	1
dire	1
dips	1
dipped	1
dip	1
dimly	1
diminished	1
didnh	1
diamonds	1
dial	1
dews	1
devoted	1
devious	1
destroy	1
destiny	1
destined	1
despot	1
desponding	1
despairl	1
desolated	1
desires	1
desired	1
designed	1
desecrating	1
descry	1
descending	1
derided	1
depth	1
deplored	1
departed	1
depart	1
deny	1
denied	1
den	1
democrats	1
demented	1
delusion	1
deliver	1
delilah	1
delightsome	1
delightful	1
delicious	1
delicioiis	1
deity	1
dehghtfal	1
degrees	1
defiant	1
defiance	1
defending	1
defender	1
defenceless	1
defence	1
deepest	1
deepening	1
deemed	1
decree	1
decreased	1
decoy	1
declining	1
deck	1
decembek	1
deceives	1
deceived	1
dearly	1
dearest	1
deaf	1
dayi	1
dawns	1
daughters	1
daughter	1
dastardly	1
darkness	1
darker	1
darken	1
daring	1
danube	1
dancing	1
dance	1
dame	1
dale	1
dainty	1
czar	1
cyrus	1
cycles	1
curtain	1
curious	1
cure	1
cura	1
cur	1
cupid	1
cup	1
cultivation	1
crust	1
cruelty	1
crowding	1
crowd	1
crime	1
crew	1
creep	1
creatures	1
creation	1
created	1
craves	1
craven	1
crave	1
crater	1
crank	1
crags	1
crack	1
cr3ring	1
coytesville	1
cows	1
coveting	1
courtly	1
coursers	1
countless	1
couldst	1
coralline	1
conveyed	1
contriver	1
contritions	1
contrition	1
contentedly	1
contending	1
constrained	1
constant	1
consent	1
conscience	1
conquest	1
conquering	1
conniver	1
congress	1
confusion	1
conflict	1
confiding	1
confidence	1
conclave	1
concession	1
concerning	1
conceives	1
conceits	1
comrades	1
comrade	1
compel	1
compassion	1
common	1
coming	1
comical	1
comet	1
combined	1
combat	1
com	1
collar	1
coined	1
coin	1
coils	1
coaches	1
clutches	1
clusters	1
clustering	1
clunbing	1
clouding	1
clothes	1
closes	1
closed	1
clod	1
clockwork	1
cliurclies	1
cliristmas	1
climes	1
clime	1
cliffs	1
clients	1
cliarged	1
cliangingl	1
clianging	1
cliafe	1
clever	1
cleave	1
clearly	1
cleanse	1
clasp	1
clamour	1
clambered	1
clad	1
cjnthia^s	1
cities	1
circle	1
cipheriag	1
churhsh	1
churchyard	1
chum	1
chronicler	1
chronicle	1
chosen	1
chopping	1
choose	1
choicest	1
chivalry	1
chirps	1
china	1
chin	1
chimney	1
chimes	1
chime	1
chimborazoj	1
chilling	1
chilled	1
chill	1
chiefs	1
chiefest	1
chide	1
chest	1
cherisli	1
cheerly	1
cheerlessness	1
cheering	1
cheered	1
check	1
cheat	1
chatting	1
chat	1
chastened	1
chaste	1
chases	1
charming	1
charity	1
chapters	1
chaplet	1
changing	1
chambers	1
chalk	1
chained	1
centre	1
cellar	1
ceaseless	1
cbeating	1
cavern	1
cause	1
cats	1
catalogue	1
cast	1
caskets	1
casement	1
carts	1
carry	1
carpenter	1
careers	1
cared	1
captive	1
capers	1
canto	1
cantabrian	1
canst	1
cannon	1
candour	1
candies	1
cancel	1
camp	1
calvary	1
calmness	1
calleth	1
called	1
cahing	1
cage	1
caesar	1
byo	1
bv	1
busy	1
business	1
bushels	1
bush	1
bursts	1
bursting	1
burns	1
bull	1
built	1
builder	1
build	1
budding	1
brown	1
brotherhood	1
brooklyn	1
brook	1
broadway	1
broad	1
briton	1
britain	1
brink	1
brimming	1
brimful	1
brilliant	1
brigtit	1
brightness	1
brightest	1
brighter	1
bridge	1
bricks	1
breezes	1
breathe	1
breaking	1
bread	1
brazen	1
bravery	1
braved	1
brand	1
branching	1
branches	1
brain	1
bracelets	1
box	1
bowling	1
bours	1
bounteous	1
boundless	1
bought	1
bough	1
bottom	1
bosoms	1
boreas	1
borders	1
booty	1
bone	1
bonds	1
bonbons	1
bome	1
bom	1
bolt	1
boldly	1
boats	1
boarded	1
bnt	1
blushes	1
blows	1
blown	1
blot	1
blossoming	1
bloomicp^	1
bloodstained	1
bloodj	1
bloodiest	1
blind	1
blight	1
blessings	1
blended	1
blend	1
bleeding	1
blazing	1
blasted	1
blank	1
biscay	1
bird	1
birch	1
binds	1
bill	1
big	1
bide	1
between	1
bestowing	1
bestowed	1
beset	1
beseemed	1
bereft	1
bent	1
benevolent	1
belted	1
belsliazzar	1
bellowing	1
belike	1
believed	1
beings	1
behes	1
beguiling	1
begone	1
begins	1
beggar	1
began	1
befell	1
beef	1
beeeayed	1
bedlam	1
beckoning	1
beckon	1
became	1
bebeving	1
beautj	1
beauteous	1
beating	1
beat	1
bears	1
beams	1
beaiitiful	1
bay	1
battle-axe	1
battery	1
bath	1
basket	1
basest	1
barren	1
bared	1
bannerol	1
banish	1
baltic	1
balloon	1
bales	1
baleful	1
balaklavael	1
bad	1
backs	1
bachelor	1
babylon	1
babe	1
b	1
azure	1
ay	1
axes	1
awoke	1
awhile	1
awaiting	1
avhy	1
avenues	1
avenue	1
avenging	1
avenger	1
avenge	1
avail	1
autumn	1
aurora	1
augmenting	1
aud	1
attend	1
attempt	1
atmosphere	1
athwart	1
astray	1
assyria	1
associated	1
assiduons	1
aside	1
ashore	1
ashes	1
ascend	1
artless	1
arrows	1
arrow	1
arrived	1
arrayed	1
armies	1
armed	1
ark	1
archangel	1
arch	1
approval	1
applause	1
appearing	1
appealing	1
appal	1
apostate	1
apiece	1
apart	1
antiquarian	1
anticipation	1
answering	1
angry	1
anew	1
amply	1
ample	1
ami	1
americans	1
amazing	1
amazed	1
altay	1
altar	1
also	1
already	1
aloft	1
almoner	1
alluring	1
allures	1
alftdyhnving	1
alee	1
albion	1
aims	1
ahoy	1
agony	1
africa	1
aforetime	1
affording	1
afflictions	1
affliction	1
afbaence	1
advocates	1
advise	1
adversity	1
adventurer	1
advanced	1
adorning	1
admission	1
admirers	1
adieu	1
adds	1
addressed	1
across	1
aching	1
accept	1
abuse	1
absurd	1
absorbed	1
absent	1
abroad	1
abounding	1
abode	1
abhor	1
a2	1
^	1
]	1
[	1
<»	1
*	1
'"	1
!"	1
