,	3120
the	1865
and	1516
.	1043
;	716
of	627
to	525
in	489
a	488
with	356
—	326
or	286
his	268
!	244
that	243
but	216
i	214
:	195
her	190
|'s|	182
for	181
on	173
he	160
as	159
from	157
not	133
|romannumeral|	132
like	132
?	132
yet	131
nor	130
all	124
by	119
so	112
my	109
is	103
we	102
when	97
it	96
still	95
where	89
through	83
one	79
day	79
at	79
"	77
this	76
heart	75
their	72
no	70
him	69
had	66
what	65
'	65
who	64
though	64
now	64
our	63
night	63
me	62
was	60
may	60
love	59
life	58
|arabic2digit|	57
she	56
light	54
these	52
be	51
dark	50
thy	48
over	48
more	48
have	48
there	47
grief	46
will	45
its	45
dim	45
too	44
old	44
fair	42
wind	41
would	40
they	40
here	40
while	39
up	39
deep	39
are	39
an	39
were	37
upon	36
tears	36
some	36
|arabic1digit|	35
river	35
out	35
nature	35
again	35
|arabic3digit|	34
then	34
own	34
flower	34
than	33
those	32
if	32
world	31
look	31
green	31
flowers	31
away	31
you	30
us	30
seemed	30
red	30
pine	30
eyes	30
before	30
stood	29
sorrow	29
see	29
man	29
alone	29
stream	28
rain	28
beauty	28
your	27
till	27
round	27
half	27
find	27
cold	27
saw	26
let	26
how	26
down	26
came	26
blue	26
wild	25
which	25
into	25
hand	25
face	25
beneath	25
thou	24
morning	24
left	24
held	24
god	24
fear	24
ere	24
can	24
went	23
them	23
long	23
indeed	23
go	23
feet	23
ever	23
such	22
stars	22
place	22
grass	22
fire	22
far	22
beside	22
autumn	22
young	21
woods	21
white	21
thought	21
sweet	21
summer	21
must	21
land	21
hands	21
great	21
faint	21
shall	20
said	20
king	20
could	20
brook	20
walk	19
strength	19
slow	19
rest	19
mountain	19
high	19
has	19
eye	19
each	19
dry	19
do	19
dead	19
days	19
come	19
blow	19
sun	18
softly	18
should	18
part	18
once	18
oh	18
low	18
leaf	18
house	18
garden	18
found	18
death	18
breath	18
bitter	18
across	18
well	17
time	17
sea	17
lost	17
good	17
fields	17
fell	17
fall	17
end	17
dream	17
change	17
back	17
words	16
voices	16
things	16
star	16
seem	16
rose	16
poet	16
other	16
last	16
knew	16
hour	16
hills	16
heaven	16
gold	16
full	16
first	16
earth	16
."	16
years	15
turn	15
today	15
sonnets	15
silence	15
side	15
set	15
might	15
many	15
leaves	15
himself	15
head	15
cloud	15
about	15
why	14
way	14
shade	14
sat	14
perhaps	14
passed	14
lips	14
hill	14
glory	14
even	14
ear	14
break	14
black	14
above	14
youth	13
window	13
watch	13
voice	13
until	13
truth	13
tree	13
thee	13
soul	13
sky	13
purple	13
most	13
mine	13
men	13
loved	13
lie	13
indian	13
heard	13
grace	13
gone	13
golden	13
give	13
gathered	13
fallen	13
every	13
dull	13
drew	13
door	13
did	13
broken	13
between	13
best	13
barren	13
among	13
whose	12
whom	12
weep	12
wave	12
waste	12
vague	12
unto	12
spring	12
spirit	12
scarce	12
off	12
mid	12
make	12
little	12
late	12
know	12
hearts	12
hard	12
hair	12
grey	12
forest	12
flow	12
cry	12
comes	12
clear	12
bright	12
behold	12
bank	12
apart	12
yes	11
walks	11
vain	11
tis	11
strange	11
steps	11
stand	11
spoke	11
snow	11
sleep	11
silent	11
shore	11
shine	11
shadow	11
sees	11
say	11
parted	11
new	11
never	11
myself	11
mind	11
meadow	11
mark	11
looked	11
lies	11
human	11
hope	11
hold	11
hear	11
doubt	11
cannot	11
call	11
bring	11
along	11
winter	10
wandered	10
village	10
touched	10
tell	10
stands	10
smile	10
seems	10
sad	10
rise	10
pass	10
pale	10
music	10
mourn	10
made	10
lights	10
hung	10
field	10
faded	10
crossed	10
children	10
cheek	10
brooding	10
broke	10
behind	10
been	10
beat	10
bare	10
against	10
wood	9
within	9
water	9
under	9
sought	9
seen	9
scarcely	9
runs	9
reach	9
pure	9
proud	9
plain	9
pines	9
past	9
pain	9
longer	9
lonely	9
led	9
laurel	9
lamp	9
joy	9
hours	9
home	9
happy	9
gleam	9
gather	9
friend	9
forth	9
footsteps	9
fast	9
edge	9
early	9
drops	9
burned	9
bound	9
beyond	9
bed	9
aught	9
any	9
(	9
year	8
work	8
word	8
woe	8
wisdom	8
winds	8
wet	8
weeds	8
weed	8
weary	8
view	8
very	8
verse	8
valley	8
twilight	8
turning	8
together	8
sure	8
sunset	8
story	8
standing	8
spot	8
sometimes	8
sink	8
silver	8
sense	8
save	8
run	8
rare	8
quick	8
perfect	8
only	8
nought	8
natural	8
mother	8
mist	8
lip	8
lightly	8
keep	8
harvest	8
grain	8
girl	8
father	8
falls	8
faith	8
drop	8
dreamed	8
crowned	8
brow	8
brought	8
bowers	8
born	8
art	8
another	8
air	8
after	8
yon	7
ye	7
wrong	7
wreck	7
woman	7
without	7
windy	7
winding	7
wide	7
west	7
ways	7
waters	7
vision	7
trees	7
took	7
tomorrow	7
thunder	7
thine	7
tear	7
swept	7
sunshine	7
stones	7
stone	7
stay	7
song	7
soft	7
sight	7
rolling	7
rich	7
read	7
rank	7
power	7
peace	7
paths	7
moon	7
line	7
less	7
knowledge	7
just	7
hidden	7
herself	7
gave	7
follow	7
fly	7
flung	7
fingers	7
finds	7
filled	7
fail	7
dust	7
dreams	7
done	7
die	7
daylight	7
dawn	7
darkness	7
crown	7
common	7
clouds	7
close	7
child	7
brood	7
breaking	7
bird	7
better	7
below	7
beans	7
bark	7
aside	7
arms	7
amid	7
ah	7
woodland	6
whole	6
whilst	6
westward	6
watched	6
war	6
upward	6
two	6
tread	6
tender	6
talked	6
take	6
stranger	6
stormy	6
speak	6
sound	6
something	6
small	6
sing	6
since	6
seed	6
sank	6
same	6
rock	6
range	6
prize	6
porch	6
open	6
onward	6
oft	6
north	6
mournful	6
mould	6
motion	6
memory	6
meaning	6
maid	6
lover	6
looks	6
lo	6
lifted	6
leaving	6
lay	6
kiver	6
holy	6
hollow	6
hke	6
higher	6
height	6
hears	6
hangs	6
ground	6
grave	6
grassy	6
gloom	6
glimmering	6
gift	6
gaze	6
gay	6
gathering	6
friends	6
fresh	6
forgetful	6
fled	6
flag	6
fit	6
fierce	6
fern	6
falling	6
enough	6
empty	6
ears	6
dropped	6
dew	6
cup	6
crimson	6
coralie	6
colour	6
cast	6
burning	6
buried	6
burden	6
breast	6
bower	6
blood	6
blind	6
beam	6
april	6
angry	6
alder	6
[	6
-	6
)	6
worldly	5
wish	5
wise	5
whether	5
westbrooke	5
wept	5
weedy	5
wail	5
vacant	5
use	5
upland	5
trust	5
true	5
toward	5
torn	5
tonight	5
toil	5
tide	5
think	5
thing	5
sweep	5
sway	5
swamp	5
sunlight	5
struck	5
strain	5
storm	5
step	5
spray	5
speed	5
smoke	5
slumber	5
slope	5
sit	5
sick	5
shook	5
shadows	5
rosy	5
rolled	5
roll	5
rode	5
rocks	5
roar	5
right	5
return	5
remember	5
reason	5
purpose	5
press	5
praise	5
poor	5
plunge	5
plant	5
personal	5
peddler	5
patient	5
path	5
passion	5
often	5
noon	5
nine	5
muse	5
mouth	5
mount	5
moss	5
mirth	5
mighty	5
matter	5
lord	5
lit	5
lingering	5
lily	5
lift	5
leave	5
laugh	5
landscape	5
lady	5
kissed	5
jewels	5
import	5
hath	5
gulf	5
growth	5
grow	5
groves	5
grew	5
grand	5
get	5
gentle	5
gate	5
foot	5
fold	5
foe	5
flight	5
flee	5
feel	5
farewell	5
faintly	5
dropping	5
drink	5
draws	5
draw	5
dimmed	5
desert	5
deeper	5
decay	5
dear	5
darker	5
darkened	5
cricket	5
court	5
clover	5
chance	5
cease	5
careless	5
calling	5
called	5
buds	5
broad	5
boughs	5
book	5
blows	5
blossom	5
blessed	5
bitterness	5
bell	5
beautiful	5
beating	5
bearing	5
battle	5
bar	5
almost	5
abroad	5
^	5
yellow	4
won	4
wit	4
wiser	4
wherever	4
wherefore	4
welcome	4
weather	4
waves	4
watching	4
washed	4
wall	4
walked	4
waited	4
vanished	4
vale	4
vaguely	4
unknowing	4
u	4
twould	4
twas	4
turns	4
turned	4
trail	4
track	4
touch	4
tone	4
told	4
tiny	4
thus	4
thoughts	4
thick	4
tempests	4
tearful	4
taste	4
sword	4
sunk	4
sudden	4
strife	4
spread	4
splendour	4
soon	4
sod	4
slept	4
skies	4
simple	4
sign	4
sigh	4
showers	4
shower	4
shattered	4
share	4
shame	4
shades	4
separate	4
seeks	4
seeking	4
secret	4
season	4
school	4
scattered	4
salt	4
s	4
roses	4
ripe	4
restless	4
remembering	4
regardless	4
reef	4
reddening	4
reck	4
ready	4
reached	4
ray	4
put	4
pull	4
princess	4
pride	4
present	4
precious	4
point	4
poetic	4
play	4
planet	4
passing	4
page	4
paddle	4
outward	4
others	4
odour	4
noble	4
near	4
names	4
name	4
move	4
mountains	4
morn	4
month	4
misery	4
midnight	4
march	4
maple	4
maiden	4
lovers	4
loveliness	4
lot	4
lose	4
lords	4
loose	4
locks	4
lesson	4
learned	4
leaning	4
leading	4
lead	4
landlord	4
laid	4
labour	4
knows	4
known	4
knight	4
kind	4
kept	4
judgement	4
idle	4
hy	4
horse	4
horizon	4
honey	4
holds	4
hid	4
hero	4
heed	4
heat	4
headland	4
haste	4
hang	4
gust	4
grows	4
grove	4
griefs	4
graves	4
goes	4
gods	4
gifts	4
gardens	4
gale	4
gain	4
fruit	4
free	4
fountain	4
forward	4
forgot	4
footstep	4
foam	4
flesh	4
flash	4
felt	4
fears	4
farmer	4
farm	4
fancy	4
failing	4
fading	4
faces	4
evil	4
else	4
ease	4
earliest	4
dusk	4
droppings	4
driven	4
dreaming	4
divine	4
died	4
desolate	4
desire	4
deeds	4
daughter	4
darkly	4
damp	4
daily	4
crowd	4
cries	4
count	4
corn	4
conscience	4
cometh	4
coffee	4
charlemaign	4
cedar	4
burn	4
brush	4
brows	4
brown	4
brother	4
breeze	4
breathing	4
bread	4
branches	4
brain	4
boy	4
both	4
bless	4
blending	4
blank	4
bind	4
bid	4
belt	4
believed	4
bee	4
beds	4
bear	4
bean	4
base	4
bars	4
backward	4
baby	4
avail	4
atherton	4
ask	4
arm	4
anna	4
anger	4
alas	4
''	4
yield	3
yesterday	3
writ	3
wreaths	3
wrath	3
worth	3
worn	3
woo	3
wings	3
wing	3
wife	3
wherein	3
wells	3
weeping	3
wear	3
wasted	3
wash	3
warning	3
warmer	3
warm	3
want	3
wanders	3
wanderer	3
wander	3
walls	3
walking	3
visions	3
vales	3
utterance	3
urge	3
unguessed	3
umbrage	3
twixt	3
twill	3
trunk	3
trembling	3
traitor	3
towards	3
tooth	3
tongue	3
tones	3
times	3
throngs	3
three	3
thoughtful	3
themselves	3
theme	3
term	3
temples	3
talking	3
takes	3
t	3
swung	3
swing	3
swift	3
sweeping	3
swamps	3
surging	3
surge	3
surf	3
surely	3
sullen	3
suddenly	3
strung	3
strong	3
strike	3
street	3
strangely	3
stock	3
stirred	3
stillness	3
steel	3
stealing	3
steal	3
station	3
starting	3
start	3
standeth	3
stain	3
spots	3
sphere	3
spend	3
sour	3
solitudes	3
sleeps	3
slate	3
sister	3
sin	3
sighs	3
sides	3
shunned	3
shun	3
shrunk	3
shrink	3
shriek	3
shining	3
shed	3
sharp	3
shallow	3
shaking	3
sent	3
sell	3
self	3
seek	3
savage	3
sands	3
sand	3
sailor	3
safe	3
running	3
root	3
roofs	3
roof	3
rivers	3
riding	3
rests	3
remote	3
remains	3
relief	3
rainy	3
presence	3
pray	3
powers	3
portion	3
pool	3
pond	3
poison	3
poem	3
plough	3
pleasure	3
played	3
pieces	3
picture	3
perchance	3
peep	3
pay	3
pause	3
patience	3
pane	3
ours	3
obey	3
nothing	3
none	3
nevermore	3
neither	3
neighbour	3
need	3
neck	3
n	3
mortal	3
moonlight	3
moment	3
misty	3
miss	3
mild	3
met	3
mercy	3
marked	3
margin	3
main	3
lying	3
luck	3
lower	3
loves	3
lovely	3
locked	3
lives	3
lived	3
live	3
linger	3
liim	3
lifts	3
length	3
least	3
learn	3
laughter	3
laughing	3
latter	3
later	3
large	3
languid	3
labouring	3
knots	3
knot	3
kiss	3
jarring	3
j	3
itself	3
iron	3
instant	3
innocent	3
impulse	3
ill	3
hut	3
hot	3
horn	3
hilltops	3
hide	3
hers	3
hemlock	3
hedge	3
heavy	3
hawk	3
haunt	3
hateful	3
harsh	3
hardly	3
happier	3
hanging	3
gulielma	3
gulfs	3
guide	3
grown	3
growing	3
greener	3
gracious	3
glimpse	3
glimmer	3
glass	3
glancing	3
gertrude	3
gazing	3
gained	3
friendly	3
fragrant	3
fortune	3
form	3
forehead	3
fools	3
foolish	3
fons	3
following	3
followed	3
foliage	3
folded	3
foes	3
flat	3
flame	3
flags	3
fitted	3
fiery	3
few	3
feeble	3
fed	3
fearfully	3
fate	3
fat	3
fare	3
fancies	3
false	3
fairer	3
fade	3
england	3
endeavour	3
eiver	3
either	3
ehotruda	3
eginardus	3
earthquake	3
earthly	3
dying	3
drowning	3
drowned	3
drive	3
dreamily	3
dread	3
drawn	3
dozen	3
dost	3
distant	3
dimly	3
desperate	3
deed	3
darkening	3
dare	3
dank	3
dance	3
crowds	3
crossing	3
crime	3
counsel	3
content	3
cluster	3
closed	3
clinging	3
climbs	3
climb	3
cliff	3
clashed	3
circle	3
choose	3
chime	3
chief	3
cheer	3
charge	3
changed	3
chamber	3
chaff	3
ceased	3
catch	3
carry	3
carried	3
cares	3
cared	3
calm	3
bush	3
burnt	3
burns	3
bud	3
brink	3
brine	3
brief	3
bribe	3
breathes	3
branch	3
bowed	3
bow	3
border	3
bones	3
board	3
bluffs	3
blowing	3
blindness	3
blew	3
bleed	3
blast	3
birches	3
bethiah	3
berry	3
bent	3
belts	3
belief	3
being	3
beheld	3
bees	3
beech	3
beamed	3
barn	3
balmy	3
bald	3
bade	3
arrows	3
answer	3
anguish	3
alike	3
afternoon	3
absent	3
'*	3
zone	2
yields	2
yielding	2
yearning	2
wreathing	2
wreath	2
wounds	2
wound	2
worthless	2
worst	2
worse	2
wondered	2
wonder	2
wolf	2
woes	2
wlx^	2
wlien	2
win	2
willow	2
wildly	2
wilder	2
wholly	2
whitened	2
whispers	2
whisper	2
whereof	2
wheels	2
wheeling	2
weeps	2
wed	2
wearing	2
wearied	2
wayside	2
waterfall	2
wassahoale	2
warmth	2
warfare	2
wanting	2
wandering	2
waits	2
waiting	2
wait	2
wailing	2
void	2
violet	2
vines	2
vine	2
victory	2
vex	2
vessel	2
vervain	2
verses	2
vengeance	2
vault	2
vast	2
vapour	2
uplands	2
unworthy	2
unwholesome	2
unreal	2
unknown	2
unconscious	2
uncertain	2
twinkling	2
twere	2
twenty	2
twelve	2
turf	2
tuft	2
truly	2
troubled	2
trouble	2
tricks	2
treasure	2
treachery	2
trampling	2
trailed	2
town	2
towers	2
tower	2
top	2
titan	2
tick	2
throne	2
thread	2
thousand	2
thoro	2
thinks	2
thicks	2
themes	2
theirs	2
tenderly	2
tempter	2
tempest	2
telling	2
teaching	2
task	2
tall	2
talk	2
tale	2
taken	2
table	2
sympathy	2
swords	2
swim	2
swifter	2
swells	2
sweetness	2
sweeter	2
swarm	2
sward	2
surprise	2
sunny	2
sunless	2
sung	2
summit	2
summertime	2
suffering	2
sublime	2
stumps	2
strove	2
stroke	2
strives	2
stripped	2
string	2
stress	2
streak	2
stopped	2
stirs	2
stirring	2
stir	2
sting	2
stiff	2
stern	2
stepping	2
stepped	2
steep	2
starlight	2
stalk	2
stair	2
staff	2
squire	2
spreads	2
spilled	2
sparkle	2
spark	2
sounds	2
souls	2
sorrows	2
sorrowing	2
sorrowful	2
sordid	2
soothe	2
son	2
solitude	2
solemn	2
soil	2
sob	2
snows	2
sneering	2
sneer	2
snatch	2
smooth	2
smiled	2
smell	2
slowly	2
slower	2
slipping	2
slight	2
slid	2
slab	2
sitting	2
sisters	2
sirius	2
sins	2
singing	2
shut	2
shroud	2
shrank	2
shows	2
showed	2
show	2
shoulders	2
shot	2
short	2
shores	2
shock	2
shivering	2
shingles	2
shifting	2
shells	2
shell	2
shelf	2
sharper	2
shape	2
shallows	2
shakes	2
settled	2
settle	2
service	2
served	2
serene	2
sere	2
senses	2
senseless	2
seized	2
seemingly	2
second	2
seated	2
seat	2
search	2
scythe	2
scrags	2
scorn	2
scenes	2
scatter	2
scanty	2
sauce	2
sandy	2
sandstone	2
sake	2
sailing	2
sage	2
sadness	2
sacred	2
rye	2
rustling	2
rush	2
runside	2
rule	2
rugged	2
rot	2
room	2
rolls	2
robes	2
roaring	2
roared	2
roam	2
road	2
riverside	2
rising	2
rises	2
ripple	2
ringing	2
ring	2
rife	2
ridges	2
ridge	2
rider	2
rhymes	2
rhyme	2
rhotruda	2
reward	2
reveals	2
reveal	2
returned	2
resolved	2
reproof	2
render	2
rend	2
remembers	2
religion	2
reign	2
regretful	2
reedy	2
reconcile	2
reckless	2
reap	2
realm	2
rave	2
rarer	2
ranging	2
ran	2
raise	2
raindrops	2
raging	2
race	2
quite	2
quenched	2
quaint	2
pushed	2
pursue	2
public-house	2
prophet	2
prompt	2
promised	2
profound	2
print	2
priest	2
pressure	2
pressed	2
preacher	2
prate	2
pours	2
pore	2
pools	2
poll	2
poles	2
poising	2
points	2
pluck	2
plead	2
planted	2
plainly	2
places	2
pitch	2
pipe	2
pillar	2
pierce	2
piece	2
pictures	2
pick	2
phrase	2
philosophy	2
phcebe	2
perished	2
peril	2
pent	2
pearls	2
pearl	2
pausing	2
paused	2
paul	2
patch	2
passionate	2
parts	2
parting	2
parcel	2
pan	2
palms	2
palace	2
pair	2
paint	2
paet	2
p	2
overhead	2
outspread	2
ourselves	2
orion	2
ocean	2
occasion	2
oaken	2
number	2
november	2
note	2
nearer	2
naked	2
mysterious	2
muses	2
mused	2
murmuring	2
much	2
moved	2
mourners	2
mounted	2
mountainside	2
mosses	2
morrow	2
mood	2
monarch	2
momently	2
moan	2
mistress	2
minute	2
milton	2
milk	2
midst	2
middle	2
melt	2
meet	2
meadows	2
master	2
massive	2
massachusetts	2
marble	2
manners	2
m	2
lustre	2
lust	2
lurk	2
lumber	2
lull	2
lowland	2
loving	2
loveliest	2
loud	2
loss	2
lore	2
longing	2
lone	2
log	2
listened	2
lined	2
limit	2
limb	2
lilac	2
lifting	2
lifetime	2
lids	2
letting	2
letter	2
ledge	2
leap	2
leans	2
leaned	2
lean	2
leafy	2
law	2
laughed	2
lashes	2
larger	2
larch	2
lane	2
ladder	2
lacked	2
knowing	2
knoweth	2
kindle	2
keen	2
june	2
joyless	2
join	2
jewel	2
jasper	2
jars	2
jar	2
inward	2
insect	2
inner	2
inmost	2
impelled	2
impatient	2
ills	2
ignorant	2
igmn	2
idyll	2
idly	2
idleness	2
hymn	2
hyacinth	2
hurrying	2
hunter	2
humble	2
hues	2
household	2
horseman	2
hopes	2
hopeless	2
hollows	2
hole	2
hoarded	2
hit	2
history	2
hird	2
hiding	2
heroes	2
hence	2
help	2
heights	2
heel	2
heeds	2
heaves	2
heave	2
hearty	2
hearken	2
hearing	2
hearers	2
heaped	2
heap	2
heads	2
headed	2
haven	2
hated	2
hate	2
hat	2
hast	2
harm	2
harder	2
happiest	2
hammered	2
hammer	2
hall	2
gun	2
guarded	2
guard	2
grudge	2
growths	2
grosser	2
groans	2
grate	2
grasping	2
grasp	2
grape	2
grandeur	2
graces	2
graceful	2
got	2
godlike	2
goad	2
glow	2
glorying	2
globe	2
glean	2
gleamed	2
girlish	2
gentlest	2
gems	2
gem	2
gazed	2
garget	2
garb	2
gaps	2
game	2
gains	2
future	2
furrow	2
fruitful	2
frown	2
frosty	2
friendships	2
friendship	2
friendliness	2
fresher	2
fragment	2
fork	2
forgotten	2
forfeit	2
forests	2
fool	2
folly	2
folding	2
fluttering	2
flowerless	2
flowerets	2
florist	2
floor	2
flood	2
flit	2
flinging	2
fling	2
flickers	2
flake	2
fixed	2
fires	2
fills	2
figure	2
feverish	2
fen	2
fellow	2
feign	2
feels	2
feeling	2
feeds	2
feed	2
features	2
fault	2
fame	2
falsehood	2
fairly	2
failings	2
f	2
eyed	2
explored	2
experience	2
existence	2
eves	2
everywhere	2
evening	2
et	2
estate	2
escapes	2
erring	2
engine	2
ending	2
elm	2
eginard	2
eggs	2
edged	2
easy	2
easily	2
earlier	2
dwelled	2
dwell	2
dusty	2
dumb	2
due	2
drunk	2
drowsy	2
drove	2
drift	2
dress	2
dregs	2
dreamy	2
draught	2
drapery	2
drank	2
downward	2
dower	2
doubts	2
doubting	2
double	2
doth	2
doomed	2
dog	2
dock	2
divided	2
dispersed	2
disease	2
disdain	2
discord	2
direction	2
dire	2
dipping	2
dipped	2
dip	2
dimmer	2
differing	2
diamond	2
dial	2
devil	2
determined	2
despite	2
despair	2
descending	2
depths	2
demands	2
dells	2
delight	2
deform	2
deerfield	2
deems	2
deem	2
decline	2
deck	2
dearer	2
daytime	2
dashed	2
darlings	2
darling	2
darkest	2
dared	2
currents	2
current	2
cunning	2
crumbling	2
cross	2
critic	2
creed	2
creature	2
crashing	2
crags	2
crag	2
cowslip	2
courtyard	2
course	2
courage	2
counts	2
cottage	2
cordial	2
contradiction	2
comrades	2
companionship	2
comfort	2
coldness	2
coldly	2
clung	2
cloudy	2
clots	2
climbed	2
clean	2
claimed	2
circumstance	2
circles	2
chilled	2
chill	2
childhood	2
chieftain	2
chiefs	2
check	2
charred	2
changing	2
chambers	2
chafing	2
certainly	2
ceaseless	2
cave	2
cat	2
carro	2
canst	2
cancel	2
canada	2
camp	2
calmly	2
bunch	2
built	2
bubbling	2
bubble	2
brute	2
brooks	2
brimmed	2
brightened	2
brighten	2
breathings	2
breathe	2
breaks	2
brains	2
box	2
bows	2
bough	2
bottom	2
bosom	2
borrowed	2
borders	2
boon	2
bone	2
bond	2
bold	2
bodings	2
boats	2
blotted	2
bloom	2
bloodroot	2
bliss	2
blent	2
blade	2
blackening	2
blackened	2
bitterly	2
birth	2
birch	2
betimes	2
bestow	2
bertha	2
bending	2
bench	2
believe	2
begins	2
began	2
becomes	2
beats	2
bears	2
bays	2
bay	2
banks	2
band	2
ball	2
baffle	2
bad	2
axe	2
awake	2
asunder	2
aspens	2
asked	2
ash	2
arrive	2
array	2
around	2
aright	2
arch	2
appears	2
appealing	2
anon	2
angle	2
angel	2
amber	2
although	2
aloud	2
aloof	2
allowed	2
alien	2
ale	2
alders	2
aims	2
aim	2
acre	2
accidents	2
abyss	2
abide	2
*'	2
*	2
§tr0m^jgaiu	1
§diaim	1
}	1
|arabic4digit|	1
|aiil(r	1
{	1
zodiac	1
zeno	1
zenith	1
zeal	1
zamolxis	1
yourself	1
yours	1
you'll	1
york	1
yolks	1
yoke	1
yirgo	1
yiii	1
yii	1
yieldeth	1
yielded	1
yew	1
yesternight	1
yeniae	1
yearned	1
yearly	1
yeai'ned	1
y	1
xyiii	1
xyi	1
xy	1
xxy	1
xxvn	1
xxvj	1
xvn	1
xor	1
xmas	1
xlyii	1
xircadian	1
xif	1
x\nd	1
wrung	1
wrought	1
wrote	1
wronged	1
written	1
writhled	1
wrists	1
wrinkled	1
wringing	1
wring	1
wretchedness	1
wretched	1
wrenching	1
wrecker	1
wrecked	1
wreaked	1
wrangler	1
wounding	1
wouldst	1
worts	1
worthy	1
worshipping	1
worshipper	1
worry	1
worm	1
worlds	1
worldlike	1
works	1
workings	1
wore	1
wool	1
wooed	1
woodside	1
woodpecker	1
woodlands	1
wont	1
wondering	1
wonderful	1
women	1
wolves	1
wn^in	1
wliippoorwill	1
wlietlier	1
witty	1
withinward	1
withering	1
withered	1
wither	1
witchlike	1
witchlight	1
witchcraft	1
wisps	1
wished	1
wisest	1
winslow	1
wins	1
winged	1
wine	1
windows	1
winced	1
wilted	1
wilt	1
willows	1
wilful	1
wiles	1
wilds	1
wilderness	1
widow	1
wider	1
widely	1
whiteness	1
whitely	1
whistling	1
whistle	1
whispering	1
whirls	1
whippoorwill	1
whimpered	1
whiff	1
whereto	1
wherethrough	1
whence	1
whelm	1
wheel	1
whatever	1
whately	1
wharf	1
wetting	1
wetted	1
westland	1
western	1
wert	1
welfare	1
weight	1
weighed	1
weigh	1
weepeth	1
wedge	1
webs	1
web	1
weathered	1
weathercock	1
wears	1
wearily	1
weapon	1
wean	1
wealth	1
weakness	1
weak	1
we've	1
wdth	1
wdndy	1
wayward	1
wawled	1
wavy	1
waving	1
wavering	1
waved	1
wattle	1
watery	1
waterside	1
watershed	1
watercourse	1
watcliing	1
watchlight	1
watches	1
wastes	1
washes	1
wars	1
warriors	1
warring	1
warranted	1
warmest	1
ware	1
warden	1
wanted	1
wanly	1
wanes	1
wands	1
wand	1
wan	1
walter	1
walketh	1
wakeful	1
wake	1
wain	1
wailful	1
wagon	1
waged	1
wage	1
wading	1
w^ood	1
w\yan^hixon	1
w\xi	1
w4io	1
w4iere	1
vralks	1
vows	1
vow	1
votary	1
voluptuous	1
volumes	1
vnth	1
visible	1
virtue	1
virginum	1
virgins	1
virgin	1
virgil	1
vintage	1
vineyard	1
views	1
vibration	1
vexed	1
vesture	1
verge	1
venture	1
venom	1
veil	1
vegetable	1
vdew	1
vaster	1
vase	1
various	1
variance	1
vapours	1
valve	1
valued	1
vagrant	1
vagary	1
utterly	1
uttered	1
utter	1
uterpendragon	1
usurp	1
ushered	1
usage	1
urged	1
upper	1
upgush	1
unwillingly	1
unwilling	1
unwearied	1
unuttered	1
untold	1
unswept	1
unsure	1
unstirred	1
unrequited	1
unrelinquished	1
unrelenting	1
unperfected	1
unperceived	1
unnerved	1
unmoved	1
unlinked	1
unlike	1
unkingly	1
unity	1
unite	1
union	1
unheeding	1
unheedful	1
unheard	1
unhappy	1
unfulfilled	1
unfriendly	1
unfordable	1
unfold	1
unfelt	1
undying	1
undismayed	1
undiscerning	1
undimmed	1
understands	1
understand	1
underprize	1
underneath	1
undermining	1
uncouth	1
uncontained	1
unbroken	1
unaware	1
unavailing	1
unapproached	1
unapprehended	1
unalterable	1
unable	1
un	1
ultimate	1
ulai	1
tyrian	1
twitters	1
twitter	1
twitch	1
twirled	1
twins	1
twinge	1
twined	1
twilights	1
twihght	1
twain	1
turrets	1
turneth	1
turkey	1
tune	1
tumultuous	1
tumbler	1
tulip	1
tufts	1
tubs	1
tu	1
try	1
truths	1
trustless	1
trusting	1
trustfully	1
trunks	1
trump	1
truant	1
troughs	1
trough	1
troubles	1
troth	1
trod	1
triumphing	1
tris	1
trip	1
trim	1
trill	1
trifles	1
trick	1
tribunal	1
tribes	1
tribe	1
tress	1
trenched	1
tremulous	1
trembled	1
tremble	1
treillage	1
treason	1
treads	1
treacher	1
travellers	1
trash	1
trap	1
tranquilly	1
tranquil	1
trance	1
trampled	1
tramp	1
trained	1
train	1
trailing	1
tragic	1
traffic	1
trade	1
tracts	1
tract	1
tracks	1
traced	1
trace	1
towering	1
tougher	1
tossing	1
tossed	1
tory	1
torches	1
tops	1
topping	1
tongueless	1
tomb	1
tom	1
tolls	1
toiled	1
toddy	1
tobacco	1
toast	1
tlu	1
tlirougii	1
tlieme	1
tliat	1
tli^	1
tithing	1
tip	1
tints	1
tinted	1
tinsel	1
tins	1
tinged	1
ting	1
tinder	1
tilt	1
tight	1
tiger	1
tie	1
tidings	1
tides	1
ticks	1
ticking	1
thyself	1
thunders	1
thunderous	1
thundercloud	1
thrust	1
throw	1
throughout	1
throng	1
throb	1
throat	1
thrilling	1
thrilled	1
thrids	1
threw	1
threads	1
thoroughfare	1
thorn	1
thither	1
thistles	1
thirtieth	1
third	1
thinli	1
thickset	1
thickly	1
thickets	1
thicket	1
thereof	1
thereabout	1
thence	1
thatched	1
thank	1
th	1
texture	1
text	1
test	1
terror	1
terraces	1
terebinthine	1
tends	1
ten	1
tempting	1
temptation	1
temple	1
temperance	1
tells	1
teeth	1
teasing	1
tease	1
teas	1
tearfully	1
teaches	1
tax	1
tavern	1
tauter	1
tattered	1
tares	1
tapering	1
tanned	1
tangle	1
tan	1
tamerac	1
tambour	1
tales	1
taldng	1
taking	1
tails	1
tail	1
t^	1
syllable	1
sycamores	1
swooning	1
swollen	1
swings	1
swimmer	1
swell	1
sweets	1
sweepy	1
swaying	1
swan	1
swallow	1
suspended	1
suspect	1
survey	1
surrounded	1
surrendered	1
surpassing	1
surgy	1
surges	1
surgery	1
surface	1
supt	1
supplanting	1
superlative	1
superior	1
superb	1
sup	1
sunward	1
sundown	1
sunday	1
summoning	1
summoned	1
summon	1
summits	1
summerhouse	1
summation	1
sumach	1
sum	1
sullenly	1
suitors	1
suit	1
sugar	1
suds	1
sucks	1
sucker	1
sucked	1
suck	1
succour	1
succeeding	1
succeed	1
substance	1
subsist	1
subsiding	1
suborning	1
subject	1
stygian	1
stunned	1
stung	1
stumbling	1
stuffed	1
strutting	1
struggling	1
struggle	1
strokes	1
strode	1
striving	1
strive	1
strip	1
striking	1
strikes	1
strewn	1
strewment	1
strew	1
stretching	1
stretches	1
stretched	1
streamy	1
streamed	1
stray	1
straws	1
straw	1
strangling	1
strangest	1
strangeness	1
stramony	1
strains	1
straining	1
stragglers	1
straggler	1
stove	1
stoutly	1
storms	1
stops	1
stoop	1
stony	1
stolen	1
stole	1
stoa	1
stirless	1
stippled	1
stings	1
stinging	1
stilled	1
stick	1
sterner	1
stench	1
stems	1
stem	1
stella	1
steered	1
steeds	1
steals	1
stealeth	1
steady	1
steadings	1
steadfastly	1
staved	1
stave	1
staunched	1
statist	1
stationary	1
statins	1
states	1
stately	1
statelier	1
starry	1
starlike	1
starless	1
staring	1
stares	1
stared	1
stamp	1
stammering	1
stalks	1
stains	1
stagnates	1
staes	1
staddle	1
sritir	1
squirrel	1
squads	1
sputters	1
spurs	1
spurred	1
spurned	1
spurge	1
spruce	1
sprout	1
springtime	1
springtide	1
springs	1
sprawly	1
spouted	1
spoonwood	1
spoon	1
spoken	1
split	1
splashed	1
splash	1
spite	1
spit	1
spirits	1
spines	1
spikes	1
spike	1
spider	1
spendthrift	1
speedwell	1
sped	1
spears	1
spear	1
speaks	1
speaking	1
spattered	1
sparrow	1
sparks	1
spade	1
space	1
sowing	1
sow	1
southwest	1
south	1
sounding	1
sounder	1
sorry	1
sorrel	1
sorely	1
sore	1
sophi	1
soothing	1
sooth	1
sontulimc^	1
sons	1
songs	1
sometbies	1
solves	1
solis	1
solicitude	1
solicitous	1
solaced	1
solace	1
sojourning	1
soils	1
soiled	1
sohtudes	1
softer	1
society	1
sobs	1
soapy	1
snuffed	1
snuff	1
snowy	1
sneaked	1
snath	1
snatckfrom	1
snatched	1
snarl	1
snare	1
snapping	1
snap	1
smuggler	1
smouldering	1
smouldered	1
smote	1
smitten	1
smiles	1
smilax	1
smelling	1
smeared	1
smart	1
smallest	1
smaller	1
slut	1
slung	1
slug	1
slouching	1
slopes	1
slippery	1
slipper	1
slipped	1
slim	1
slie	1
sliding	1
sliattered	1
slender	1
sleeves	1
sleeping	1
sleeper	1
slay	1
slavery	1
slaver	1
slaps	1
slap	1
slain	1
slack	1
skylight	1
skirting	1
skirt	1
skip	1
skins	1
skimming	1
skim	1
skill	1
skii	1
skeleton	1
sjlu	1
sj^elton	1
sixteen	1
six	1
sisjhin	1
sinless	1
sinldng	1
sings	1
singeth	1
sincerity	1
simmering	1
simile	1
silvery	1
sill	1
silk	1
silently	1
signs	1
sighing	1
sift	1
sidney	1
sidle	1
sideward	1
sidesaddle	1
siderum	1
sidelong	1
shyly	1
shy	1
shuts	1
shuddering	1
shuddered	1
shudder	1
shuck	1
shrunken	1
shrubs	1
shrubbery	1
shrub	1
shrouds	1
shriven	1
shrinks	1
shrined	1
shrine	1
shrieking	1
shouldst	1
shoulder	1
shooting	1
shoes	1
shoelap	1
shoe	1
shivers	1
shirt	1
ships	1
ship	1
shingle	1
shines	1
shimmering	1
shimmer	1
shifts	1
shield	1
sheltered	1
sheets	1
sheathed	1
shear	1
sheaf	1
shay	1
shaug	1
shatters	1
shattering	1
sharply	1
sharpest	1
sharpened	1
shard	1
shapes	1
shaped	1
shanty	1
shanties	1
shameless	1
shakespeare	1
shake	1
shafts	1
shaft	1
shadowy	1
shadowings	1
shadowing	1
shadowed	1
shadings	1
shabby	1
sex	1
several	1
settlement	1
setting	1
sets	1
serve	1
servant	1
serpent	1
serious	1
seraph	1
sequestered	1
sequence	1
sequel	1
september	1
sensible	1
sends	1
senate	1
selfish	1
seizes	1
seemest	1
seeldng	1
seeing	1
seedtime	1
seeds	1
seedlings	1
seeded	1
sedges	1
secure	1
secrets	1
secretary	1
seconding	1
seaward	1
seasons	1
seasick	1
seas	1
sears	1
seared	1
sealing	1
seal	1
seabred	1
scurf	1
scure	1
sculler	1
scrub	1
scrimped	1
scream	1
scrawly	1
scramble	1
scowl	1
scouting	1
scout	1
scott	1
scorpion	1
scorning	1
scoffs	1
schoolslip	1
schoolboy	1
scholar	1
scented	1
scarlet	1
scar	1
scantily	1
scalped	1
scaled	1
scale	1
scalding	1
says	1
saying	1
sawn	1
saviour	1
saul	1
sassacus	1
sash	1
sapwood	1
sappho	1
sapphic	1
sapped	1
sapling	1
sap	1
sang	1
sanctity	1
salvation	1
salutation	1
saith	1
saints	1
sails	1
sailed	1
sail	1
sagamore	1
safety	1
sadly	1
saddle	1
saddens	1
saddened	1
sacks	1
sack	1
sachem	1
s^jgjgajt*	1
ruth	1
rustic	1
rusted	1
rushing	1
runner	1
rumour	1
ruled	1
ruin	1
rudely	1
ruddy	1
rubbed	1
rub	1
row	1
rove	1
rouville	1
rout	1
rouse	1
rough	1
rotting	1
rosebuds	1
roris	1
roots	1
rooted	1
romantic	1
romance	1
rocking	1
robe	1
roamer	1
rivage	1
ritual	1
rite	1
risked	1
risk	1
risen	1
rippling	1
ripples	1
riper	1
ripen	1
ringeth	1
rimmed	1
rimini	1
rim	1
rills	1
rifled	1
rides	1
ride	1
rid	1
richness	1
riches	1
richer	1
ribs	1
ribby	1
revulsion	1
revile	1
reviewing	1
review	1
reversing	1
reverence	1
revere	1
revelations	1
revealed	1
returning	1
retreat	1
retrace	1
retook	1
retarding	1
retain	1
retahating	1
restoring	1
restoration	1
restlessly	1
resting-place	1
rested	1
respectant	1
respect	1
resolute	1
resigned	1
reservoir	1
reserve	1
resembling	1
request	1
reputed	1
repose	1
replying	1
replied	1
replace	1
repetition	1
repeats	1
repeating	1
repeat	1
renew	1
remorseless	1
remnants	1
remission	1
remembrance	1
remaining	1
remainder	1
relumed	1
reluctant	1
relentlessly	1
released	1
release	1
relapse	1
reiterates	1
reining	1
rein	1
reigns	1
reigning	1
reigned	1
regnas	1
regis	1
regard	1
regal	1
refusing	1
refrigerium	1
refreshing	1
refreshed	1
refresh	1
reflection	1
refined	1
reek	1
reefs	1
reeds	1
reed	1
redolent	1
reddens	1
redden	1
recovering	1
recorder	1
record	1
reconcilement	1
reconciled	1
recollections	1
reclamations	1
reclaim	1
reckoning	1
recess	1
reception	1
receives	1
receive	1
recalling	1
recalled	1
rebuke	1
reasons	1
reasoning	1
reapt	1
reaping	1
reapeth	1
realms	1
real	1
reads	1
reader	1
reaches	1
re	1
razed	1
raw	1
ravage	1
rattle	1
rats	1
rat	1
raspberry	1
rarest	1
raptured	1
rapid	1
rant	1
ransomed	1
ransacking	1
ranked	1
rangers	1
ranger	1
ranged	1
rang	1
random	1
raked	1
raised	1
rair	1
rains	1
rainbows	1
rages	1
raftsmen	1
radiant	1
rack	1
races	1
quonecktacut	1
quivering	1
quiver	1
quince	1
quickly	1
question	1
quest	1
quarrel	1
quaker	1
quaff	1
quadrangle	1
pythagorean	1
pyrola	1
puts	1
pushing	1
pushes	1
pursed	1
purry	1
purled	1
purity	1
puritatis	1
purchase	1
pulsing	1
pulse	1
pulpit	1
pulchritudine	1
publican	1
prudence	1
proves	1
prove	1
proudly	1
proudest	1
prouder	1
protector	1
prospective	1
propped	1
prophets	1
prophetic	1
prophecy	1
prophecies	1
property	1
prop	1
promising	1
promise	1
progress	1
profits	1
proffer	1
produce	1
process	1
prized	1
private	1
prisoners	1
priestesses	1
pricks	1
prick	1
priceless	1
price	1
pretext	1
pressing	1
preserved	1
presaging	1
precarious	1
preach	1
pre	1
prayerful	1
prayer	1
prairie	1
practical	1
powder	1
poverty	1
pouring	1
pour	1
pot	1
postern	1
possessed	1
pose	1
portress	1
porta	1
popular	1
poplar	1
popinjay	1
pondering	1
ponder	1
pommel	1
polorum	1
pole	1
poldng	1
poke	1
poised	1
poise	1
pointing	1
pointed	1
poignant	1
poems	1
pods	1
pocket	1
pme	1
plunging	1
plungeth	1
plunges	1
plunged	1
plump	1
plume	1
plucked	1
plies	1
pledged	1
pleased	1
please	1
pleasant	1
pleading	1
plaudit	1
plato	1
plate	1
plaster	1
plashes	1
plashed	1
plants	1
plantings	1
planned	1
plaintive	1
plaint	1
placed	1
pityingly	1
pitt	1
pitiless	1
pitcher	1
pit	1
pistil	1
piper	1
pioneer	1
pink	1
pining	1
pincerna	1
pin	1
pilotage	1
pilot	1
pillow	1
pilgrim	1
pikes	1
pier	1
pied	1
pickets	1
picked	1
phrenetic	1
philip	1
phengites	1
phantoms	1
peto	1
petals	1
pet	1
pertain	1
persistence	1
persian	1
perfumed	1
perfects	1
perception	1
peoples	1
people	1
pensioner	1
pension	1
penny	1
pencil	1
pen	1
pelops	1
pelf	1
pegasus	1
peers	1
peering	1
peer	1
peeped	1
pedant	1
pebble	1
pearlwort	1
peak	1
peag	1
pavia	1
patrimony	1
patli	1
pathetic	1
pastures	1
passwords	1
passiveness	1
party	1
partridge	1
partings	1
particles	1
parsley	1
parrot	1
parlour	1
parley	1
pardoning	1
parasitic	1
paraph	1
parallels	1
paradox	1
pant	1
panic	1
pampas	1
palmirah	1
palm	1
palisade	1
paints	1
painfully	1
pail	1
pagod	1
pages	1
pag	1
paean	1
paddies	1
paction	1
pacing	1
pacified	1
oyer	1
owns	1
owning	1
owner	1
overwhelm	1
overlooking	1
overlaid	1
overflow	1
overbold	1
overbearing	1
outstrips	1
outskirt	1
outside	1
outraged	1
outposts	1
outljdng	1
outlived	1
outcry	1
ou	1
ornata	1
oread	1
ordinance	1
orderly	1
orchis	1
orchard	1
orange	1
oppressed	1
opposites	1
opposite	1
opposer	1
opinion	1
opiate	1
ophion	1
opening	1
onyx	1
onset	1
omni	1
oil	1
oftentimes	1
ofl	1
offspring	1
offered	1
offal	1
odorous	1
ode	1
odds	1
odd	1
object	1
obeying	1
ob	1
oath	1
oarsman	1
oaf	1
o'erwrought	1
o'erwritten	1
o'erblown	1
nurtured	1
nursed	1
nurse	1
numbers	1
numbered	1
notice	1
notes	1
nostril	1
nose	1
northward	1
noons	1
nook	1
noise	1
noe	1
nn^t	1
nij	1
nigris	1
niglit	1
nights	1
nightly	1
nightfall	1
nigher	1
niagara	1
ni	1
next	1
news	1
newborn	1
nettle	1
netting	1
netful	1
net	1
nest	1
nero	1
neighbourhood	1
needs	1
needle	1
needful	1
needed	1
necks	1
necessity	1
nearly	1
nearing	1
nay	1
natures	1
natuee	1
nation	1
narrows	1
named	1
nail	1
nacre	1
mythology	1
mystic	1
mystery	1
myrtles	1
myrrhine	1
myrrh	1
myriad	1
mute	1
muskets	1
musk	1
musing	1
murmurs	1
murmured	1
murmur	1
murky	1
mummers	1
multifold	1
mullein	1
mull	1
mule	1
muddy	1
mud	1
mthin	1
msdom	1
mowing	1
mowers	1
mower	1
moving	1
moveth	1
moves	1
movement	1
mourning	1
mournfully	1
mourner	1
mourned	1
mounds	1
mound	1
mouldered	1
motions	1
motionless	1
moth	1
motes	1
mossy	1
mossed	1
mosquito	1
mosely	1
mortgage	1
morns	1
mop	1
moonshine	1
moonrise	1
moonlit	1
moonbeams	1
moody	1
moods	1
monstrous	1
monkshood	1
momentous	1
moitow	1
modesty	1
modern	1
mode	1
mockingly	1
moccason	1
moaning	1
mnd	1
mists	1
missive	1
missed	1
misplace	1
misericordiab	1
miser	1
miseiy	1
misdeemed	1
misdeeds	1
mischances	1
mire	1
minutes	1
mints	1
minna	1
mink	1
minister	1
minion	1
mingling	1
mingler	1
mingle	1
minds	1
mindful	1
mimicked	1
mill	1
miles	1
mile	1
mildewed	1
mightiest	1
midland	1
metre	1
message	1
mess	1
mesh	1
merry	1
merlin	1
merits	1
merge	1
merely	1
mercury	1
merciless	1
menacing	1
memories	1
memorials	1
memor	1
melodious	1
mellow	1
mellis	1
meeting	1
meed	1
medusa	1
meant	1
mazagan	1
mayweed	1
mayflowers	1
maybe	1
maul	1
mattered	1
mates	1
mate	1
masthead	1
massed	1
mass	1
mary	1
martin	1
mart	1
mars	1
marriage	1
marred	1
marl	1
marks	1
marketplace	1
market	1
maris	1
marigold	1
maria	1
marge	1
marching	1
marched	1
marcasite	1
marbles	1
mantle	1
mantel	1
manoah	1
manhood	1
mandane	1
managed	1
manada	1
mall	1
makgites	1
makes	1
maker	1
mainly	1
lyric	1
lyre	1
lyra	1
lyiii	1
lyi	1
lydiades	1
lustrums	1
lurked	1
luring	1
lurid	1
lurches	1
lupine	1
lundimmed	1
lumen	1
lulled	1
lozenge	1
lowering	1
lovingly	1
lovelier	1
loup	1
lounge	1
lote	1
lorn	1
lordly	1
lordlier	1
looser	1
loosened	1
longobard	1
longed	1
loft	1
lodges	1
lodge	1
locust	1
locket	1
lobelia	1
loathly	1
loath	1
load	1
ll^fr	1
lithe	1
listening	1
listen	1
lioness	1
lion	1
lintels	1
links	1
link	1
lingers	1
lingered	1
lines	1
lima	1
lilach	1
likened	1
liis	1
lightning	1
lighten	1
lighted	1
lifeless	1
lieth	1
lief	1
liberal	1
liawk	1
liable	1
level	1
levanter	1
lest	1
lesser	1
lessen	1
leoena	1
lent	1
lenient	1
leisure	1
legume	1
legend	1
ledges	1
leavetaking	1
learning	1
leaping	1
leaders	1
lazy	1
laying	1
lawyer	1
laws	1
lawn	1
lawful	1
lavish	1
laver	1
lav	1
latteri	1
latest	1
lastly	1
lash	1
largess	1
larches	1
lantern	1
landward	1
landsman	1
landscapes	1
lands	1
landing	1
lancelot	1
lancaster	1
lamplight	1
ladies	1
laden	1
lacking	1
lack	1
l^tovembek	1
kver	1
kounding	1
kose	1
koars	1
knock	1
knitting	1
knightship	1
knightly	1
knees	1
knack	1
kjng	1
kjiown	1
kisses	1
kings	1
kingly	1
kindred	1
kindly	1
kin	1
killing	1
khotrude	1
key	1
kegulus	1
kegardless	1
kefuse	1
keeping	1
ked	1
keceiving	1
keasoning	1
kan	1
jy	1
jutted	1
justice	1
july	1
juggle	1
judge	1
joyful	1
journey	1
jou	1
jolly	1
jollity	1
joking	1
joins	1
john	1
jnspiratitrju	1
jnow	1
jnfatuattdn	1
jingling	1
jingled	1
jingle	1
ji5	1
jg^r	1
jg	1
jew	1
jetty	1
jet	1
jesus	1
jest	1
jerusalem	1
jellies	1
jeers	1
jeering	1
jaw	1
java	1
jarred	1
jangle	1
jading	1
jacko	1
jacinth	1
j^outh	1
j&lled	1
ixaoiie	1
ium	1
itatiiit'h	1
isolate	1
ismenean	1
island	1
irish	1
ire	1
io	1
invest	1
invention	1
intrudes	1
interveneth	1
interval	1
interrupted	1
intermixed	1
interest	1
interchange	1
intention	1
intending	1
instinct	1
instance	1
inspire	1
inspiration	1
insolently	1
insnaring	1
insight	1
insensibly	1
insecure	1
insatiable	1
inroad	1
innumerable	1
innocence	1
inly	1
ink	1
injustice	1
iniquity	1
ingrowing	1
ingraft	1
informer	1
influence	1
inflexible	1
infinite	1
inexhaustible	1
indraught	1
indolent	1
indiscerptible	1
indifference	1
india	1
ind	1
incumbents	1
increasing	1
increase	1
incense	1
inaudible	1
inaction	1
inaccessible	1
impress	1
impracticable	1
impossible	1
importeth	1
implore	1
imperious	1
impels	1
impatience	1
impassable	1
immortal	1
immoderately	1
imminent	1
immersed	1
imew	1
imeting	1
imaging	1
imagination	1
images	1
illume	1
illapse	1
iliglit	1
ilag	1
ikfatuation	1
iiiuilisiti*	1
iig	1
ih	1
ieep	1
idol	1
idocrase	1
icesius	1
ice	1
iag	1
i^h^	1
i've	1
hythe	1
hypocrisy	1
huts	1
hushed	1
hurtled	1
hurry	1
hurried	1
hurly	1
hunted	1
hunger	1
humour	1
hummed	1
humbly	1
humbler	1
humanise	1
hum	1
hug	1
hue	1
hsemonian	1
hrth	1
hrook	1
howling	1
howl	1
hovered	1
hover	1
houseless	1
hounded	1
hottoms	1
host	1
horses	1
horrible	1
hopelessness	1
hopelessly	1
hoof	1
honour	1
hominum	1
homeward	1
homes	1
homers	1
homer	1
homely	1
homage	1
holiest	1
holier	1
holes	1
holding	1
holders	1
hoists	1
hoe	1
hoary	1
hoarsely	1
hoarse	1
hoar	1
hitters	1
histories	1
hinder	1
hilly	1
hillside	1
hillcrest	1
hierarch	1
hideth	1
hideous	1
hiang^ir	1
hght	1
hessian	1
herodice	1
heritage	1
heretofore	1
herd	1
herb	1
hephsestian	1
henry	1
hemony	1
helplessness	1
helpless	1
helpeth	1
helm	1
hell	1
heliochryse	1
heliades	1
heirs	1
heir	1
heen	1
heedeth	1
heds	1
heaving	1
heavily	1
heavenward	1
heaved	1
heats	1
heartbreaking	1
heaps	1
heaping	1
heapeth	1
heals	1
healing	1
heady	1
headlands	1
headache	1
he's	1
hazel	1
haze	1
haycock	1
hay	1
haunts	1
haunting	1
haunted	1
hating	1
hasty	1
hastens	1
hasten	1
harvests	1
harvested	1
harshly	1
harps	1
harping	1
harp	1
harmonious	1
harebell	1
hare	1
hardhack	1
hardest	1
hardens	1
hardening	1
hardened	1
harden	1
happiness	1
haply	1
hank	1
hangeth	1
handled	1
handfuls	1
handed	1
hamlet	1
hamilcars	1
halting	1
halt	1
halo	1
hailstones	1
hah	1
hadst	1
hack	1
habmanthus	1
h	1
gusty	1
gusts	1
gushing	1
gurgling	1
gum	1
gully	1
guise	1
guiltless	1
guile	1
guest	1
guessing	1
guenovere	1
guava	1
gtim	1
grument	1
gruff	1
grudgingly	1
grubs	1
groweth	1
grower	1
groups	1
group	1
groundswell	1
groundsill	1
grot	1
groping	1
grocery	1
grit	1
gripe	1
grim	1
griiefs	1
grieves	1
gridiron	1
greeting	1
greet	1
greens	1
greenly	1
greek	1
greatest	1
gravity	1
graver	1
gravely	1
grasshoppers	1
grasshopper	1
grasses	1
grardens	1
grapes	1
grains	1
grail	1
gracefully	1
gown	1
gossip	1
goods	1
goodlier	1
goeth	1
godhead	1
goal	1
gnomon	1
gnashed	1
glowing	1
glorise	1
glorious	1
glorified	1
gloomed	1
glitter	1
glistens	1
glistening	1
glimpses	1
glimpsed	1
gliding	1
glide	1
glens	1
glen	1
glee	1
gleanings	1
gleaned	1
gleams	1
glaucian	1
glasses	1
glassed	1
glare	1
glands	1
glances	1
glanced	1
glade	1
glad	1
giving	1
gives	1
giver	1
giselia	1
girls	1
gird	1
girasol	1
gim	1
gilded	1
giddying	1
gibe	1
giant	1
ghosts	1
ghnts	1
gets	1
gesture	1
gestans	1
gentler	1
gentleness	1
genius	1
genial	1
generous	1
general	1
gemelli	1
gear	1
gathers	1
gathereth	1
gates	1
garnish	1
garnered	1
garments	1
garment	1
garland	1
gardener	1
gap	1
gales	1
gaining	1
gaiety	1
gagged	1
g	1
fused	1
fume	1
fullness	1
fullest	1
fuller	1
fruity	1
fruits	1
frothed	1
froth	1
frosts	1
frondage	1
frog	1
fringed	1
frightened	1
fretting	1
frets	1
fret	1
freshens	1
fray	1
frank	1
framed	1
fragrancy	1
fragrance	1
fox	1
fount	1
foundling	1
forum	1
forty	1
forsooth	1
forms	1
former	1
forlornly	1
forlorn	1
forks	1
forgiving	1
forgiven	1
forgetting	1
forget	1
foretell	1
foresight	1
foreshadowed	1
forerun	1
foremost	1
forelay	1
forego	1
fore	1
forces	1
fops	1
fop	1
footway	1
footstool	1
food	1
follies	1
foiled	1
foil	1
fogs	1
fmiong	1
flying	1
flutter	1
flushing	1
flush	1
flowing	1
floweth	1
flowerlip	1
flos	1
floriage	1
flomng	1
float	1
flitting	1
flickering	1
flickered	1
flicker	1
flew	1
fleeting	1
fleecy	1
fledged	1
flecks	1
flayed	1
flaw	1
flatterers	1
flatter	1
flatten	1
flats	1
flapping	1
fixture	1
fix	1
five	1
firmest	1
finger	1
fine	1
finding	1
filling	1
fill	1
filigrane	1
file	1
figures	1
figured	1
fighting	1
fifth	1
fiends	1
fiend	1
feverfew	1
ferret	1
ferns	1
fens	1
fences	1
fence	1
female	1
felony	1
fellowships	1
felling	1
felled	1
feelings	1
feeding	1
fee	1
feathers	1
feat	1
feared	1
fathee	1
farthest	1
farmstead	1
farms	1
farming	1
farmhouse	1
fantasy	1
fanolehen	1
fanned	1
fancied	1
familiars	1
famed	1
fairy	1
faintest	1
fainter	1
faihng	1
fades	1
fabrics	1
fable	1
eyelids	1
eyelashes	1
exultation	1
extremer	1
extracts	1
explore	1
explain	1
expectant	1
expands	1
exorable	1
exigence	1
exheredate	1
exhaustive	1
exhausted	1
exhaust	1
exchequer	1
exchanged	1
excess	1
except	1
excellence	1
exampling	1
examples	1
evoked	1
evergreens	1
evenings	1
evenfall	1
eve	1
eternity	1
eternal	1
estrange	1
espial	1
esdras	1
esculent	1
err	1
erexcea	1
erected	1
equally	1
equal	1
eponina	1
eome	1
eoll	1
envy	1
environ	1
entrenched	1
entreaty	1
entreating	1
entertain	1
enters	1
entergage	1
enter	1
entangled	1
enshrine	1
engineer	1
enfold	1
enduring	1
endowed	1
endow	1
ended	1
endears	1
enclosed	1
enchain	1
en	1
emprise	1
employ	1
empiric	1
emotion	1
embraces	1
embodying	1
embleming	1
elver	1
ellipse	1
elldore	1
elidore	1
elements	1
eldest	1
elder	1
eest	1
eesponsible	1
eenouncing	1
eecover	1
eecipient	1
edges	1
eddy	1
eclipse	1
eck	1
echoing	1
echoes	1
echo	1
eburnine	1
ebbed	1
eave	1
eastern	1
east	1
eardrop	1
eamer	1
eagerly	1
dyes	1
dwelling	1
dwarf	1
duty	1
dusky	1
dulse	1
dulled	1
dulcoris	1
dug	1
drummer	1
drugs	1
drugged	1
drug	1
drudge	1
drowns	1
drover	1
drought	1
droops	1
driving	1
drips	1
drinks	1
drinking	1
drifts	1
drifting	1
dressed	1
drenching	1
drenched	1
dreary	1
dreamless	1
dreamer	1
drawing	1
drapes	1
drama	1
drain	1
dragon	1
dragged	1
drag	1
downstream	1
downset	1
dowered	1
dovecote	1
dove	1
doubtful	1
doubted	1
doubles	1
dotloss	1
doorstones	1
doorstep	1
doors	1
doom	1
domestic	1
dollars	1
dogwood	1
does	1
divorce	1
diviner	1
dividend	1
divide	1
disused	1
disturbed	1
distrustful	1
distrust	1
distress	1
distills	1
distance	1
distained	1
dissuades	1
dissohing	1
dissever	1
dissemble	1
disrelishing	1
disquietude	1
disposer	1
display	1
dispenser	1
dispensed	1
disown	1
disgrace	1
disesteemed	1
discursively	1
discrowned	1
discovery	1
discordant	1
discomposed	1
discerns	1
discern	1
disastrous	1
disaster	1
disarray	1
disappointments	1
disappointment	1
disappeared	1
disappear	1
disallowed	1
dirge	1
dips	1
dingy	1
dingle	1
din	1
dims	1
dimension	1
digged	1
difference	1
dies	1
diamonds	1
di\dne	1
di	1
dewy	1
dewless	1
dewlap	1
devolves	1
devils	1
detract	1
determine	1
determination	1
detained	1
detached	1
destruction	1
despondingly	1
despoils	1
despairing	1
despaired	1
desolation	1
designed	1
design	1
deserved	1
deserted	1
descry	1
descent	1
depth	1
depreciating	1
depending	1
depended	1
depart	1
deny	1
dense	1
denial	1
denary	1
demons	1
demanding	1
demand	1
delude	1
dell	1
deliver	1
delights	1
delighted	1
deliberate	1
delf	1
delay	1
dehghtful	1
degrees	1
degree	1
degraded	1
defraud	1
defined	1
defiant	1
deer	1
deeps	1
deepest	1
deepens	1
deepened	1
deeming	1
deemed	1
dedication	1
decree	1
decoction	1
declension	1
declaiming	1
decks	1
decimal	1
deceives	1
deceive	1
decays	1
decadence	1
debtor	1
debt	1
deborah	1
debars	1
dealt	1
deal	1
deadness	1
deadly	1
deadens	1
deacon	1
de\dl	1
de	1
dazzled	1
dawns	1
dawning	1
dawned	1
date	1
dashing	1
dash	1
darted	1
darnels	1
darlmess	1
darkle	1
darkens	1
darken	1
danger	1
dancing	1
damps	1
dampening	1
damped	1
dame	1
damascus	1
dam	1
dallying	1
dales	1
daintily	1
dainties	1
da	1
d	1
cystic	1
cypress	1
cutworms	1
cuts	1
cut	1
curtained	1
curse	1
curl	1
curiosity	1
cureless	1
curb	1
cur	1
cupreous	1
cunigosteura	1
culmine	1
cublai	1
crystal	1
crysophoras	1
crying	1
crusted	1
crush	1
cruel	1
crows	1
crowns	1
crowning	1
crowding	1
crouched	1
crops	1
critics	1
crieth	1
cried	1
crickets	1
crevice	1
crested	1
creeper	1
creep	1
creek	1
creeds	1
credulous	1
credenda	1
creatures	1
creation	1
craves	1
craunches	1
crashed	1
crash	1
crane	1
craggy	1
craft	1
cradle	1
coy	1
cows	1
cowed	1
coward	1
cow	1
coves	1
covered	1
cover	1
cove	1
courtiers	1
counting	1
counties	1
counterplot	1
counterfeit	1
counter	1
coughed	1
coueagued	1
couched	1
cotton	1
corrupt	1
coronata	1
cornstalks	1
cored	1
corallite	1
coral	1
corahe	1
copy	1
copse	1
coppice	1
conveys	1
convexity	1
converge	1
contrast	1
contentment	1
consumer	1
constrained	1
constellate	1
constancy	1
conspire	1
conspiracy	1
consoled	1
consequence	1
consenting	1
consent	1
consciously	1
conquest	1
congelation	1
confused	1
confirm	1
confidential	1
confident	1
confer	1
cones	1
conditions	1
conclusion	1
concerneth	1
concede	1
compute	1
compressed	1
composed	1
completion	1
completed	1
competence	1
compensation	1
compassion	1
company	1
companions	1
companion	1
compact	1
coming	1
comfortless	1
coltsfoot	1
colouring	1
coloured	1
collects	1
collectively	1
collected	1
collect	1
coexist	1
code	1
cock	1
cobweb	1
clutch	1
club	1
cloudlike	1
clouded	1
clotbur	1
closer	1
closely	1
cloister	1
clod	1
clocks	1
clock	1
clinking	1
clings	1
cling	1
climbing	1
clever	1
clematis	1
clefts	1
cleaving	1
clears	1
cleareth	1
clearer	1
cleanse	1
clays	1
clay	1
clattering	1
classic	1
clash	1
clapped	1
clank	1
clamped	1
clamhers	1
claiming	1
clad	1
city	1
circulating	1
circled	1
cinquefoils	1
ciide	1
cigars	1
church	1
chuif	1
chrysolampis	1
chronicled	1
christly	1
christens	1
christening	1
christ	1
chords	1
choral	1
chops	1
choosing	1
choir	1
choice	1
chngs	1
chisel	1
chink	1
chimney-piece	1
chimney	1
childlike	1
chiefest	1
chides	1
chide	1
chew	1
chestnut	1
cherry	1
chelone	1
cheerings	1
cheeks	1
checks	1
checked	1
cheat	1
chat	1
chaste	1
chasm	1
chasing	1
chase	1
charnel	1
charities	1
charging	1
charges	1
chargeable	1
chanticleer	1
chanted	1
channelled	1
cham	1
chair	1
chain	1
chaffering	1
cells	1
cella	1
cause	1
caught	1
cataracts	1
cataract	1
catapult	1
casual	1
castle	1
cassandra	1
cascadnac	1
carvest	1
carven	1
cart	1
carries	1
carolling	1
carol	1
carnelians	1
carelessly	1
career	1
care	1
caps	1
caprice	1
capes	1
canter	1
cant	1
cane	1
cancellate	1
canadian	1
calypso	1
calms	1
calls	1
calhng	1
calendars	1
calamity	1
caito	1
cadence	1
byway	1
byron	1
bypast	1
buy	1
buttercups	1
butter	1
butt	1
busy	1
bustling	1
bushy	1
bushes	1
burying	1
burst	1
burke	1
burgelostrasse	1
buonaparte	1
bundles	1
bundle	1
bunches	1
bulrush	1
bulb	1
building	1
build	1
brushwood	1
brushes	1
bruited	1
bruised	1
brothers	1
broods	1
brooded	1
brokenly	1
broader	1
broadcloth	1
brize	1
bristling	1
bristles	1
brings	1
brimstone	1
brim	1
brilliant	1
brightness	1
brightest	1
brightening	1
briers	1
brier	1
bridge	1
brick	1
brenda	1
bred	1
breathed	1
breastwork	1
breaketh	1
breaker	1
breadth	1
braveries	1
braver	1
brave	1
brass	1
brandy	1
brand	1
brake	1
bracing	1
boyish	1
boyhood	1
bounty	1
boundless	1
bought	1
bottomless	1
botanic	1
bot	1
borneo	1
bore	1
booming	1
books	1
bole	1
boldly	1
bog	1
body	1
boat	1
bluster	1
blushing	1
blushed	1
blurs	1
blurring	1
blur	1
bluets	1
bluet	1
bluely	1
bluebell	1
blown	1
blot	1
blossoms	1
blossoming	1
bloomy	1
blockhouse	1
blisters	1
blissfully	1
blink	1
blinder	1
blight	1
blessings	1
blessing	1
blend	1
bleeds	1
bleak	1
bleached	1
blazing	1
blasts	1
blasting	1
blankly	1
blame	1
blades	1
bladders	1
blacksmith	1
blackness	1
blacken	1
bitten	1
bite	1
birds	1
birchwood	1
billow	1
bill	1
bigger	1
bids	1
bhstering	1
bhodanthe	1
bheel	1
bewildered	1
betrothed	1
betrays	1
bestrode	1
besieged	1
beseem	1
beseeches	1
berries	1
bereft	1
bereaves	1
bereaved	1
benumb	1
benefits	1
bend	1
bencl	1
benches	1
bemused	1
belting	1
belted	1
belonging	1
belong	1
bells	1
bellflower	1
believing	1
beliefs	1
behest	1
begun	1
begotten	1
beggar	1
befringe	1
beforetime	1
befit	1
beetle	1
beer	1
beeches	1
beebread	1
bedecked	1
bedchamber	1
because	1
became	1
beaver	1
beau	1
beatings	1
beaten	1
beast	1
beard	1
beamings	1
beaks	1
beacon	1
beaches	1
beach	1
bayonets	1
baulk	1
battle-axe	1
battered	1
bathers	1
bathe	1
bath	1
basin	1
barrenness	1
barred	1
barges	1
bargain	1
bards	1
barbarian	1
banned	1
banked	1
banished	1
banghng	1
bands	1
balsamic	1
balm	1
ballast	1
balcony	1
balance	1
bait	1
baffled	1
babblest	1
azure	1
ayhilst	1
awoke	1
awning	1
awn	1
awkward	1
awhile	1
awe	1
awash	1
awakes	1
avoiding	1
avoid	1
autograph	1
author	1
auricula	1
august	1
audit	1
audience	1
audibly	1
auction	1
attended	1
attainless	1
attain	1
attack	1
atoms	1
atmosphere	1
athrough	1
athenians	1
astonished	1
asthma	1
asters	1
asterisms	1
aster	1
assuming	1
assumed	1
assuage	1
asserting	1
assail	1
asphodels	1
asphodel	1
ashes	1
ashamed	1
ashake	1
ascended	1
ascend	1
arum	1
arts	1
arthur	1
artemisia	1
arrowhead	1
arrayed	1
arrange	1
armed	1
arlotte	1
aril	1
ardour	1
ardent	1
arcturus	1
arching	1
ararat	1
apt	1
approaching	1
approach	1
appoint	1
applause	1
applauded	1
applaud	1
appeared	1
appear	1
apparelage	1
apparel	1
appals	1
apollo	1
api	1
apes	1
ape	1
anybody	1
anvil	1
anther	1
answers	1
answered	1
annual	1
ankles	1
angles	1
angels	1
anemone	1
and^rind	1
anchor	1
analogy	1
anadema	1
ample	1
amomum	1
amoebsean	1
amiss	1
amends	1
ambuscade	1
ambition	1
ambit	1
amassing	1
amaryllis	1
amaranth	1
am	1
always	1
alternately	1
aloft	1
alnage	1
almanac	1
allies	1
alley	1
allegiance	1
alarm	1
akin	1
airy	1
aimless	1
ailing	1
agria	1
agony	1
agonies	1
ago	1
age	1
afford	1
affluence	1
affection	1
affable	1
advance	1
adorning	1
adoring	1
adjuncts	1
addressed	1
addle	1
add	1
adaptation	1
adage	1
action	1
actia	1
acres	1
acid	1
aches	1
accusing	1
accuse	1
accounting	1
accounted	1
account	1
accomplished	1
able	1
abbatis	1
^yhere	1
^ul	1
^u]ft\{uiive	1
^toiucrs	1
^ravl	1
^qvtmh^r<	1
^nt^txow	1
^n^hoa^'^	1
^n	1
^mn^u	1
^mi^tcrm	1
^aini	1
^^tio	1
^0nn^t	1
^.	1
\iews	1
\\illow	1
?"	1
4pnri[sca*^	1
.<'	1
.'	1
--	1
**	1
'^	1
',	1
%xvf^x	1
":	1
!-	1
