the	262
,	257
.	241
and	123
of	113
to	84
|'s|	72
in	72
labour	52
—	37
with	36
hand	35
a	35
for	30
your	29
is	28
our	26
their	24
by	24
that	22
from	22
sweet	21
|arabic2digit|	20
we	20
tune	20
but	19
you	18
hope	18
are	18
'	18
on	17
chorus	17
bright	17
right	16
over	16
now	16
be	16
while	15
;	15
thy	14
men	14
liberty	14
at	14
should	13
i	13
have	13
has	13
day	13
all	13
ye	12
who	12
those	12
let	12
honest	12
true	11
toil	11
they	11
shall	11
not	11
move	11
may	11
like	11
land	11
freedom	11
cause	11
us	10
upon	10
soil	10
laws	10
every	10
truth	9
then	9
star	9
night	9
long	9
light	9
honour	9
was	8
trust	8
this	8
round	8
plain	8
my	8
ever	8
as	8
which	7
up	7
tillers	7
sun	7
still	7
sons	7
see	7
rally	7
nature	7
know	7
justice	7
each	7
banner	7
will	6
when	6
well	6
we're	6
we'll	6
tyrant	6
strike	6
state	6
or	6
ode	6
monopoly	6
mighty	6
it	6
gold	6
farmers	6
before	6
?	6
|arabic1digit|	5
where	5
view	5
upward	5
tis	5
thee	5
task	5
stand	5
spring	5
shore	5
ray	5
one	5
if	5
hour	5
host	5
his	5
her	5
halls	5
had	5
great	5
gather	5
free	5
fair	5
etc	5
bad	5
an	5
within	4
white	4
vote	4
valiant	4
twenty	4
through	4
though	4
thou	4
them	4
sword	4
streaming	4
rays	4
ranks	4
proud	4
orders	4
nation	4
must	4
met	4
life	4
last	4
labouring	4
kind	4
just	4
its	4
home	4
hold	4
heart	4
harken	4
grasping	4
goodbye	4
good	4
glad	4
friends	4
freeman	4
franchise	4
dark	4
come	4
closing	4
charge	4
bold	4
back	4
!	4
yet	3
wrong	3
would	3
work	3
were	3
waters	3
voting	3
vision	3
unison	3
unions	3
two	3
toiling	3
toilers	3
time	3
thus	3
throughout	3
throng	3
thought	3
there	3
syndicates	3
syndicate	3
sweep	3
suffered	3
such	3
some	3
so	3
ship	3
she	3
share	3
seek	3
sea	3
say	3
run	3
rule	3
refrain	3
race	3
problem	3
powers	3
polls	3
point	3
patrons	3
past	3
part	3
own	3
other	3
old	3
oh	3
often	3
ocean	3
o	3
nor	3
no	3
neighbour	3
name	3
music	3
mountain	3
more	3
make	3
main	3
made	3
lost	3
looks	3
labourer	3
hours	3
high	3
grand	3
go	3
gain	3
future	3
freemen	3
foul	3
forgot	3
first	3
far	3
faith	3
equal	3
earth	3
dust	3
dream	3
devotion	3
daughters	3
chorvs	3
cannot	3
brain	3
borders	3
bid	3
been	3
beaming	3
anthem	3
again	3
action	3
:	3
"	3
|romannumeral|	2
yield	2
year	2
wild	2
wet	2
week	2
war	2
wall	2
walk	2
wait	2
valley	2
union	2
tyranny	2
twas	2
tryant	2
tribute	2
tree	2
trample	2
tower	2
toiler	2
till	2
thoughts	2
than	2
tears	2
take	2
swiftly	2
sweetly	2
sure	2
strive	2
strife	2
strength	2
storm	2
station	2
statesmen	2
spoil	2
spade	2
soon	2
small	2
slavery	2
skies	2
side	2
shylock	2
shout	2
shining	2
sense	2
send	2
seemed	2
seeking	2
sail	2
sabre	2
s	2
rust	2
rolling	2
roar	2
rich	2
represent	2
red	2
receive	2
rail	2
quiet	2
quick	2
pure	2
present	2
politicians	2
plough	2
please	2
patron	2
pathway	2
paths	2
passed	2
parting	2
page	2
others	2
opening	2
once	2
northern	2
never	2
near	2
moving	2
mountains	2
motion	2
morning	2
minions	2
mind	2
millions	2
mid	2
meet	2
mast	2
marching	2
many	2
man	2
m	2
love	2
loudly	2
loth	2
lor	2
looking	2
lines	2
lever	2
length	2
leisure	2
labours	2
labourers	2
known	2
knee	2
imbue	2
hurled	2
human	2
how	2
horrid	2
homes	2
holds	2
history	2
higher	2
here	2
height	2
he	2
haughty	2
hard	2
halo	2
hail	2
gulf	2
grasp	2
grain	2
golden	2
gi	2
gathering	2
freedoms	2
fountain	2
fortune	2
fond	2
flowers	2
fleeting	2
fit	2
fill	2
fight	2
fate	2
fast	2
farm	2
fame	2
eyes	2
exalted	2
evil	2
eternal	2
enrolled	2
enduring	2
eight	2
efforts	2
eastern	2
east	2
early	2
dying	2
drive	2
drear	2
down	2
died	2
deep	2
deeds	2
course	2
country	2
could	2
content	2
companions	2
command	2
coming	2
comes	2
colours	2
centuries	2
cats	2
cast	2
capitol	2
cannon	2
came	2
called	2
brings	2
braved	2
brave	2
boys	2
box	2
bore	2
blessing	2
better	2
bent	2
below	2
behind	2
beauty	2
battle	2
banners	2
ballot	2
array	2
around	2
armies	2
armed	2
ark	2
almighty	2
ages	2
age	2
adieu	2
•v	1
•nwe	1
zephyrs	1
zephyr	1
youth	1
you'll	1
yonr	1
yonder	1
yankee	1
wrongs	1
written	1
worthy	1
working	1
workidg	1
worked	1
word	1
wondering	1
won	1
winds	1
wind	1
willing	1
wiles	1
why	1
whose	1
when'er	1
wheels	1
wheat	1
what	1
welfare	1
welcomed	1
welcome	1
webb	1
weaker	1
way	1
waves	1
wave	1
watchman	1
watched	1
washington	1
warp	1
want	1
wail	1
w	1
volume	1
voice	1
visions	1
virtue	1
vine	1
vie	1
vested	1
very	1
verses	1
vault	1
valleys	1
valinnt	1
use	1
unworthy	1
untrue	1
undisputed	1
under	1
unblushing	1
tyrany	1
twining	1
twelve	1
tvampl	1
turbid	1
tunb	1
tuke	1
tuhk	1
trusts	1
troubled	1
trodden	1
treating	1
travelling	1
tradesmen	1
toward	1
tother	1
torrents	1
tongue	1
token	1
toils	1
tme	1
tints	1
tilling	1
tilled	1
tie	1
throne	1
throbbing	1
three	1
thoroughfare	1
thither	1
think	1
thing	1
these	1
thb	1
tents	1
ten	1
tell	1
teeming	1
teaches	1
tdhx	1
taught	1
taking	1
taken	1
t	1
syne	1
swinging	1
swelling	1
swell	1
sweetest	1
sunshine	1
succeed	1
sublime	1
striven	1
strewn	1
strengthen	1
strain	1
stormy	1
stood	1
stiike	1
started	1
stars	1
stands	1
standing	1
standard	1
stagger	1
st^ke	1
sprawling	1
spears	1
sparkling	1
sow	1
sovereignty	1
southward	1
soul	1
sought	1
sort	1
sorrow	1
sordid	1
solve	1
solemn	1
softly	1
soft	1
slunk	1
slow	1
slope	1
sixty	1
sit	1
sisters	1
sinjr	1
sings	1
singing	1
silvery	1
sight	1
sifters	1
sierra	1
shrunk	1
shoull	1
shotted	1
ships	1
shines	1
shine	1
shed	1
shady	1
shadows	1
shade	1
settle	1
setting	1
selfishness	1
search	1
seaman	1
scum	1
scream	1
scours	1
scour	1
scorn	1
sceptre	1
save	1
sav	1
sang	1
same	1
salary	1
saddened	1
sad	1
ruthless	1
runs	1
rude	1
roses	1
rootlet	1
rocks	1
robber	1
road	1
riverside	1
riot	1
ringing	1
ring	1
rill	1
rights	1
riarht	1
rewarded	1
reward	1
revolve	1
revolt	1
resting	1
resource	1
resound	1
rend	1
rein	1
refiain	1
recompense	1
reap	1
reading	1
read	1
rattle	1
rash	1
rare	1
rapidly	1
raise	1
rainbow	1
railroad	1
ragged	1
r	1
pursue	1
purses	1
purpose	1
pull	1
pul	1
proudly	1
protection	1
prospects	1
prophecy	1
prone	1
prom	1
progressive	1
profits	1
prison	1
preface	1
prairie	1
power	1
poweire	1
possessors	1
positions	1
portion	1
poor	1
pollute	1
points	1
po	1
ploughed	1
pleasant	1
planted	1
placet	1
place	1
pitched	1
pillow	1
petty	1
pestilential	1
permitted	1
performed	1
perfect	1
people	1
pen	1
peels	1
pebbles	1
peaks	1
peace	1
pe	1
pause	1
pathm^ay	1
pair	1
paint	1
pacific	1
owing	1
ower	1
overthro	1
overflow	1
outside	1
out	1
oterboaed	1
ory	1
order	1
oppressor	1
oppression	1
open	1
oottage	1
oobonation	1
only	1
olort	1
offers	1
off	1
odes	1
obeying	1
obb	1
oar	1
nt	1
nobly	1
noble	1
nnions	1
ng	1
new	1
nerve	1
neighbours	1
neigh	1
native	1
narrow	1
n	1
myself	1
much	1
mourner	1
mount.un8	1
most	1
moon	1
monopolis	1
monarch	1
mire	1
mines	1
mine	1
minds	1
mill	1
miles	1
might	1
mention	1
mental	1
melodious	1
mellow	1
masses	1
marble	1
manufacturers	1
mans	1
mankind	1
malady	1
maiden	1
mahohing	1
lying	1
loy	1
low	1
lot	1
lord	1
look	1
lolled	1
loathed	1
live	1
little	1
litter	1
lionest	1
lion	1
linll	1
linger	1
limb	1
lilies	1
lightly	1
lighten	1
lies	1
libertya	1
lfoudly	1
lessons	1
lesson	1
less	1
legislative	1
left	1
led	1
leavings	1
leave	1
learn	1
leaning	1
leaf	1
leaders	1
lay	1
lawyer	1
laughter	1
later	1
lately	1
late	1
lang	1
lane	1
lands	1
landing	1
lan^	1
lamps	1
lamp	1
lake	1
laid	1
laden	1
la	1
kobbed	1
knights	1
knees	1
knd	1
knave	1
king	1
kindly	1
keeping	1
keep	1
k	1
joy	1
jind	1
jeer	1
jder	1
j^roblem	1
italy	1
istar	1
iron	1
intent	1
instead	1
injustice	1
ihe	1
ignore	1
i've	1
hyena	1
huron	1
hundred	1
humble	1
ht	1
hozannah	1
hovering	1
hosts	1
hosnt	1
horror	1
horizon	1
hoob	1
honesty	1
homeavard	1
holid	1
him	1
hills	1
hill	1
herself	1
hercules	1
herald	1
held	1
heir	1
heel	1
heeded	1
heaven	1
hearts	1
hearth	1
heard	1
hear	1
head	1
haven	1
hasten	1
haste	1
hast	1
hangers	1
hands	1
handed	1
hallowed	1
h	1
gushing	1
guide	1
growing	1
grow	1
gross	1
greet	1
greenland	1
greater	1
got	1
going	1
goes	1
glows	1
glow	1
glory	1
glides	1
gleaming	1
gleam	1
glass	1
give	1
gilt	1
gigantic	1
gifted	1
giddy	1
giant	1
gentle	1
gem	1
gazing	1
gauntlet	1
game	1
full	1
fruit	1
frowns	1
frown	1
frnit	1
friendship	1
friedds	1
fraught	1
fought	1
fortress	1
fortified	1
former	1
form	1
forever	1
forest	1
foremost	1
foreign	1
forefathers	1
followed	1
follow	1
fold	1
foes	1
fobt	1
fob	1
foaming	1
flying	1
flaws	1
flao	1
flag	1
find	1
filled	1
fiend	1
field	1
fetters	1
fellow	1
feed	1
fed	1
fc	1
father	1
fashions	1
false	1
falling	1
fall	1
faithful	1
factory	1
face	1
extended	1
expand	1
excuses	1
excepting	1
even	1
ession	1
ere	1
era	1
enthroned	1
enhance	1
england	1
enemy	1
endured	1
endure	1
endeavour	1
enclianted	1
emblem	1
em	1
effrontry	1
effort	1
eeceive	1
education	1
earthly	1
dwelling	1
duties	1
drill	1
drifted	1
dread	1
drawn	1
downy	1
doubting	1
doubt	1
doubled	1
door	1
doon	1
doom	1
doodle	1
dollars	1
do	1
distant	1
dissension	1
dishonour	1
disease	1
discord	1
discharge	1
dirty	1
din	1
die	1
devote	1
den	1
demon	1
deed	1
deck	1
dean	1
dawning	1
dasie	1
darkness	1
dare	1
d	1
crying	1
crush	1
crown	1
crowded	1
crossed	1
cross	1
crested	1
crest	1
creature	1
craving	1
crash	1
crafty	1
cowering	1
coward	1
cover	1
cope	1
contentment	1
consult	1
constitution	1
constitute	1
congress	1
conciences	1
communion	1
commotion	1
commanding	1
combining	1
column	1
columbus	1
colnmn	1
coffers	1
cloud	1
close	1
clime	1
classes	1
clasp	1
chorvi	1
choru8	1
chortis	1
choriis	1
chonis	1
choms	1
choirs	1
chinamen	1
children	1
child	1
chief	1
changing	1
champions	1
cftarws	1
century	1
cents	1
cent	1
ceased	1
cbosbi	1
cares	1
careful	1
caori^a	1
can	1
calls	1
calling	1
call	1
bulwarks	1
brothers	1
brothei	1
broken	1
british	1
brip	1
bringing	1
brilliant	1
breast	1
break	1
breadth	1
bread	1
branches	1
boya	1
bowers	1
bound	1
bonnie	1
boisterous	1
bodies	1
boatswain	1
blushing	1
blue	1
blessings	1
blessed	1
billow	1
bids	1
beyond	1
bestowed	1
bend	1
bed	1
bawling	1
battery	1
bars	1
bard	1
balmy	1
bally	1
ballots	1
axe	1
awiul	1
away	1
avalanche	1
autumn	1
attraction	1
ath	1
astound	1
assistance	1
asked	1
ask	1
armour	1
arm	1
arise	1
anvil	1
anthems	1
answered	1
another	1
among	1
amid	1
ami	1
america	1
am	1
along	1
allotted	1
alarm	1
air	1
aggi	1
after	1
act	1
])	1
]	1
