,	1465
the	1110
.	859
and	604
of	383
in	296
;	279
a	274
to	246
i	195
with	176
her	170
his	167
that	149
my	137
on	132
when	123
|'s|	119
its	116
from	109
so	102
—	100
he	98
for	96
it	94
is	91
over	86
their	83
by	83
me	74
wild	72
was	72
old	71
are	69
all	69
as	66
!	66
but	65
oh	63
they	61
she	61
'	61
|arabic2digit|	60
thy	60
at	60
bright	56
like	53
through	52
night	49
heart	48
where	47
"	47
life	46
will	45
have	42
no	41
low	41
fair	41
upon	39
him	39
has	39
there	37
white	36
sea	36
out	36
not	36
day	36
?	36
had	34
never	33
love	33
lay	33
hair	33
be	33
|arabic3digit|	32
young	32
dead	32
light	31
you	30
winds	30
while	30
then	29
them	29
long	29
hand	29
moon	27
strange	26
our	26
ever	26
were	24
up	24
soul	24
sky	24
little	24
away	24
one	23
god	23
air	23
pure	22
leaves	22
know	22
earth	22
cold	22
pale	21
more	21
fall	21
an	21
this	20
summer	20
stars	20
only	20
flowers	20
dim	20
black	20
within	19
still	19
see	19
hands	19
each	19
down	19
alone	19
woe	18
we	18
till	18
red	18
o	18
glow	18
|arabic1digit|	17
your	17
voice	17
roses	17
made	17
forth	17
fell	17
eyes	17
door	17
death	17
above	17
tears	16
shall	16
loved	16
lips	16
golden	16
flower	16
come	16
breast	16
)	16
said	15
rare	15
now	15
lost	15
fond	15
faces	15
face	15
dear	15
came	15
weary	14
way	14
time	14
thee	14
sweet	14
ring	14
into	14
how	14
gone	14
fatal	14
could	14
bower	14
alas	14
years	13
woven	13
winter	13
wing	13
well	13
sun	13
star	13
some	13
once	13
neath	13
music	13
mould	13
last	13
j	13
grey	13
grew	13
green	13
free	13
fitful	13
do	13
cawing	13
caught	13
back	13
(	13
wings	12
waves	12
trees	12
touch	12
song	12
softly	12
soft	12
great	12
go	12
full	12
dusky	12
days	12
brown	12
bold	12
blue	12
beam	12
''	12
what	11
wail	11
unto	11
true	11
tender	11
tell	11
snow	11
sad	11
power	11
own	11
moss	11
many	11
joy	11
heaven	11
hear	11
frail	11
flown	11
fierce	11
feet	11
eye	11
called	11
youth	10
year	10
ye	10
wan	10
us	10
thus	10
thing	10
these	10
such	10
storm	10
saw	10
quaint	10
mystic	10
left	10
language	10
laid	10
grown	10
grand	10
glad	10
found	10
form	10
emerald	10
dream	10
die	10
dew	10
deep	10
clover	10
bud	10
brow	10
bride	10
birds	10
about	10
."	10
world	9
wife	9
wet	9
went	9
weird	9
too	9
told	9
tempest	9
sunlight	9
shadowy	9
shadows	9
seemed	9
sat	9
sacred	9
rose	9
pressed	9
off	9
nest	9
morn	9
hour	9
glowing	9
gloomy	9
gloom	9
burning	9
bees	9
bed	9
beauty	9
yet	8
yellow	8
who	8
voices	8
trust	8
thou	8
those	8
than	8
stood	8
snowy	8
shot	8
sand	8
restless	8
rest	8
past	8
part	8
or	8
nor	8
near	8
moody	8
memory	8
memories	8
lying	8
loud	8
lives	8
lilies	8
knew	8
if	8
flame	8
fingers	8
dust	8
dreaming	8
decay	8
dark	8
crimson	8
clay	8
care	8
brooding	8
brave	8
born	8
boatman	8
bells	8
before	8
arms	8
would	7
which	7
upward	7
under	7
steal	7
sleeping	7
siren	7
sing	7
sight	7
should	7
shore	7
senses	7
phantoms	7
passion	7
pain	7
other	7
oft	7
nature	7
must	7
morning	7
may	7
lowly	7
joys	7
hours	7
home	7
high	7
frantic	7
fluttered	7
flashed	7
filled	7
far	7
faded	7
done	7
clear	7
cannot	7
autumn	7
along	7
again	7
wove	6
wondrous	6
wide	6
whispers	6
waved	6
watched	6
wall	6
veil	6
treasures	6
treasure	6
tonight	6
thought	6
spring	6
spot	6
spirit	6
spider	6
sought	6
somebody	6
slowly	6
slow	6
silver	6
silent	6
set	6
seen	6
s	6
ruin	6
round	6
robe	6
pulseless	6
pray	6
pointing	6
pleading	6
pillow	6
phantom	6
perfect	6
nought	6
none	6
nightly	6
moth	6
mill	6
man	6
look	6
lies	6
less	6
leaf	6
land	6
infant	6
hung	6
hulk	6
holy	6
heard	6
head	6
half	6
grim	6
graces	6
glimmering	6
gazed	6
gay	6
gathered	6
fondly	6
floating	6
fast	6
earthly	6
dying	6
dove	6
dirge	6
dews	6
despair	6
deathless	6
crow	6
comes	6
clinging	6
can	6
call	6
brook	6
broken	6
bound	6
bosom	6
bland	6
beneath	6
ben	6
being	6
bars	6
bare	6
backward	6
amber	6
am	6
!"	6
wreck	5
words	5
withered	5
why	5
web	5
weaving	5
ways	5
wave	5
waters	5
warm	5
vision	5
until	5
twas	5
tresses	5
trembling	5
tree	5
toil	5
tinted	5
tide	5
thoughts	5
think	5
thin	5
thicket	5
tawny	5
swung	5
swayed	5
supreme	5
spun	5
spray	5
sound	5
sobbing	5
small	5
singing	5
silken	5
sigh	5
sheen	5
shake	5
say	5
queen	5
purple	5
olden	5
notes	5
muffled	5
mournful	5
mosses	5
mortal	5
moonbeams	5
mighty	5
midnight	5
mews	5
messenger	5
meadow	5
matted	5
loves	5
live	5
hue	5
hills	5
held	5
hearts	5
hast	5
grief	5
grass	5
gods	5
glows	5
glowed	5
glittering	5
gleaming	5
give	5
gaze	5
gained	5
forgotten	5
forget	5
forever	5
floor	5
fireflies	5
fire	5
finger	5
fate	5
dreamy	5
doves	5
divine	5
decked	5
clung	5
chill	5
chains	5
catch	5
captive	5
calm	5
calling	5
broke	5
breathed	5
breath	5
both	5
bore	5
bloom	5
blood	5
bird	5
been	5
beating	5
beaming	5
bats	5
band	5
army	5
\	5
woodland	4
wonder	4
winged	4
wind	4
whose	4
whole	4
weavers	4
wealth	4
waving	4
watch	4
waking	4
vague	4
unseen	4
unfold	4
truth	4
tread	4
track	4
touched	4
times	4
thunder	4
throne	4
threads	4
tall	4
sweetly	4
sure	4
subtle	4
strength	4
stain	4
something	4
sombre	4
slumbers	4
slide	4
sleep	4
sits	4
silvery	4
sighed	4
shook	4
shining	4
shattered	4
rustle	4
roof	4
remember	4
realm	4
ray	4
pride	4
prayers	4
poor	4
plain	4
place	4
pity	4
pier	4
peerless	4
pearly	4
pearl	4
paused	4
paths	4
parting	4
ones	4
ocean	4
nigh	4
mother	4
moor	4
moan	4
misty	4
mist	4
might	4
merry	4
mellow	4
meadows	4
master	4
mantle	4
mankind	4
maker	4
make	4
lone	4
lie	4
led	4
lamb	4
knowledge	4
just	4
icy	4
i'd	4
hungry	4
hidden	4
here	4
hard	4
happy	4
haggard	4
guide	4
grow	4
grave	4
gold	4
gleam	4
given	4
ghostly	4
gave	4
gallery	4
frost	4
forlorn	4
footsteps	4
fly	4
flow	4
flats	4
first	4
fires	4
find	4
few	4
feel	4
feeds	4
fed	4
fearful	4
false	4
fade	4
every	4
even	4
early	4
drifting	4
died	4
daisies	4
crouched	4
crawled	4
covered	4
couch	4
cot	4
comfort	4
cloud	4
clasped	4
child	4
cheek	4
chair	4
ceased	4
brood	4
breezes	4
breeze	4
break	4
brakes	4
bowed	4
bow	4
boat	4
blown	4
blessed	4
bee	4
beautiful	4
beams	4
beacon	4
art	4
arrow	4
among	4
ages	4
age	4
aether	4
:	4
/	4
-	4
yes	3
yearning	3
wrought	3
written	3
wrapped	3
worth	3
word	3
wooing	3
woo	3
wold	3
wheel	3
welcome	3
warmth	3
wandered	3
wailing	3
wailed	3
waif	3
visions	3
vines	3
vain	3
used	3
unworthy	3
uncertain	3
twilight	3
turn	3
trysting	3
trusted	3
troth	3
tress	3
tramp	3
trailing	3
trail	3
traced	3
took	3
tone	3
ties	3
throng	3
though	3
tear	3
tangled	3
swept	3
sweetness	3
sway	3
sunshine	3
sunny	3
sunbeams	3
strung	3
strove	3
strong	3
strangely	3
strain	3
storms	3
stone	3
stern	3
step	3
statues	3
statue	3
stand	3
splendours	3
souls	3
songs	3
soiled	3
smile	3
skies	3
sin	3
silky	3
sighing	3
shrieked	3
shone	3
shines	3
she'd	3
shame	3
shadow	3
shade	3
seven	3
serene	3
seeming	3
screen	3
scented	3
scenes	3
saturn	3
sang	3
rust	3
rocks	3
robes	3
roar	3
roam	3
rife	3
remembered	3
reigns	3
reign	3
real	3
read	3
rays	3
rank	3
radiant	3
proud	3
prison	3
prints	3
prayer	3
plucked	3
pictures	3
picture	3
petals	3
perfumes	3
pencilled	3
path	3
pass	3
onward	3
oar	3
nothing	3
note	3
new	3
nectar	3
necessity	3
musk	3
murmured	3
murmur	3
moved	3
mourn	3
mouldering	3
mossy	3
moonlight	3
mong	3
model	3
moaned	3
miller	3
milky	3
milk	3
meteors	3
mesh	3
men	3
meant	3
mate	3
mast	3
mars	3
mad	3
loss	3
list	3
liquid	3
limbs	3
lights	3
lightning	3
lifted	3
let	3
lesson	3
leave	3
lead	3
lea	3
languid	3
lamp	3
lace	3
known	3
knife	3
kiss	3
king	3
kind	3
kept	3
i've	3
i'm	3
hunger	3
human	3
howl	3
hoarse	3
hill	3
hid	3
hedge	3
hearth	3
heads	3
he's	3
he'll	3
harp	3
hapless	3
hail	3
ha	3
grotto	3
grasp	3
grace	3
gorgeous	3
good	3
glorious	3
glimmered	3
glimmer	3
ghastly	3
gain	3
freshness	3
fragrant	3
forgot	3
forgetful	3
followed	3
fold	3
foam	3
flashing	3
flash	3
flags	3
flag	3
field	3
fickle	3
feeble	3
fearless	3
fear	3
farewell	3
fading	3
fabric	3
evermore	3
ere	3
echoed	3
drowsy	3
drops	3
drop	3
drift	3
dreams	3
draped	3
does	3
diver	3
distant	3
dimpled	3
did	3
departed	3
dell	3
defaced	3
deck	3
dawn	3
daisy	3
cups	3
crushed	3
crumbling	3
crouching	3
cross	3
crept	3
creep	3
crawl	3
corn	3
cool	3
closely	3
close	3
clasps	3
chiselled	3
chisel	3
chilly	3
cherish	3
charms	3
chain	3
cease	3
cause	3
carved	3
caress	3
butterflies	3
bust	3
burst	3
burns	3
burn	3
buds	3
bronze	3
brilliant	3
bravely	3
branches	3
boys	3
bowing	3
boughs	3
blushing	3
blind	3
blight	3
blasted	3
bitter	3
beware	3
berth	3
bell	3
beggar	3
began	3
beckoning	3
bear	3
beamed	3
battered	3
balmy	3
baby	3
azure	3
ate	3
ardent	3
appalling	3
apollo	3
anguish	3
angel	3
ago	3
adam	3
across	3
■	2
•	2
|romannumeral|	2
youthful	2
younger	2
wounded	2
wound	2
worthy	2
worn	2
works	2
work	2
woof	2
wonderful	2
woke	2
without	2
wisp	2
wise	2
wintery	2
winning	2
wine	2
windows	2
window	2
wily	2
wildly	2
wicket	2
whom	2
whisper	2
westward	2
west	2
wept	2
welkin	2
welcomed	2
weirdly	2
webs	2
weave	2
wear	2
weak	2
we've	2
watching	2
watches	2
warrior	2
warbled	2
warble	2
wandering	2
wails	2
vile	2
vest	2
vespers	2
very	2
vanished	2
upper	2
untold	2
unpolluted	2
unmarred	2
unknown	2
unheard	2
unfurled	2
unborn	2
turret	2
turned	2
turbid	2
tryst	2
trusting	2
trumpet	2
trod	2
tranquil	2
trails	2
trailed	2
toward	2
torch	2
token	2
toils	2
toiling	2
tiny	2
tints	2
tinkling	2
thyme	2
thunders	2
thrushes	2
throbbing	2
thrive	2
thrilling	2
threw	2
thousand	2
thou'st	2
thorn	2
things	2
th	2
test	2
temples	2
teardrops	2
taught	2
tattoo	2
taste	2
taps	2
tale	2
tablets	2
swing	2
swell	2
sweeping	2
surface	2
surely	2
sunken	2
sultry	2
subjects	2
studio	2
struggling	2
struck	2
strife	2
strand	2
stony	2
stole	2
stiff	2
steals	2
stay	2
startling	2
stands	2
spread	2
splendour	2
spent	2
spell	2
speak	2
spare	2
sounded	2
sorrowing	2
sorrow	2
soon	2
sodden	2
sod	2
sobs	2
sob	2
snatches	2
snare	2
snail	2
smooth	2
smiles	2
slimy	2
slept	2
sleeps	2
sit	2
sire	2
sings	2
sill	2
silently	2
silence	2
sifted	2
side	2
shroud	2
shrank	2
shown	2
shores	2
shingles	2
shine	2
sheltering	2
shell	2
sheet	2
share	2
shackled	2
settled	2
series	2
sere	2
september	2
sense	2
send	2
self	2
seems	2
seek	2
scorn	2
scent	2
scattered	2
scarlet	2
save	2
satisfy	2
sank	2
sands	2
sails	2
saffron	2
sadness	2
saddened	2
rustling	2
rushing	2
rules	2
rude	2
ruby	2
rosy	2
room	2
rock	2
rippling	2
ripe	2
right	2
rid	2
reverie	2
repose	2
repeated	2
reigned	2
regret	2
recognised	2
rebel	2
reared	2
re	2
raindrops	2
rain	2
rafters	2
purpling	2
purified	2
purer	2
pulse	2
promised	2
prize	2
prisoned	2
prayed	2
poured	2
port	2
pool	2
point	2
plighted	2
plight	2
plead	2
plaints	2
placid	2
piercing	2
perjured	2
perfume	2
pensive	2
peace	2
patient	2
pathos	2
passengers	2
passed	2
pair	2
outward	2
others	2
often	2
offering	2
numbered	2
northern	2
north	2
noble	2
next	2
newborn	2
nestled	2
native	2
narrow	2
myself	2
musing	2
muses	2
murky	2
much	2
mouldy	2
most	2
mortals	2
moored	2
moonlit	2
moments	2
mire	2
mine	2
mildred	2
met	2
meshes	2
mercy	2
meek	2
manly	2
magic	2
lures	2
lure	2
lovers	2
loveless	2
lore	2
lord	2
looked	2
longing	2
longed	2
lonely	2
lofty	2
lived	2
lit	2
listened	2
listen	2
lion	2
link	2
line	2
lily	2
lift	2
lids	2
lent	2
leas	2
leafy	2
lawn	2
lately	2
lantern	2
lane	2
lamps	2
lambs	2
lambent	2
lakes	2
lain	2
laboured	2
knows	2
knocked	2
knee	2
kissed	2
jesus	2
jay	2
io	2
innocence	2
impress	2
ill-fated	2
ignored	2
hushed	2
hush	2
hurling	2
hurled	2
humming	2
humble	2
humanity	2
hued	2
hot	2
hoping	2
hope	2
hoods	2
honey	2
homestead	2
holds	2
hold	2
history	2
hirelings	2
hilltops	2
herd	2
hence	2
helpless	2
heavy	2
heated	2
haunts	2
hastening	2
harmless	2
hark	2
hang	2
hallow	2
hall	2
haired	2
gull	2
guileless	2
guard	2
grows	2
groves	2
grasping	2
grasped	2
grandeur	2
going	2
glove	2
glistened	2
glen	2
gleams	2
glances	2
gladness	2
gentle	2
gems	2
gazing	2
gather	2
gate	2
galling	2
gale	2
gainst	2
friendly	2
fretted	2
frenzied	2
fought	2
forms	2
formed	2
forged	2
forest	2
forehead	2
footed	2
foot	2
folds	2
fogs	2
flutter	2
flume	2
flocks	2
floateth	2
flit	2
flickering	2
fleeting	2
finished	2
fill	2
fight	2
fiery	2
feverish	2
ferns	2
fen	2
felt	2
feels	2
featured	2
feature	2
fears	2
father	2
fashioned	2
fantastic	2
fame	2
fallen	2
faithful	2
fairy	2
fairer	2
faint	2
failed	2
faced	2
eyed	2
eternity	2
endless	2
ease	2
earnest	2
eager	2
dye	2
dungeon	2
dropped	2
drooped	2
driven	2
drifted	2
drew	2
drear	2
downward	2
disturb	2
distrust	2
distance	2
destiny	2
deadly	2
dauntless	2
darkness	2
dank	2
damp	2
daily	2
curls	2
crystal	2
crumbled	2
crude	2
crooned	2
cricket	2
crest	2
cows	2
coral	2
conquered	2
conflicts	2
complete	2
command	2
coming	2
clouded	2
cling	2
clasping	2
clasp	2
circle	2
chisels	2
chime	2
children	2
childish	2
chaste	2
chase	2
charmed	2
chant	2
chamber	2
cell	2
cast	2
car	2
captivity	2
canker	2
busy	2
bursting	2
burnt	2
burnished	2
bugle	2
brokenhearted	2
brilliantly	2
brightness	2
brightly	2
brightest	2
brief	2
bridegroom	2
bridal	2
breathe	2
bramble	2
bosoms	2
blushed	2
blows	2
blow	2
blooming	2
bloomed	2
bliss	2
bleeding	2
bleating	2
blanched	2
blanch	2
blackest	2
blackbirds	2
birdling	2
better	2
best	2
below	2
bejewelled	2
beings	2
behold	2
beds	2
beckoned	2
beauties	2
beat	2
bears	2
beads	2
barnacle	2
bar	2
bands	2
bade	2
awoke	2
awake	2
august	2
aspect	2
asleep	2
ashore	2
ashby	2
array	2
arose	2
armour	2
arm	2
any	2
another	2
angry	2
angels	2
amid	2
alloy	2
ah	2
aglow	2
after	2
affright	2
afar	2
^'	2
^	2
?"	2
*'	2
),	2
("	2
'^	2
■■	1
•yearnings	1
»	1
«	1
|arabicprice|	1
{	1
zwices	1
zvon	1
zone	1
zest	1
yours	1
you'll	1
you'd	1
yotcy	1
yonder	1
yields	1
yield	1
yearnings	1
yearn	1
yearly	1
yarn	1
wrong	1
writhing	1
writes	1
wring	1
wrecks	1
wrecked	1
wreathed	1
wreath	1
worst	1
workman	1
worker	1
wooings	1
wooed	1
woodlands	1
wood	1
wonted	1
won	1
woes	1
wizard	1
witchery	1
wish	1
wisdom	1
wires	1
wiped	1
winked	1
win	1
willow	1
willing	1
wildwood	1
wildering	1
whispered	1
whirlwinds	1
whippoorwills	1
whine	1
wherever	1
wheels	1
welcomes	1
weeping	1
wee	1
wedded	1
weaver	1
weather	1
wearily	1
wayward	1
watchful	1
washed	1
warmed	1
warlike	1
war	1
wanton	1
wanderers	1
wanderer	1
wander	1
wand	1
waiting	1
waited	1
wait	1
waft	1
wading	1
vulture	1
vowed	1
voluj7ies	1
void	1
voiceless	1
voiced	1
visited	1
visage	1
violet	1
vineyards	1
villagers	1
vigils	1
views	1
viewless	1
vied	1
vie	1
victor	1
victim	1
vessel	1
verdure	1
venom	1
veiling	1
veiled	1
vases	1
varied	1
vapour	1
vanish	1
valiant	1
vale	1
vaguely	1
vagrant	1
vacant	1
v^dth	1
uttered	1
useless	1
useful	1
upturned	1
unwritte7i	1
untrodden	1
untrammelled	1
unsteady	1
unrest	1
unpacking	1
unloved	1
unlearned	1
united	1
union	1
unhewfi	1
unheeded	1
unguarded	1
unfolding	1
unfastens	1
unfast	1
undisturbed	1
undisputed	1
understanding	1
understand	1
undefined	1
uncouth	1
unclouded	1
unbroken	1
unannoyed	1
tyranny	1
type	1
twould	1
twined	1
twill	1
twilights	1
twig	1
twice	1
twelve	1
tunic	1
tuned	1
truthful	1
trundled	1
trow	1
troughs	1
trouble	1
tropic	1
trivial	1
trilled	1
trifles	1
tried	1
trials	1
trial	1
tremulous	1
treads	1
travelled	1
travel	1
traitor	1
trains	1
train	1
trackless	1
traces	1
trace	1
tossing	1
tossed	1
torrents	1
torn	1
tore	1
topaz	1
tool	1
toned	1
tolls	1
toileted	1
toiler	1
today	1
tis	1
tireless	1
tired	1
tint	1
timbers	1
tight	1
tidies	1
ticked	1
thyself	1
thundered	1
thug	1
thrusts	1
thrust	1
thrush	1
throws	1
throes	1
throbbed	1
thrives	1
thrilled	1
thrill	1
threshold	1
threadbare	1
thread	1
thorns	1
thirstily	1
thieves	1
thickly	1
thick	1
thfe	1
theyjare	1
they've	1
they'll	1
theirs	1
the^old	1
thanks	1
terrors	1
terror	1
terribly	1
tendrilsy»///^	1
tempting	1
tempted	1
telegraphs	1
tearing	1
tearful	1
tattered	1
tapers	1
tapering	1
talked	1
talk	1
tales	1
taken	1
take	1
symptoms	1
symptom	1
symmetry	1
swords	1
swollen	1
swinging	1
swift	1
swells	1
swart	1
suspended	1
surge	1
surety	1
supporting	1
suns	1
sung	1
sunbeam	1
summons	1
summertime	1
suffered	1
suffer	1
successive	1
style	1
sturdy	1
struggler	1
struggled	1
struggle	1
strow	1
stroke	1
strive	1
strings	1
stricken	1
strewn	1
streamed	1
stream	1
stray	1
strands	1
strained	1
story	1
stores	1
stoop	1
stones	1
sternest	1
stem	1
steel	1
steed	1
starts	1
startled	1
started	1
start	1
starry	1
staring	1
stamped	1
stained	1
staid	1
spurned	1
sprung	1
sprites	1
springtime	1
spotless	1
spoke	1
spite	1
spires	1
spill	1
sphere	1
sparkling	1
sparkle	1
spared	1
spans	1
spake	1
sown	1
sounds	1
sounding	1
sotdis	1
sore	1
sorcery	1
sorcerer	1
soonest	1
son	1
somewhere	1
solace	1
softened	1
sobbed	1
snows	1
snow-white	1
snatch	1
snails	1
smooths	1
smiling	1
smiled	1
smiken	1
slumbering	1
slumbered	1
slumber	1
slippers	1
slightly	1
slight	1
sliding	1
slid	1
sleeves	1
sleet	1
sleepers	1
sleeper	1
slave	1
six	1
sirens	1
sipping	1
sipped	1
single	1
sinful	1
sinews	1
sinewed	1
silre	1
silly	1
silk	1
signal	1
sighs	1
shuttles	1
shuttle	1
shut	1
shun	1
shuddered	1
shudder	1
shrink	1
shrill	1
shriek	1
shows	1
showers	1
shower	1
showed	1
shouts	1
shouted	1
shivers	1
shivering	1
shivered	1
shiver	1
ship	1
sheuld	1
shelters	1
shells	1
shed	1
sheaves	1
sharp	1
sharers	1
shapeless	1
shaped	1
sfnall	1
severed	1
severe	1
serenely	1
sentiments	1
sentiment	1
sentence	1
sent	1
seldom	1
seize	1
seething	1
sees	1
seem	1
seeks	1
seeking	1
secret	1
seaweeds	1
seaweed	1
seasons	1
seashells	1
searching	1
seal	1
scroll	1
screams	1
screamed	1
scorned	1
scorched	1
sceptre	1
scene	1
scarf	1
scared	1
sapphire	1
sailed	1
sagging	1
sadly	1
sack	1
rye	1
rustled	1
rusting	1
run	1
ruleth	1
ruined	1
rugged	1
rudely	1
rubbish	1
royal	1
roundly	1
rosary	1
roofed	1
rolls	1
rolling	1
rolled	1
roll	1
rocking	1
rockets	1
rocket	1
rocked	1
robin	1
roaring	1
roaming	1
road	1
rivalry	1
rise	1
ripples	1
rings	1
rind	1
rim	1
rightful	1
rifts	1
richness	1
rich	1
ribbed	1
rhyme	1
reviving	1
revert	1
reverential	1
reverence	1
return	1
retreating	1
rests	1
resting-place	1
resting	1
rescue	1
repine	1
repeat	1
reopened	1
rendered	1
remained	1
remain	1
relentless	1
reined	1
regain	1
refreshing	1
reeking	1
reefs	1
reef	1
redeem	1
records	1
reckless	1
receptacle	1
rebellio?i	1
reap	1
realms	1
ready	1
readiness	1
reaches	1
reached	1
rayless	1
raven	1
rattling	1
rasping	1
rapturous	1
rapturing	1
raptured	1
rapture	1
rapid	1
ranks	1
ran	1
raised	1
raiment	1
raging	1
rae	1
quiver	1
quite	1
quiet	1
quest	1
quenched	1
quaffed	1
quadroon	1
puts	1
put	1
pursuit	1
purity	1
purifying	1
purest	1
pulpy	1
pruning	1
prudence	1
prow	1
proven	1
proved	1
prove	1
proudly	1
proportions	1
promise	1
profound	1
profession	1
proclaim	1
probing	1
private	1
priest	1
priceless	1
preyed	1
pretty	1
prestige	1
press	1
precious	1
poverty	1
pours	1
posterity	1
possess	1
portals	1
poppies	1
poplar	1
polished	1
points	1
pointed	1
poems	1
pods	1
plushed	1
plumed	1
plumaged	1
pluck	1
plied	1
pleiads	1
pleiad	1
pleasures	1
pleasure	1
plays	1
playful	1
played	1
planted	1
plant	1
plaint	1
plaid	1
placed	1
pitiful	1
piped	1
pinned	1
pinions	1
pining	1
pine	1
pillows	1
pieces	1
piecemeal	1
picket	1
picked	1
photographed	1
petrified	1
petition	1
perished	1
perfumed	1
pencils	1
peeps	1
peeped	1
peacefully	1
peaceful	1
pave	1
pausing	1
pattering	1
pathways	1
passengered	1
paroxysms	1
paradise	1
panting	1
palpitating	1
palling	1
paler	1
painter	1
painted	1
pains	1
pages	1
page	1
pacify	1
pace	1
oye	1
owt	1
owl	1
overthrown	1
overshot	1
outlines	1
ours	1
orily	1
oriental	1
orders	1
open	1
omniscience	1
omen	1
oilt	1
oif	1
offspring	1
offerings	1
oars	1
oaks	1
oaken	1
nuts	1
nurtured	1
nursed	1
nuptial	1
nun	1
nots	1
noted	1
norths	1
norther	1
noonday	1
nodding	1
nod	1
ning	1
nighttime	1
nights	1
newfoundland	1
nevermore	1
neve	1
nestle	1
neighbouring	1
neglect	1
neared	1
nds	1
nd	1
natural	1
nation	1
nameless	1
name	1
naked	1
n	1
mystery	1
mutual	1
mute	1
musket	1
muse	1
murmurs	1
murdered	1
move	1
mourning	1
mounted	1
mountains	1
mountain	1
mouldered	1
moulder	1
moulded	1
motto	1
mottled	1
motley	1
motionless	1
morsel	1
mormon	1
moonbeam	1
months	1
month	1
monarck	1
monarch	1
moment	1
modest	1
moaning	1
mite	1
mistake	1
mission	1
missed	1
mirrored	1
mint	1
mingled	1
mines	1
mined	1
mind	1
million	1
mid	1
messengers	1
messages	1
mercies	1
memoij	1
melted	1
melody	1
melancholy	1
meet	1
meekly	1
meat	1
measured	1
means	1
matrimony	1
matchless	1
mat	1
masses	1
mart	1
mark	1
mariner	1
marble	1
manned	1
manna	1
mangled	1
maize	1
maiden	1
maid	1
magnolia	1
maddening	1
m	1
lurks	1
lurid	1
lungs	1
lowing	1
lover	1
louder	1
lot	1
lose	1
loom	1
looks	1
loo	1
longs	1
longer	1
logs	1
locked	1
loathsome	1
living	1
littk	1
lithe	1
listlessly	1
lisping	1
lip	1
links	1
lingers	1
lingering	1
lingered	1
linger	1
lightnings	1
lightness	1
lightly	1
lifting	1
lifeless	1
lifeblood	1
lest	1
lending	1
ledge	1
leaving	1
least	1
learned	1
leapt	1
leaning	1
league	1
leaflet	1
leaden	1
lays	1
lawyer	1
law	1
laved	1
laughed	1
lashed	1
large	1
lamper	1
lair	1
lack	1
laced	1
knowing	1
knees	1
kissing	1
kisses	1
kingcups	1
kindness	1
kindly	1
kerchief	1
keep	1
keenly	1
keen	1
keel	1
ked	1
katydids	1
katydid	1
k	1
joyous	1
jle	1
jet	1
jeers	1
jeer	1
jealousy	1
jbravely	1
jaunty	1
jacket	1
it's	1
israel	1
ire	1
ir	1
invade	1
insipid	1
insect	1
inquiring	1
inky	1
influence	1
infinite	1
infantile	1
industry	1
indulged	1
imprisonment	1
imprint	1
imports	1
import	1
implored	1
implore	1
impatient	1
impart	1
immortal	1
imbedded	1
image	1
ij6	1
iiiby	1
idxdxfiaw	1
idol	1
idly	1
i'll	1
hy	1
hustling	1
hungering	1
hungered	1
hummed	1
humbly	1
hull	1
hues	1
hueless	1
huddled	1
howled	1
hovci	1
hourly	1
hosts	1
horses	1
hopes	1
hoof	1
honour	1
homesick	1
homage	1
holly	1
holding	1
hoard	1
hive	1
hissing	1
hissed	1
himself	1
hijn	1
higher	1
hide	1
hewn	1
helped	1
help	1
hei	1
heeds	1
heedeth	1
hedges	1
hectic	1
heavenward	1
heavenly	1
hearthstone	1
hears	1
headed	1
he'd	1
hbn	1
haze	1
haven	1
hath	1
haste	1
harvest	1
harps	1
hardships	1
harbour	1
happiness	1
handed	1
hammocks	1
halls	1
haimt	1
hailed	1
h	1
gypsy	1
gurgling	1
guilt	1
guess	1
guarded	1
ground	1
grottoes	1
groans	1
grizzly	1
grieving	1
grieves	1
greet	1
graves	1
grateful	1
grasps	1
grapples	1
grappled	1
grain	1
gones	1
goes	1
gnomes	1
gnawed	1
glowworm	1
gloves	1
glory	1
glorify	1
globe	1
glistening	1
glide	1
gleefully	1
glee	1
gleamed	1
glassy	1
glance	1
gladly	1
gladdens	1
girlish	1
girl	1
gipsies	1
gild	1
giddy	1
ghosts	1
ghost	1
getting	1
germ	1
genial	1
generous	1
garnet	1
garment	1
garland	1
game	1
gambols	1
gair	1
gaily	1
furnish	1
fruitage	1
fruit	1
frozen	1
frosted	1
frogs	1
frog	1
frofn	1
fro	1
frizzed	1
fringes	1
fringed	1
frills	1
frigid	1
frightened	1
frighten	1
friends	1
friend	1
frictions	1
fresh	1
freely	1
fray	1
fountain	1
forsaken	1
forsake	1
forgive	1
forgetting	1
fore'er	1
fools	1
food	1
fondness	1
fonder	1
foamy	1
fne	1
flying	1
flushed	1
flush	1
flung	1
flows	1
flowing	1
floss	1
floors	1
floats	1
flight	1
flicker	1
fleet	1
fleecy	1
flee	1
fled	1
flaw	1
flat	1
flared	1
flagstones	1
flagstaff	1
fits	1
fingered	1
finest	1
fine	1
finds	1
filtered	1
fills	1
filed	1
fig	1
fiercely	1
fiendish	1
fiend	1
fields	1
fie	1
fibre	1
fever	1
fencing	1
feed	1
features	1
feared	1
fawned	1
favoured	1
faulty	1
faultless	1
fathomed	1
fatherland	1
fated	1
farmer	1
fancy	1
fancies	1
familiarly	1
faltering	1
falls	1
faintly	1
fainting	1
fails	1
fades	1
fabrics	1
f	1
eyebright	1
expiring	1
exhausted	1
evil	1
event	1
evening	1
eve	1
etherealize	1
essence	1
escaped	1
error	1
erring	1
entranced	1
enthralling	1
entered	1
ensnared	1
ennobling	1
enfolds	1
enfolded	1
end	1
encountered	1
encircling	1
enchantresses	1
enchanted	1
encampment	1
encamped	1
embrace	1
emblem	1
embers	1
else	1
elevate	1
effulgent	1
effulgence	1
eels	1
eden	1
eddies	1
ecstasy	1
echoes	1
ebon	1
eaves	1
eat	1
eastern	1
east	1
easiest	1
earthward	1
ear	1
duty	1
drums	1
drove	1
droops	1
drooping	1
drones	1
driving	1
dripping	1
dripped	1
drip	1
drilled	1
drifts	1
dried	1
dreary	1
dreamers	1
dreamer	1
dread	1
drawn	1
drapes	1
drapery	1
draperies	1
drank	1
draining	1
drained	1
doubtful	1
doubt	1
donned	1
dogs	1
divinely	1
distress	1
dispatches	1
disown	1
dismal	1
disease	1
discontent	1
disappointed	1
dirges	1
dire	1
dimmed	1
dimly	1
didn't	1
dewy	1
dewdrops	1
devour	1
devotion	1
detained	1
destroy	1
desire	1
deserted	1
depths	1
dense	1
delight	1
delicate	1
delegation	1
defiant	1
defaces	1
deeper	1
deemed	1
deeds	1
decoyed	1
decoy	1
dearth	1
dearly	1
dealt	1
dazzling	1
dawned	1
dash	1
dart	1
darkly	1
darkened	1
daring	1
dare	1
danced	1
dams	1
dam	1
daffos	1
d^wd	1
curtains	1
curtained	1
curtain	1
cursing	1
curses	1
curling	1
cup	1
culprit	1
culled	1
cry	1
crust	1
crumpled	1
cruel	1
crucible	1
crowred	1
crowns	1
crowning	1
crowned	1
crown	1
crooning	1
croaked	1
cringing	1
crimes	1
crime	1
cries	1
crevice	1
creeping	1
creature	1
creamy	1
creaked	1
crazy	1
crazed	1
crayon	1
craven	1
craved	1
crafts	1
craft	1
cradling	1
coy	1
cowslip	1
cowered	1
coverlet	1
cover	1
course	1
courage	1
counts	1
country	1
countless	1
corpse	1
core	1
coquetting	1
coojng	1
cooing	1
cooed	1
convulsed	1
contour	1
conquesting	1
conquest	1
conquers	1
conjure	1
confiding	1
conditions	1
comprehend	1
communion	1
commanding	1
combing	1
combeth	1
combed	1
comb	1
columns	1
coldly	1
coffin	1
coffers	1
coast	1
clusters	1
cloven	1
clotted	1
clothed	1
closed	1
cloaks	1
cloak	1
climes	1
climbs	1
cleft	1
clears	1
cleansing	1
cleanse	1
clashing	1
clamoured	1
claims	1
claimed	1
clad	1
cities	1
cite	1
circling	1
circled	1
christ	1
chills	1
childhood	1
chief	1
cherished	1
cheering	1
cheered	1
cheeked	1
chasteneth	1
chasing	1
charger	1
chaos	1
chanteth	1
chanted	1
change	1
certain	1
censers	1
caw'd	1
caution	1
cast-off	1
casket	1
cased	1
case	1
cascade	1
carve	1
carrie^it	1
carol	1
caressing	1
cares	1
capture	1
canvas	1
canst	1
canopy	1
cannon	1
cankering	1
calmly	1
calls	1
cactus	1
cabin	1
butterfly	1
bursts	1
buried	1
burdens	1
burden	1
bumbling	1
built	1
bugles	1
brows	1
browed	1
brought	1
brooded	1
broidering	1
briskly	1
bring	1
brine	1
brimming	1
brightened	1
briers	1
bridesmaids	1
breathes	1
breaks	1
breaking	1
brambles	1
brain	1
boy	1
bows	1
bowls	1
bowl	1
boweth	1
bowers	1
bove.that	1
bout	1
bounties	1
boulders	1
boulder	1
bough	1
born'ne'er	1
booty	1
boomed	1
book	1
bondage	1
bolts	1
bolted	1
bolder	1
body	1
boding	1
bluebird	1
blowing	1
blots	1
blotless	1
blossoms	1
blossomed	1
blossom	1
blooms	1
bloody	1
blonde	1
block	1
blindly	1
blessing	1
bless	1
blent	1
blends	1
blear	1
blankly	1
blank	1
blandly	1
blanching	1
blades	1
blade	1
blackness	1
bkie	1
bit	1
birth	1
binds	1
between	1
beside	1
beset	1
benignly	1
benediction	1
bending	1
bend	1
bemoaning	1
belt	1
belonged	1
bellowing	1
bellowed	1
beholds	1
behind	1
beheld	1
behalf	1
beguiled	1
begilded	1
bedraggled	1
became	1
bead	1
bay	1
bat	1
basket	1
barren	1
barred	1
bark	1
bared	1
bank	1
balm	1
baffled	1
baffle	1
backs	1
ay	1
awful	1
awed	1
awe	1
awaking	1
awaits	1
awaiting	1
await	1
avoe	1
avenging	1
ave	1
aurora	1
aught	1
attire	1
assembled	1
ask	1
aside	1
ashes	1
artless	1
artist	1
arouse	1
around	1
armed	1
aright	1
arid	1
ardors	1
archery	1
arched	1
arbutus	1
apple	1
appears	1
apart	1
anthems	1
answers	1
answering	1
answered	1
ankle	1
ancient	1
anchored	1
ancestral	1
amorous	1
ambrosial	1
ambrosia	1
alls	1
alike	1
alert	1
aimless	1
aided	1
agony	1
aggrieve	1
against	1
afghan	1
affray	1
afflicts	1
adores	1
adored	1
active	1
action	1
acorns	1
accursed	1
absent	1
abirdllng	1
abandoned	1
abandon	1
^mieart	1
^^globe	1
^^	1
^?//	1
\\iy	1
?•	1
9	1
8i	1
5	1
/.	1
*^	1
*	1
('	1
',	1
'"	1
"/';	1
!-	1
