,	3135
the	2396
.	1711
and	1177
—	810
of	714
;	621
in	609
!	484
to	457
a	416
is	404
as	310
with	305
i	295
my	292
on	286
:	280
|'s|	231
its	221
it	220
me	213
over	209
that	206
thy	197
from	188
by	167
are	166
his	157
light	154
all	154
thee	147
still	144
like	144
thou	139
they	138
when	135
their	134
through	130
away	129
song	123
not	120
bright	118
so	115
'	115
he	114
there	111
|romannumeral|	110
we	110
o	110
heart	108
our	105
love	101
then	100
now	95
for	95
her	93
ever	89
but	88
where	87
far	83
no	79
heaven	79
at	79
shall	75
"	73
night	72
high	72
be	72
?	71
along	70
mountain	69
has	69
around	67
or	66
day	64
deep	61
come	61
air	61
spirit	60
life	60
how	60
have	60
again	59
rose	58
|arabic2digit|	57
round	57
him	56
voice	55
us	53
them	53
joy	51
evening	51
fair	50
was	49
long	49
an	48
soft	47
first	47
soul	45
never	45
eye	45
only	44
home	44
flowers	44
more	43
may	43
full	43
(	43
this	42
dark	42
fountain	41
free	40
clear	40
wide	39
sweet	39
hear	39
world	38
will	38
one	38
music	38
were	37
she	37
hill	37
youth	36
ye	36
stream	36
spring	36
golden	36
can	36
alone	36
yet	35
wind	35
sky	35
before	35
your	34
low	34
hope	34
even	34
blue	34
each	33
beauty	33
afar	33
above	32
who	31
what	31
if	31
horn	31
gone	31
gentle	31
wave	30
too	30
till	30
softly	30
see	30
here	30
green	30
flows	30
flight	30
."	30
|arabic3digit|	29
you	29
time	29
star	29
silent	29
river	29
plain	29
morning	29
forest	29
clouds	29
would	28
wild	28
strong	28
shout	28
maiden	28
lake	28
hark	28
glory	28
|arabic1digit|	27
tell	27
near	27
dim	27
bear	27
)	27
wings	26
such	26
sea	26
rings	26
mid	26
meet	26
lay	26
art	26
young	25
rolling	25
pure	25
play	25
ocean	25
hearts	25
flower	25
than	24
sun	24
rock	24
loud	24
winds	23
up	23
though	23
storm	23
stay	23
meadow	23
haste	23
forever	23
earth	23
dream	23
sweetly	22
soon	22
power	22
leaves	22
heard	22
hand	22
bound	22
yonder	21
way	21
tones	21
s	21
quick	21
fill	21
dawn	21
darkness	21
bird	21
below	21
wake	20
tis	20
shade	20
onward	20
holy	20
happy	20
give	20
fresh	20
forth	20
flowing	20
faint	20
dew	20
death	20
back	20
wood	19
while	19
vale	19
thine	19
tears	19
swelling	19
speed	19
sleep	19
shore	19
rise	19
own	19
other	19
nor	19
magic	19
land	19
glow	19
fire	19
feeling	19
e	19
dreams	19
dance	19
country	19
bosom	19
swells	18
stars	18
rush	18
new	18
loved	18
hills	18
go	18
gay	18
flow	18
every	18
echoes	18
early	18
cloud	18
waters	17
war	17
vain	17
swell	17
summer	17
steals	17
songs	17
smile	17
nigh	17
nature	17
name	17
lost	17
look	17
flame	17
fame	17
could	17
chain	17
calls	17
born	17
blessed	17
woods	16
wilt	16
waves	16
vine	16
verse	16
under	16
tone	16
some	16
slumber	16
sing	16
roses	16
part	16
lightly	16
liberty	16
joyous	16
into	16
had	16
dewy	16
dear	16
close	16
bloom	16
beneath	16
aloft	16
which	15
well	15
welcome	15
victory	15
true	15
sorrow	15
snow	15
shadowy	15
sacred	15
repose	15
peace	15
many	15
lonely	15
hushed	15
heavenly	15
hast	15
gloom	15
fondly	15
fly	15
field	15
eyes	15
calm	15
call	15
am	15
!"	15
wing	14
white	14
west	14
warm	14
valley	14
thus	14
thunder	14
thought	14
those	14
t	14
stealing	14
sound	14
second	14
ringing	14
pride	14
once	14
nightingale	14
hour	14
blossom	14
bliss	14
birds	14
beside	14
arms	14
airy	14
visions	13
tree	13
think	13
sword	13
strain	13
silence	13
rolls	13
roll	13
rest	13
purple	13
oho	13
merry	13
measure	13
let	13
lassie	13
hours	13
friend	13
foe	13
fairest	13
ear	13
dwell	13
down	13
die	13
crown	13
cold	13
breathes	13
break	13
brave	13
blossoms	13
battle	13
amid	13
.)	13
warrior	12
twine	12
twilight	12
throne	12
tempest	12
swift	12
sweep	12
spirits	12
rosy	12
pleasure	12
pale	12
must	12
little	12
last	12
lark	12
know	12
joys	12
grove	12
glancing	12
fond	12
flashing	12
feel	12
ere	12
distant	12
dashing	12
bursts	12
broad	12
blows	12
awake	12
winter	11
why	11
weep	11
voices	11
veil	11
two	11
touch	11
thoughts	11
sweeps	11
springs	11
solemn	11
side	11
shades	11
series	11
red	11
quivering	11
patriot	11
out	11
murmuring	11
morn	11
mine	11
might	11
loves	11
lover	11
lovely	11
lingering	11
lie	11
keep	11
just	11
harp	11
god	11
glows	11
glorious	11
glide	11
forms	11
falling	11
fall	11
fades	11
fade	11
days	11
comes	11
car	11
burns	11
brightly	11
breath	11
bower	11
yon	10
wine	10
willow	10
wheel	10
trumpet	10
train	10
tower	10
spell	10
sparkling	10
smiles	10
shower	10
should	10
sat	10
sae	10
proudly	10
pours	10
poor	10
pause	10
old	10
note	10
mountains	10
moon	10
maidens	10
lord	10
longing	10
leave	10
leaf	10
hover	10
higher	10
grief	10
gold	10
glowing	10
form	10
flown	10
flowery	10
faded	10
earliest	10
der	10
cool	10
bowers	10
blowing	10
bay	10
bark	10
airs	10
ah	10
years	9
wreaths	9
wreath	9
winding	9
win	9
wakes	9
vision	9
temple	9
starry	9
sounding	9
sons	9
sleeps	9
sits	9
sires	9
shone	9
shadow	9
seemed	9
seek	9
run	9
roar	9
plays	9
pinions	9
peal	9
noon	9
movement	9
mounts	9
mount	9
merrily	9
memory	9
lyre	9
lone	9
live	9
lights	9
left	9
keen	9
iambic	9
hunter	9
hung	9
hold	9
heroes	9
heath	9
halls	9
half	9
h	9
good	9
gliding	9
garland	9
freedom	9
foam	9
flying	9
flood	9
floats	9
fleeting	9
find	9
fills	9
fight	9
fields	9
few	9
festival	9
fearless	9
fear	9
faintly	9
eternal	9
echo	9
danger	9
bush	9
breathe	9
breast	9
bounding	9
bold	9
bid	9
autumn	9
[	9
yield	8
yellow	8
withered	8
whispering	8
wheeling	8
throng	8
sunny	8
streams	8
stood	8
steady	8
stand	8
speeds	8
spear	8
sings	8
sad	8
rushing	8
roam	8
rain	8
quiver	8
notes	8
mingled	8
melody	8
longer	8
lip	8
lines	8
line	8
lies	8
lending	8
hound	8
hollow	8
holiest	8
holds	8
heavy	8
hears	8
hath	8
greet	8
grass	8
glad	8
given	8
german	8
gently	8
gems	8
gathering	8
gaily	8
flies	8
fires	8
feelings	8
falls	8
faith	8
fairer	8
dove	8
donnal	8
deeds	8
dancing	8
cry	8
cheek	8
care	8
cannot	8
came	8
broken	8
brings	8
breathed	8
boundless	8
blast	8
bent	8
bending	8
adapted	8
wildly	7
water	7
waste	7
vales	7
unseen	7
trembling	7
trees	7
torrent	7
toil	7
these	7
take	7
stands	7
softest	7
slumbering	7
singing	7
shores	7
shining	7
shield	7
sheeted	7
shalt	7
saw	7
rouse	7
rolled	7
ring	7
reposes	7
remain	7
ray	7
present	7
pour	7
pinion	7
perfume	7
orient	7
oft	7
na	7
moment	7
measures	7
lily	7
kindling	7
hero	7
hall	7
guitar	7
gale	7
foot	7
flew	7
flashes	7
firm	7
festive	7
felt	7
feels	7
faithful	7
eagle	7
dushka	7
driven	7
do	7
delight	7
deepest	7
dearest	7
dare	7
cross	7
clan	7
burst	7
brook	7
black	7
behind	7
been	7
beautiful	7
beats	7
beating	7
beams	7
bards	7
banner	7
awhile	7
ancient	7
among	7
amber	7
?"	7
yes	6
y	6
words	6
won	6
winged	6
wife	6
whispers	6
wert	6
wearied	6
wanders	6
wandering	6
walls	6
wakened	6
w	6
vengeance	6
turn	6
truth	6
track	6
tide	6
tetrameter	6
tender	6
strife	6
springing	6
spreads	6
sphere	6
sparkles	6
sounds	6
sought	6
softer	6
snowy	6
small	6
slow	6
sit	6
silver	6
short	6
shines	6
shine	6
shell	6
shapes	6
shady	6
sent	6
seen	6
sang	6
sands	6
same	6
russian	6
rocks	6
rising	6
rhythm	6
repeat	6
raise	6
r	6
proud	6
poetry	6
peals	6
peaks	6
past	6
p	6
ours	6
none	6
nerved	6
n	6
motion	6
moments	6
mirror	6
mind	6
mellow	6
maid	6
living	6
liquid	6
lighted	6
lend	6
leap	6
lead	6
laid	6
known	6
kindly	6
influence	6
i'll	6
hurry	6
hovering	6
hoary	6
hither	6
highest	6
harmony	6
hands	6
hail	6
gushing	6
great	6
glides	6
glances	6
gladness	6
gathered	6
garlands	6
g	6
fold	6
floating	6
float	6
fled	6
flag	6
fell	6
expression	6
emotion	6
dying	6
dwelling	6
done	6
divine	6
descending	6
dash	6
crag	6
cottage	6
chosen	6
chorus	6
chase	6
charm	6
bring	6
brighter	6
breeze	6
boughs	6
bonnie	6
blow	6
blood	6
blaze	6
bend	6
bell	6
being	6
aye	6
another	6
after	6
written	5
wrath	5
wove	5
worlds	5
whither	5
wet	5
weary	5
wealth	5
watch	5
wanderer	5
waking	5
waken	5
vintage	5
unknown	5
und	5
uncertain	5
turf	5
trochaic	5
trembles	5
treasure	5
town	5
thousand	5
thing	5
thicket	5
thick	5
tells	5
tall	5
syllable	5
swords	5
sweetest	5
sudden	5
subdued	5
steed	5
standard	5
spread	5
south	5
sorrows	5
soothing	5
snows	5
skies	5
sink	5
simple	5
shrine	5
shook	5
shepherd	5
shadows	5
send	5
scenes	5
say	5
sand	5
sail	5
sadness	5
sadly	5
ride	5
rhine	5
retreating	5
resounding	5
reposing	5
ready	5
rather	5
popular	5
pomp	5
playing	5
pine	5
pebbles	5
pealing	5
path	5
open	5
often	5
noble	5
nation	5
nae	5
mysterious	5
murmur	5
much	5
move	5
most	5
mit	5
mild	5
midway	5
midnight	5
meteor	5
met	5
men	5
meets	5
make	5
m	5
looks	5
lo	5
lips	5
lightning	5
leading	5
law	5
latter	5
lambs	5
knew	5
invader	5
hush	5
hurrying	5
hues	5
hue	5
hopes	5
height	5
heaving	5
heavenward	5
head	5
hazel	5
haze	5
harvest	5
hair	5
grows	5
graves	5
grassy	5
gloamin	5
generous	5
gather	5
gallant	5
future	5
funeral	5
fought	5
forgotten	5
forget	5
foliage	5
flit	5
flash	5
feet	5
fatherland	5
fainter	5
eyed	5
emotions	5
embrace	5
echoing	5
dwells	5
draws	5
din	5
dies	5
des	5
deeper	5
dead	5
dashes	5
darkly	5
dances	5
d	5
crystal	5
crowned	5
couch	5
collection	5
cliffs	5
clearly	5
choriambic	5
cheerful	5
character	5
champion	5
cavern	5
cave	5
catalectic	5
bursting	5
burning	5
burn	5
brow	5
broods	5
brightness	5
brightest	5
breathing	5
breaks	5
boy	5
bore	5
blooms	5
blended	5
between	5
bears	5
beam	5
banquet	5
artless	5
armour	5
arm	5
altar	5
alpine	5
aloud	5
ages	5
]	5
.]	5
worthy	4
wondrous	4
wonder	4
within	4
wintery	4
wins	4
window	4
willing	4
whose	4
whisper	4
waving	4
watching	4
wasting	4
wait	4
voss	4
void	4
vocal	4
virgin	4
vessel	4
vernal	4
veils	4
urd	4
upon	4
unto	4
unbidden	4
tzar	4
twinkling	4
trill	4
tremble	4
tread	4
touched	4
tossed	4
top	4
together	4
today	4
tints	4
tinted	4
three	4
termination	4
tenderest	4
tear	4
tale	4
takes	4
swept	4
swelled	4
sweets	4
sway	4
swallow	4
surges	4
sure	4
strike	4
strength	4
streaming	4
store	4
stole	4
stirs	4
stirred	4
stillness	4
steps	4
steal	4
stain	4
splendour	4
specimens	4
spake	4
soothes	4
slumbers	4
slope	4
slave	4
sinks	4
silvery	4
silently	4
sighing	4
shrill	4
showers	4
shorter	4
shock	4
shed	4
shaw	4
sharp	4
shame	4
shakes	4
shaded	4
set	4
serene	4
seems	4
secret	4
scar	4
saxon	4
sapphic	4
said	4
rushes	4
rung	4
rises	4
ripples	4
rests	4
remotest	4
reel	4
rare	4
radiant	4
race	4
pressed	4
presence	4
polyschematist	4
plumed	4
pluck	4
pillowed	4
pillow	4
pictured	4
passion	4
passing	4
pass	4
original	4
opening	4
ones	4
oblivious	4
nothing	4
north	4
mystic	4
moonbeam	4
mist	4
mirth	4
melting	4
mark	4
man	4
lute	4
loveliness	4
louder	4
lot	4
lofty	4
locks	4
list	4
lingers	4
linger	4
lift	4
leads	4
laughing	4
laugh	4
la	4
kiss	4
invading	4
instance	4
inspiring	4
infinite	4
image	4
ich	4
hymn	4
hurriest	4
hurried	4
hurl	4
hovers	4
hounds	4
hot	4
horse	4
honour	4
holier	4
hoffnung	4
hexameter	4
herald	4
heaves	4
heaved	4
hearth	4
haunt	4
harps	4
harper	4
guadalaxara	4
ground	4
greeting	4
grave	4
grasp	4
goal	4
glooms	4
glitter	4
glasses	4
glance	4
giant	4
genius	4
genial	4
garden	4
fuller	4
fountains	4
found	4
folds	4
flowed	4
flock	4
floated	4
flitting	4
fifth	4
fierce	4
feed	4
fancy	4
fairy	4
entranced	4
elysian	4
ein	4
echoed	4
earnest	4
dust	4
drop	4
drive	4
drink	4
drew	4
dreamy	4
dominion	4
different	4
didst	4
descend	4
departing	4
den	4
dell	4
deer	4
dazzling	4
dawned	4
darker	4
dactylic	4
creatures	4
covered	4
contending	4
composed	4
coldly	4
codes	4
cloudless	4
closes	4
clad	4
city	4
circle	4
chime	4
chill	4
cherished	4
cheeks	4
charms	4
charge	4
caught	4
castle	4
cares	4
canst	4
calling	4
buds	4
bubbling	4
bridge	4
breaking	4
brake	4
bow	4
bohemian	4
bloomed	4
blend	4
birken	4
billows	4
better	4
bends	4
behold	4
bee	4
beat	4
bard	4
banners	4
banks	4
band	4
attended	4
attend	4
athwart	4
ascends	4
arch	4
angel	4
amain	4
aid	4
advancing	4
'.	4
{	3
zone	3
zephyr	3
za	3
youths	3
year	3
wy	3
woven	3
wouldst	3
word	3
woodland	3
woes	3
without	3
witching	3
witch	3
wir	3
wi	3
whispered	3
wherever	3
welsh	3
watched	3
warriors	3
warning	3
wandered	3
wall	3
waked	3
wafts	3
voyage	3
von	3
voiceless	3
violet	3
vineyard	3
view	3
victorious	3
victor	3
vast	3
varieties	3
valleys	3
urns	3
upward	3
unveiled	3
union	3
unfettered	3
unearthly	3
undaunted	3
unconscious	3
uncloses	3
unchanging	3
u	3
tyrant	3
twenty	3
turns	3
turned	3
tune	3
truant	3
trips	3
tripping	3
trip	3
tremulous	3
treasures	3
traveller	3
trance	3
tramp	3
towers	3
toss	3
took	3
tint	3
tinkling	3
tides	3
thyself	3
thunders	3
thrown	3
thrill	3
thither	3
things	3
terror	3
taken	3
syllables	3
sweetness	3
sweeping	3
swan	3
sunset	3
sunk	3
summits	3
summit	3
straying	3
strand	3
story	3
storms	3
stollberg	3
stirring	3
stern	3
steep	3
steeds	3
start	3
stanza	3
st	3
spartan	3
southeast	3
sole	3
soil	3
soar	3
smooth	3
smoke	3
smiling	3
smiled	3
slaves	3
slavery	3
sister	3
singest	3
sheen	3
shape	3
several	3
setting	3
self	3
seize	3
sees	3
seem	3
seeks	3
scorning	3
scene	3
scarce	3
save	3
sails	3
rustling	3
rushed	3
ruin	3
roseate	3
roman	3
rode	3
robin	3
roaring	3
right	3
rifted	3
rides	3
rhydderch	3
rhone	3
reveals	3
return	3
resoundeth	3
reposed	3
renew	3
reign	3
region	3
rebounding	3
realms	3
realm	3
reached	3
reach	3
quiet	3
purpose	3
purer	3
pulses	3
pulse	3
proudest	3
press	3
poet	3
plumes	3
plenty	3
pleasant	3
played	3
pillared	3
pilgrim	3
piled	3
pibroch	3
pherecratean	3
phantoms	3
perished	3
perish	3
peasant	3
peacefully	3
peaceful	3
pausing	3
pauses	3
passes	3
particularly	3
pain	3
paean	3
overflowing	3
orb	3
opened	3
oblivion	3
number	3
nicht	3
natural	3
national	3
nar	3
moves	3
moved	3
moulded	3
mortal	3
mnie	3
mirrored	3
minds	3
mighty	3
melts	3
melt	3
mc	3
marked	3
march	3
main	3
made	3
lovers	3
looked	3
loaded	3
lives	3
lit	3
listener	3
listen	3
links	3
lightnings	3
lightest	3
lifts	3
leaps	3
leaguers	3
lays	3
laurel	3
late	3
lands	3
lamp	3
knows	3
knell	3
kisses	3
king	3
kindness	3
kindles	3
kindled	3
keenest	3
joyously	3
j	3
isles	3
intensely	3
instances	3
innocence	3
inmost	3
infant	3
including	3
immortal	3
ill	3
ice	3
hushes	3
hurries	3
human	3
hum	3
house	3
host	3
hoel	3
hillock	3
hexli	3
heroic	3
herder	3
heather	3
health	3
healing	3
hcelty	3
haunts	3
hastens	3
hasten	3
hardly	3
hard	3
hangs	3
ha	3
gush	3
gurgling	3
guide	3
greets	3
graceful	3
grace	3
glyconic	3
glowed	3
glittering	3
glimmering	3
glided	3
glen	3
gleam	3
glassy	3
glades	3
girl	3
gilded	3
gifts	3
gift	3
ge	3
gazes	3
gathers	3
gain	3
gaelic	3
furnace	3
freshening	3
four	3
former	3
followed	3
follow	3
flute	3
flits	3
fleet	3
fixed	3
filling	3
filled	3
fiery	3
fervent	3
fed	3
fears	3
favouring	3
fathers	3
fallen	3
fading	3
fabled	3
f	3
eyelids	3
except	3
eupolidean	3
erect	3
entwine	3
else	3
effect	3
easy	3
dost	3
dome	3
divide	3
distance	3
dimly	3
died	3
di	3
devotion	3
deutschland	3
descends	3
depth	3
dem	3
deluge	3
dearer	3
deadly	3
dawns	3
das	3
darts	3
darkling	3
dares	3
dale	3
cup	3
crimson	3
cratinean	3
cradle	3
covers	3
couched	3
corresponding	3
corn	3
coolness	3
control	3
consists	3
conflict	3
concealed	3
complete	3
coming	3
comest	3
coal	3
closing	3
closed	3
clearest	3
clashing	3
clanging	3
clang	3
childhood	3
child	3
cheer	3
charmed	3
change	3
chains	3
castled	3
careering	3
called	3
buried	3
brown	3
breezes	3
branches	3
bowed	3
boundeth	3
both	3
boldly	3
blossomed	3
blissful	3
blending	3
birch	3
bind	3
bier	3
beyond	3
bells	3
bed	3
bearing	3
azure	3
awful	3
awe	3
attempted	3
asynartete	3
ascending	3
arrow	3
array	3
armed	3
ardent	3
annoy	3
anew	3
anapestic	3
anacreontic	3
alp	3
accompanying	3
accompany	3
acatalectic	3
*	3
zu	2
zizka	2
yielding	2
yew	2
yawning	2
wreathen	2
wreathed	2
wound	2
worship	2
wore	2
wooded	2
wondering	2
wo	2
withering	2
wither	2
wise	2
winning	2
windows	2
wilds	2
wildest	2
wilderness	2
wilder	2
wie	2
wider	2
whole	2
whistles	2
whirlwind	2
wha	2
welling	2
welcomes	2
ween	2
weaves	2
weave	2
we've	2
waved	2
waterfall	2
watchword	2
ward	2
warbling	2
warbled	2
walks	2
walde	2
wakens	2
waits	2
waft	2
vultures	2
vor	2
vogelweide	2
virtue	2
viol	2
village	2
viewless	2
vest	2
verdure	2
verandi	2
vein	2
veiled	2
vanished	2
van	2
valiant	2
uttered	2
urn	2
uprises	2
uplifts	2
uplifted	2
unwonted	2
untouched	2
unfurled	2
unfolds	2
unfolded	2
tyres	2
tyre	2
ty	2
turkish	2
turk	2
tunes	2
tumult	2
trysted	2
trusty	2
trump	2
troop	2
triumphant	2
triumph	2
triple	2
trills	2
trickling	2
traum	2
tranced	2
tragic	2
towering	2
touches	2
tossing	2
torrents	2
torn	2
torch	2
tops	2
tomorrow	2
tomb	2
token	2
tired	2
tips	2
tipped	2
timid	2
thundering	2
thrush	2
throws	2
thronging	2
third	2
thinner	2
thin	2
thae	2
th	2
teuton	2
terrors	2
tenderer	2
telling	2
tattered	2
tarn	2
tara	2
syncopated	2
swinging	2
swim	2
sweeter	2
swear	2
surrender	2
surging	2
surge	2
surf	2
supreme	2
sung	2
sultry	2
subsiding	2
subdue	2
struggling	2
structure	2
struck	2
strings	2
stricken	2
stretches	2
streamed	2
strayed	2
stray	2
stranger	2
stout	2
stores	2
stolen	2
stir	2
steel	2
stealeth	2
stays	2
starts	2
startled	2
starting	2
started	2
stanzas	2
stalwart	2
stag	2
sprung	2
sprinkle	2
spray	2
sportful	2
specimen	2
speaks	2
sparkled	2
souls	2
sorrowing	2
songster	2
son	2
social	2
slung	2
slowly	2
slower	2
slowacki	2
slide	2
slender	2
sleet	2
sleepless	2
sleeping	2
skim	2
sitting	2
sittest	2
siren	2
sire	2
sinking	2
similar	2
silvered	2
silken	2
signal	2
sight	2
sighs	2
sigh	2
shroud	2
showing	2
showed	2
shot	2
shields	2
sheltering	2
shelter	2
sheet	2
share	2
shaking	2
shake	2
shaggy	2
shading	2
sever	2
servians	2
servia	2
seneca	2
seine	2
seemest	2
section	2
seasons	2
season	2
scorn	2
schone	2
schin	2
scatters	2
scattered	2
scatter	2
scared	2
saved	2
saturnian	2
sank	2
sabbath	2
russia	2
rule	2
ruder	2
ruby	2
royal	2
rout	2
roaming	2
ripe	2
richer	2
rich	2
reward	2
revived	2
reverent	2
returning	2
restore	2
resounds	2
resound	2
resolve	2
rescued	2
repelled	2
repeated	2
rent	2
renown	2
remaining	2
rejoicing	2
reigns	2
regal	2
refreshed	2
reeling	2
reddening	2
reclining	2
recline	2
rebound	2
reared	2
rear	2
really	2
reality	2
re	2
rattle	2
raised	2
rainbow	2
raging	2
rage	2
quell	2
queen	2
pyramid	2
pursue	2
pull	2
proper	2
prize	2
princely	2
prefixed	2
preceding	2
prayer	2
prayed	2
praise	2
possess	2
poplars	2
polish	2
pole	2
poland	2
poised	2
pointed	2
point	2
plunges	2
plunge	2
plume	2
plucked	2
pledge	2
plashing	2
plaintively	2
pjsn	2
pipes	2
pines	2
pile	2
pierces	2
pieces	2
pferd	2
pervading	2
pentameter	2
peeps	2
peak	2
pasture	2
passions	2
parnassus	2
parent	2
paradise	2
palace	2
others	2
orchard	2
opens	2
olympus	2
olympian	2
occurs	2
obey	2
oath	2
oars	2
oak	2
nymphs	2
nymph	2
nur	2
nought	2
norwegian	2
nobly	2
noblest	2
newly	2
nestling	2
nest	2
need	2
nectar	2
nebudu	2
neath	2
nearer	2
native	2
namely	2
nad	2
myrtle	2
mute	2
musing	2
murmurs	2
murmured	2
moving	2
mourns	2
mother	2
mossy	2
moor	2
moonlit	2
month	2
modest	2
misty	2
mistake	2
mimic	2
mill	2
mila	2
mightier	2
middle	2
mi	2
mermaid	2
members	2
melodies	2
meeting	2
meaning	2
meads	2
meadows	2
matin	2
martial	2
manner	2
mang	2
makes	2
majesty	2
majestic	2
maids	2
magical	2
lustre	2
lullaby	2
lower	2
loving	2
loudly	2
lordly	2
loose	2
longs	2
loe'd	2
loe	2
llewellyn	2
listens	2
listening	2
lion	2
limbs	2
lightness	2
lighter	2
liebe	2
level	2
less	2
length	2
legions	2
led	2
lebens	2
leben	2
leapt	2
leaping	2
leafy	2
lawn	2
launch	2
language	2
lang	2
lance	2
lain	2
laden	2
labour	2
knolls	2
knelt	2
kings	2
kingdom	2
kindle	2
kind	2
keeping	2
keenly	2
june	2
joyance	2
jove	2
jet	2
iwuszka	2
ivy	2
ither	2
isle	2
islands	2
island	2
iron	2
iris	2
ir	2
invisible	2
intenser	2
instant	2
innocent	2
inglorious	2
imperial	2
immer	2
im	2
ijta	2
ieolian	2
icy	2
hut	2
huss	2
hus	2
hoverest	2
hospitable	2
homeward	2
highborn	2
hidden	2
herd	2
help	2
helmet	2
heights	2
heave	2
hearted	2
headlong	2
hazy	2
hardy	2
halcyon	2
guardian	2
groves	2
grew	2
greetings	2
greenwood	2
graces	2
gracefully	2
graced	2
gory	2
goodnight	2
goes	2
gods	2
godlike	2
goblet	2
glories	2
gloaming	2
glittered	2
glens	2
gleaming	2
gleamed	2
giving	2
gives	2
girls	2
gird	2
gezogen	2
genuine	2
gdi	2
gaze	2
gates	2
game	2
galliambic	2
fullest	2
fruits	2
front	2
frolic	2
frog	2
friends	2
freyheit	2
freude	2
freeborn	2
fragrance	2
fourth	2
fount	2
forsaken	2
formed	2
forgive	2
forests	2
forehead	2
fore	2
fondness	2
follows	2
following	2
folded	2
foeman	2
foaming	2
flutters	2
flutter	2
flutes	2
flings	2
fleetly	2
fleecy	2
flee	2
flake	2
fitly	2
fitful	2
firmer	2
fingers	2
filmy	2
fiillt	2
fights	2
fetters	2
feebler	2
feathery	2
feathered	2
fauns	2
faulding	2
fatal	2
farther	2
farm	2
fanning	2
fane	2
fancies	2
famine	2
falchion	2
face	2
fa	2
exulting	2
exactly	2
evil	2
eve	2
es	2
erst	2
erin	2
epionic	2
energy	2
energetic	2
endless	2
enchanted	2
emerald	2
embraced	2
embowered	2
embosomed	2
eleleu	2
elegiac	2
einem	2
effulgence	2
east	2
earthly	2
eager	2
duty	2
dusk	2
dun	2
dull	2
dryad	2
drum	2
droops	2
dripping	2
dried	2
dreaming	2
drawn	2
draw	2
drain	2
downward	2
doves	2
doubt	2
doubly	2
doom	2
dog	2
does	2
dnieper	2
diu	2
dimmed	2
dimeter	2
dignity	2
diadems	2
devoted	2
determined	2
desert	2
depths	2
departed	2
delicate	2
delaying	2
delay	2
degrees	2
defend	2
deck	2
decays	2
dearly	2
dcm	2
dart	2
daring	2
czesk	2
cymbals	2
cut	2
curls	2
curling	2
curl	2
crystalline	2
crushing	2
cries	2
creations	2
crash	2
craggy	2
cradled	2
crack	2
course	2
controlling	2
constancy	2
conscious	2
conqueror	2
combined	2
column	2
colours	2
clutha	2
clusters	2
clustered	2
cloudy	2
clime	2
classic	2
clash	2
circles	2
cimmerian	2
choriambics	2
chords	2
chord	2
choral	2
choicest	2
chills	2
cheskian	2
cherish	2
cheers	2
check	2
changing	2
champions	2
centuries	2
caves	2
cause	2
catch	2
casts	2
cast	2
cascade	2
cars	2
career	2
busy	2
burnished	2
buoyant	2
built	2
bubbles	2
brooded	2
bronze	2
brim	2
breathless	2
breathest	2
bravest	2
bramble	2
brackets	2
bounds	2
bough	2
borrow	2
boding	2
boatmen	2
boatman	2
blushing	2
blushes	2
blown	2
blooming	2
blew	2
blessings	2
blessing	2
bleeding	2
bled	2
bleat	2
blades	2
blade	2
bkie	2
bitter	2
billowy	2
billow	2
bids	2
bidding	2
best	2
believes	2
beaming	2
beamed	2
beacon	2
bathe	2
baskets	2
bashfully	2
bare	2
backward	2
awaits	2
aught	2
aufs	2
auf	2
attuned	2
attune	2
asunder	2
asked	2
ask	2
ascend	2
arose	2
army	2
arise	2
arching	2
arches	2
april	2
apart	2
angels	2
ancients	2
always	2
alternately	2
allure	2
alcaic	2
aim	2
age	2
aerial	2
aeolian	2
adhemar	2
act	2
ach	2
accordant	2
abyss	2
^olian	2
^	2
\	2
•'	1
•	1
zpmolkli	1
zoe	1
zlodiey	1
zion	1
zemsta	1
zemalsko	1
zelenoy	1
zelenko	1
zelenaia	1
zeit	1
zeigt	1
ze	1
zdrawo	1
zatichli	1
zastal	1
zaraza	1
zakona	1
z'aloby	1
z'adna	1
z"jt	1
z	1
yr	1
youthfully	1
youthful	1
yolcan	1
yn	1
ylia	1
yisla	1
yields	1
yemen	1
yell	1
yearnings	1
yearning	1
yea	1
yc	1
xvm	1
xrii	1
xis	1
xatitre	1
wysp	1
wyrostla	1
wyhije	1
wurdi	1
wurden	1
wteaths	1
wsportmi	1
wspomni	1
wronged	1
wring	1
wrestled	1
wrecks	1
wreathing	1
wostryia	1
worth	1
worn	1
work	1
woos	1
wooing	1
wooed	1
woodman	1
wonders	1
wolves	1
wolf	1
woiiklst	1
wohlatif	1
woe	1
wod	1
wjeru	1
wjc	1
wizard	1
withers	1
witched	1
wish	1
wiser	1
wis	1
wirklichkeit	1
wire	1
wipe	1
wip	1
winningly	1
winging	1
willowy	1
willows	1
wildering	1
wije	1
wiird	1
wiili	1
wietoczkie	1
wield	1
wiek	1
wiege	1
wiecznie	1
widow	1
widok	1
widiel	1
widely	1
wiczu	1
whom	1
whizzes	1
whittled	1
whitest	1
whiter	1
whiteness	1
whiten	1
whistling	1
whistle	1
whirls	1
whiling	1
whexce	1
whex	1
whether	1
whence	1
wheels	1
wheeled	1
wheat	1
whatever	1
western	1
werde	1
wer	1
wept	1
wensly	1
wenn	1
wends	1
wencliczka	1
wenci	1
welt	1
wells	1
weliczestwom	1
welcoming	1
weka	1
wek	1
weg	1
weeps	1
weeds	1
wedding	1
web	1
weaving	1
weathers	1
wears	1
weal	1
weak	1
we'll	1
wdth	1
wc	1
waxes	1
wavering	1
wastes	1
wastefid	1
wasted	1
washington	1
warst	1
warring	1
warmth	1
warming	1
ware	1
warder	1
warblest	1
warble	1
wangen	1
wand	1
waltet	1
wakest	1
waiting	1
wain	1
wailing	1
wage	1
wafting	1
waffenrock	1
w^itlr	1
vvorkl	1
vv^ildest	1
vox	1
votary	1
vollen	1
volks	1
volga	1
voick	1
voiced	1
vogellin	1
vo	1
vmdoubtedly	1
viz	1
vivid	1
vistas	1
vista'd	1
visiting	1
visit	1
visionary	1
visible	1
virill	1
viols	1
violets	1
vines	1
vindstod	1
villages	1
villagers	1
vil	1
viir	1
vigour	1
vigorous	1
viewed	1
vieterki	1
vex	1
vesper	1
very	1
verweben	1
verses	1
verschwindet	1
verging	1
verge	1
ver.i.xdi	1
venom	1
vekandi	1
veiling	1
vaulted	1
vats	1
vassals	1
varying	1
varies	1
varied	1
vapory	1
vanish	1
vanes	1
valour	1
valentine	1
vainly	1
vail	1
vacant	1
utters	1
utmost	1
usually	1
ussekorne	1
urge	1
upstreamed	1
uprolling	1
uprears	1
upper	1
upbore	1
unyielding	1
unwreathing	1
unutterable	1
unusual	1
untwines	1
untrodden	1
unsullied	1
unsuited	1
unsubstantial	1
unstained	1
unsated	1
uns	1
unruilled	1
unrolled	1
unroll	1
unrhymed	1
unreal	1
unnumbered	1
unknowing	1
united	1
unison	1
uniform	1
unhurt	1
unfurl	1
unfrequent	1
unfolding	1
unfold	1
unfelt	1
unfading	1
unequal	1
undulations	1
undine	1
underneath	1
uncounted	1
unconquered	1
unclouded	1
unclose	1
unchecked	1
unbroken	1
unaccented	1
umschattet	1
tyrteeus	1
tyrants	1
typhon	1
twoich	1
twinkles	1
twinkle	1
twined	1
twigs	1
twas	1
twanging	1
twa	1
turrets	1
turning	1
turbaned	1
tulloch	1
tugged	1
tufts	1
tues	1
tu	1
trzciny	1
trysting	1
tryst	1
trying	1
try	1
truthful	1
trunks	1
truly	1
trug	1
troy	1
trophy	1
trophies	1
troops	1
trode	1
trivial	1
triumphs	1
triumphe	1
triumphal	1
triplets	1
trinken	1
trimeter	1
trilling	1
triiumen	1
triige	1
tried	1
trickled	1
trickle	1
trhat	1
trepetiu	1
trembled	1
treads	1
trea	1
tray	1
trawkie	1
travelled	1
transparent	1
transparency	1
transmit	1
transient	1
trances	1
trained	1
trailing	1
trace	1
tosses	1
torches	1
toppling	1
topped	1
topmost	1
tont	1
tonnen	1
tonne	1
tonight	1
tongue	1
toner	1
tolling	1
told	1
tokens	1
toils	1
tlies	1
tlic	1
tither	1
titan	1
tinkle	1
tinctures	1
tills	1
tidt	1
thyrses	1
thunderer	1
thundered	1
thulaichean	1
throughout	1
thronged	1
throii<	1
thrilled	1
threats	1
threatening	1
thread	1
thorn	1
thor	1
thirst	1
thin«r	1
thinnest	1
thinned	1
thinks	1
thickly	1
thickets	1
thesis	1
thepoet'sworld	1
thence	1
themselves	1
theirs	1
thehexli	1
thatlove	1
thai	1
tetrameters	1
terrace	1
terminations	1
tented	1
tenements	1
tenderly	1
tended	1
ten	1
temperate	1
teeming	1
tearfully	1
tavine	1
tartan	1
tarnished	1
tar	1
tapestry	1
taper	1
tangled	1
tame	1
talk	1
tal	1
szuin	1
symphony	1
symphonies	1
syllabic	1
sybil	1
swjta	1
switzer	1
swirr	1
swings	1
swiftly	1
swifter	1
swiatuju	1
sweepest	1
sways	1
swayed	1
swarms	1
swamp	1
swam	1
swallows	1
svaeved	1
suszczich	1
sustained	1
sustain	1
suspended	1
surely	1
sunshine	1
suns	1
sunnnoning	1
sunnier	1
sunbeams	1
summons	1
summoning	1
sulyects	1
sulphury	1
suited	1
suit	1
suffer	1
suddenly	1
succession	1
subtlest	1
sublimity	1
sublimest	1
sublimely	1
subjective	1
subject	1
subduing	1
style	1
studding	1
strung	1
struiiiienic	1
struggle	1
strowed	1
strow	1
strongly	1
strolling	1
strokes	1
strives	1
strive	1
stripes	1
string	1
strikingly	1
striking	1
stride	1
stretching	1
stretched	1
strenuous	1
streets	1
streamin<r	1
strays	1
strangely	1
strange	1
strains	1
storni	1
storme	1
stooping	1
stoop	1
stone	1
stollbero	1
sto	1
stnimyku	1
stings	1
stimmet	1
stimmen	1
stills	1
stifled	1
stick	1
sternly	1
steppes	1
stems	1
stemengefilden	1
steel'st	1
stealest	1
steal'st	1
stayed	1
statues	1
statue	1
stationed	1
state	1
stat	1
startling	1
standing	1
standest	1
stande	1
standards	1
stained	1
staaa	1
srp	1
srbli	1
spurn	1
spur	1
spreading	1
sprasziwal	1
sprang	1
spouse	1
spotted	1
spotless	1
sported	1
sport	1
sponsor	1
spoken	1
splintered	1
splendid	1
spite	1
spit	1
spiry	1
spiritual	1
spirited	1
spires	1
spire	1
spend	1
sped	1
spectre	1
spectrally	1
spears	1
speaking	1
speakcst	1
speak	1
sparry	1
sparkingly	1
spans	1
southern	1
sordid	1
sootliing	1
soother	1
soothed	1
soothe	1
sooner	1
sonp	1
sonnets	1
songbook	1
something	1
solnce	1
solitary	1
soldiers	1
solchen	1
solch	1
soiled	1
sohoiu	1
softened	1
soften	1
sod	1
sobieski	1
sobbing	1
soars	1
soaring	1
snug	1
snuffs	1
snowdrops	1
snowdon	1
snaszi	1
smothered	1
smother	1
smnmer	1
smelling	1
smallest	1
sm	1
slychac	1
slumlier	1
slumberest	1
slumberer	1
slumbered	1
slowika	1
sloping	1
slogan	1
slmnber	1
slight	1
slid	1
sleeper	1
slay	1
slawu	1
slavonic	1
slavonian	1
slavon	1
slaty	1
sla	1
skuld	1
skrzydlpm	1
skimmed	1
skill	1
skiey	1
skidd	1
skating	1
skaters	1
skater	1
sixth	1
siunmits	1
sitt'st	1
sith	1
sio	1
sinuiy	1
sinn	1
sinilos	1
singular	1
singled	1
single	1
singeth	1
singent	1
sing'st	1
sinewy	1
sinew	1
sin	1
simny	1
silk	1
sijaesz	1
siize	1
siisse	1
sifted	1
sides	1
sic	1
si	1
shuts	1
shut	1
shulepnikov	1
shrubs	1
shrink	1
shrilly	1
showery	1
show	1
shouts	1
shouting	1
shooting	1
shivering	1
shiver	1
ship	1
shinest	1
shiml)ering	1
shifting	1
shift	1
shene	1
shelters	1
shells	1
sheets	1
sheath	1
shapeless	1
shallows	1
shaken	1
shaft	1
shad	1
severe	1
settling	1
servian	1
serve	1
servda	1
serious	1
serf	1
serenest	1
serenely	1
serenading	1
sere	1
sepy	1
sentimental	1
sentiment	1
senseless	1
sends	1
sending	1
sein	1
seest	1
seeking	1
seeing	1
seeds	1
sedlsky	1
securely	1
secrets	1
seclets	1
sebia	1
search	1
seaman	1
sealed	1
scud	1
scream	1
scours	1
scour	1
scottish	1
schulz	1
schultz	1
schreibee	1
schmuck	1
schmidt	1
schlichtes	1
schlegel	1
schink	1
schimmer	1
schiller	1
scents	1
scenting	1
scented	1
scent	1
scath	1
scandinavian	1
saviour	1
saugh	1
satjts	1
sashes	1
sangen	1
sam	1
sallow	1
sages	1
safter	1
saffron	1
safely	1
safe	1
saddles	1
saddens	1
sabres	1
sabli	1
sable	1
rye	1
rustles	1
rustled	1
rustic	1
rust	1
russischen	1
ruskie	1
rushest	1
rus	1
running	1
ruling	1
rules	1
ruins	1
ruffled	1
ruffian	1
rue	1
rudolff	1
rude	1
rricnd	1
rowan	1
roves	1
rove	1
roused	1
roundelay	1
rot	1
rosyczka	1
roste	1
rosen	1
rosemary	1
rosebuds	1
rosebud	1
rosa	1
roots	1
room	1
roofs	1
roof	1
rome	1
romans	1
romaic	1
rollest	1
roguish	1
rod	1
robes	1
robe	1
roars	1
roamin	1
road	1
rivulet	1
riven	1
rittersberg	1
ritter	1
rites	1
risztiansku	1
risest	1
risen	1
rippling	1
ripple	1
rin<iin<i	1
rill	1
rights	1
righteously	1
righil	1
rife	1
riding	1
ridge	1
ricldy	1
richly	1
ria^en	1
rhymed	1
rewarded	1
revolves	1
revives	1
revive	1
reversed	1
reverently	1
revealing	1
reveal	1
returns	1
retreats	1
retm*ning	1
retiring	1
retires	1
retire	1
resumes	1
restless	1
resting	1
responds	1
respond	1
resplendent	1
respectively	1
resolved	1
rescue	1
requiem	1
repel	1
repay	1
renovated	1
rends	1
rend	1
remembered	1
remember	1
remark	1
religion	1
relieving	1
relieves	1
relics	1
relenting	1
relapses	1
reise	1
reine	1
rein	1
reichardt	1
regular	1
reft	1
refreshment	1
reflected	1
reed	1
reechoed	1
redden	1
recreant	1
record	1
recoils	1
recoiled	1
reclined	1
reckless	1
receive	1
receding	1
recedes	1
recall	1
reason	1
reaps	1
reaper	1
reading	1
readily	1
rcsmaryna	1
raven	1
rashes	1
rapture	1
ranks	1
rank	1
range	1
rang	1
ranches	1
rambling	1
rally	1
rains	1
raindrops	1
rainbows	1
rages	1
radzi	1
radiance	1
racked	1
rack	1
raced	1
rabbit	1
qvalte	1
quivers	1
quietly	1
quicker	1
quicken	1
quenching	1
quells	1
quarry	1
quantity	1
quaff	1
quadruple	1
pyres	1
purpling	1
purely	1
pulsing	1
pticzek	1
psean	1
przcrz'nely	1
prowadzi	1
provence	1
protects	1
props	1
prophet	1
prop	1
prone	1
profoundest	1
profomid	1
produces	1
princess	1
prilegli	1
priapeian	1
prez'niuju	1
prey	1
pretty	1
preserved	1
presents	1
prescient	1
pres	1
preluding	1
precious	1
prattles	1
prattle	1
pranking	1
prance	1
pram	1
practised	1
powjda	1
powievvaja	1
powers	1
pouring	1
poured	1
possible	1
pospiech	1
posies	1
portals	1
portal	1
porsenna	1
pool	1
pontic	1
ponderous	1
polyschematists	1
polished	1
polar	1
pol	1
pojechali	1
poison	1
points	1
poetic	1
poems	1
podruz'koy	1
podjwey	1
pod	1
pnly	1
pniwda	1
plumage	1
ploughs	1
ploughed	1
plighted	1
pleasures	1
pleasm	1
pleasing	1
pleased	1
platzchen	1
plastic	1
plash	1
plaintive	1
plains	1
plague	1
placid	1
place	1
pjsnie	1
pjrans	1
pjesm	1
pious	1
pilgrims	1
piles	1
piercing	1
pierce	1
piekna	1
piece	1
picuie	1
pickny	1
phosphor	1
phobus	1
phantom	1
pesara	1
personifications	1
perishable	1
peris	1
periods	1
peril	1
perhaps	1
perforce	1
perfect	1
perennial	1
perched	1
people	1
pensive	1
peering	1
peep	1
peculiarly	1
pebbly	1
pebbled	1
pebble	1
peaung	1
pearls	1
pearl	1
pealings	1
pealed	1
patters	1
patriots	1
patriotic	1
pathetic	1
pastures	1
pastoral	1
pastime	1
passionless	1
passionate	1
passed	1
passage	1
parting	1
particular	1
parlour	1
paradies	1
pants	1
pant	1
panoply	1
panenky	1
pane	1
pam	1
palmy	1
palms	1
palest	1
paints	1
pageants	1
pageant	1
paeans	1
pack	1
p'roni	1
oxce	1
owts	1
owns	1
owl	1
owe	1
ovvy	1
overswelling	1
overnight	1
overhead	1
overflow	1
overdovede	1
outsing	1
outlines	1
outer	1
oungsters	1
ouavard	1
otdychaet	1
orchards	1
orbit	1
orbed	1
oppressor	1
onset	1
omens	1
om	1
oive	1
oi	1
og	1
offer	1
off	1
odours	1
odes	1
ode	1
och	1
obtain	1
observed	1
obscuring	1
obscure	1
oblatiija	1
objective	1
obeys	1
oben	1
o'ermastering	1
o'erlooking	1
o'erlaid	1
o'erladen	1
o'ercrowned	1
nurse	1
numbers	1
nro	1
nowi	1
nourishing	1
norway	1
northern	1
noras	1
nor7iir	1
noontide	1
noise	1
nodding	1
nj	1
nit	1
ninth	1
niiname	1
niidiiiglu	1
nights	1
nightingales	1
nightingal	1
niffht	1
niech	1
nie	1
niczto	1
ni	1
newborn	1
nevermore	1
net	1
nervy	1
nerves	1
nerve	1
nerv'st	1
needs	1
nectared	1
neck	1
necessary	1
nebesko	1
nds	1
natures	1
nations	1
naszoj	1
narrowing	1
narrow	1
narodnj	1
nane	1
named	1
naiads	1
nahtegal	1
nadiewayte	1
nacht	1
nach	1
myths	1
mythology	1
myriad	1
mutters	1
musk	1
musings	1
museum	1
murderous	1
muldava	1
muffled	1
moz'e	1
moy	1
movest	1
mourn	1
mounting	1
mountin	1
mounted	1
mouldering	1
mottos	1
motto	1
mothers	1
moslem	1
moskva	1
moscow	1
morrow	1
mornin	1
moonshine	1
moonlight	1
months	1
monotonous	1
mong	1
monarch	1
molodosti	1
molodcy	1
moiu	1
moia	1
moge	1
moe	1
modified	1
modification	1
modern	1
modem	1
model	1
mockery	1
moated	1
moaning	1
moan	1
mladoz'enom	1
mists	1
misses	1
miss	1
mischief	1
minutes	1
minstrelsy	1
minstrels	1
minstrel	1
ministering	1
minister	1
minion	1
mingling	1
mingles	1
mingle	1
milt	1
milowat	1
milowala	1
milim	1
mile	1
milder	1
mightiest	1
miescie	1
mien	1
midst	1
midmost	1
mickiewicz	1
meyer	1
mew	1
metrical	1
methought	1
meteors	1
messenger	1
meseemed	1
mere	1
mercy	1
mer	1
mensohenleben	1
member	1
melodisk	1
melodiously	1
mellower	1
mellowed	1
meien	1
meed	1
measured	1
meaner	1
mazy	1
maze	1
mayest	1
may'st	1
mavis	1
matthisson	1
master	1
masted	1
massive	1
masaniello	1
margin	1
marched	1
marble	1
maple	1
maoic	1
manyfold	1
mantles	1
mantle	1
manners	1
manned	1
manly	1
manhood	1
maloy	1
maleno	1
malenkoy	1
making	1
mahles	1
magniloquent	1
magnificent	1
madness	1
maddened	1
madchen	1
ma	1
m'^aves	1
lycka	1
luxuriant	1
luueral	1
lut	1
lurking	1
lures	1
lulls	1
lows	1
lowlier	1
lowed	1
lovest	1
lovelorn	1
loveling	1
loveliest	1
lov'dst	1
lotus	1
loth	1
losing	1
lose	1
lorram	1
loosened	1
loosen	1
loosed	1
looketh	1
loneliest	1
lon^	1
logan	1
loftiest	1
loat	1
lliou	1
lizard	1
liynin	1
livelier	1
liubov	1
liubeznoy	1
listened	1
lisp	1
lipped	1
lions	1
linnets	1
linked	1
lingered	1
ling	1
limits	1
limb	1
lilts	1
lilies	1
lilien	1
lilac	1
lijrht	1
liis	1
liiiili	1
liicheln	1
lightsome	1
lighting	1
lightened	1
lifvets	1
lifting	1
lifted	1
lifeblood	1
life'sdream	1
lields	1
liehtenstein	1
liege	1
liedern	1
lieben	1
lids	1
lid	1
lichten	1
licht	1
lez	1
levity	1
lets	1
lesa	1
lervid	1
lends	1
leman	1
leere	1
lebenslast	1
leavest	1
leaved	1
learned	1
lead'st	1
lazar	1
lavish	1
lave	1
lav'rock	1
lauyh	1
laurels	1
laughed	1
lauf	1
laub	1
latin	1
lasstowiczka	1
lasses	1
lashes	1
lash	1
largest	1
large	1
lard	1
lapses	1
languidly	1
languid	1
lament	1
lame	1
lair	1
lag	1
lading	1
laddie	1
lad	1
labyrinthine	1
labourer	1
l)iit	1
kurze	1
kumom	1
ktore	1
krolik	1
krilov	1
kotoroy	1
kosciuszko	1
kofi	1
know'st	1
knov^^	1
knots	1
knight	1
knife	1
knelling	1
kleiniu	1
kissed	1
kirtle	1
kindred	1
kindlein	1
kills	1
kiish	1
kiihl	1
kept	1
ken	1
keiner	1
keener	1
keel	1
kdoz	1
kcepken	1
kaz'dym	1
karamsin	1
kaplie	1
kameraden	1
kam	1
kaltem	1
kak	1
kai)ic	1
k	1
juz	1
juts	1
justly	1
jubelt	1
joyest	1
journey	1
jones	1
joining	1
jiot	1
jewel	1
jetty	1
jest	1
jessamine	1
jeli	1
je	1
jarring	1
jak	1
j'is	1
izobraz'aesz	1
ivied	1
itself	1
iti	1
italians	1
istgekommen	1
irh	1
ire	1
ionian	1
ionia	1
ioned	1
inward	1
involved	1
invoketh	1
invoke	1
invites	1
invite	1
inverted	1
invades	1
intense	1
intended	1
insult	1
instrument	1
instinct	1
instead	1
inspirited	1
inspirer	1
inspire	1
inspiration	1
insect	1
ins	1
ino^	1
innncasurable	1
innehar	1
inly	1
inlant	1
inflexible	1
inflames	1
ineflkble	1
indulge	1
indicated	1
indicate	1
indeed	1
ind	1
incomplete	1
incline	1
inch	1
incense	1
inappropriately	1
inappropriate	1
ina^ade	1
imto	1
impulses	1
improbably	1
impelled	1
impassioned	1
impart	1
immortalised	1
imitations	1
imena	1
imagination	1
imagest	1
images	1
imagery	1
illusions	1
illusion	1
illume	1
illimitable	1
ilka	1
ilis	1
ilcisteii	1
ilark	1
ilame	1
ijy	1
iis	1
iiir	1
iiberall	1
iho	1
ihm	1
ihe	1
ihcy	1
igl	1
idet	1
ideal	1
ic<3	1
i^ook	1
i've	1
i'd	1
i'all	1
hypercatalectic	1
hymns	1
hurra	1
hurr3dng	1
huntsman	1
huntress	1
hunting	1
hunt	1
hundred	1
hums	1
humanity	1
hule	1
huds	1
hrinlit	1
hred	1
howls	1
howl	1
however	1
hovered	1
houi	1
hosts	1
horizon	1
horde	1
horatian	1
hor	1
hoped	1
hoof	1
honours	1
homes	1
homer	1
holly	1
hollowed	1
holding	1
hoists	1
hoarser	1
hnrvost	1
hm	1
highlands	1
hies	1
hie	1
hiding	1
hides	1
hide	1
hi	1
hey	1
hexameters	1
hewn	1
hers	1
herman	1
hercelibes	1
herbst	1
heptameter	1
hen	1
hemistichs	1
helping	1
helms	1
helmets	1
helmed	1
helen	1
held	1
heightens	1
heifer	1
heide	1
hehn	1
hees	1
heeded	1
hedge	1
hedbokn	1
hector	1
hebel	1
hebe	1
heavier	1
heavens	1
heaths	1
heathery	1
heat	1
heartbroken	1
heap	1
heal	1
he's	1
hay	1
hawk	1
haughty	1
hat	1
hasting	1
hastes	1
hashing	1
harritm	1
harmonies	1
harmonier	1
happiness	1
happier	1
haply	1
hang	1
handmaid	1
halo	1
halloo	1
haired	1
hailed	1
hae	1
hab	1
haa^e	1
gxeen	1
gwynedd	1
gusty	1
gushes	1
gun	1
gulf	1
guided	1
gteets	1
gste	1
gsem	1
grviii	1
growth	1
growing	1
grow	1
grouped	1
grohy	1
griin	1
grieves	1
grieved	1
griefs	1
grey	1
greeted	1
grecian	1
grateful	1
grandeur	1
grampians	1
grain	1
gowany	1
gorges	1
gorgeous	1
goodness	1
goodbye	1
golub	1
gol)let	1
gogledd	1
goetze	1
goethe	1
goblets	1
glowworm	1
gloomy	1
glimpses	1
glimmers	1
glimmer	1
gliick	1
gleiten	1
glee	1
gleams	1
glaser	1
glanz	1
gladdens	1
gladdened	1
glacier	1
gj	1
giver	1
girds	1
giish	1
gifted	1
giennem	1
giebt	1
gi'een	1
gi	1
gestreut	1
gentlest	1
gentler	1
gentleness	1
geneva	1
gen	1
gemmed	1
gem	1
geli	1
geist	1
gein	1
geho	1
gebohren	1
gazed	1
gauzy	1
gauze	1
gaunt	1
gatherin	1
gate	1
garish	1
gardens	1
games	1
gallop	1
galleys	1
gallantly	1
gales	1
galaxy	1
gael	1
gab	1
ga	1
g'sund	1
furl	1
fur	1
funereal	1
fully	1
fullness	1
fulgent	1
fulfil	1
fu'er	1
fruitless	1
fruitage	1
frro	1
frowns	1
froth	1
frosty	1
frost	1
fronted	1
frohlichem	1
frohlich	1
frisian	1
fringes	1
fringe	1
friihling	1
friert	1
friendship	1
friendly	1
freunde	1
freund	1
freshly	1
freshen	1
freighted	1
freer	1
freeman	1
freely	1
frantic	1
frank	1
france	1
frames	1
frame	1
frae	1
foundering	1
formless	1
forming	1
forgets	1
force	1
forbid	1
foray	1
footed	1
foamy	1
fluttering	1
flushed	1
flush	1
flung	1
floweth	1
flov/ed	1
flourishing	1
flouris	1
flocks	1
flinging	1
fling	1
fligh	1
flics	1
fleets	1
fleetness	1
fleeted	1
flare	1
flaky	1
flakes	1
flags	1
fkiedelberg	1
fiver	1
firstborn	1
firmly	1
fired	1
firc	1
finger	1
finds	1
finding	1
filial	1
fiercely	1
fiahts	1
fi	1
fhir	1
feu	1
festivity	1
festively	1
festal	1
ferns	1
fellows	1
feld	1
feeleth	1
feelest	1
feedeth	1
featured	1
featly	1
fearlessly	1
fearfully	1
fearful	1
fawn	1
favourite	1
father	1
fates	1
fate	1
fast	1
farms	1
farewell	1
fareweel	1
farbe	1
fand	1
fanciful	1
famed	1
falsehood	1
false	1
faithless	1
fairies	1
fain	1
failed	1
fah	1
fact	1
fa's	1
eysen	1
eyn	1
eyelid	1
extreme	1
extol	1
extensive	1
extension	1
extended	1
expiring	1
expires	1
expire	1
expectant	1
expanse	1
expanded	1
exhilerant	1
execution	1
evoe	1
evident	1
everywhere	1
evergreens	1
ethereal	1
est	1
essentially	1
especially	1
erovv^ns	1
ernst	1
er	1
equivalent	1
equilibrium	1
equal	1
epic	1
enwreath	1
enwoven	1
envy	1
enthusiast	1
enthroned	1
entailed	1
ent	1
enkindles	1
english	1
enfolded	1
enfold	1
enemies	1
endure	1
ending	1
endeavoured	1
endearing	1
enclosing	1
enchantress	1
enchantment	1
enchanting	1
enchant	1
emulous	1
empyrean	1
empurpled	1
empty	1
emptiness	1
emigrant	1
embovi^ered	1
emblems	1
elm	1
elijah	1
elfin	1
eleventh	1
eleleus	1
elegy	1
eldest	1
elder	1
eld	1
ejcoraj	1
either	1
einfach	1
einen	1
eine	1
eilet	1
eighths	1
eighth	1
eight	1
egypt	1
effusion	1
een	1
edge	1
eden	1
edelhochgeborne	1
eddying	1
eddies	1
ecstasy	1
eclipse	1
ebe	1
eastward	1
easiest	1
ease	1
eagles	1
dzis	1
dyin	1
dyed	1
dwellings	1
dwellest	1
dweller	1
dwelled	1
dwanact	1
dusky	1
dushka.*	1
dulcet	1
dug	1
due	1
du	1
dst	1
drowned	1
drown	1
drops	1
dropping	1
dropped	1
drooping	1
drone	1
driving	1
drips	1
drinks	1
drifting	1
drifted	1
dreary	1
dreariest	1
drear	1
dread	1
draussen	1
draught	1
dragon	1
downcast	1
dovelike	1
doubtless	1
doubled	1
doth	1
dote	1
dorfer	1
door	1
donxal	1
donning	1
dominant	1
dohrye	1
dmitriev	1
dithyrambic	1
distrust	1
distribution	1
distinctly	1
distincter	1
distinct	1
distantly	1
dissolved	1
dissolve	1
dissever	1
dismantled	1
dismal	1
dishevelled	1
discord	1
discomfited	1
discerning	1
disappears	1
dirges	1
dips	1
dipping	1
dipodial	1
diishka	1
diirften	1
diiiepru	1
dignified	1
diffusing	1
diffuse	1
difficult	1
differs	1
differing	1
differently	1
differ	1
diess	1
dian	1
dews	1
devious	1
deviations	1
dets	1
destiny	1
destinies	1
despot	1
despair	1
desolate	1
desire	1
design	1
descended	1
derzhavin	1
derwent	1
depending	1
departs	1
depart	1
demon	1
demigod	1
dells	1
deliver	1
delighted	1
dein	1
deign	1
deftly	1
defiance	1
defenders	1
defender	1
defended	1
deed	1
declamation	1
deceiving	1
decaying	1
decay	1
deals	1
deal	1
deadens	1
deadening	1
dcr	1
daylight	1
dawning	1
daunt	1
dastard	1
dass	1
dashed	1
darting	1
darkened	1
darken	1
dapple	1
dann	1
dangers	1
dangerous	1
dames	1
dahin	1
dactylics	1
da	1
czto	1
czistoe	1
czeske	1
czertomclikii	1
czertomclik	1
czar	1
czamem	1
cypress	1
cutting	1
cuts	1
cushat	1
curving	1
curves	1
curtains	1
cursed	1
current	1
curled	1
culture	1
cuilfhionn	1
crystals	1
crying	1
crwen	1
crusted	1
crushed	1
crush	1
crows	1
crowns	1
crowds	1
crouching	1
crouched	1
crosslet	1
croods	1
crisp	1
crinkling	1
crinkle	1
cricket	1
crew	1
crests	1
crest	1
crescent	1
creation	1
created	1
create	1
crashing	1
crags	1
crackling	1
coyly	1
coward	1
coves	1
covering	1
covenant	1
courted	1
coursers	1
couplets	1
countless	1
cotta<te	1
costliest	1
corresponds	1
cornfield	1
coral	1
coo	1
cony	1
conway	1
convivial	1
controlled	1
contrast	1
continuous	1
consumed	1
constant	1
consecjuently	1
conquest	1
conquering	1
conquered	1
connected	1
confront	1
conduct	1
condor	1
comrades	1
composing	1
compose	1
completeness	1
complacent	1
compelled	1
compel	1
company	1
communion	1
commotion	1
commanding	1
comfort	1
combine	1
combatant	1
colt	1
colour	1
colossus	1
collected	1
coimtry	1
cogadh	1
cock	1
coarse	1
clustering	1
clung	1
closer	1
clock	1
clings	1
climb	1
cleaving	1
clearer	1
clean	1
claymores	1
claudius	1
clattering	1
classical	1
classes	1
clasps	1
clarions	1
clare	1
claps	1
clansmen	1
clangs	1
clacking	1
civic	1
citadel	1
circling	1
churl	1
church	1
christopoulos	1
christians	1
chory	1
choriamliic	1
chori	1
choragwie	1
choose	1
choirs	1
chnrni	1
chnnd	1
chilly	1
chillness	1
children	1
chief	1
chiding	1
chian	1
cheermg	1
cheerly	1
cheerless	1
cheering	1
checked	1
chastest	1
chart	1
charm'st	1
chariots	1
charger	1
characterised	1
chapel	1
chaos	1
changeful	1
chances	1
chance	1
chambers	1
chamber	1
century	1
centre	1
celestial	1
cedars	1
cedar	1
ceased	1
cease	1
caucasian	1
catullus	1
cattle	1
catkins	1
catching	1
catches	1
catalexis	1
cat'ract	1
castles	1
castanets	1
case	1
carved	1
carstwo	1
carols	1
carol	1
carmel	1
carelessly	1
careless	1
carabine	1
cantata	1
canopy	1
can't	1
cambrian	1
calmly	1
calmer	1
calkiern	1
calashes	1
caihiot	1
cahnly	1
cahn	1
cadwallon	1
ca	1
bushy	1
burdened	1
burden	1
burd	1
bunker	1
builds	1
build	1
bude	1
budding	1
buckler	1
brzoza	1
brushing	1
brushed	1
brpskoga	1
brought	1
brothers	1
brot	1
brooks	1
brooding	1
broadsword	1
britons	1
brink	1
brine	1
briider	1
brightening	1
brighten	1
briery	1
brief	1
bridegroom	1
brent	1
breasted	1
brazen	1
braw	1
braving	1
braved	1
brand	1
brakes	1
braided	1
braa^e	1
boz'j	1
boys	1
boyar	1
bowered	1
bounty	1
bought	1
bossy	1
bossed	1
boots	1
book	1
bonnet	1
bond	1
bolts	1
bolt	1
boldest	1
boils	1
bohemia	1
bogownjky	1
bog	1
bodiless	1
boat	1
boastful	1
boasted	1
boast	1
boand	1
blushed	1
blush	1
blumen	1
blujent	1
blossomy	1
bloomy	1
blodau	1
blisses	1
blicke	1
blesses	1
bless	1
blends	1
blazes	1
blasts	1
blasting	1
blackened	1
bjla	1
bj!a	1
bis	1
birth	1
birdis	1
bin	1
billing	1
bi	1
bhie	1
bhata	1
bh'ds	1
beware	1
betydningsrige	1
betide	1
bestrown	1
bestowing	1
bereave	1
benight	1
bendest	1
belt	1
beloved	1
belling	1
bekriinzt	1
bekranzet	1
beholds	1
beheld	1
beguiling	1
beguiles	1
beguile	1
begirming	1
beginnt	1
beginning	1
befall	1
beetling	1
beechen	1
beech	1
bedded	1
becomes	1
become	1
beckons	1
becherklang	1
becher	1
became	1
beamy	1
beamings	1
beamest	1
beak	1
beads	1
beaded	1
bdfore	1
bayonets	1
battered	1
bathing	1
bathed	1
baszt	1
base	1
barrier	1
barred	1
barks	1
barjak	1
bardic	1
barcld	1
barcarole	1
bar	1
bannered	1
bank	1
banded	1
balmy	1
balm	1
ballads	1
ball	1
bale	1
balance	1
bailey	1
baggesen	1
bade	1
bacchanals	1
b*sch*	1
ay	1
awoke	1
awfully	1
awen	1
awaking	1
awakes	1
awakens	1
awakened	1
await	1
awa	1
avorld	1
avokc	1
avinged	1
avhence	1
avenging	1
avave	1
avalanche	1
authors	1
aurora	1
atys	1
attract	1
attained	1
atoms	1
asyn	1
assured	1
assemble	1
aspire	1
asphodelian	1
asphodel	1
ashore	1
ashes	1
asclopiadian	1
asclepiadian	1
artete	1
arsis	1
arrowy	1
arrows	1
arranged	1
arouse	1
arched	1
arc	1
aptly	1
apt	1
approaching	1
approached	1
applicable	1
apple	1
applause	1
appealing	1
appal	1
apace	1
anything	1
any	1
anthem	1
answers	1
answer	1
anon	1
anokojovixivos	1
angebohmen	1
andromache	1
ance	1
ambic	1
amang	1
alternation	1
altars	1
also	1
als	1
already	1
alps	1
aloose	1
almost	1
almighty	1
alluded	1
alley	1
allahu	1
alive	1
alike	1
alii	1
aldrig	1
alas	1
alarmed	1
alarch	1
ak	1
aiul	1
aims	1
aimed	1
aids	1
agreeable	1
agree	1
against	1
aga	1
aft	1
afloat	1
afield	1
affrighted	1
affright	1
af	1
ae	1
advance	1
admiring	1
adieu	1
addressed	1
addition	1
adapting	1
action	1
across	1
achte	1
achilles	1
accompanied	1
accentual	1
accent	1
absolute	1
abruptness	1
abroad	1
about	1
abode	1
a^ain	1
^olsharpens	1
])	1
8eem	1
.."	1
..	1
.,	1
.)']	1
*'	1
',	1
''	1
'"	1
!••	1
