,	1083
the	791
.	659
and	410
to	270
of	239
;	221
in	200
with	155
a	149
|'s|	146
i	136
my	129
that	108
for	91
as	88
!	88
on	87
its	85
all	81
'	79
it	73
from	71
but	69
is	66
—	64
not	63
"	61
so	57
thy	56
by	55
we	54
:	53
or	52
me	51
this	50
their	49
be	47
his	46
|arabic5+digit|	44
over	44
our	44
day	44
at	44
some	43
are	43
her	40
one	39
shall	38
light	38
night	37
more	37
where	35
no	34
when	32
doth	31
there	30
thee	30
now	30
was	29
sweet	29
life	29
heart	29
he	29
bright	29
they	28
still	28
old	28
may	28
?	28
like	27
if	27
fair	27
while	26
yet	25
which	25
love	25
far	24
eyes	24
earth	24
here	23
dear	23
what	22
us	22
soul	22
rest	22
out	22
let	22
joy	22
come	22
nor	21
within	20
who	20
air	20
."	20
upon	19
th	19
she	19
only	19
mine	19
long	19
then	18
sun	18
sleep	18
shore	18
sea	18
have	18
voice	17
tis	17
once	17
grey	17
coming	17
years	16
were	16
thou	16
them	16
star	16
sky	16
o	16
nature	16
men	16
deep	16
beneath	16
bay	16
amid	16
|arabic1digit|	15
without	15
thus	15
song	15
pain	15
near	15
man	15
land	15
head	15
give	15
down	15
am	15
will	14
wide	14
see	14
how	14
hear	14
glad	14
full	14
face	14
dream	14
breast	14
before	14
.,	14
youth	13
whose	13
way	13
time	13
such	13
seem	13
own	13
never	13
lord	13
know	13
hath	13
ear	13
darkness	13
can	13
bring	13
again	13
weary	12
through	12
these	12
summer	12
stars	12
skies	12
rise	12
oh	12
meet	12
high	12
hand	12
found	12
do	12
dark	12
august	12
|arabic2digit|	11
would	11
wait	11
take	11
strange	11
round	11
make	11
lost	11
lie	11
hope	11
heaven	11
feet	11
dim	11
cold	11
came	11
an	11
waters	10
up	10
thine	10
soon	10
slow	10
seemed	10
repose	10
radiance	10
pray	10
ohio	10
new	10
morn	10
moon	10
mid	10
low	10
god	10
gave	10
first	10
fancy	10
fall	10
ever	10
dreams	10
crown	10
could	10
clouds	10
chillicothe	10
care	10
calm	10
age	10
white	9
two	9
thought	9
though	9
thanks	9
strong	9
spirit	9
silence	9
sight	9
side	9
show	9
place	9
other	9
ocean	9
might	9
hold	9
harbour	9
had	9
great	9
go	9
forth	9
forms	9
die	9
days	9
breeze	9
break	9
world	8
wife	8
watch	8
warm	8
trees	8
till	8
tell	8
stand	8
sound	8
soft	8
sit	8
seen	8
scene	8
saw	8
sad	8
rare	8
queen	8
name	8
mill	8
less	8
home	8
him	8
hills	8
held	8
heard	8
green	8
gone	8
friends	8
friend	8
free	8
find	8
dying	8
done	8
distant	8
comes	8
beyond	8
bed	8
among	8
alas	8
above	8
wild	7
water	7
voices	7
vision	7
turn	7
true	7
touch	7
than	7
sunset	7
spring	7
spread	7
splendour	7
shine	7
set	7
serene	7
remote	7
prayer	7
point	7
path	7
must	7
mich	7
lives	7
lies	7
left	7
lay	7
last	7
lake	7
into	7
i'll	7
hill	7
gold	7
glow	7
form	7
evening	7
bosom	7
beauty	7
bear	7
away	7
another	7
alone	7
(	7
|arabic4digit|	6
words	6
winds	6
wind	6
waves	6
wake	6
things	6
tall	6
stands	6
smiles	6
smile	6
sigh	6
share	6
shadows	6
seas	6
say	6
rim	6
quick	6
praise	6
peace	6
past	6
off	6
mountain	6
many	6
keep	6
july	6
human	6
hour	6
half	6
greet	6
glory	6
eye	6
eternal	6
early	6
delight	6
death	6
dead	6
clear	6
children	6
childhood	6
charm	6
call	6
brought	6
brook	6
bound	6
both	6
bliss	6
blessed	6
back	6
april	6
ah	6
afar	6
year	5
woods	5
woe	5
winter	5
west	5
well	5
wave	5
vain	5
treasures	5
toward	5
takes	5
t	5
sunshine	5
states	5
spell	5
souls	5
sometimes	5
softly	5
sing	5
silent	5
shut	5
serenely	5
seeming	5
scenes	5
said	5
rose	5
room	5
rome	5
roll	5
right	5
rejoice	5
radiant	5
pure	5
proclaim	5
play	5
plain	5
pale	5
opening	5
noon	5
n	5
music	5
move	5
mother	5
morning	5
memory	5
loving	5
look	5
little	5
lift	5
hymn	5
horizon	5
height	5
ground	5
grace	5
good	5
gentle	5
gaze	5
fond	5
flight	5
fields	5
feel	5
fate	5
every	5
either	5
dwell	5
dread	5
cloud	5
close	5
brings	5
bold	5
blue	5
blow	5
below	5
backward	5
about	5
)	5
yon	4
wrecks	4
wondrous	4
woman	4
window	4
why	4
whence	4
whatever	4
welcome	4
wavelets	4
wakes	4
view	4
victory	4
upward	4
unto	4
twas	4
turned	4
top	4
toll	4
toil	4
together	4
tide	4
thoughts	4
think	4
supreme	4
struggling	4
struggle	4
stretched	4
strength	4
storm	4
stones	4
step	4
state	4
springs	4
south	4
sorrow	4
something	4
small	4
slumber	4
sings	4
should	4
ship	4
shines	4
shed	4
shade	4
september	4
sense	4
sand	4
river	4
rippling	4
realm	4
ray	4
rain	4
profound	4
prairie	4
poppies	4
pleasure	4
pass	4
part	4
open	4
onward	4
october	4
narrow	4
nantucket	4
names	4
mountains	4
motion	4
measure	4
marked	4
mark	4
made	4
loved	4
line	4
length	4
leave	4
leaf	4
knew	4
kept	4
june	4
join	4
j	4
itself	4
hundred	4
holy	4
has	4
hands	4
guide	4
grief	4
golden	4
gather	4
gate	4
flowers	4
floats	4
flame	4
fitful	4
fill	4
fight	4
fears	4
fast	4
faith	4
entranced	4
else	4
egypt	4
earthly	4
dull	4
due	4
drear	4
divinely	4
course	4
country	4
content	4
clad	4
city	4
cities	4
circling	4
cincinnati	4
cheer	4
ceaseless	4
brief	4
born	4
bore	4
blood	4
bent	4
bend	4
bare	4
bar	4
around	4
arms	4
arm	4
anthony	4
always	4
alike	4
against	4
across	4
abide	4
!"	4
|arabic3digit|	3
your	3
young	3
you	3
wrought	3
wonder	3
won	3
woke	3
wish	3
wing	3
windmill	3
wierd	3
whether	3
wheel	3
westward	3
weight	3
war	3
voiceless	3
used	3
untold	3
until	3
unseen	3
try	3
truth	3
trembling	3
treasure	3
tread	3
trace	3
town	3
tops	3
tongue	3
tolls	3
told	3
thunder	3
throng	3
thousand	3
those	3
tenderness	3
sweeps	3
surprise	3
sung	3
sudden	3
strikes	3
strike	3
strife	3
streets	3
street	3
streams	3
stream	3
store	3
stood	3
stalwart	3
spreads	3
spreading	3
spare	3
space	3
songs	3
solemn	3
sod	3
slowly	3
slave	3
shows	3
shout	3
shone	3
shirt	3
shining	3
shelving	3
serener	3
seems	3
score	3
sands	3
same	3
sail	3
saddened	3
sacred	3
rythmic	3
run	3
rocks	3
rock	3
rising	3
ring	3
rich	3
respond	3
renown	3
relief	3
reigns	3
reason	3
reach	3
ran	3
raised	3
race	3
quiet	3
put	3
proudly	3
proud	3
procession	3
possessed	3
poor	3
pebbly	3
passed	3
pall	3
ones	3
oars	3
nought	3
note	3
north	3
neath	3
murmuring	3
moan	3
meadows	3
maniac	3
main	3
madly	3
lullaby	3
lot	3
longings	3
listen	3
list	3
lips	3
lights	3
landscape	3
ladies	3
kinship	3
keeps	3
jubilant	3
journey	3
jesus	3
inward	3
immortal	3
ill	3
husband	3
hung	3
hopes	3
heights	3
heavy	3
heavenly	3
heat	3
haze	3
guest	3
grown	3
grew	3
going	3
glorious	3
glimmering	3
gives	3
given	3
gift	3
gently	3
gazed	3
funeral	3
four	3
forgot	3
forever	3
forest	3
fly	3
flows	3
flower	3
flow	3
flit	3
fled	3
fix	3
fires	3
fire	3
finds	3
filled	3
fierce	3
father	3
fame	3
fain	3
fades	3
faces	3
eyed	3
evermore	3
even	3
ere	3
end	3
embrace	3
eighty	3
east	3
earlier	3
each	3
drowned	3
dressed	3
dreary	3
distance	3
dew	3
deeper	3
decay	3
dare	3
daily	3
curving	3
cry	3
cross	3
crescent	3
constant	3
cleopatra	3
claim	3
christ	3
child	3
celestial	3
cease	3
caesar	3
busy	3
broken	3
brighter	3
branches	3
bones	3
boat	3
bloomed	3
bloom	3
birth	3
between	3
best	3
beauteous	3
base	3
art	3
answer	3
along	3
alloy	3
after	3
|romannumeral|	2
zone	2
zest	2
zephyr	2
york	2
writ	2
wraps	2
worm	2
work	2
word	2
wood	2
wishing	2
wings	2
wilt	2
wider	2
wideness	2
whom	2
whither	2
whisper	2
wheels	2
western	2
ween	2
web	2
wear	2
wealth	2
ways	2
waving	2
watchman	2
warmer	2
wand	2
wan	2
walked	2
voyage	2
visions	2
verses	2
verdure	2
verdant	2
vanished	2
valleys	2
valley	2
vale	2
va	2
upturned	2
uplifted	2
unknown	2
unite	2
unfit	2
undying	2
twilight	2
trust	2
trunks	2
troubled	2
triumph	2
tribute	2
tree	2
transparent	2
track	2
tone	2
tides	2
throbbing	2
thrills	2
three	2
thread	2
thousands	2
thirst	2
thief	2
tear	2
taken	2
sympathy	2
swings	2
swing	2
swift	2
swell	2
sweep	2
sway	2
surround	2
summits	2
subtle	2
sublime	2
struck	2
stronger	2
stroke	2
strive	2
stretch	2
streamlet	2
strangely	2
story	2
stillness	2
stay	2
st	2
spot	2
spirits	2
sparkling	2
southern	2
sounds	2
sought	2
sore	2
sons	2
softer	2
snow	2
sleeps	2
sits	2
sister	2
sinks	2
sinking	2
since	2
silver	2
sides	2
showed	2
shouting	2
shores	2
sheltered	2
shelter	2
shared	2
shame	2
shadowy	2
shaded	2
setting	2
sends	2
seek	2
scattered	2
saviour	2
save	2
sake	2
sainted	2
running	2
rude	2
rough	2
roar	2
reverie	2
reveals	2
returning	2
retreat	2
rests	2
restful	2
resplendent	2
reign	2
red	2
record	2
rears	2
real	2
rays	2
ravished	2
rapture	2
raise	2
r	2
quivering	2
quickly	2
psalm	2
prone	2
promise	2
present	2
pours	2
pour	2
placed	2
pierce	2
perpetual	2
pen	2
patient	2
pathway	2
pastures	2
paradise	2
pair	2
pace	2
outward	2
outstretched	2
orb	2
oft	2
octavia	2
oar	2
northwest	2
northward	2
northern	2
noisy	2
noise	2
noble	2
nilus	2
nile	2
newborn	2
muse	2
murmurs	2
mount	2
motionless	2
mortal	2
mood	2
mock	2
mirth	2
mirrored	2
mind	2
miller	2
mighty	2
met	2
memories	2
mast	2
majesty	2
maiden	2
magic	2
lytle	2
luray	2
lower	2
loveliness	2
lovelier	2
loud	2
looked	2
live	2
lit	2
lines	2
lifted	2
leaves	2
lean	2
law	2
large	2
landscapes	2
lands	2
laid	2
labour	2
kiss	2
king	2
just	2
joys	2
joyous	2
joined	2
isles	2
island	2
invites	2
indeed	2
impress	2
image	2
illume	2
hushed	2
hum	2
house	2
honour	2
holds	2
hide	2
hearts	2
haunts	2
haste	2
hast	2
hark	2
happy	2
hail	2
guests	2
grows	2
grinding	2
grim	2
greener	2
grave	2
grass	2
grandly	2
grain	2
gods	2
glows	2
gloomy	2
gloom	2
glittering	2
gleam	2
general	2
gazing	2
gay	2
gathers	2
gathering	2
gathered	2
gates	2
gainst	2
friendship	2
fraught	2
fragrance	2
forward	2
forget	2
forests	2
fondly	2
foeman	2
foe	2
flowing	2
flood	2
floating	2
float	2
flesh	2
flee	2
flash	2
fit	2
fills	2
fed	2
february	2
favouring	2
fathers	2
fatal	2
farewell	2
fancies	2
famous	2
falls	2
faithful	2
faded	2
fade	2
exultant	2
express	2
everywhere	2
eve	2
europe	2
eternity	2
entwine	2
ends	2
endless	2
encircling	2
enchanted	2
emblem	2
ecstasy	2
eastward	2
earthborn	2
eager	2
dreaming	2
drawn	2
dost	2
door	2
doomed	2
divine	2
diamond	2
despair	2
desire	2
depths	2
dawning	2
dawn	2
dash	2
darksome	2
darkened	2
dance	2
curtain	2
cried	2
creep	2
count	2
cottage	2
complete	2
companionship	2
combine	2
colours	2
clothed	2
closing	2
clang	2
charming	2
charmed	2
changeful	2
chain	2
celebrate	2
catch	2
caress	2
careless	2
canst	2
burning	2
buried	2
build	2
brow	2
brooklet	2
bringing	2
brilliant	2
brightness	2
breathe	2
breaking	2
bravely	2
brain	2
boy	2
bowed	2
bone	2
bodies	2
blossoms	2
blissful	2
blind	2
bless	2
blent	2
blending	2
bitter	2
birds	2
bird	2
bids	2
bid	2
better	2
being	2
behold	2
behind	2
begins	2
bees	2
been	2
beautiful	2
beaten	2
beat	2
beams	2
banquet	2
bank	2
awhile	2
awake	2
ask	2
arching	2
angel	2
anew	2
alternate	2
aloft	2
almost	2
ajar	2
aid	2
aflame	2
absent	2
abroad	2
abound	2
?"	2
1st	2
zenith	1
zeal	1
youthful	1
you'd	1
yore	1
yielding	1
ye	1
yards	1
wrote	1
wronged	1
wrong	1
written	1
wrecked	1
wreath	1
wrapped	1
wrap	1
worthington	1
worth	1
worn	1
works	1
working	1
wooded	1
wonders	1
wonderland	1
woes	1
wm	1
wits	1
witness	1
witching	1
witchery	1
wit	1
wintery	1
winning	1
wine	1
win	1
willing	1
wilderness	1
wilder	1
wiih	1
wield	1
widowed	1
whitecaps	1
whispers	1
whispering	1
whirls	1
whirled	1
wherever	1
wheat	1
westering	1
wert	1
went	1
weeps	1
weave	1
weariness	1
weariest	1
weapon	1
wean	1
weakening	1
we'll	1
wayfarer	1
watery	1
watching	1
wash	1
warmly	1
warbling	1
warbles	1
warble	1
wanders	1
wandered	1
wakening	1
wakeful	1
waked	1
waive	1
waiting	1
waited	1
wail	1
w	1
visit	1
virtue	1
vines	1
vine	1
victor	1
vibration	1
veteran	1
vesture	1
vestments	1
verse	1
ventures	1
venture	1
venomed	1
veins	1
veil	1
vast	1
varying	1
vary	1
varlets	1
varletry	1
various	1
vales	1
vainly	1
vague	1
vagary	1
vagaries	1
v/e	1
useless	1
ursa	1
uprising	1
uphold	1
unyielding	1
unwavering	1
unveil	1
unvarnished	1
unutterably	1
untried	1
untaught	1
unsurpassed	1
unstinted	1
unruffled	1
unrest	1
unnoticed	1
unlike	1
unfriendly	1
unfold	1
unexplored	1
unexpectedly	1
uneasy	1
undulations	1
under	1
uncounted	1
unconscious	1
unconquerable	1
unconfined	1
unclean	1
uncertain	1
unbroken	1
unbidden	1
twinkling	1
twine	1
twain	1
turning	1
tuneful	1
tumultuous	1
tumult	1
troth	1
tropics	1
trod	1
triumvir	1
triumver	1
triumphs	1
triumphing	1
triple	1
tremulous	1
treads	1
travellers	1
trailing	1
traced	1
towering	1
tower	1
tournament	1
tourists	1
touching	1
touched	1
tossing	1
toss	1
tortuous	1
torrid	1
torrents	1
too	1
tomorrow	1
toils	1
toiling	1
today	1
titania	1
tired	1
tiny	1
tint	1
times	1
timbers	1
tilled	1
tiffin	1
thyself	1
thrust	1
throws	1
thrown	1
throngs	1
thrones	1
throes	1
throb	1
thrilled	1
threw	1
threescore	1
thin	1
thickening	1
themselves	1
thanksgiving	1
terrestial	1
tender	1
tend	1
ten	1
tempest	1
telling	1
taught	1
tattoo	1
taste	1
tangled	1
talking	1
talked	1
tales	1
syllable	1
swore	1
swim	1
swept	1
sweltering	1
swelling	1
sweetly	1
sweeter	1
sweeten	1
sweeping	1
sustains	1
surrounds	1
surges	1
surf	1
surest	1
surcease	1
sunlight	1
sulphur	1
suggested	1
suffused	1
suffering	1
successive	1
subtlety	1
subsequently	1
sublimely	1
style	1
stygian	1
stumps	1
struggles	1
strow	1
strongly	1
striving	1
strives	1
strings	1
stricken	1
strew	1
stretches	1
straining	1
strain	1
straight	1
storms	1
stormed	1
stored	1
stopped	1
stop	1
stone	1
stolen	1
stirred	1
stint	1
stills	1
stilled	1
stifles	1
stern	1
steps	1
stems	1
stem	1
steeps	1
steals	1
steady	1
steadfast	1
stays	1
staying	1
statutes	1
station	1
start	1
stark	1
stalagmite	1
stalactite	1
stained	1
spurs	1
spun	1
springing	1
spouse	1
spoil	1
splendours	1
spite	1
spit	1
spellbound	1
speeds	1
speeding	1
speechless	1
sped	1
spectres	1
spectral	1
special	1
speak	1
sparkle	1
spared	1
spanned	1
span	1
sovereign	1
southward	1
source	1
sort	1
sorrows	1
sorceress	1
soothing	1
soothe	1
sooth	1
somnus	1
somewhat	1
somehow	1
soiled	1
softness	1
sobs	1
snowy	1
smoother	1
smart	1
slower	1
slopes	1
slights	1
slight	1
sleeping	1
slanting	1
slakes	1
slake	1
skirts	1
skilful	1
size	1
sitting	1
sites	1
sisters	1
sirens	1
sins	1
single	1
singing	1
silvery	1
silks	1
signs	1
sick	1
shrub	1
shroud	1
shrill	1
shrieked	1
showers	1
shouts	1
shot	1
shortly	1
shoots	1
shivering	1
ships	1
shimmering	1
sheet	1
sheds	1
sheaves	1
she'll	1
sharp	1
shares	1
shape	1
shallow	1
shakespeare	1
shakes	1
shadow	1
sever	1
seventeenth	1
seventeen	1
seven	1
servile	1
seraph	1
separated	1
sent	1
send	1
senate	1
self	1
seething	1
seers	1
seeing	1
seed	1
secrets	1
secret	1
second	1
seaweed	1
seat	1
seaside	1
seal	1
scriptures	1
scorn	1
scope	1
scioto	1
scheming	1
scarred	1
scared	1
scarcely	1
scarce	1
scant	1
scale	1
says	1
saved	1
sat	1
sash	1
sapphire	1
sank	1
salute	1
saints	1
saintly	1
sails	1
sailors	1
sailing	1
safe	1
rusty	1
rushed	1
rush	1
runs	1
rung	1
rule	1
ruins	1
royal	1
roused	1
rosemoor	1
roots	1
roman	1
rolled	1
rocky	1
robs	1
robe	1
roars	1
roadway	1
rivulet	1
riverlet	1
rippled	1
ripple	1
riot	1
rill	1
rifles	1
ridge	1
rickety	1
richly	1
riches	1
ribs	1
rhymed	1
rhine	1
revolve	1
review	1
returned	1
retrospect	1
restless	1
response	1
responds	1
resists	1
resign	1
requiem	1
replied	1
replace	1
repeated	1
repeat	1
repaired	1
repair	1
rend	1
remuneration	1
remorse	1
remembrance	1
remembered	1
remember	1
remain	1
relentless	1
rejoices	1
reject	1
reigned	1
regret	1
regard	1
regal	1
regain	1
refreshed	1
reflection	1
reflecteth	1
reflected	1
refined	1
reefs	1
redeemer	1
reconciled	1
recompense	1
recollection	1
recluse	1
reclining	1
reckless	1
recalls	1
reared	1
realms	1
reality	1
reading	1
rather	1
rainbow	1
rabble	1
quivers	1
quicker	1
quickens	1
question	1
queenly	1
quaffing	1
puzzle	1
puts	1
pursue	1
purple	1
purity	1
purer	1
pulses	1
published	1
public	1
propitious	1
prophets	1
proper	1
prompt	1
prolongs	1
prolongation	1
profoundly	1
proclaims	1
proceedeth	1
priv'lege	1
pride	1
prevail	1
pressing	1
presence	1
prepared	1
precious	1
praised	1
power	1
poverty	1
possession	1
portend	1
ponderous	1
polluted	1
polished	1
policies	1
polar	1
points	1
poets	1
pockets	1
po	1
plutonian	1
pluto	1
plumage	1
plough	1
plenty	1
plenteously	1
pleiades	1
pledge	1
plebeian	1
pleasures	1
pleasing	1
pleasant	1
plays	1
plato	1
planted	1
plans	1
placid	1
pity	1
pioneers	1
pinion	1
pine	1
pillowed	1
pillow	1
pier	1
piece	1
picturesque	1
pictures	1
picked	1
phosphorescent	1
phoenicia	1
peter	1
perturbation	1
persuasion	1
perish	1
perhaps	1
perfect	1
perchance	1
peoples	1
peopled	1
people	1
penetrate	1
pendulum	1
pellucid	1
pebbled	1
peacefully	1
paul	1
patriot	1
paths	1
pathfinders	1
pathetic	1
passion	1
passing	1
passes	1
parting	1
parthenon	1
parted	1
park	1
parent	1
papers	1
pang	1
pane	1
palm	1
paler	1
paled	1
palace	1
paint	1
pains	1
painless	1
pages	1
page	1
owner	1
owned	1
outstretching	1
outspread	1
outside	1
outlined	1
ours	1
osiris	1
ordinary	1
order	1
opposing	1
opened	1
opal	1
omniscient	1
octavius	1
occasion	1
obtain	1
obstructs	1
obstruct	1
obscures	1
objects	1
oaths	1
oarsmen	1
oak	1
o'erwhelmed	1
nox	1
november	1
nothing	1
noontide	1
nook	1
noiseless	1
nightly	1
next	1
nevada	1
neither	1
neighbours	1
neighbouring	1
neighbour	1
need	1
neck	1
nearer	1
native	1
nations	1
nation	1
mysterious	1
murmur	1
multitud'nous	1
much	1
moves	1
movement	1
moved	1
mouth	1
mounts	1
mound	1
mould	1
motions	1
most	1
morpheus	1
moonlit	1
moonlight	1
moonbeams	1
moment	1
mohican	1
modesty	1
modern	1
moaning	1
mix	1
mists	1
mission	1
miss	1
minstrelsy	1
ministry	1
minions	1
mingled	1
minds	1
mills	1
milky	1
mile	1
mildly	1
midnight	1
middle	1
methinks	1
messenger	1
message	1
merry	1
mere	1
mercy	1
merchants	1
melodious	1
melodies	1
mellow	1
melancholy	1
meets	1
meanwhile	1
meant	1
meanness	1
meandering	1
mean	1
meagerly	1
mcdonald	1
mcc	1
mcarthur	1
maze	1
maturer	1
matron	1
matin	1
matched	1
master	1
massie	1
masses	1
massanutten	1
marshy	1
mars	1
marring	1
married	1
margin	1
marching	1
march	1
marathon	1
mantle	1
mansion	1
manhood	1
making	1
makes	1
major	1
majestic	1
maine	1
maggiore	1
mad	1
m.d	1
lustrous	1
lustrious	1
lure	1
lull	1
luck	1
loyal	1
lowered	1
loves	1
lovers	1
lover	1
lovely	1
loveliest	1
louder	1
losses	1
loss	1
losing	1
lore	1
looms	1
longing	1
longer	1
lonely	1
loneliness	1
loftiest	1
loftier	1
lofcl	1
lodged	1
lock	1
load	1
ll	1
living	1
listening	1
lion	1
link	1
lingers	1
lingering	1
linger	1
limpid	1
lightsome	1
lightnings	1
lightning	1
lightly	1
lids	1
liberty	1
lethargies	1
lessons	1
lesson	1
lessened	1
lengthened	1
lends	1
legitimate	1
legions	1
led	1
learn	1
leaps	1
leap	1
leaning	1
leaned	1
leaflets	1
lea	1
lazy	1
lays	1
lawyers	1
lawyer	1
laws	1
lavished	1
laurel	1
laughs	1
laughing	1
lark	1
languor	1
languish	1
lament	1
lambs	1
lambent	1
lady	1
laden	1
labyrinth	1
knows	1
known	1
klondyke	1
kinnebunkport	1
kings	1
kingdom	1
kindred	1
kindly	1
kindle	1
kind	1
kills	1
key	1
ken	1
keepeth	1
keen	1
k	1
jumped	1
judges	1
joyful	1
jolly	1
jewels	1
jewelled	1
january	1
jagged	1
italy	1
it's	1
ist	1
issued	1
isle	1
islands	1
isis	1
ironbound	1
invite	1
intimations	1
intent	1
intelligence	1
insulting	1
inspire	1
inspiration	1
innocence	1
inn	1
influence	1
indulge	1
indite	1
indissolubly	1
indian	1
india	1
index	1
incur	1
inarticulate	1
impulse	1
imprint	1
impressed	1
impatiently	1
impalpable	1
imagination	1
illusions	1
illumes	1
illumed	1
illness	1
idly	1
i9ol	1
i've	1
hush	1
hurled	1
hunger	1
humour	1
humbly	1
hues	1
hue	1
hsping	1
howling	1
howl	1
howhng	1
however	1
household	1
hours	1
hotel	1
hot	1
host	1
horrors	1
horrid	1
horned	1
horn	1
hordes	1
hoping	1
hoof	1
homeward	1
homes	1
hoarser	1
hoarding	1
hly	1
hither	1
hisses	1
hiss	1
himself	1
highest	1
hiding	1
hides	1
hid	1
hey	1
heroic	1
heroes	1
herbage	1
hence	1
hemlock	1
helm	1
heavenward	1
heavens	1
hearing	1
health	1
heads	1
headlands	1
he'd	1
hawthorn	1
haunt	1
haughty	1
hate	1
hastening	1
harvest	1
harrold	1
harm	1
hard	1
haply	1
hap	1
hang	1
handed	1
hamlet	1
halo	1
halls	1
hallowed	1
hairs	1
hair	1
h	1
guiding	1
guards	1
guard	1
growth	1
groves	1
groups	1
grotesque	1
groans	1
groan	1
grist	1
grind	1
grieve	1
greenness	1
greece	1
greatest	1
grateful	1
grasses	1
grasping	1
grandeur	1
grand	1
gracious	1
graced	1
gorgeous	1
goodbye	1
goes	1
glorify	1
gliding	1
glee	1
gleams	1
gleaming	1
glared	1
gladsome	1
gladness	1
glade	1
giving	1
gifts	1
georgia	1
george	1
gentlest	1
geneva	1
gems	1
gem	1
gazers	1
garnishing	1
garnish	1
garner	1
garment	1
garish	1
gardens	1
garden	1
galleys	1
galley	1
gallant	1
gall	1
gale	1
gains	1
gained	1
gain	1
future	1
fuss	1
fury	1
furthest	1
furious	1
fulfil	1
fruited	1
fruitage	1
fruit	1
frowns	1
frowning	1
frown	1
frost	1
front	1
frightful	1
fright	1
friendly	1
fretted	1
fresh	1
frenzy	1
freed	1
frame	1
fought	1
fortunes	1
fortune	1
forthwith	1
formed	1
forgetting	1
forevermore	1
foretaste	1
foreground	1
foregoing	1
force	1
foolish	1
following	1
follow	1
foliage	1
folds	1
fold	1
foaming	1
flying	1
floors	1
flock	1
flew	1
flecked	1
flaw	1
flat	1
flashes	1
flashed	1
fixed	1
fish	1
firmly	1
finley	1
fiercely	1
few	1
fetters	1
fettered	1
fetch	1
festooned	1
fertile	1
ferns	1
fern	1
felt	1
fellowship	1
felled	1
fell	1
feels	1
feb	1
feature	1
fearless	1
fearing	1
fearful	1
feared	1
fear	1
favourite	1
faults	1
fates	1
faster	1
fascination	1
farness	1
farm	1
familiar	1
famed	1
falleth	1
falernian	1
falchion	1
fairies	1
fairer	1
fail	1
facile	1
faced	1
fabrics	1
fabric	1
eyelids	1
exulting	1
extends	1
extend	1
exposed	1
expectant	1
expectancy	1
expanse	1
expand	1
excuse	1
evil	1
eventide	1
ethiope	1
escorted	1
errand	1
equal	1
episode	1
entrance	1
entitled	1
enthroned	1
enshrouding	1
enough	1
enhance	1
enfolds	1
enfold	1
ending	1
ended	1
endeavour	1
encounter	1
emotion	1
emigration	1
embracing	1
embossed	1
embarked	1
elysian	1
elm	1
electric	1
elder	1
egyptian	1
eflfaced	1
effulgent	1
eden	1
eddys	1
ebbs	1
ease	1
earliest	1
eagles	1
dwelled	1
duty	1
duties	1
dust	1
durst	1
dumb	1
dulled	1
drunken	1
drunk	1
drums	1
drum	1
drowsy	1
dropped	1
drooping	1
droop	1
drivel	1
drive	1
dripping	1
drifts	1
dress	1
dreamy	1
dreamland	1
dreamed	1
draws	1
draw	1
drank	1
drainage	1
dowry	1
doubt	1
double	1
don't	1
dome	1
dole	1
dogwood	1
dizzy	1
disturbs	1
disturbance	1
distress	1
distinct	1
dissolves	1
display	1
dispersed	1
disdainful	1
disdain	1
discipline	1
disappears	1
dirge	1
dips	1
din	1
dimly	1
dimes	1
dies	1
died	1
didst	1
dian	1
dewey	1
devout	1
devotion	1
devilish	1
destiny	1
desolation	1
desolate	1
designed	1
design	1
deserted	1
depth	1
denuded	1
delicious	1
deftly	1
defiance	1
deer	1
deeply	1
deepens	1
deem	1
deed	1
declines	1
deceiving	1
deathless	1
dearest	1
deaf	1
dazed	1
dawns	1
date	1
dashes	1
darkest	1
darker	1
darkening	1
darken	1
danube	1
dancing	1
dame	1
dainty	1
cyprus	1
custom	1
curves	1
curtained	1
cunningly	1
cssar	1
cruel	1
crowns	1
crimson	1
crew	1
crests	1
cresses	1
creighton	1
crave	1
crags	1
crafty	1
covers	1
courts	1
courtesy	1
courage	1
counsel	1
costume	1
cost	1
corner	1
corn	1
core	1
cordial	1
cord	1
coral	1
copies	1
cool	1
consume	1
constellations	1
conspires	1
conspired	1
considered	1
conquering	1
confusion	1
conceive	1
conceals	1
compelled	1
compass	1
compare	1
companion	1
como	1
commingled	1
commercial	1
commands	1
commander	1
comfort	1
coloured	1
coffin	1
coelosyria	1
coast	1
clung	1
clothe	1
cloth	1
closed	1
clod	1
climbed	1
clearer	1
cleansed	1
clay	1
classic	1
clasping	1
clasp	1
clarion	1
circle	1
circhng	1
christmas	1
choose	1
choicest	1
choice	1
childe	1
cheerless	1
cheeks	1
cheek	1
chasm	1
charmian	1
chant	1
changes	1
changed	1
chanced	1
chance	1
chamber	1
centuring	1
centre	1
cedar	1
ceased	1
caves	1
cavern	1
caused	1
caught	1
catching	1
castles	1
castle	1
cassar	1
carlcing	1
carking	1
caresses	1
captive	1
capped	1
cape	1
cannot	1
can't	1
calmly	1
calls	1
callow	1
calling	1
cabins	1
byrd	1
busiest	1
burst	1
burn	1
bud	1
bryant	1
brush	1
brunswick	1
brotherhood	1
brother	1
brooklets	1
broke	1
broader	1
broad	1
brittania	1
bridegroom	1
bride	1
breathless	1
breathing	1
breath	1
breaks	1
breakers	1
breadth	1
brazen	1
braving	1
brave	1
boyhood	1
bow	1
bounds	1
boundeth	1
bottoms	1
bothered	1
boon	1
boldy	1
blushes	1
blows	1
blowing	1
blithe	1
blessings	1
bleached	1
blazing	1
blaze	1
blast	1
blanched	1
black	1
bishop	1
birthday	1
binds	1
bier	1
bides	1
bide	1
betwixt	1
betide	1
bestows	1
bestow	1
bespeak	1
besides	1
beside	1
bendeth	1
bemoans	1
belt	1
beings	1
begun	1
befits	1
befell	1
bedight	1
bedecks	1
bedeck	1
beckoning	1
because	1
beating	1
bears	1
bearing	1
bearers	1
beam	1
beacon	1
battleship	1
battlefield	1
battle	1
bathe	1
batde	1
bask	1
basin	1
bars	1
barrier	1
barren	1
bark	1
bards	1
banners	1
banks	1
balm	1
bade	1
axe	1
awoke	1
await	1
autumnal	1
autumn	1
australia	1
augurs	1
attitude	1
atlantic	1
athwart	1
astonished	1
assures	1
assured	1
asserts	1
assail	1
aspirations	1
aspic	1
asked	1
aside	1
asia	1
ascending	1
ascend	1
arundel	1
arrival	1
arrayed	1
array	1
arose	1
arches	1
appearance	1
appear	1
apart	1
apace	1
any	1
anxious	1
anticipation	1
answers	1
answered	1
anne	1
angry	1
angels	1
andes	1
anchored	1
ampler	1
ample	1
ambitions	1
altars	1
alpine	1
alleghenies	1
alert	1
albion	1
alarm	1
airs	1
agony	1
ago	1
aglow	1
agitation	1
agfh	1
ages	1
agamenticus	1
afric	1
adventurous	1
advance	1
adorning	1
adoration	1
add	1
actium	1
accustomed	1
accursed	1
accept	1
abysmal	1
absence	1
abiding	1
abates	1
9th	1
7th	1
6th	1
3rd	1
1^	1
..,	1
.''"	1
-	1
)"	1
("	1
")	1
