,	2221
the	1489
.	1202
and	871
to	702
in	483
;	445
of	401
their	383
|'s|	330
his	327
a	317
with	256
on	203
each	166
for	163
that	155
all	150
they	145
from	134
slavery	128
but	128
'	128
at	121
by	114
is	106
freedom	97
be	91
as	90
who	86
over	84
our	84
or	84
will	77
he	77
no	76
her	76
are	75
man	70
"	69
not	67
nor	66
was	63
|arabic2digit|	62
men	62
so	61
land	61
them	60
own	60
every	60
now	59
where	56
slave	55
true	54
when	53
slaves	53
those	52
there	52
vile	51
while	50
we	49
then	48
?	48
power	47
were	46
this	46
t	45
such	45
race	45
one	44
must	44
him	44
!	43
god	41
through	40
negroes	40
disgrace	40
more	39
free	39
proud	38
once	38
your	37
people	37
would	36
what	36
let	36
bold	36
thus	35
great	35
can	35
well	34
right	34
might	33
manhood	33
state	32
high	32
still	31
stand	31
negro	31
plains	30
may	30
home	30
gain	30
fearful	30
deep	30
you	29
yet	29
should	29
out	29
name	29
i	29
how	29
have	29
foul	29
fair	29
ever	29
wild	28
which	28
truth	28
some	28
nation	28
(	28
soon	27
master	27
like	27
if	27
hand	27
had	27
could	27
shame	26
see	26
place	26
just	26
do	26
section	25
ruler	25
earth	25
day	25
)	25
upon	24
these	24
never	24
nature	24
eyes	24
down	24
too	23
themselves	23
fear	23
schemes	22
long	22
hold	22
found	22
face	22
deeds	22
cause	22
blood	22
|romannumeral|	21
way	21
vain	21
than	21
shall	21
noble	21
native	21
it	21
gold	21
friends	21
though	20
saw	20
night	20
my	20
crimes	20
church	20
christian	20
away	20
against	20
strife	19
scheme	19
rule	19
eye	19
war	18
thy	18
take	18
stood	18
old	18
laws	18
haughty	18
full	18
fearless	18
both	18
time	17
ship	17
rose	17
priest	17
pride	17
plain	17
peace	17
kind	17
himself	17
good	17
dark	17
country	17
chains	17
beelzebub	17
an	17
again	17
world	16
white	16
trade	16
righteous	16
powerful	16
north	16
nations	16
length	16
holy	16
death	16
blacks	16
whole	15
voice	15
us	15
strength	15
sons	15
quickly	15
new	15
life	15
honour	15
grief	15
foe	15
fall	15
brave	15
yankees	14
vengeance	14
up	14
s	14
resolved	14
prove	14
preachers	14
poor	14
oppression	14
many	14
mammon	14
made	14
into	14
honest	14
happy	14
hands	14
give	14
foes	14
firm	14
find	14
even	14
dread	14
children	14
belial	14
arise	14
yankee	13
thousands	13
sweet	13
sad	13
rights	13
quick	13
poem	13
make	13
lust	13
lands	13
half	13
grown	13
go	13
far	13
did	13
crush	13
crew	13
congress	13
britannia	13
bound	13
band	13
back	13
wisdom	12
virtuous	12
tyrant	12
turn	12
southern	12
silent	12
shore	12
secure	12
reigns	12
re	12
proudly	12
plan	12
other	12
move	12
most	12
meet	12
martial	12
manly	12
love	12
little	12
least	12
lay	12
humanity	12
hell	12
heart	12
hear	12
head	12
has	12
friend	12
foreign	12
few	12
done	12
darkness	12
cruel	12
course	12
bring	12
arose	12
—	11
years	11
western	11
warrior	11
victim	11
until	11
traitors	11
strong	11
star	11
spirit	11
south	11
souls	11
show	11
rise	11
rest	11
reason	11
pleads	11
northern	11
none	11
mother	11
mind	11
low	11
loud	11
leader	11
keep	11
horror	11
here	11
hearts	11
ground	11
glory	11
gave	11
forth	11
drunken	11
destruction	11
despise	11
democracy	11
deed	11
crafty	11
chained	11
calm	11
broad	11
black	11
bill	11
anxious	11
afric	11
wise	10
wicked	10
tribes	10
trembling	10
treacherous	10
throughout	10
thou	10
statesmen	10
slaveholders	10
sight	10
set	10
seek	10
scenes	10
roam	10
rich	10
ready	10
prey	10
please	10
plead	10
passions	10
passing	10
light	10
liberty	10
learn	10
last	10
influence	10
horrid	10
hopes	10
held	10
gained	10
food	10
fell	10
fail	10
doughfaced	10
despair	10
conscience	10
come	10
call	10
britons	10
bright	10
birth	10
battle	10
bacchus	10
amongst	10
tyrants	9
traitor	9
told	9
toil	9
till	9
sure	9
stain	9
sound	9
smile	9
servants	9
seized	9
seen	9
scene	9
raised	9
pure	9
prize	9
prevail	9
prepare	9
powers	9
passed	9
off	9
numbers	9
mountain	9
loudly	9
lords	9
laid	9
freemen	9
force	9
first	9
fight	9
fame	9
faced	9
dreams	9
doomed	9
dire	9
dared	9
claim	9
chair	9
chain	9
cease	9
cautious	9
brought	9
born	9
board	9
better	9
been	9
another	9
yield	8
work	8
within	8
warm	8
vilest	8
view	8
ve	8
unite	8
try	8
tongue	8
th	8
stern	8
states	8
soul	8
sought	8
sore	8
son	8
sold	8
soil	8
skin	8
sin	8
side	8
shores	8
she	8
say	8
revenge	8
repose	8
red	8
rank	8
raise	8
prepared	8
prayers	8
masters	8
its	8
hours	8
hour	8
host	8
hills	8
heard	8
hall	8
fruits	8
fire	8
felt	8
feel	8
feeble	8
evil	8
eloquence	8
democratic	8
debate	8
coloured	8
cold	8
cheerful	8
car	8
bosom	8
blow	8
bleeding	8
before	8
avarice	8
attend	8
appears	8
angels	8
agree	8
abuse	8
|arabic1digit|	7
zeal	7
wrath	7
whose	7
whether	7
virtue	7
victory	7
victims	7
use	7
times	7
tell	7
teach	7
taught	7
surprise	7
supply	7
supplied	7
subject	7
stroke	7
standard	7
speak	7
small	7
slavehounds	7
share	7
send	7
seize	7
says	7
safe	7
rushed	7
rum	7
rolled	7
richest	7
ranks	7
put	7
proclaim	7
pretence	7
prayer	7
pope	7
point	7
perhaps	7
patriot	7
path	7
pass	7
party	7
owns	7
mission	7
minions	7
met	7
makes	7
luxury	7
lost	7
led	7
league	7
leads	7
lead	7
law	7
justice	7
joyful	7
join	7
ignorance	7
human	7
hot	7
homes	7
heed	7
golden	7
gainst	7
fury	7
friendly	7
freely	7
foremost	7
feast	7
equal	7
e	7
drive	7
degraded	7
decree	7
days	7
dastard	7
dare	7
d	7
cruelty	7
crime	7
council	7
care	7
called	7
buy	7
broils	7
brethren	7
bought	7
best	7
becomes	7
aside	7
apoem	7
africa	7
y	6
wrongs	6
wretched	6
worth	6
without	6
westward	6
turned	6
traffic	6
track	6
tool	6
toils	6
thrilling	6
things	6
thing	6
taste	6
task	6
squadrons	6
spirits	6
showed	6
secured	6
rules	6
relief	6
public	6
proclaimed	6
praise	6
pleased	6
open	6
ocean	6
obey	6
nought	6
murder	6
moves	6
morning	6
market	6
majesty	6
lustful	6
lordly	6
lawful	6
know	6
knife	6
kept	6
indeed	6
ill	6
harm	6
guilty	6
glee	6
future	6
furious	6
foeman	6
floating	6
flew	6
fled	6
field	6
fertile	6
fears	6
false	6
faint	6
engage	6
duty	6
dutchman	6
doughface	6
dignity	6
demagogues	6
defiance	6
cross	6
courage	6
content	6
compelled	6
comfort	6
coast	6
club	6
clear	6
christians	6
choose	6
choice	6
chieftain	6
champions	6
castilia	6
cash	6
came	6
business	6
brother	6
brilliant	6
breath	6
bloodshed	6
become	6
banner	6
art	6
arms	6
any	6
above	6
:	6
young	5
words	5
won	5
wife	5
wide	5
whip	5
unless	5
unfold	5
twenty	5
turns	5
traders	5
took	5
throne	5
thirst	5
terror	5
tears	5
sway	5
success	5
strains	5
stormy	5
step	5
stay	5
speed	5
sparkling	5
snare	5
sleeping	5
sleep	5
sink	5
silver	5
sighs	5
sigh	5
shows	5
shouts	5
service	5
sends	5
senate	5
seas	5
scorn	5
scarce	5
save	5
said	5
rulers	5
rudely	5
roused	5
rough	5
rolls	5
rolling	5
rising	5
remain	5
quiet	5
quailed	5
proved	5
protect	5
prince	5
priests	5
presidential	5
preach	5
potent	5
plenty	5
pious	5
peaceful	5
nerved	5
neighbour	5
misery	5
mines	5
mighty	5
midnight	5
members	5
main	5
m	5
lower	5
looks	5
look	5
lofty	5
less	5
leaders	5
lash	5
king	5
joined	5
isle	5
innocence	5
indignant	5
idle	5
hung	5
honoured	5
highest	5
heroes	5
heads	5
grow	5
groan	5
gains	5
fruitful	5
firmly	5
fires	5
fierce	5
feared	5
fathers	5
fate	5
fatal	5
fallen	5
europe	5
ere	5
election	5
drew	5
domains	5
doings	5
doctrine	5
dismal	5
direful	5
dim	5
devils	5
democrats	5
delightful	5
delight	5
degree	5
curse	5
cry	5
crushed	5
craft	5
court	5
control	5
confusion	5
confined	5
compromise	5
comes	5
close	5
chivalry	5
chief	5
chance	5
case	5
carry	5
carnage	5
captive	5
calmly	5
broke	5
britain	5
boys	5
boasting	5
boast	5
bishop	5
because	5
beast	5
bag	5
awhile	5
assert	5
ashamed	5
appear	5
ambition	5
air	5
afraid	5
affray	5
afar	5
adultery	5
|arabic5+digit|	4
yoke	4
wrong	4
wretches	4
worldly	4
word	4
women	4
wine	4
why	4
west	4
wept	4
went	4
wear	4
weak	4
watching	4
wait	4
vote	4
voluptuous	4
void	4
very	4
valleys	4
unmoved	4
unfurled	4
under	4
trusty	4
triumphant	4
triumph	4
trembled	4
treasures	4
torn	4
tide	4
thrown	4
threw	4
think	4
thence	4
temptation	4
tear	4
sweat	4
sustain	4
sun	4
subjects	4
storm	4
stolen	4
sterling	4
steal	4
stands	4
sport	4
solemn	4
sneaking	4
slept	4
slaveholder	4
slain	4
sinks	4
silence	4
shape	4
serene	4
sense	4
sell	4
seeing	4
secret	4
seat	4
scourge	4
scale	4
saxon	4
sat	4
safety	4
sadly	4
rush	4
run	4
rowdies	4
rocks	4
reward	4
retreat	4
republic	4
reign	4
rear	4
proffered	4
private	4
practised	4
pledged	4
pierce	4
parties	4
part	4
pale	4
ourselves	4
onward	4
ones	4
nod	4
nobly	4
neither	4
muse	4
mountains	4
mortal	4
moral	4
minds	4
mild	4
mental	4
mansion	4
maidens	4
lurid	4
lord	4
looked	4
loco	4
line	4
lest	4
lend	4
leave	4
learned	4
leagued	4
lays	4
labour	4
knowing	4
knaves	4
keen	4
intrigue	4
interfere	4
intent	4
imparts	4
hushed	4
husband	4
hurried	4
hurled	4
hope	4
holds	4
hill	4
henceforth	4
heinous	4
hearing	4
health	4
headlong	4
hatred	4
haste	4
harmony	4
groans	4
greet	4
grant	4
goes	4
glorious	4
gambria	4
galling	4
gallant	4
fugitive	4
freeborn	4
fought	4
forever	4
fly	4
flock	4
flesh	4
fit	4
fill	4
fiery	4
fields	4
female	4
fearlessly	4
fain	4
extends	4
esteem	4
enterprise	4
england	4
ease	4
earthly	4
ears	4
dwelled	4
dwell	4
driven	4
drink	4
doughfaces	4
does	4
distress	4
display	4
disobey	4
dismay	4
dig	4
die	4
designed	4
demand	4
deluded	4
defence	4
defeat	4
deepest	4
declared	4
decides	4
decide	4
deadly	4
daring	4
dares	4
crown	4
counsels	4
cost	4
consent	4
condemn	4
coming	4
colonies	4
clan	4
city	4
carnal	4
brutes	4
breeze	4
breast	4
brain	4
boldly	4
boasted	4
blooming	4
bloody	4
blissful	4
blessed	4
betwixt	4
bent	4
beneath	4
below	4
belongs	4
beauty	4
beasts	4
bear	4
approach	4
alike	4
alas	4
aged	4
adorn	4
across	4
accursed	4
|arabic4digit|	3
yon	3
ye	3
wiser	3
wiles	3
widely	3
whisper	3
wherever	3
weeping	3
weep	3
wearied	3
wave	3
watched	3
walked	3
walk	3
votes	3
vision	3
venture	3
vast	3
urging	3
upright	3
uphold	3
unsparing	3
unnumbered	3
union	3
unheeded	3
unfolds	3
trust	3
truly	3
tried	3
tremble	3
trees	3
treat	3
trash	3
train	3
trader	3
towering	3
tis	3
throw	3
throng	3
three	3
thousand	3
thought	3
therefore	3
tempting	3
tempt	3
taylor	3
tamely	3
tale	3
takes	3
supreme	3
supplies	3
superior	3
summer	3
sudden	3
sublime	3
stuff	3
stubborn	3
struggle	3
strike	3
strange	3
stores	3
sternly	3
steals	3
stars	3
standing	3
spoke	3
spoils	3
sphere	3
speculation	3
sovereign	3
source	3
sounds	3
song	3
sober	3
sly	3
slowly	3
slaughter	3
sire	3
since	3
sighing	3
sick	3
short	3
shook	3
shone	3
shines	3
shine	3
shades	3
settle	3
serve	3
serenely	3
senators	3
sells	3
sees	3
seduced	3
securely	3
screams	3
scores	3
savage	3
sake	3
sacrifice	3
ruthless	3
ruled	3
ruin	3
royal	3
roll	3
rod	3
riches	3
returned	3
return	3
resolve	3
repent	3
renown	3
religion	3
reflection	3
reared	3
ray	3
raging	3
quit	3
question	3
puny	3
proves	3
prostrate	3
proper	3
project	3
profound	3
profit	3
procured	3
proclaiming	3
priestcraft	3
price	3
prevailed	3
pressed	3
presides	3
preacher	3
pray	3
post	3
points	3
plunder	3
pleasures	3
plants	3
plans	3
piteous	3
past	3
passer	3
panting	3
paltry	3
pains	3
p	3
others	3
order	3
oppressed	3
oft	3
obedience	3
nothing	3
northward	3
noblest	3
nigh	3
nerve	3
names	3
mute	3
multiplied	3
mothers	3
monsters	3
mockery	3
mischief	3
midst	3
mexico	3
mere	3
mercy	3
menial	3
measures	3
meanwhile	3
means	3
marriage	3
mark	3
mankind	3
manage	3
malice	3
majestic	3
lucifer	3
lovely	3
lot	3
lose	3
loose	3
longing	3
lonely	3
loathsome	3
lives	3
live	3
likewise	3
lightning	3
lies	3
lie	3
left	3
lawn	3
laughter	3
laugh	3
large	3
knew	3
knee	3
kindness	3
kindly	3
joy	3
jealous	3
invades	3
insult	3
instructions	3
instantly	3
infant	3
infamy	3
indignation	3
impending	3
image	3
household	3
horrors	3
hireling	3
heroic	3
hero	3
hence	3
help	3
hellborn	3
height	3
heaven	3
heathen	3
heat	3
hayti	3
harsh	3
harmless	3
hard	3
halls	3
guilt	3
guarding	3
guard	3
grows	3
growling	3
grim	3
grave	3
gratitude	3
grandeur	3
goodly	3
gone	3
gloating	3
glittering	3
glass	3
gives	3
get	3
gay	3
garments	3
further	3
fulfil	3
frenchmen	3
freeman	3
form	3
flowery	3
fired	3
fine	3
fetters	3
feasting	3
fearing	3
faithful	3
extended	3
excitement	3
exalt	3
error	3
epithets	3
enough	3
enjoy	3
enact	3
either	3
ear	3
dutch	3
drudgery	3
drove	3
dreamed	3
dream	3
dragged	3
door	3
distant	3
disease	3
difference	3
died	3
devoid	3
despised	3
desire	3
demon	3
deceived	3
debates	3
dawn	3
darker	3
darkened	3
dangers	3
danger	3
danced	3
crowd	3
cries	3
cowardly	3
cool	3
convention	3
conqueror	3
colour	3
claimed	3
child	3
cheers	3
cheering	3
chattel	3
cast	3
captors	3
captives	3
capitol	3
can't	3
calls	3
buyers	3
burst	3
burned	3
burn	3
brutal	3
briton	3
briny	3
brings	3
brief	3
bread	3
bravely	3
brandy	3
boston	3
bondage	3
bloodstained	3
bless	3
blame	3
bid	3
beyond	3
between	3
behold	3
beheld	3
battles	3
battled	3
bargain	3
bands	3
bad	3
backbone	3
axe	3
awful	3
avenging	3
attention	3
assembled	3
array	3
argument	3
argued	3
angry	3
ample	3
amidst	3
although	3
alone	3
allowed	3
alarm	3
agreed	3
age	3
affright	3
advocates	3
advantage	3
add	3
abolition	3
abode	3
.)	3
youths	2
youth	2
yorktown	2
yonder	2
yielding	2
yielded	2
yankeedom	2
wreak	2
worthy	2
worn	2
worldling	2
works	2
woe	2
withdrawn	2
wit	2
wishes	2
wished	2
wisely	2
winter	2
wing	2
win	2
wily	2
willing	2
wildest	2
wilderness	2
wilberforce	2
wickedness	2
whites	2
whips	2
whig	2
welkin	2
weary	2
wealth	2
waters	2
watch	2
wary	2
wars	2
warning	2
warms	2
warmer	2
want	2
waits	2
waged	2
wage	2
volunteers	2
virginia	2
vicious	2
veto	2
vanished	2
valley	2
utter	2
used	2
urges	2
urge	2
upward	2
upheld	2
untold	2
unrighteous	2
unquenched	2
unknown	2
unites	2
united	2
unholy	2
unbounded	2
tyrannic	2
two	2
troubles	2
troubled	2
triumphs	2
triumphed	2
trinkets	2
trifling	2
tricks	2
trice	2
treats	2
treated	2
treachery	2
town	2
toilsome	2
toiled	2
today	2
title	2
thyself	2
thundering	2
thundered	2
thunder	2
thumbscrews	2
throws	2
thirty	2
thief	2
theme	2
thee	2
thanks	2
term	2
ten	2
temptations	2
temperate	2
tedious	2
taxes	2
tarnished	2
talk	2
talent	2
taking	2
taken	2
table	2
swords	2
swearing	2
swaggering	2
sustained	2
survived	2
surely	2
superstition	2
sunk	2
sufficient	2
sufferings	2
suffer	2
successful	2
succeed	2
subtle	2
style	2
struggling	2
struck	2
stronger	2
stripes	2
strikes	2
strictly	2
streams	2
streaming	2
straight	2
store	2
stop	2
stole	2
stamp	2
stake	2
springs	2
spread	2
spite	2
spent	2
speaker	2
spark	2
spanish	2
spade	2
sown	2
southward	2
sounding	2
sorrowing	2
songs	2
soldiers	2
softly	2
smiled	2
sluggish	2
slip	2
sleeve	2
sleeps	2
sleepers	2
slaver	2
slavepower	2
sky	2
skill	2
sitting	2
sits	2
sit	2
single	2
sing	2
sincere	2
sign	2
sighed	2
sickness	2
sickly	2
sickening	2
shrubs	2
shown	2
shoutings	2
shout	2
shoulder	2
ships	2
shipping	2
shipped	2
shipboard	2
sheer	2
sheep	2
shed	2
sharp	2
shamefully	2
shade	2
sex	2
settlements	2
settled	2
sent	2
senator	2
seizes	2
seeks	2
seated	2
sea	2
scornful	2
score	2
scarcely	2
scan	2
scamps	2
satan	2
sanctimonious	2
same	2
sale	2
sails	2
safely	2
sacred	2
rural	2
runs	2
rung	2
ruffians	2
rude	2
rouse	2
round	2
rob	2
road	2
risk	2
ripe	2
rightful	2
ride	2
rewards	2
reverend	2
restored	2
respect	2
resort	2
resistance	2
resist	2
report	2
repast	2
renounce	2
remove	2
remonstrances	2
remonstrance	2
relent	2
rejoicing	2
refuse	2
refulgent	2
reflections	2
refined	2
reds	2
recompense	2
received	2
rebuke	2
reasoning	2
rashness	2
raptured	2
rampant	2
raises	2
radiance	2
r	2
puts	2
push	2
purchase	2
punishment	2
pulls	2
prowl	2
proverb	2
protects	2
propose	2
projects	2
proclaims	2
prime	2
presume	2
prepares	2
precious	2
prayed	2
pours	2
pour	2
posts	2
port	2
poll	2
poisonous	2
plunged	2
playful	2
played	2
play	2
plant	2
plague	2
pined	2
pilgrims	2
phalanx	2
pew	2
perfect	2
perceive	2
peering	2
pealing	2
peacock	2
pay	2
passage	2
parent	2
palsied	2
orders	2
oppressors	2
oppose	2
opinion	2
omens	2
oflf	2
offers	2
oblivion	2
object	2
number	2
noise	2
newborn	2
neo	2
neighbours	2
need	2
natives	2
naked	2
mutual	2
murmur	2
murderous	2
mounts	2
mount	2
mortals	2
morn	2
moon	2
montezuma	2
money	2
monarch	2
molest	2
modest	2
moan	2
miss	2
mirth	2
merry	2
melting	2
meets	2
meeting	2
meekly	2
matter	2
mass	2
marched	2
manfully	2
managed	2
magic	2
maddening	2
luxurious	2
lucre	2
lucky	2
loved	2
longer	2
lolling	2
logic	2
load	2
lo	2
lists	2
listening	2
listen	2
liquor	2
lier	2
legislate	2
laughing	2
language	2
laborious	2
knows	2
known	2
kings	2
kidnapping	2
keeps	2
keeping	2
kansas	2
joys	2
joyous	2
joke	2
isles	2
island	2
iron	2
invested	2
introduced	2
intoxication	2
insurrection	2
institution	2
inspire	2
injured	2
infernal	2
indulging	2
indulge	2
indolence	2
indifference	2
independence	2
increase	2
ills	2
ignorant	2
hypocrites	2
huzzahs	2
hunting	2
humbly	2
however	2
hovered	2
house	2
hoary	2
hispania	2
hints	2
highly	2
higher	2
hideous	2
hide	2
herself	2
herds	2
hellish	2
heavy	2
hears	2
hearkened	2
happiest	2
hang	2
guide	2
groves	2
green	2
greater	2
gratified	2
grasping	2
grasp	2
grandsire	2
grand	2
graceful	2
government	2
got	2
gods	2
glut	2
glad	2
given	2
giant	2
gentle	2
gazelle	2
gaze	2
gaudy	2
gatherings	2
gathering	2
friendship	2
fresh	2
frenchman	2
freed	2
frame	2
fourth	2
fortune	2
forms	2
fold	2
flowering	2
flower	2
flow	2
flocks	2
flatters	2
flattering	2
fixed	2
finds	2
finding	2
final	2
filthy	2
fillmore	2
filled	2
fifths	2
ferried	2
fellows	2
feelings	2
fatherland	2
father	2
fast	2
farm	2
falls	2
fairest	2
faculties	2
eyed	2
exulting	2
extensive	2
extending	2
exposed	2
expose	2
expert	2
experience	2
exist	2
exert	2
evils	2
europa	2
eternal	2
escaped	2
escape	2
envy	2
envied	2
enslave	2
ensconced	2
enraptured	2
enlightened	2
engaged	2
enfeebled	2
endure	2
end	2
embattled	2
efforts	2
eden	2
eat	2
easy	2
earnest	2
dye	2
dust	2
dungeon	2
dumb	2
drop	2
dreaming	2
drawing	2
dragon	2
doubt	2
dost	2
dormant	2
domain	2
dollars	2
divide	2
disturb	2
dissensions	2
displayed	2
disgraced	2
discussions	2
discerns	2
discerning	2
disappear	2
dinah	2
devise	2
descends	2
depth	2
deprive	2
demons	2
delights	2
degrees	2
degrade	2
defend	2
deeper	2
deems	2
deemed	2
decision	2
deceit	2
dealt	2
deals	2
dealing	2
deal	2
dead	2
dawns	2
darkest	2
dale	2
daily	2
cut	2
curtain	2
curious	2
cultivate	2
cruelties	2
crowned	2
crouching	2
crescent	2
creed	2
craves	2
councils	2
controls	2
contested	2
constitution	2
consider	2
conquering	2
conquered	2
conquer	2
congenial	2
confine	2
conferences	2
condition	2
condemns	2
condemned	2
conclave	2
conceal	2
comrades	2
compel	2
compassion	2
company	2
commit	2
commencement	2
command	2
comforts	2
collected	2
clothed	2
clique	2
clime	2
clarkson	2
claiming	2
cities	2
chooses	2
chieftains	2
cheer	2
cheek	2
check	2
charm	2
charging	2
changed	2
change	2
centre	2
caught	2
catholics	2
catholic	2
carried	2
capture	2
captain	2
canvas	2
canting	2
cannot	2
candidates	2
camp	2
calms	2
california	2
cainan	2
bygone	2
bursting	2
burning	2
bullying	2
bully	2
build	2
brow	2
brood	2
breathless	2
break	2
boy	2
bows	2
bore	2
boisterous	2
body	2
boats	2
blush	2
blows	2
blossom	2
blinded	2
blind	2
blessings	2
blessing	2
biped	2
bidding	2
beware	2
beverage	2
beset	2
bemoan	2
believed	2
believe	2
beholds	2
beauteous	2
bears	2
bay	2
bathe	2
base	2
bait	2
backed	2
bacchanalian	2
await	2
auction	2
ate	2
assistance	2
asleep	2
ask	2
arrived	2
arrayed	2
arranged	2
arm	2
arguments	2
approves	2
apply	2
applies	2
applied	2
appeals	2
appeal	2
ap0em	2
amply	2
among	2
amid	2
america	2
ambush	2
amazed	2
also	2
along	2
almost	2
alarmed	2
aid	2
ahead	2
agreement	2
agitation	2
aghast	2
ages	2
after	2
affrighted	2
adventurous	2
admitted	2
adjourn	2
address	2
act	2
about	2
able	2
abhorred	2
."	2
',	2
}'	1
zebra	1
zealous	1
yourselves	1
yourself	1
youngsters	1
yore	1
yii	1
yields	1
yells	1
yain	1
xxyi	1
xxy	1
xlmong	1
xiy	1
wtiile	1
wrung	1
wrons	1
writhe	1
writ	1
wretchedly	1
wretch	1
wounded	1
worst	1
worse	1
worldlings	1
working	1
woolly	1
wool	1
woods	1
wood	1
wonders	1
wondering	1
wonder	1
wolves	1
wives	1
withering	1
witching	1
witchcraft	1
wistful	1
wishing	1
wishful	1
wish	1
wires	1
wipe	1
winters	1
wink	1
wings	1
winds	1
willingly	1
wile	1
wilds	1
wield	1
wi'ath	1
wi	1
whom	1
wholly	1
wholesale	1
whitens	1
whit	1
whispers	1
whiskey	1
whining	1
whines	1
whine	1
whiggery	1
whence	1
whee	1
wesleyan	1
weltering	1
welter	1
welcomed	1
welcome	1
weighty	1
weeps	1
weather	1
weapon	1
weal	1
weakness	1
wbo	1
wayward	1
ways	1
waves	1
watered	1
watchword	1
watchman	1
watchful	1
washed	1
warriors	1
warmed	1
warfare	1
warble	1
wants	1
wandering	1
wanderer	1
walls	1
wallced	1
wall	1
wakeful	1
waiting	1
waited	1
waft	1
voyage	1
vows	1
vowed	1
vocal	1
vital	1
vista	1
visions	1
visage	1
virtues	1
virgins	1
villainy	1
villain	1
village	1
vigour	1
vigorous	1
views	1
vied	1
vice	1
vexed	1
veteran	1
vessels	1
vernal	1
veriest	1
verdure	1
veiled	1
veil	1
vegetation	1
vasty	1
varied	1
value	1
valiant	1
vales	1
vagabonds	1
useless	1
urged	1
upriglit	1
uplifted	1
unyielding	1
unused	1
untruths	1
untried	1
untouched	1
untaught	1
unsatisfied	1
unrufjied	1
unrestrained	1
unrequited	1
unrelenting	1
unrebuked	1
unprotected	1
unprepared	1
unpopular	1
unmolested	1
unmindful	1
unmelted	1
unkind	1
unjust	1
unity	1
unheed	1
unheard	1
unflinching	1
unfeeling	1
unfading	1
unearthly	1
undo	1
undisturbed	1
undismayed	1
undertake	1
underground	1
undefiled	1
undaunted	1
unclear	1
unchecked	1
unborn	1
umbling	1
tyranny	1
twixt	1
twilight	1
twas	1
twaddling	1
twaddlers	1
tumultuous	1
tug	1
trying	1
truths	1
trumpet	1
trump	1
truest	1
trouble	1
troth	1
tropic	1
triumphing	1
trifles	1
trifle	1
trials	1
trial	1
tree	1
treasure	1
treason	1
treaclierous	1
traveller	1
trasli	1
transgressor	1
transgress	1
trample	1
traitorous	1
traitorism	1
trafficked	1
tradition	1
trackless	1
toys	1
touched	1
tortures	1
torpor	1
torment	1
tools	1
tones	1
tone	1
together	1
tnie	1
tlbese	1
tjnheeds	1
titles	1
tired	1
tips	1
tinctured	1
timid	1
tigers	1
tides	1
thwart	1
thunders	1
thunderbolts	1
thu	1
thrust	1
throwing	1
throbbing	1
throats	1
thrillin*>	1
thrill	1
threats	1
thorn	1
thirst}^	1
thine	1
thieves	1
thick	1
they'll	1
they'd	1
theu	1
theory	1
theii	1
tflscuss	1
texas	1
testify	1
terrific	1
tempters	1
tempter	1
temporary	1
tells	1
teeth	1
tbrougliout	1
taxed	1
tawdry	1
tauntingly	1
tasted	1
tarlton	1
tail	1
system	1
sympathy	1
sylvan	1
sworn	1
sword	1
swindle	1
swells	1
swelling	1
swell	1
sweetly	1
sweep	1
swarms	1
swamps	1
sustenance	1
suspicious	1
suspected	1
surveys	1
surround	1
surfeiting	1
supremely	1
suppose	1
supported	1
support	1
sung	1
suljject	1
suits	1
suit	1
suflter	1
suffrage	1
suffi*age	1
suffering	1
sues	1
successor	1
successive	1
succeeds	1
succeeded	1
substantial	1
submitted	1
submit	1
submissive	1
submission	1
sublimest	1
subdued	1
su	1
studs	1
strutting	1
struggles	1
strown	1
strongly	1
strolling	1
strilve	1
strides	1
stride	1
strict	1
stricken	1
stretch	1
streets	1
streamlets	1
stream	1
streak	1
strayed	1
straw	1
strain	1
straightway	1
storms	1
stopped	1
stoop	1
stone	1
stock	1
stirring	1
stipulated	1
stint	1
stillness	1
sticking	1
sternest	1
steps	1
steep	1
steel	1
stealthy	1
stealthily	1
stealth	1
stealing	1
steadfast	1
statutes	1
statute	1
stature	1
stations	1
statesman	1
statemen	1
stately	1
starved	1
stare	1
standards	1
stalwart	1
stalks	1
stained	1
staff	1
stabbed	1
squall	1
squadron	1
spurns	1
spurned	1
spurn	1
spreads	1
spreading	1
spot	1
sports	1
sporting	1
spontaneous	1
spoil	1
splendour	1
splendid	1
spilled	1
speeds	1
speechless	1
speech	1
specially	1
special	1
spears	1
spartan	1
spared	1
spare	1
spaniard	1
spake	1
spain	1
space	1
sovereignty	1
southeni	1
soundly	1
sort	1
sorrows	1
sorrow	1
soothed	1
soot	1
sooner	1
songsters	1
something	1
solitary	1
solemnly	1
solemnised	1
soldier	1
soft	1
sobbing	1
soared	1
snug	1
sneering	1
sneered	1
sneaks	1
sneaked	1
sneak	1
snatched	1
smooth	1
smites	1
smite	1
smiling	1
smiles	1
smell	1
sm	1
slyly	1
slunk	1
slumbers	1
slow	1
slippery	1
slighted	1
slight	1
slie	1
slayery	1
slay	1
slaveuyjapoem	1
slavetrading	1
slaveocracy	1
slaveiit	1
slavehound	1
slavedom	1
slaughtering	1
slanders	1
skirts	1
skilful	1
skies	1
sketch	1
sizes	1
sisters	1
sister	1
sirocco	1
sir	1
sio'ht	1
sins	1
sings	1
sinful	1
simms	1
silenced	1
signs	1
signal	1
sides	1
sideboard	1
shy	1
shuddered	1
shrink	1
shrewdly	1
shouldered	1
shot	1
shorn	1
shock	1
shining	1
sharon	1
shared	1
shapes	1
shameless	1
shameful	1
shamed	1
shakes	1
shake	1
severely	1
severe	1
settler	1
session	1
servitude	1
servile	1
served	1
servant	1
serfs	1
sensual	1
sellers	1
selected	1
select	1
seldom	1
seizure	1
seems	1
seeking	1
sedate	1
sectionx	1
sectionviii	1
secreted	1
seats	1
sealed	1
seal	1
scum	1
scriptures	1
scream	1
scratched	1
scornfully	1
sciences	1
science	1
school	1
sceptre	1
scent	1
scattered	1
scars	1
scanty	1
scantily	1
scans	1
scamp	1
sc[uadrons	1
saviour	1
satisfy	1
satisfied	1
satanic	1
sands	1
sanctioned	1
salvation	1
salutes	1
salute	1
sainted	1
sailor	1
sages	1
sagely	1
sage	1
safest	1
safeguards	1
sadness	1
saddenino	1
sacrifices	1
sabbath	1
rushing	1
running	1
ruling	1
rulership	1
rufiian	1
ruffianism	1
ruffian	1
rubbish	1
rousing	1
rouses	1
rosy	1
roil	1
rogues	1
roes	1
rode	1
rock	1
robust	1
robes	1
roamed	1
rivers	1
rite	1
risino	1
rings	1
rills	1
rightly	1
rightfully	1
righteousness	1
rife	1
rid	1
richly	1
ri	1
rewarded	1
revolution	1
revolting	1
reversed	1
reverently	1
reverberates	1
revelries	1
returns	1
retui	1
retrospective	1
retiring	1
retires	1
result	1
rests	1
restores	1
resources	1
resounded	1
resolves	1
resolution	1
resigned	1
resign	1
reside	1
rescue	1
requires	1
repugnance	1
reprobate	1
represent	1
replies	1
replied	1
replete	1
repents	1
repeat	1
repeal	1
repair	1
rendition	1
rendezvous	1
render	1
removing	1
removed	1
remotest	1
remiss	1
remedy	1
remark	1
remained	1
rejoice	1
reigned	1
regions	1
region	1
regard	1
regal	1
regained	1
regain	1
refreshment	1
refreshing	1
reflect	1
reduced	1
redemption	1
recreant	1
recounts	1
reckless	1
receiver	1
receive	1
rebounding	1
reasoned	1
reaping	1
realms	1
realm	1
reality	1
real	1
readily	1
read	1
reach	1
raven	1
rattle	1
rather	1
rates	1
rate	1
rashly	1
rapture	1
rapidly	1
rapid	1
ranking	1
random	1
ran	1
rally	1
rags	1
rage	1
radiant	1
rabble	1
rabbi	1
quoting	1
quite	1
quicker	1
questions	1
queen	1
quaternion	1
quaked	1
quail	1
quaffs	1
quadruped	1
puzzled	1
putting	1
pushes	1
pushed	1
pursuing	1
purse	1
puritans	1
puritanic	1
purge	1
purchasers	1
purchased	1
pull	1
puling	1
published	1
publish	1
prudent	1
prowling	1
prowess	1
proving	1
provinces	1
provides	1
provide	1
protestants	1
protestant	1
protector	1
protection	1
protecting	1
protected	1
prospects	1
prospective	1
proportion	1
prophetic	1
property	1
proof	1
promptly	1
prompt	1
promises	1
promised	1
promiscuous	1
profusion	1
proflfers	1
proflfered	1
professors	1
professions	1
produce	1
procures	1
procure	1
process	1
proceedings	1
proceed	1
privilege	1
prise	1
prior	1
principles	1
priestly	1
priesthood	1
prevails	1
pretending	1
pretend	1
pretences	1
present	1
presence	1
preparing	1
prejudice	1
preferred	1
predominate	1
precocious	1
precincts	1
preaching	1
preached	1
prays	1
prattling	1
pranks	1
practice	1
powerless	1
pouring	1
poured	1
pounce	1
potations	1
posture	1
possession	1
possess	1
portrays	1
portrayed	1
portly	1
portentous	1
population	1
popish	1
ponderous	1
pomp	1
polnp	1
polls	1
pocket	1
ply	1
plunge	1
plumes	1
pluck	1
plots	1
plot	1
plied	1
plentiful	1
pleasure	1
pleasing	1
pleasant	1
pleading	1
pleaded	1
plea	1
plaudits	1
platform	1
placed	1
pitying	1
pity	1
pitied	1
piracy	1
pinned	1
pinioned	1
pills	1
pillaged	1
pilgrimage	1
pilgrim	1
piety	1
physicians	1
phase	1
petitions	1
petition	1
pervert	1
persuasive	1
persuasion	1
persuade	1
personal	1
perseverance	1
persecution	1
persecute	1
perpetual	1
perpetrators	1
perpetrated	1
permit	1
period	1
perilled	1
peril	1
perfumes	1
perform	1
perfidy	1
perched	1
percha	1
peopling	1
pelting	1
peep	1
peddling	1
peddles	1
pebbles	1
peals	1
pays	1
patronise	1
patriots	1
patriotism	1
patriotic	1
patriarch	1
patient	1
patience	1
pathway	1
pates	1
pastures	1
pastime	1
passive	1
passion	1
partnership	1
parting	1
parted	1
partakes	1
partakers	1
parliament	1
parents	1
paradise	1
par	1
pandemonium	1
palpitating	1
pallid	1
palate	1
paint	1
pain	1
paid	1
paddles	1
pace	1
owned	1
overgrown	1
overflows	1
outrageous	1
outnumbered	1
outdone	1
ours	1
ought	1
ordinance	1
ordered	1
orchard	1
orbed	1
oratory	1
oppress	1
opposition	1
opposing	1
opposed	1
opponents	1
openly	1
onslaught	1
omnibus	1
omened	1
olaserve	1
oie	1
often	1
oflp	1
offerings	1
offered	1
offer	1
offence	1
oe	1
odds	1
occupy	1
occasion	1
obtain	1
obscured	1
obligation	1
obeisance	1
o'erwhelmed	1
o'erpowered	1
o	1
nowhere	1
novel	1
nourishment	1
notorious	1
noted	1
note	1
nose	1
noontide	1
nook	1
nominees	1
noises	1
nodded	1
nobler	1
niggers	1
niger	1
next	1
news	1
nevermore	1
neotoes	1
negotiate	1
neglect	1
negeo	1
necks	1
neath	1
near	1
national	1
narrow	1
named	1
n	1
myself	1
mutter	1
music	1
murky	1
much	1
mover	1
movement	1
moved	1
mouth	1
mourns	1
mourned	1
mourn	1
mounted	1
mould	1
motto	1
motley	1
morals	1
monopolising	1
mongrel	1
moments	1
modesty	1
modestly	1
model	1
mocked	1
mists	1
mistresses	1
mistake	1
mist	1
missouri	1
missed	1
miserable	1
minus	1
ministers	1
mingling	1
mine	1
mimic	1
millions	1
million	1
military	1
mildly	1
milder	1
miglity	1
mid	1
mexican	1
meteor	1
message	1
merchant	1
melts	1
melodious	1
mellifluous	1
measured	1
measure	1
meanly	1
meaning	1
meanest	1
meandering	1
mean	1
me	1
maxim	1
maturer	1
matured	1
mature	1
matron	1
matrimonial	1
mate	1
massive	1
mask	1
martials	1
marshalled	1
marshal	1
markets	1
marked	1
marches	1
manual	1
manstealing	1
mandates	1
mandate	1
malignant	1
majority	1
maintain	1
madmen	1
maddened	1
mad	1
lying	1
ly	1
luxuriant	1
lusting	1
lure	1
lunatics	1
luna	1
lulled	1
luck	1
loyalty	1
loyal	1
loves	1
louder	1
losses	1
loss	1
lordship	1
lordlings	1
lording	1
looking	1
lonpj	1
lonoj	1
longed	1
locos	1
loaves	1
lively	1
list	1
liquors	1
lips	1
lion	1
lio	1
lingering	1
lines	1
limb	1
likely	1
liked	1
lightly	1
lighter	1
lightened	1
lifts	1
lifted	1
lifelong	1
licks	1
lick	1
lexington	1
level	1
lethargic	1
lent	1
lends	1
legislators	1
legions	1
leered	1
learns	1
leapt	1
leap	1
leading	1
lavish	1
laurels	1
launches	1
laughs	1
lauded	1
laud	1
later	1
landscapes	1
laden	1
lade	1
kulers	1
knowledge	1
knowest	1
knocked	1
knight	1
knave	1
kiss	1
kin	1
kentuck	1
kennels	1
keg	1
keenly	1
kanzas	1
justly	1
judgement	1
judge	1
jowl	1
journey	1
jou	1
jolly	1
jokes	1
joint	1
job	1
jmounted	1
jingling	1
jealousy	1
jealousies	1
jdatriot	1
jarring	1
j	1
ivory	1
item	1
issued	1
issue	1
irish	1
involved	1
involuntarily	1
inviting	1
invites	1
invention	1
invent	1
invalid	1
invading	1
inured	1
intrusions	1
introduction	1
interests	1
interest	1
intercede	1
intense	1
intelligence	1
intellects	1
insured	1
insure	1
insulted	1
instruct	1
inspires	1
innocents	1
inmost	1
inmates	1
inmate	1
injustice	1
iniquities	1
inhuman	1
inherit	1
informed	1
inflict	1
inflame	1
infamous	1
industrious	1
indulges	1
indulgent	1
indiiference	1
indies	1
ind	1
increasing	1
increased	1
incapable	1
inauguration	1
inaugural	1
impulse	1
improvident	1
improvements	1
improve	1
imports	1
impeach	1
impatient	1
impatience	1
impart	1
immortalised	1
immediately	1
ill-gotten	1
ignominious	1
idol	1
idea	1
hypocrite	1
hypocrisy	1
hut	1
hush	1
hurricanes	1
hurrahs	1
hurls	1
hurl	1
hunt	1
hunger	1
hundreds	1
humbled	1
humble	1
hue	1
ht	1
hosts	1
hors	1
horn	1
hordes	1
honours	1
homeward	1
homage	1
holding	1
hoitid	1
hoe	1
hit	1
history	1
hist	1
hisses	1
hilt	1
hilarity	1
hiding	1
hides	1
hidden	1
hid	1
hickory	1
hesitate	1
heritage	1
heretics	1
herbage	1
helplessness	1
helpless	1
hells	1
hellisli	1
heels	1
heedless	1
heeded	1
heaves	1
heavenly	1
hearty	1
heartsick	1
hearth	1
heap	1
heal	1
headquarters	1
headed	1
having	1
haunt	1
haughtily	1
hate	1
hatches	1
hasten	1
hast	1
hardship	1
happify	1
happier	1
happ	1
hapless	1
hans	1
handled	1
hallowed	1
hale	1
hair	1
hails	1
hail	1
gutta	1
guise	1
guinea	1
guile	1
guiding	1
guides	1
guest	1
guards	1
guardian	1
guarded	1
guaranteed	1
guarantee	1
grrounded	1
growl	1
group	1
groping	1
grope	1
grod	1
groaned	1
grive	1
grimace	1
grieved	1
griefs	1
grew	1
greetings	1
greens	1
greedy	1
greatly	1
greatest	1
gratify	1
granite	1
graces	1
grace	1
govern	1
goternment	1
gospel	1
gory	1
goods	1
goodness	1
goblets	1
goats	1
glutted	1
glows	1
glowing	1
gloom	1
glided	1
glaring	1
glances	1
gladly	1
girls	1
gird	1
gin	1
gigantic	1
gi'ieve	1
gi	1
georgia	1
gentleman	1
genius	1
generations	1
generation	1
generalissimo	1
general	1
gen	1
gazed	1
gather	1
gasping	1
gaping	1
gang	1
game	1
gambols	1
gaining	1
gag	1
furnishes	1
furnish	1
furl	1
functionary	1
fully	1
fugitives	1
fruitless	1
fruit	1
frugal	1
frozen	1
frowned	1
frown	1
frolic	1
frightened	1
friditened	1
frequent	1
frenzied	1
freno	1
freight	1
freesoil	1
fraught	1
fraud	1
franklin	1
frank	1
framed	1
fragrant	1
fragments	1
fount	1
foulest	1
fortunes	1
forsakes	1
forsaken	1
formed	1
forked	1
forests	1
forego	1
forebodings	1
forced	1
foothold	1
foolish	1
fool	1
fomenting	1
follow	1
foiled	1
foeraan	1
foce	1
foaming	1
flowers	1
floral	1
floods	1
floodgates	1
flood	1
floats	1
floated	1
flint	1
flings	1
fliithful	1
flight	1
flies	1
flee	1
flagrant	1
fixtal	1
fix	1
fitted	1
fits	1
fish	1
firmament	1
fir	1
finished	1
finger	1
filth	1
fills	1
filling	1
fiital	1
fiiin	1
fightings	1
fiends	1
fervour	1
fertilise	1
felse	1
fellowship	1
feigned	1
feet	1
fees	1
feels	1
feeding	1
feed	1
feebly	1
fee	1
fed	1
feats	1
feathered	1
feat	1
fawning	1
fawn	1
favour	1
faults	1
fat	1
faneuil	1
falsehoods	1
falling	1
faithfully	1
faith	1
fairyland	1
fairy	1
fairly	1
faintly	1
failed	1
fact	1
faces	1
fabric	1
eyo	1
exultant	1
exult	1
extol	1
extend	1
explore	1
expect	1
exit	1
existing	1
exhausted	1
exercise	1
excusable	1
exciting	1
exchanged	1
exchange	1
excejdt	1
exceed	1
example	1
examined	1
exalts	1
exalted	1
everything	1
evening	1
eve	1
eternally	1
etches	1
esteemed	1
estate	1
established	1
establish	1
essays	1
errors	1
epicurean	1
epicure	1
envious	1
entreaties	1
entrapped	1
entitled	1
enter	1
entails	1
enslaved	1
eno	1
enjoyed	1
engulf	1
engraven	1
english	1
engines	1
enforced	1
enfeatured	1
energy	1
ends	1
encroachments	1
encouragement	1
encoded	1
enchantment	1
enchanting	1
ence	1
empire	1
empierced	1
eminently	1
embrace	1
emboldened	1
emancipate	1
else	1
elevate	1
elect	1
eldorado	1
eight	1
egg	1
efiicient	1
effort	1
effect	1
eesolved	1
eepent	1
eeformatory	1
ee	1
ed	1
echoes	1
echoed	1
ebon	1
eastern	1
east	1
earnings	1
earn	1
early	1
eagle	1
eager	1
dwelling	1
dunghill	1
duly	1
dull	1
du	1
drum	1
drugs	1
drudging	1
drowned	1
dross	1
dropped	1
drooping	1
driving	1
drives	1
drivers	1
drinks	1
dressed	1
drenching	1
drenched	1
dreary	1
dreads	1
dreading	1
dreaded	1
drawn	1
doze	1
downward	1
dove	1
douglifaced	1
dougliface	1
doughftices	1
doubts	1
doubtful	1
double	1
dotted	1
dote	1
doors	1
dominion	1
domineering	1
domineer	1
domestic	1
dollar	1
doiighfaeed	1
dogs	1
dogmas	1
document	1
doctrines	1
divulo	1
division	1
divine	1
dividing	1
divided	1
divested	1
disturbed	1
distributed	1
distressed	1
distills	1
distance	1
dissipate	1
dissent	1
disregard	1
dispute	1
disperse	1
dispense	1
dispels	1
disowns	1
disown	1
diso	1
dislionored	1
dishonoured	1
disgust	1
disgraceful	1
disdaining	1
disdain	1
discuss	1
discreetly	1
discreet	1
discovery	1
discoveiy	1
discords	1
discord	1
disbanded	1
disappointment	1
dirty	1
directs	1
direction	1
direct	1
dilate	1
digress	1
diffidence	1
difficulties	1
different	1
dies	1
dictate	1
diamonds	1
di^^obey	1
dewy	1
devised	1
devil	1
determination	1
destroy	1
destiny	1
destined	1
destination	1
despotic	1
despondency	1
despoil	1
despairing	1
desires	1
desired	1
designs	1
deserters	1
desert	1
descry	1
descending	1
descended	1
descend	1
depravity	1
denounces	1
denounced	1
denounce	1
denied	1
den	1
demonstration	1
demarcation	1
demands	1
deluged	1
delivered	1
deliglitful	1
delighted	1
defying	1
defy	1
defile	1
defied	1
defenceless	1
defeats	1
defaced	1
deepening	1
dedicate	1
decrees	1
declares	1
declare	1
declaration	1
deck	1
decisive	1
decided	1
debauch	1
debased	1
dearest	1
dealers	1
deaf	1
deadliest	1
deadening	1
dazzling	1
daumiter	1
daughters	1
daughter	1
dashing	1
darling	1
dangerous	1
dancing	1
dancers	1
damper	1
damning	1
damnation	1
dai	1
custom	1
current	1
culprits	1
culprit	1
cue	1
crutch	1
crust	1
crusade	1
crumbs	1
cruelly	1
cruelize	1
crowns	1
crowds	1
crowded	1
crow	1
crossed	1
crops	1
cringing	1
cringe	1
crestfallen	1
crest	1
creep	1
creeds	1
creature	1
craftiest	1
cracking	1
coward	1
covet	1
coverts	1
covenant	1
courtly	1
courtiers	1
couple	1
counts	1
countries	1
counterbalance	1
counsel	1
corruptions	1
correct	1
cornwallis	1
corner	1
core	1
coolly	1
convey	1
converts	1
convert	1
contract	1
continue	1
contest	1
contentment	1
contention	1
contented	1
contending	1
contended	1
contemptuous	1
contempt	1
contemned	1
contact	1
consulting	1
consultation	1
constituents	1
constantly	1
consequences	1
consequence	1
conscious	1
consciences	1
conquest	1
conflicting	1
confirm	1
confess	1
confab	1
condemning	1
condemnation	1
concoct	1
concluding	1
concern	1
conceived	1
computed	1
completely	1
complete	1
complains	1
complain	1
companionship	1
companions	1
compacts	1
common-sense	1
committed	1
commits	1
commercial	1
commerce	1
commenced	1
commence	1
comfortable	1
comely	1
combined	1
combat	1
colours	1
colorphobia	1
colony	1
colloquial	1
collector	1
coils	1
coffle	1
code	1
coat	1
coarsest	1
coagt	1
clutches	1
clouds	1
closed	1
climate	1
cliance	1
clerical	1
clears	1
clearly	1
classes	1
clasped	1
clarion	1
claims	1
civilization	1
civilised	1
civil	1
circumstances	1
circumstance	1
churches	1
chosen	1
choicest	1
chivalric	1
chilly	1
childish	1
chiefs	1
chick	1
cherished	1
cherish	1
cheered	1
cheeks	1
cheat	1
cheap	1
chattels	1
chastened	1
charter	1
charms	1
charity	1
charger	1
charged	1
champion	1
celestial	1
celebrate	1
ceased	1
causing	1
caucuses	1
catching	1
castilians	1
castilian	1
castiiia	1
cases	1
cars	1
carousals	1
carolina	1
cargo	1
cares	1
careless	1
careful	1
card	1
cannon	1
canes	1
cane	1
candidate	1
candid	1
campaign	1
callous	1
calculations	1
calculate	1
cabal	1
bye	1
buzzard	1
buys	1
buyer	1
butchery	1
butchered	1
bursts	1
burns	1
burdens	1
burden	1
bunker	1
bum	1
bullies	1
built	1
buildings	1
buffet	1
bud	1
buchanan	1
brute	1
bruise	1
brows	1
brown	1
brotljer	1
brothers	1
brotherhood	1
brooding	1
brokenhearted	1
broadcast	1
brisk	1
briojht	1
brighter	1
brickbat	1
breeding	1
breathing	1
breathed	1
breathe	1
breasts	1
breaks	1
breach	1
bravest	1
braves	1
brass	1
brand	1
bragged	1
braces	1
box	1
bowers	1
bow	1
bousing	1
bourbon	1
bountifully	1
bounties	1
bounteous	1
bounds	1
boundless	1
bounding	1
bottle	1
border	1
booty	1
boon	1
bones	1
bolts	1
bogus	1
boding	1
boating	1
blustering	1
blushed	1
blue	1
bludgeon	1
bloodhounds	1
blends	1
blend	1
bleed	1
bleak	1
blast	1
blasphemy	1
blaspheme	1
blandest	1
blamed	1
bitter	1
birthplace	1
birds	1
bird	1
bills	1
biit	1
bigotry	1
bide	1
besting	1
besolve	1
besieging	1
berate	1
benefactors	1
bemoaned	1
belong	1
believers	1
belched	1
being	1
behind	1
beguile	1
begging	1
begged	1
began	1
beg	1
befell	1
beauties	1
beat	1
beason	1
beams	1
beaming	1
beamed	1
beam	1
beacon	1
bather	1
bartering	1
barter	1
bargains	1
bargained	1
baptised	1
bantling	1
banking	1
banished	1
banish	1
bamboo	1
balmy	1
balls	1
ballots	1
ballot	1
ball	1
bags	1
awbile	1
awaken	1
awake	1
awaits	1
avowed	1
avoids	1
avaricious	1
avalanche	1
available	1
authors	1
aught	1
attitude	1
attempting	1
attempt	1
atlas	1
atlantic	1
astounded	1
astonishment	1
assisted	1
assigned	1
assents	1
assent	1
assembly	1
assaults	1
assailed	1
assail	1
aspiring	1
aspersion	1
asked	1
askance	1
ashes	1
ascertain	1
ascendency	1
arts	1
arrives	1
arrest	1
arrangements	1
arrange	1
arraigns	1
arraigned	1
arouses	1
arouse	1
around	1
armed	1
arises	1
ardour	1
ardent	1
approved	1
approval	1
appointed	1
appliance	1
applause	1
appetite	1
appeared	1
appearance	1
apostrophe	1
apathy	1
antislavery	1
anticipated	1
anon	1
annoy	1
annexcation	1
angel	1
anecdote	1
ancient	1
anchor	1
ancestry	1
anarchy	1
amorous	1
americans	1
american	1
amen	1
altar	1
aloud	1
aloof	1
aloft	1
allured	1
allayed	1
allay	1
alive	1
alight	1
akin	1
aimed	1
ails	1
ago	1
agitate	1
agi	1
agents	1
agent	1
agency	1
afred	1
aflfray	1
affluence	1
affliirs	1
afflict	1
affection	1
advance	1
adulteries	1
adopted	1
adopt	1
admittance	1
admits	1
admission	1
admiration	1
adds	1
adam	1
active	1
acquiesced	1
acknowledo	1
aching	1
accord	1
accession	1
acceptance	1
accept	1
abundant	1
absurd	1
abstract	1
abroad	1
aboved	1
abound	1
abominations	1
abolished	1
abide	1
abduction	1
abated	1
abate	1
abashed	1
...	1
*'	1
'^	1
'?	1
