,	1533
the	1059
and	663
"	639
.	624
of	330
to	281
in	236
;	229
—	219
a	218
|'s|	182
!	180
i	165
his	161
with	153
that	127
on	117
from	108
her	107
|romannumeral|	101
my	98
their	94
its	92
he	89
by	79
is	78
but	77
as	68
over	67
are	65
:	63
?	62
or	60
all	60
now	59
for	58
'	55
thy	54
at	52
it	49
through	46
was	44
when	42
not	42
no	42
still	41
each	41
which	40
they	40
me	39
upon	38
some	38
she	37
up	35
yet	34
had	33
down	31
whose	30
where	30
what	30
one	30
have	30
who	28
there	28
so	28
you	27
those	27
him	27
while	26
then	26
night	26
like	26
death	26
again	26
along	25
thou	23
light	23
heart	23
has	22
nor	21
more	21
long	21
deep	21
day	21
we	20
this	20
them	19
sea	19
our	19
away	19
|arabic1digit|	18
if	18
how	18
earth	18
be	18
back	18
an	18
were	17
round	17
oh	17
love	17
life	17
go	17
come	17
why	16
passed	16
lake	16
did	16
around	16
alone	16
these	15
new	15
never	15
man	15
little	15
land	15
came	15
your	14
way	14
time	14
sun	14
shore	14
see	14
plain	14
own	14
made	14
last	14
high	14
dead	14
beneath	14
would	13
sky	13
shall	13
out	13
may	13
lost	13
know	13
heard	13
great	13
forth	13
every	13
breath	13
war	12
thought	12
tell	12
should	12
old	12
might	12
karl	12
hand	12
eyes	12
course	12
cold	12
above	12
•	11
us	11
name	11
mother	11
grave	11
god	11
fearful	11
before	11
autumn	11
air	11
!"	11
years	10
wave	10
till	10
though	10
thee	10
spring	10
spirit	10
let	10
knew	10
free	10
fate	10
fair	10
face	10
dream	10
child	10
chief	10
''	10
|arabic2digit|	9
woman	9
within	9
will	9
tis	9
than	9
sought	9
rest	9
race	9
poor	9
past	9
low	9
heaven	9
head	9
grey	9
form	9
dost	9
die	9
dawn	9
bore	9
below	9
(	9
year	8
went	8
wealth	8
vain	8
unto	8
two	8
too	8
tear	8
take	8
summer	8
southern	8
silent	8
scene	8
place	8
most	8
morning	8
mighty	8
men	8
make	8
lands	8
hopes	8
hope	8
here	8
golden	8
gloom	8
gaze	8
forms	8
far	8
dreams	8
don't	8
could	8
cannot	8
bright	8
breast	8
battle	8
art	8
arms	8
*'	8
)	8
zone	7
world	7
woe	7
waters	7
waste	7
unknown	7
turned	7
train	7
tongue	7
thus	7
sweet	7
stream	7
stars	7
sound	7
soul	7
snow	7
slow	7
skies	7
sight	7
seemed	7
scarce	7
pale	7
pain	7
other	7
net	7
near	7
lay	7
into	7
hour	7
gone	7
forever	7
foreign	7
first	7
fires	7
fields	7
fear	7
eye	7
ever	7
dying	7
door	7
dashed	7
dark	7
can	7
born	7
boat	7
beyond	7
bent	7
about	7
word	6
without	6
vast	6
valley	6
true	6
tree	6
treasures	6
towards	6
took	6
toil	6
thine	6
stay	6
star	6
shallop	6
sees	6
seas	6
saw	6
prey	6
power	6
perhaps	6
parting	6
open	6
once	6
ocean	6
o	6
move	6
main	6
left	6
leaves	6
i've	6
humble	6
human	6
hosts	6
holy	6
held	6
glow	6
give	6
france	6
flight	6
flies	6
fall	6
drear	6
does	6
distant	6
crown	6
call	6
brave	6
blood	6
between	6
bed	6
arctic	6
amid	6
am	6
ages	6
afar	6
^'	6
you've	5
wrought	5
words	5
won	5
woes	5
winter	5
winds	5
wind	5
whom	5
whole	5
well	5
warm	5
wall	5
wait	5
voice	5
very	5
upward	5
until	5
turns	5
track	5
together	5
tliat	5
tears	5
swell	5
subtle	5
strife	5
storm	5
stood	5
space	5
sore	5
sleep	5
since	5
sighs	5
sigh	5
show	5
shores	5
ships	5
ship	5
set	5
seem	5
seek	5
save	5
sad	5
run	5
river	5
ring	5
rain	5
prow	5
prize	5
pressed	5
play	5
orb	5
only	5
notes	5
note	5
northern	5
nation	5
mortal	5
mind	5
memory	5
loved	5
look	5
lips	5
line	5
limbs	5
length	5
lead	5
king	5
keep	5
idle	5
happy	5
hang	5
half	5
hair	5
greet	5
grace	5
gold	5
glory	5
glancing	5
future	5
flowers	5
flower	5
flash	5
fire	5
fell	5
feet	5
feel	5
features	5
fame	5
faith	5
eternal	5
escape	5
end	5
ears	5
dull	5
drawn	5
dim	5
dear	5
currents	5
crimson	5
corpse	5
coast	5
closed	5
close	5
change	5
chain	5
brow	5
breathed	5
boy	5
birth	5
beside	5
bear	5
bay	5
any	5
against	5
."	5
|arabic3digit|	4
zeal	4
youth	4
young	4
wore	4
wondrous	4
wings	4
wing	4
welcome	4
weary	4
water	4
vision	4
view	4
victim	4
vale	4
unseen	4
twas	4
trace	4
towering	4
told	4
throng	4
thousand	4
thoughts	4
thence	4
takes	4
tail	4
stricken	4
strength	4
stranger	4
storms	4
stores	4
sting	4
state	4
sprung	4
spread	4
spent	4
sorrows	4
sorrow	4
soil	4
soft	4
smiling	4
slowly	4
slept	4
single	4
silence	4
side	4
search	4
say	4
sat	4
sail	4
roll	4
return	4
realms	4
ray	4
ranks	4
range	4
rage	4
purpose	4
pride	4
pole	4
please	4
pinions	4
peace	4
patient	4
path	4
passions	4
parted	4
painted	4
painful	4
pace	4
order	4
oft	4
numbers	4
nature	4
native	4
must	4
moon	4
monarch	4
moment	4
mist	4
mingle	4
mid	4
meek	4
marked	4
many	4
longer	4
lies	4
laid	4
just	4
icy	4
ice	4
i'm	4
hushed	4
hundred	4
home	4
hole	4
hearts	4
hath	4
haste	4
ground	4
green	4
goes	4
glittering	4
gleams	4
gilded	4
gave	4
full	4
found	4
force	4
flying	4
flood	4
float	4
fast	4
fanned	4
falls	4
england	4
embrace	4
either	4
drooping	4
dripping	4
dreary	4
do	4
dire	4
despair	4
days	4
crushed	4
crew	4
country	4
countless	4
council	4
comes	4
charms	4
charge	4
changes	4
celestial	4
buoys	4
bring	4
breeze	4
break	4
bound	4
bloom	4
bends	4
bell	4
been	4
bark	4
bands	4
band	4
balmy	4
another	4
aloft	4
aisles	4
ah	4
agony	4
age	4
]	4
[^]	4
-	4
'^	4
yields	3
worth	3
work	3
wonders	3
wild	3
wheels	3
west	3
ways	3
waves	3
waved	3
watches	3
watch	3
walk	3
waked	3
wail	3
voices	3
vigils	3
vernal	3
utmost	3
useless	3
under	3
turn	3
tribute	3
tribes	3
trees	3
trade	3
towns	3
tossed	3
torn	3
toils	3
toiled	3
tints	3
tinted	3
times	3
tides	3
throe	3
throb	3
thrills	3
three	3
threatening	3
they'll	3
they'd	3
tern	3
tenderly	3
tender	3
teeming	3
tale	3
taken	3
sword	3
swift	3
swayed	3
such	3
struggling	3
street	3
strange	3
strand	3
stern	3
steps	3
starts	3
spoil	3
spheres	3
sons	3
song	3
son	3
sob	3
snows	3
smiles	3
smile	3
sipi	3
simple	3
sign	3
shrine	3
shifting	3
shelving	3
sheltered	3
shades	3
sense	3
seen	3
scanty	3
sands	3
rose	3
rock	3
robber	3
rite	3
rising	3
resist	3
relentless	3
regions	3
recall	3
reach	3
rays	3
ravished	3
rare	3
rank	3
raised	3
rages	3
r	3
quick	3
public	3
priest	3
presence	3
prayers	3
pray	3
praise	3
pours	3
poured	3
port	3
pomp	3
pleasant	3
planet	3
plaintive	3
placed	3
pines	3
perils	3
perchance	3
passion	3
passing	3
pass	3
pall	3
p	3
outward	3
orbs	3
ones	3
objects	3
oars	3
oar	3
novel	3
nought	3
north	3
nodding	3
nigh	3
news	3
navies	3
nations	3
n	3
moved	3
mould	3
modest	3
moan	3
misty	3
mingling	3
mine	3
mild	3
midnight	3
mes	3
mary	3
madly	3
maddening	3
mad	3
louis	3
lose	3
lone	3
lofty	3
load	3
living	3
lives	3
lit	3
link	3
linger	3
lines	3
liis	3
lier	3
led	3
leave	3
learned	3
lean	3
lays	3
launched	3
lapse	3
ko	3
known	3
kindness	3
keeps	3
joys	3
joined	3
join	3
jocund	3
jesuit	3
jealous	3
instant	3
inland	3
indian	3
impulse	3
imploring	3
ill	3
husband	3
horse	3
honour	3
hold	3
hills	3
hearth	3
hear	3
he's	3
haunts	3
haughty	3
harvests	3
hall	3
hail	3
grow	3
grope	3
grief	3
grateful	3
grasp	3
gorgeous	3
going	3
glorious	3
gloomy	3
gleaming	3
glared	3
gems	3
gay	3
gathering	3
gate	3
gain	3
frozen	3
frost	3
formed	3
forest	3
forced	3
footsteps	3
fondly	3
fond	3
fly	3
floe	3
fled	3
flame	3
flag	3
find	3
final	3
fierce	3
few	3
fertile	3
felt	3
feels	3
feeble	3
favourite	3
fatal	3
fail	3
faded	3
evermore	3
even	3
errand	3
ere	3
equal	3
emotion	3
echoes	3
early	3
ear	3
dusty	3
dreamed	3
dray	3
disease	3
discern	3
didst	3
despondent	3
depths	3
deeper	3
darkness	3
current	3
crystal	3
crowned	3
courts	3
court	3
constant	3
conquest	3
comrades	3
common	3
comet	3
claims	3
cities	3
children	3
childish	3
cherished	3
centuries	3
ceased	3
careering	3
capricious	3
calmly	3
calls	3
caldron	3
burst	3
burden	3
brought	3
brighter	3
bowed	3
bow	3
bounds	3
bosom	3
black	3
birds	3
billows	3
bier	3
best	3
beset	3
behind	3
begun	3
beauty	3
beautiful	3
beams	3
barren	3
azure	3
awoke	3
annual	3
ancient	3
among	3
already	3
airy	3
aimless	3
after	3
■	2
zenith	2
you're	2
yon	2
yirtue	2
yield	2
yenus	2
yellow	2
ye	2
ycleped	2
writhing	2
wretch	2
wreathed	2
wrath	2
wrapped	2
works	2
women	2
wo	2
wish	2
wisdom	2
wintery	2
winding	2
william	2
wilds	2
wife	2
widowed	2
widow	2
wide	2
white	2
whelm	2
wheel	2
western	2
wept	2
weak	2
watchful	2
wasting	2
wastes	2
wars	2
warriors	2
ward	2
wandering	2
wanderer	2
wan	2
walls	2
walked	2
wake	2
wain	2
wag	2
wafts	2
wafted	2
voyager	2
voyage	2
visit	2
viewless	2
vessel	2
verge	2
venom	2
vengeance	2
vales	2
vainly	2
vacant	2
urged	2
urge	2
untried	2
untold	2
unrivalled	2
universal	2
unfurled	2
unfold	2
underneath	2
uncounted	2
unchanged	2
twilight	2
truly	2
troubled	2
treasure	2
tread	2
travelled	2
trails	2
traffic	2
touched	2
tones	2
tiny	2
timid	2
tide	2
throbbing	2
think	2
they've	2
themselves	2
tenant	2
tempt	2
tearful	2
taught	2
tangled	2
tales	2
tailed	2
t	2
systems	2
suspended	2
sunset	2
sunbeams	2
summons	2
strove	2
strong	2
stroke	2
strike	2
streamlet	2
strap	2
strait	2
strain	2
straight	2
store	2
stop	2
steep	2
steed	2
steal	2
steady	2
startled	2
started	2
stare	2
stand	2
stake	2
staid	2
stages	2
squaw	2
spotless	2
sported	2
spoke	2
spell	2
speed	2
speech	2
speck	2
speaks	2
spars	2
spain	2
southwest	2
southward	2
sordid	2
soothing	2
sometimes	2
solve	2
soldier	2
softest	2
snares	2
slimy	2
slave	2
slaughter	2
sit	2
sister	2
sinks	2
sinews	2
sin	2
silver	2
silently	2
signs	2
sifting	2
sides	2
shroud	2
shrink	2
shreds	2
showers	2
shone	2
shocks	2
shining	2
shine	2
shed	2
shares	2
share	2
settled	2
send	2
self	2
seething	2
seems	2
seasons	2
season	2
sear	2
seaman	2
seal	2
school	2
scented	2
scenes	2
scan	2
saxon	2
savans	2
sand	2
same	2
saint	2
sails	2
said	2
sadness	2
s	2
rung	2
rumbling	2
rugged	2
rude	2
rowed	2
row	2
roof	2
rolls	2
rod	2
roar	2
roads	2
road	2
rival	2
rise	2
rings	2
ringing	2
rigid	2
review	2
returning	2
returned	2
retreat	2
resolves	2
replete	2
renown	2
remotest	2
remote	2
remains	2
remain	2
reluctant	2
religion	2
release	2
relax	2
reigned	2
reels	2
redemption	2
reason	2
reared	2
real	2
readied	2
rash	2
rarest	2
ran	2
raise	2
rainbows	2
radiant	2
rack	2
races	2
quivering	2
quite	2
quit	2
questioned	2
put	2
pulse	2
proud	2
proposed	2
prone	2
proem	2
prison	2
prime	2
priceless	2
prayer	2
polar	2
poised	2
poet	2
plied	2
pledged	2
plains	2
pitiless	2
pitied	2
pillow	2
pierced	2
phantoms	2
penance	2
pave	2
parts	2
pangs	2
pallid	2
paints	2
pains	2
pad	2
pack	2
overcast	2
orphan	2
orion	2
ordered	2
oil	2
often	2
off	2
occult	2
numerous	2
noon	2
nook	2
none	2
nomads	2
noiseless	2
nodded	2
nod	2
nightly	2
nets	2
nearer	2
nameless	2
mystic	2
mystery	2
mysterious	2
mute	2
murmurs	2
murmur	2
mundane	2
much	2
moving	2
mounted	2
mountain	2
mount	2
morrow	2
morn	2
mood	2
mite	2
mission	2
miser	2
minds	2
milky	2
met	2
merry	2
merely	2
mercy	2
mental	2
mend	2
memories	2
melting	2
melt	2
meet	2
measure	2
matter	2
mated	2
mast	2
massive	2
mass	2
marvels	2
martial	2
marshalled	2
mars	2
marriage	2
march	2
making	2
maintain	2
mail	2
loves	2
lots	2
lord	2
loosed	2
loose	2
loon	2
looks	2
looking	2
looked	2
lonely	2
log	2
locks	2
lock	2
lo	2
live	2
listen	2
limitless	2
lights	2
less	2
lengthened	2
leaps	2
lavish	2
laves	2
launch	2
lattice	2
late	2
larch	2
languished	2
lamps	2
knows	2
knell	2
kingdoms	2
kindred	2
kind	2
ken	2
kane	2
kael	2
judgement	2
jubilee	2
jove	2
journey	2
j	2
istature	2
islands	2
iron	2
insect	2
infant	2
ind	2
impress	2
impart	2
immortal	2
illume	2
i'd	2
husbandman	2
hunt	2
hunger	2
humankind	2
huge	2
hues	2
hover	2
houses	2
house	2
hostile	2
horrid	2
hordes	2
hoping	2
hoped	2
hoops	2
homeward	2
homes	2
hoary	2
history	2
hidden	2
hero	2
herds	2
herald	2
hell	2
heirs	2
height	2
heaving	2
heads	2
haze	2
having	2
harsh	2
harmony	2
hard	2
hands	2
haling	2
haled	2
hailed	2
gull	2
guard	2
grove	2
groove	2
grew	2
greatness	2
granite	2
grand	2
gorge	2
goods	2
good	2
glories	2
glide	2
glad	2
glacier	2
given	2
gift	2
ghost	2
ghastly	2
genial	2
gelid	2
gaul	2
gathered	2
garnered	2
gallant	2
gales	2
funeral	2
frowns	2
frosts	2
friendly	2
fresh	2
frenzy	2
frenzied	2
freight	2
franklin	2
fragments	2
fought	2
forests	2
follows	2
foiled	2
foes	2
fm	2
flows	2
flowing	2
flocks	2
floating	2
fling	2
flights	2
flashes	2
flaming	2
fitting	2
fishing	2
fish	2
firmly	2
finger	2
figure	2
fighting	2
fiends	2
feuds	2
fettered	2
feelings	2
fed	2
fears	2
feared	2
fated	2
fartherest	2
farewell	2
fancy	2
fainting	2
faint	2
fading	2
fade	2
faces	2
explorer	2
eventful	2
evening	2
eve	2
essence	2
ergo	2
envy	2
english	2
ends	2
endless	2
ended	2
emblem	2
eddying	2
eastern	2
east	2
dubious	2
drop	2
drives	2
driven	2
drifted	2
drew	2
dreadful	2
dragging	2
drag	2
doves	2
doubtless	2
double	2
doth	2
dome	2
domain	2
dizzy	2
divide	2
distorted	2
dismay	2
dismal	2
discovered	2
direful	2
devotee	2
devoted	2
devious	2
destined	2
desolated	2
desire	2
desert	2
delay	2
degrees	2
deeds	2
deck	2
decay	2
deathless	2
dearest	2
deadly	2
darling	2
damps	2
dam	2
cry	2
crowd	2
cross	2
crews	2
crest	2
creaks	2
crags	2
counts	2
counted	2
cottage	2
cope	2
continent	2
content	2
consuming	2
consult	2
conquered	2
concealed	2
compelled	2
commerce	2
coming	2
combined	2
coasted	2
clouds	2
clinging	2
cling	2
climes	2
clerks	2
clear	2
clay	2
circling	2
chill	2
chetee	2
chegoiemegon	2
cheek	2
chateaux	2
chasm	2
chase	2
charged	2
chapel	2
changing	2
chamber	2
chalice	2
cerulean	2
cell	2
castles	2
cares	2
canst	2
buzzing	2
bursting	2
burn	2
builded	2
buckle	2
broken	2
broke	2
brings	2
brightest	2
brief	2
bribe	2
breaks	2
breach	2
bravely	2
brand	2
brain	2
bottom	2
boon	2
bondage	2
bolt	2
body	2
blows	2
blow	2
blessed	2
bestowed	2
benighted	2
bend	2
being	2
behold	2
bears	2
beach	2
bays	2
barred	2
bare	2
barbarians	2
bar	2
banners	2
banner	2
banks	2
bank	2
ban	2
ball	2
awe	2
awake	2
awaits	2
aurora	2
auriga	2
asia	2
ashes	2
ascend	2
arts	2
army	2
arch	2
appeared	2
appear	2
anthem	2
anguish	2
angel	2
anew	2
andes	2
ambition	2
amaze	2
alpine	2
albion	2
alas	2
adam	2
across	2
aching	2
abroad	2
aboard	2
?"	2
*	2
'•	2
♦	1
••	1
»	1
~	1
}	1
|arabic5+digit|	1
|arabic4digit|	1
zephyrs	1
zealots	1
zc>?/<9/(2	1
youve	1
youths	1
youngest	1
youf	1
yoa	1
yishnu	1
yielded	1
yes	1
yermillion	1
yeoman	1
yawning	1
yawn	1
yast	1
yankee	1
xow	1
wtien	1
wry	1
wrung	1
writhed	1
wring	1
wretched	1
wrested	1
wrecks	1
wrecked	1
wreck	1
wrap	1
wove	1
wounds	1
wounded	1
wouldst	1
worthy	1
worlds	1
worldly	1
working	1
worker	1
wordy	1
woodland	1
wooded	1
wood	1
woo	1
wonted	1
wont	1
wonder	1
wolves	1
wolf	1
wold	1
wlien	1
wjiere	1
wives	1
witness	1
withers	1
withered	1
witch	1
wit	1
wished	1
wise	1
wiped	1
winters	1
wins	1
winning	1
winging	1
wine	1
window	1
willed	1
wile	1
wildwood	1
wildly	1
wildest	1
wight	1
widely	1
whopper	1
whooping	1
wholly	1
whiteness	1
whisper	1
whisk	1
whirling	1
whirl	1
whets	1
whether	1
wherever	1
whence	1
whelmed	1
wheeled	1
whatthou	1
wet	1
weltering	1
wells	1
well-known	1
weight	1
weeps	1
weeping	1
weep	1
weeds	1
wed	1
web	1
weave	1
wear	1
weaker	1
wavy	1
wavering	1
watt	1
watery	1
wasted	1
wast	1
washed	1
warrior	1
warring	1
warred	1
warmth	1
warms	1
warming	1
wards	1
warbled	1
wants	1
wanton	1
waning	1
wanderings	1
wandered	1
wander	1
waking	1
waken	1
wakeful	1
waiting	1
wails	1
wailed	1
wagged	1
waged	1
waft	1
w^ailino^	1
vray	1
voyages	1
vows	1
vow	1
vouchsafed	1
vouchsafe	1
vote	1
vjealth	1
vitality	1
visions	1
visigoths	1
virtue	1
virgin	1
violets	1
villain	1
village	1
victories	1
victims	1
vibrations	1
vey	1
vexed	1
veteran	1
vestiges	1
vesper	1
verdure	1
vent	1
venial	1
vengeful	1
velvet	1
veins	1
veiled	1
veil	1
various	1
varieties	1
vanquishment	1
vanquished	1
van	1
valour	1
valiant	1
vainglory	1
vagaries	1
ute	1
usurps	1
usurped	1
ushers	1
use	1
ursa	1
urchin	1
uranus	1
uprose	1
upborne	1
unwitting	1
unwitnessed	1
untrodden	1
untarnished	1
unsubdued	1
unsated	1
unripened	1
unrested	1
unrest	1
unrepining	1
unpitying	1
unperiodic	1
unmolested	1
unlocks	1
unlit	1
unlikely	1
unlaid	1
universe	1
unite	1
unimagined	1
unheeded	1
unharmed	1
unhappy	1
unfurl	1
unfolds	1
unexplored	1
unequal	1
unending	1
undistinguished	1
undisguised	1
undisclosed	1
understand	1
undefined	1
uncovered	1
unconscious	1
unchanging	1
unceasingly	1
unceasing	1
unbid	1
unbend	1
unbelieving	1
unbegun	1
unaided	1
unaccustomed	1
ulysses	1
ujjon	1
uj)on	1
ugly	1
ublime	1
tyre	1
tyrant	1
types	1
twould	1
twittering	1
twisted	1
twin	1
twelve	1
turrets	1
turnings	1
turning	1
turmoil	1
turgid	1
tuneful	1
tune	1
tubes	1
tto	1
truth	1
trust	1
truculent	1
truant	1
troy	1
trout	1
tropic	1
trophies	1
trom	1
trodden	1
trod	1
triumphantly	1
triumphant	1
triumphal	1
trips	1
trimming	1
trim	1
trick	1
tributp	1
tribunes	1
tribe	1
tresses	1
trent	1
tremulous	1
tremor	1
treasured	1
treason	1
treads	1
traveller	1
trappings	1
transports	1
transient	1
transgression	1
transfixed	1
transcends	1
transcend	1
tramps	1
trained	1
trail	1
tragic	1
tracy	1
tracing	1
traces	1
traced	1
toys	1
toyed	1
toy	1
town	1
tower	1
tourney	1
tournament	1
tour	1
touching	1
toss	1
tortures	1
torpid	1
torments	1
tor	1
tophet	1
tone	1
tomb	1
tokens	1
token	1
toilet	1
tm*ned	1
tlion	1
tjntil	1
title	1
tithe	1
tiresome	1
tired	1
tins	1
tinklings	1
tinge	1
tiie	1
tiger	1
ties	1
tie	1
tidings	1
tideless	1
thrush	1
thrown	1
throes	1
thrilling	1
threw	1
threshold	1
thread	1
thrall	1
thousands	1
thoughtful	1
thoroughly	1
thorny	1
thor	1
thj	1
thitlier	1
thither	1
thirst	1
thinks	1
thing	1
thin	1
thickest	1
theme	1
thaws	1
that^sliips	1
thank	1
th	1
tete	1
terse	1
terror	1
termless	1
termination	1
term	1
tenor	1
tenets	1
tenants	1
tenantless	1
ten	1
tempts	1
tempted	1
temples	1
tempests	1
tempest	1
tempered	1
tells	1
teain	1
tcite^	1
tcey	1
tay	1
taxes	1
taut	1
tattered	1
tastes	1
tastefully	1
taste	1
tasks	1
task	1
tardy	1
tardily	1
taper	1
talking	1
taking	1
taint	1
taffrail	1
table	1
system	1
symphonies	1
sympathetic	1
symmes	1
symbols	1
sylvan	1
swooned	1
swings	1
swinging	1
swimming	1
swim	1
swerves	1
swept	1
swelling	1
sweeping	1
sweep	1
sways	1
swaying	1
sway	1
swart	1
swarms	1
sward	1
swan	1
swallows	1
survivors	1
survivor	1
survey	1
surprise	1
surges	1
surfs	1
surface	1
sure	1
surcease	1
supplies	1
supper	1
supercilious	1
sunshine	1
sunnier	1
sunken	1
sunk	1
sultry	1
sullen	1
suggests	1
sufiice	1
sufficing	1
sufferings	1
suffered	1
suddenly	1
sudden	1
succession	1
success	1
substance	1
subsiding	1
sublime	1
styles	1
stupor	1
stupendous	1
stumpy	1
studs	1
struts	1
struggled	1
struggle	1
strode	1
strive	1
stripes	1
strip	1
stretched	1
streets	1
streams	1
streamers	1
strays	1
stray	1
strangers	1
straining	1
story	1
storks	1
stones	1
stone	1
stole	1
stocks	1
stirs	1
stirred	1
stifling	1
stifled	1
sternly	1
sterile	1
steppes	1
stem	1
steers	1
steered	1
steepled	1
steeped	1
steeled	1
steeds	1
steals	1
stays	1
stature	1
statesmen	1
states	1
stately	1
starting	1
start	1
starry	1
starring	1
stark	1
stands	1
standing	1
stan	1
stamped	1
stall	1
stale	1
staked	1
stain	1
staggers	1
stager	1
squire	1
squares	1
squadrons	1
spurned	1
spun	1
springs	1
springing	1
spreads	1
spouting	1
spouse	1
spots	1
spot	1
sport	1
spokesman	1
splendours	1
splendid	1
spirits	1
spires	1
spire	1
spindles	1
sphere	1
spelled	1
sped	1
spectral	1
spavined	1
spasmodic	1
sparkle	1
spared	1
spacious	1
sown	1
sow	1
souvenir	1
south	1
source	1
sounds	1
sounding	1
souls	1
sort	1
soothes	1
soothed	1
soon	1
songsters	1
sombre	1
solitudes	1
solitary	1
solid	1
solemn	1
solar	1
softened	1
sobs	1
sobbings	1
sobbing	1
soathem	1
snare	1
snake	1
smothered	1
smoothly	1
smoothed	1
smoking	1
smoke	1
smiled	1
sm	1
slumbers	1
slumber	1
sluggish	1
slubbers	1
slopes	1
slop	1
slippery	1
slipped	1
slip	1
sliips	1
slie	1
sleeps	1
sleepless	1
sleeping	1
sleeper	1
slaughtered	1
slattern	1
slanting	1
slain	1
skill	1
skeletons	1
six	1
sissing	1
sioux	1
sinuous	1
sinking	1
sinker	1
sink	1
sings	1
singly	1
sing	1
sim	1
sights	1
sightless	1
sighting	1
sighing	1
sierras	1
sickening	1
sick	1
shunning	1
shrunken	1
shrub	1
shrouds	1
shrouded	1
shrines	1
shrill	1
shriek	1
showy	1
showered	1
showed	1
shout	1
shot	1
shops	1
shopping	1
shook	1
shod	1
shock	1
shiver	1
shimmering	1
shifts	1
shies	1
sheplierd	1
shepherd	1
shell	1
shapes	1
shapeless	1
shanties	1
shanghais	1
shames	1
shamed	1
shafts	1
shaft	1
shadowy	1
shade	1
sexton	1
sex	1
severed	1
seventy	1
settles	1
setting	1
sets	1
serving	1
service	1
serve	1
serried	1
serge	1
seraphic	1
sequestered	1
sentence	1
sent	1
sends	1
self-denial	1
seize	1
seeks	1
sedate	1
secure	1
secrets	1
secret	1
second	1
seats	1
seared	1
seamen	1
sealed	1
scudding	1
scud	1
scriptures	1
screen	1
screams	1
screaming	1
scream	1
scout	1
scourge	1
scoured	1
scope	1
scientific	1
science	1
schooner	1
schools	1
schemes	1
scheme	1
sceptre	1
scattering	1
scathed	1
scars	1
scarcely	1
scanned	1
scandinavian	1
scale	1
scaffold	1
says	1
saving	1
savannas	1
savages	1
savage	1
saurians	1
sault	1
saturn	1
satchel	1
sapient	1
sank	1
sanguinary	1
sandy	1
sandhill	1
sanctuary	1
saltations	1
sallies	1
sainted	1
sailors	1
sailing	1
sage	1
safety	1
saddened	1
sacs	1
sacred	1
sacrament	1
sable	1
s^dleen	1
rusts	1
russia	1
rushes	1
rushed	1
running	1
ruling	1
rules	1
ruins	1
ruined	1
ruin	1
rudely	1
ruddy	1
rubbers	1
rower	1
roves	1
rover	1
roved	1
rove	1
rounds	1
rough	1
rosy	1
room	1
romance	1
roman	1
rolling	1
rolled	1
rocky	1
rocks	1
robes	1
robe	1
robbed	1
roam	1
rnn	1
rivulet	1
rivers	1
riven	1
rivals	1
rivalling	1
rites	1
rippling	1
ripple	1
ripened	1
ripe	1
rim	1
rill	1
rightful	1
righteous	1
rigged	1
rife	1
rides	1
riderless	1
ride	1
rid	1
ribbon	1
reward	1
revolves	1
revolve	1
revives	1
reveals	1
revealed	1
reveal	1
return'st	1
retribution	1
retreated	1
resurrection	1
resumes	1
restraint	1
restless	1
resting	1
resr	1
responsive	1
responds	1
resplendent	1
resounds	1
resolve	1
resistless	1
resigned	1
required	1
reproachfully	1
represent	1
reposed	1
repose	1
replies	1
repeat	1
repay	1
rent	1
renewing	1
renewed	1
rend	1
remorseless	1
remembered	1
reluctance	1
relieve	1
relief	1
relics	1
released	1
relaxed	1
relations	1
relation	1
relate	1
rejoiced	1
rejoice	1
reigns	1
reign	1
regrets	1
regretful	1
regret	1
regenerate	1
regal	1
refused	1
refreshed	1
refluent	1
reflective	1
reeking	1
redeemed	1
red	1
record	1
recollect	1
recoil	1
recognised	1
recking	1
reciirrmg	1
recesses	1
recent	1
reasons	1
really	1
reality	1
readiest	1
read	1
reached	1
re	1
raw	1
raves	1
ravening	1
rave	1
ravages	1
rattling	1
raptures	1
rapt	1
rap	1
rankles	1
rankle	1
ranked	1
rang	1
ramparts	1
railroad	1
rail	1
raids	1
rags	1
radiance	1
racket	1
quizzing	1
quits	1
quiet	1
quickly	1
quickened	1
question	1
quest	1
quay	1
quarter	1
quarry	1
quaking	1
quake	1
quail	1
quack	1
pyre	1
puzzle	1
push'2)lash	1
pursuing	1
pursued	1
purgatorial	1
pure	1
punjab	1
puant	1
psalter	1
prying	1
prowling	1
prowess	1
provincial	1
prove	1
proudly	1
proudest	1
protects	1
proselyting	1
prophetic	1
prophet	1
proof	1
prompter	1
prominent	1
prolonged	1
prolong	1
projecting	1
progeny	1
profound	1
professor	1
profess	1
profanity	1
proclaims	1
problem	1
probation	1
prized	1
prithee	1
pristine	1
prisoned	1
printers	1
primaeval	1
pricked	1
pretty	1
pressure	1
pressing	1
presses	1
press	1
presides	1
preside	1
preservers	1
presented	1
present	1
presage	1
precursor	1
precious	1
precedence	1
praying	1
prattled	1
prattle	1
prancing	1
powers	1
powerful	1
pour	1
pounding	1
possessed	1
possess	1
portents	1
portend	1
pore	1
populous	1
pool	1
politics	1
police	1
polestar	1
poles	1
poesy	1
poems	1
plundered	1
plummet	1
plume	1
plucked	1
pluck	1
plover	1
plodding	1
pliant	1
plenteous	1
pleiades	1
pleasure	1
playmates	1
played	1
plant	1
planned	1
plan	1
plagues	1
plagued	1
placid	1
places	1
pj	1
piys	1
pity	1
pittance	1
pitt	1
pious	1
pilot	1
piles	1
pile	1
piers	1
piercing	1
pierce	1
pier	1
pictish	1
pi	1
photographic	1
phantom	1
perturbator	1
persecute	1
perlia2	1
performed	1
percussion	1
perch	1
per	1
peoples	1
peopled	1
people	1
pent	1
penelope	1
pelican	1
pegu	1
peers	1
peerless	1
peer	1
peeps	1
peel	1
peculiar	1
peasant	1
pearly	1
pearls	1
peal	1
peaks	1
peaceful	1
pays	1
paynim	1
pay	1
pawnees	1
pauses	1
pauseless	1
paused	1
pause	1
paul	1
pattering	1
pathway	1
paths	1
pate	1
passive	1
passionless	1
passage	1
partiality	1
part	1
paroxysm	1
park	1
parallaxes	1
paradise	1
parade	1
parabolic	1
panoramas	1
panoply	1
panic	1
pang	1
pane	1
pallor	1
paling	1
paled	1
paint	1
pained	1
page	1
pagan	1
paddle	1
p)erwick	1
overthrown	1
overran	1
outagamis	1
ours	1
oui	1
oscillates	1
orphans	1
orisons	1
organ	1
ores	1
ordnance	1
orders	1
ordained	1
orbit	1
oppressed	1
opening	1
opened	1
ooze	1
onward	1
omniscient	1
omen	1
olden	1
oiiaa^ard	1
ogle	1
offended	1
offence	1
odin	1
observe	1
oblivion	1
obedient	1
obdurate	1
oasis	1
nursed	1
nurse	1
nuptial	1
ns	1
npon	1
novelty	1
noting	1
nomian	1
nods	1
nobly	1
nobles	1
noble	1
nmnber	1
nights	1
niched	1
nice	1
next	1
newly	1
nested	1
nerves	1
nerve	1
neophytes	1
neophyte	1
neigh	1
needle	1
need	1
neck	1
neath	1
nearing	1
nearest	1
nd	1
natures	1
natal	1
narrow	1
nag	1
mythic	1
myth	1
mystical	1
mysteries	1
mutely	1
muslin	1
music	1
murky	1
murderous	1
multitude	1
multiplied	1
moves	1
mouthed	1
mourns	1
mourning	1
mournful	1
mourned	1
mourn	1
mountains	1
moulds	1
mouldering	1
motley	1
motive	1
mothers	1
moss	1
morts.'q	1
mortals	1
morse	1
mormons	1
morbid	1
mop	1
moorisli	1
moor	1
moonlight	1
months	1
monstrous	1
monsters	1
monster	1
monsieur	1
monotony	1
monarchy	1
moistening	1
modes	1
mocker	1
moans	1
moaning	1
mm	1
mle	1
mj	1
mitre	1
mites	1
mists	1
mister	1
miss	1
miscellaneous	1
mirth	1
mirror	1
mire	1
miracle	1
mines	1
minded	1
minatory	1
millions	1
miles	1
middle	1
mid-air	1
miamis	1
mew	1
methought	1
meteor	1
meteh	1
mete	1
messes	1
messengers	1
message	1
mesh	1
merged	1
merest	1
mere	1
mention	1
mementos	1
members	1
melted	1
mellow	1
melancholy	1
meets	1
medicin	1
mecca	1
measures	1
measured	1
means	1
mean	1
meals	1
meagre	1
meads	1
mazy	1
maze	1
mazarin	1
maunders	1
mature	1
mates	1
material	1
mate	1
matchless	1
mastodons	1
master	1
masses	1
massacre	1
mask	1
marvellous	1
marvel	1
martyrs	1
martyr	1
marts	1
mart	1
married	1
marks	1
mariners	1
maria	1
margin	1
marches	1
marble	1
map	1
mantling	1
mantled	1
mantle	1
mansion	1
manly	1
manhood	1
mangled	1
manfully	1
mammon	1
malsr	1
malignant	1
malicious	1
malgrs	1
major	1
majestic	1
maintains	1
maidens	1
maid	1
magic	1
magellan	1
madness	1
maddened	1
mackinaw	1
lynx	1
lying	1
lustre	1
luna	1
lulls	1
lullabies	1
lucknow	1
loyolah	1
lowly	1
loving	1
lover	1
lovely	1
louder	1
loud	1
loth	1
lore	1
loosened	1
loop	1
loomed	1
loom	1
longing	1
loitering	1
loftiest	1
lockets	1
locked	1
llie	1
livid	1
lively	1
listless	1
listens	1
listed	1
list	1
lisping	1
lisher	1
liquid	1
liow	1
lionie	1
lingers	1
lingering	1
lingered	1
lingei'ing	1
lineage	1
limits	1
limit	1
lime	1
limb	1
lilt	1
lilies	1
lilac	1
liitlier	1
liim	1
liiiman	1
liigli	1
lightning	1
lightly	1
lighter	1
lifted	1
lifelong	1
lielplesslj	1
lie	1
lids	1
lid	1
lichen	1
liberation	1
liatli	1
liastily	1
lialcj^on	1
liad	1
levin	1
levied	1
lethe	1
lessons	1
les	1
lent	1
lenses	1
lee	1
leaven	1
leaping	1
leap	1
leak	1
leagues	1
leafy	1
leafless	1
leads	1
leader	1
leaden	1
leadeji	1
laws	1
law	1
lavishing	1
latter	1
lashes	1
larks	1
lapsed	1
lantern	1
languish	1
languid	1
language	1
landward	1
landscapes	1
landscaj^e	1
landmark	1
landlocked	1
landed	1
lamp	1
lamented	1
lame	1
lambs	1
lakes	1
lahore	1
laggard	1
lads	1
ladies	1
lack	1
labour	1
la	1
l^ature	1
l'inconnue	1
kussian	1
kot	1
kolled	1
knowledge	1
knowest	1
knot	1
knights	1
knife	1
kneels	1
kneeling	1
kneel	1
knee	1
kissed	1
kinsman	1
kings	1
kindly	1
kin	1
kevive	1
kettle	1
kerchief	1
kept	1
keeping	1
keel	1
keceived	1
kancor	1
kale	1
kakl	1
kake	1
kai^e	1
k	1
jutting	1
jury	1
jungle	1
julia	1
joy	1
journeys	1
john	1
jnst	1
jn^or	1
jlinois	1
jhe	1
jewels	1
jet	1
jesus	1
jealousy	1
jar	1
jacket	1
jack	1
iven	1
iu	1
itor	1
italy	1
it's	1
istow	1
ista	1
issuing	1
isotherms	1
islets	1
islet	1
island	1
irresolute	1
iroquois	1
ire	1
involved	1
invoke	1
inviting	1
inventions	1
intone	1
intestine	1
interest	1
intent	1
intended	1
insults	1
instinct	1
inspire	1
inspiration	1
inscribe	1
insatiate	1
inow	1
innocent	1
inhospitable	1
ings	1
influence	1
inflexible	1
infinity	1
inexorable	1
ine	1
indus	1
indulges	1
indulged	1
indoors	1
indigenes	1
india	1
indented	1
indeed	1
increased	1
increase	1
incontinent	1
incongruous	1
inclined	1
incite	1
incipient	1
incessant	1
incense	1
inane	1
inaccessible	1
imseliish	1
impressible	1
impotent	1
imports	1
important	1
impending	1
impels	1
impelled	1
impel	1
impacted	1
immolations	1
imcertain	1
imbroken	1
imbibes	1
imaged	1
im]3atient	1
illustrious	1
iliuois	1
ilinois	1
idly	1
idea	1
iceberg	1
iaalcyon	1
i^tow	1
i^eath	1
hypothesis	1
hyperborean	1
huts	1
hus	1
hurtles	1
hurried	1
hurl	1
hunted	1
huns	1
hung	1
hummocks	1
humbler	1
humanity	1
hum	1
hull	1
hug	1
huddling	1
housemaid	1
household	1
hot	1
hostel	1
host	1
horrors	1
horrible	1
horizon	1
hopelessly	1
honours	1
homeless	1
homage	1
hollow	1
hoivards	1
hobgoblin	1
hoarsely	1
hoarfrost	1
hoards	1
ho	1
hnrons	1
hitherto	1
hither	1
histr'onic	1
histories	1
hissing	1
hissed	1
hispid	1
hirsute	1
hips	1
hints	1
hind	1
himself	1
highest	1
hide	1
hid	1
hestore	1
herself	1
heroic	1
heritage	1
herbage	1
heralds	1
hen	1
helpless	1
help	1
helm	1
hegira	1
heel	1
heedless	1
heeded	1
heavy	1
heavily	1
heavenward	1
heavenly	1
heaved	1
heartbroken	1
healthful	1
health	1
headland	1
he'd	1
hazy	1
hawk	1
havoc	1
havenless	1
hate	1
hastings	1
hastening	1
hast	1
harp	1
harlequin	1
hardly	1
harbours	1
harbour	1
hangs	1
hanging	1
hammer	1
hamlet	1
halls	1
halley	1
hale	1
haired	1
hags	1
haggard	1
hag	1
hades	1
habits	1
habit	1
ha	1
gyres	1
gyrated	1
gushing	1
gurgling	1
gurgles	1
gurgled	1
gunnel	1
gulf	1
guides	1
guide	1
guesses	1
guess	1
guards	1
guardian	1
gs	1
grudging	1
grudge	1
group	1
grounds	1
groping	1
groped	1
grooves	1
groaned	1
grin	1
grimace	1
grim	1
grieves	1
grieved	1
greedy	1
greed	1
greater	1
grazed	1
gravity	1
gravitating	1
gravely	1
gravel	1
grassy	1
grandly	1
graces	1
goths	1
got	1
gossip	1
gospel	1
gory	1
gore	1
goklen	1
gokl	1
goest	1
gnrgled	1
glows	1
gloat	1
glistens	1
glimpse	1
gliding	1
glides	1
glen	1
glee	1
gleamings	1
gleamed	1
gleam	1
glazed	1
glassy	1
glare	1
glanced	1
glance	1
gladdened	1
glaciers	1
glacial	1
giving	1
girls	1
girlish	1
girl	1
gill	1
giggle	1
gigantic	1
get	1
gentle	1
gentile	1
genius	1
general	1
gem	1
geese	1
gear	1
gazes	1
gazed	1
gaunt	1
gaudy	1
gathers	1
gather	1
gasps	1
gas	1
garner	1
garland	1
garden	1
gaol	1
gallic	1
gale	1
gait	1
gains	1
gainings	1
ga^e	1
futile	1
furtive	1
furnace	1
fulton	1
fry	1
fruits	1
fruitful	1
frothy	1
frolicsome	1
fringed	1
frigid	1
fright	1
friendships	1
friends	1
friend	1
fretting	1
freed	1
fray	1
fraught	1
fraud	1
fraternal	1
frantic	1
franks	1
franciscan	1
fraj	1
fragmentary	1
fragile	1
fragance	1
fox	1
founded	1
fortune	1
forsworn	1
forsook	1
formless	1
forgotten	1
forget	1
forestall	1
forehead	1
foregoes	1
foreboding	1
fop	1
footman	1
fools	1
followed	1
follow	1
folks	1
folds	1
fold	1
foetid	1
foamy	1
foal	1
flux	1
fluttering	1
flutter	1
flushed	1
flush	1
flung	1
flowery	1
flowed	1
flow	1
flout	1
flourish	1
floods	1
flock	1
floats	1
floated	1
flj	1
flitting	1
flicker	1
flew	1
flesh	1
fleeting	1
fleeing	1
flecking	1
flaunting	1
flashing	1
flashed	1
flames	1
flakes	1
flags	1
flagrant	1
fixing	1
fixes	1
fixed	1
fitful	1
fissured	1
fisherman	1
firstborn	1
firmament	1
firm	1
fireside	1
fired	1
fiowery	1
fiow	1
fiord	1
finite	1
fingers	1
finer	1
financial	1
fills	1
fill	1
fiiith	1
fiery	1
fiercest	1
fiercer	1
fiendish	1
field	1
fetters	1
fetch	1
fervid	1
fen	1
female	1
felon	1
feints	1
feeling	1
feebly	1
fee	1
feature	1
feathery	1
feathers	1
feast	1
fearfully	1
favours	1
favoured	1
fatted	1
fatigued	1
fatigue	1
fathoms	1
father	1
fasts	1
fasting	1
fashions	1
farmer	1
faring	1
fared	1
fangs	1
fanged	1
fane	1
fancies	1
fancied	1
fanatics	1
famished	1
famines	1
famine	1
families	1
famed	1
faltering	1
falling	1
fallen	1
faintly	1
failing	1
failed	1
fades	1
fadeless	1
factory	1
fabled	1
f	1
eyelids	1
eyed	1
eyeballs	1
exultant	1
extremity	1
extortion	1
extinct	1
expounds	1
exploring	1
explores	1
expires	1
expired	1
expire	1
expedition	1
expanse	1
expanded	1
exit	1
existence	1
exiled	1
exercise	1
excuse	1
except	1
exalted	1
exalt	1
evil	1
events	1
europe	1
eupator	1
ethereal	1
eternity	1
estranges	1
essays	1
essayed	1
essay	1
esquimaux	1
espagne	1
escaped	1
erst	1
erratic	1
errant	1
errands	1
erewhile	1
erelus^^	1
erect	1
equinoctial	1
eomance	1
entry	1
entertain	1
enterprising	1
enterpribc	1
enter	1
entangled	1
enses	1
enseamed	1
enrich	1
enough	1
enmeshed	1
engines	1
enfranchised	1
enduring	1
endowed	1
encouragement	1
encompass	1
encircling	1
enchanted	1
enable	1
en	1
empyrean	1
empire	1
emma	1
emersion	1
emerge	1
embroiled	1
embraces	1
embraced	1
embarked	1
embalm	1
em	1
else	1
elf	1
elements	1
elemental	1
electric	1
elder	1
elate	1
el	1
ek	1
ejes	1
eje	1
effects	1
effaces	1
eeturn	1
eeside	1
ee	1
ecstatic	1
ecstasy	1
echo	1
ebb	1
eaves	1
eating	1
eat	1
easter	1
ease	1
earthly	1
earned	1
eabl	1
e'ow	1
dwindling	1
dwarfed	1
duskj	1
during	1
duped	1
dupe	1
dun	1
due	1
dudeen	1
ducks	1
dry	1
drowsy	1
drowning	1
drowned	1
dropping	1
droops	1
drive	1
drifts	1
drifting	1
drift	1
drearily	1
dreamy	1
dread	1
drayman	1
draws	1
drain	1
drags	1
dragged	1
dozens	1
dozed	1
dove	1
doubtingly	1
doubtful	1
dots	1
dotard	1
doors	1
doomed	1
done	1
don	1
dolors	1
doles	1
dogs	1
dog	1
docks	1
dock	1
diy	1
divided	1
diverted	1
diver	1
distrust	1
distressed	1
distress	1
distilled	1
dissensions	1
disrupted	1
displayed	1
dispelled	1
dispel	1
dishevelled	1
disguised	1
discordant	1
dirty	1
direst	1
dipping	1
dipper	1
dipped	1
dines	1
din	1
dimpled	1
dimmed	1
dimly	1
diminished	1
dimecratic	1
dilated	1
dilate	1
diive	1
digged	1
didos	1
diapason	1
diabolic	1
di*iven	1
devoid	1
devilish	1
devastate	1
deucalion	1
detected	1
details	1
destroy	1
destiny	1
despots	1
despite	1
desolate	1
deserving	1
deserting	1
deserted	1
deseret^	1
descending	1
descended	1
descendants	1
des	1
deplores	1
deplored	1
deplore	1
departure	1
departed	1
depart	1
dens	1
denizen	1
den	1
demented	1
delusive	1
dells	1
dell	1
delights	1
delighted	1
delight	1
delaying	1
deil	1
degenerate	1
deflected	1
deferred	1
defend	1
deeming	1
deem	1
deed	1
declining	1
declares	1
declare	1
decks	1
decaj	1
decadence	1
debate	1
deal	1
deaf	1
de5i3airing	1
daughters	1
date	1
dashing	1
darting	1
darlings	1
darkly	1
darkened	1
daring	1
dank	1
dancing	1
danced	1
dams	1
dale	1
daj	1
daily	1
daft	1
dad	1
d	1
cynosure	1
cyles	1
cycles	1
cycle	1
custom	1
curtain	1
curse	1
curlew	1
curl	1
cup	1
cunningness	1
cunning	1
culminating	1
csesars	1
crying	1
crusty	1
crushing	1
crusades	1
crumbles	1
cruises	1
cruel	1
crude	1
crucial	1
crowded	1
crouching	1
crops	1
cropping	1
croons	1
crooked	1
crisp	1
cries	1
crept	1
creeps	1
creep	1
creature	1
creation	1
creaking	1
crazed	1
crawls	1
craved	1
cranes	1
crag	1
crafty	1
craft	1
cradled	1
cradle	1
crackling	1
crack	1
cowper	1
cowering	1
coward	1
coveted	1
covert	1
covered	1
cove	1
courses	1
courser	1
count	1
couldst	1
couch	1
cot	1
costs	1
costless	1
coruscations	1
corruption	1
corroding	1
corks	1
cordage	1
copse	1
coolest	1
conviction	1
control	1
contrarieties	1
contesting	1
contending	1
consumed	1
consume	1
constantly	1
consist	1
consented	1
conscious	1
conqueror	1
connexion	1
conjoined	1
congealed	1
confines	1
condemned	1
concert	1
concerned	1
conceited	1
conceal	1
concavity	1
concave	1
con	1
compounds	1
composedly	1
composed	1
compose	1
complex	1
complain	1
compel	1
compassing	1
company	1
community	1
commissioned	1
commence	1
command	1
comer	1
combats	1
com'se	1
colt	1
colours	1
college	1
colleagues	1
coin	1
coiled	1
coflsn	1
coevals	1
coasts	1
coachman	1
co	1
clutch	1
clusters	1
cloyed	1
clove	1
cloudy	1
cloud	1
closing	1
closer	1
clomb	1
cloister	1
clocks	1
clipped	1
clinch	1
clime	1
cliildliood	1
cliffs	1
clietee	1
click	1
clew	1
cleopatras	1
clement	1
cleft	1
cleaving	1
clearer	1
claustral	1
classes	1
clasped	1
clarion	1
clanging	1
clang	1
clamoured	1
clammy	1
clambered	1
claimed	1
claim	1
ciy	1
circumstance	1
circumscribed	1
circles	1
circle	1
churchman	1
churches	1
church	1
chronic	1
christo	1
christian	1
christ	1
choral	1
choose	1
choir	1
choicest	1
chivalry	1
chirrup	1
chimes	1
chime	1
chilly	1
chilling	1
chid	1
cherub	1
cheese	1
cheerless	1
cheered	1
cheer	1
checked	1
check	1
chasuble	1
chastening	1
chaste	1
charter	1
charmed	1
charm	1
charlemagne	1
charity	1
characters	1
chaos	1
chant	1
channels	1
chance	1
chafing	1
certes	1
centre	1
celt	1
celibacy	1
cedars	1
ceaseless	1
cease	1
cawnpore	1
caverns	1
caverned	1
cause	1
cauglit	1
caught	1
cathedral	1
catch	1
catalogue	1
cataclysm	1
casts	1
caste	1
cast	1
cassock	1
carved	1
carols	1
carnal	1
carnage	1
caressing	1
caress	1
career	1
car	1
captive	1
caps	1
cape	1
cap	1
cansenting	1
canopying	1
canon'd	1
canoe	1
canaan	1
calm	1
calloused	1
callous	1
called	1
calf	1
calamities	1
cajoled	1
cadence	1
cabin	1
buys	1
buy	1
busy	1
bush	1
bursts	1
burns	1
burnings	1
burned	1
buried	1
buoyant	1
bundle	1
bull	1
built	1
build	1
buffet	1
bubbling	1
brute	1
browed	1
brotherhood	1
brook	1
brood	1
brooch	1
bristling	1
briny	1
bringing	1
brilliant	1
brightly	1
brig	1
bridegroom	1
bride	1
bribes	1
breezes	1
breechless	1
breeching	1
bred	1
breathes	1
breadth	1
bread	1
brazen	1
brass	1
brake	1
braid	1
boys	1
bower	1
bourns	1
bournless	1
bourn	1
bourbon	1
bounteously	1
both	1
borealis	1
boreal	1
boors	1
book	1
bones	1
bombay	1
bom	1
bodes	1
boatman	1
boast	1
boards	1
bnoys	1
blushes	1
blue	1
blowing	1
blossoms	1
blooming	1
bloomed	1
bloody	1
bloodstained	1
blocks	1
blithe	1
blissful	1
blinded	1
blind	1
blights	1
blighted	1
blew	1
blends	1
blended	1
blemish	1
bleeding	1
bleating	1
bleared	1
bleak	1
bleaching	1
blazons	1
blazing	1
blazed	1
blasts	1
blasted	1
blasphemy	1
blank	1
blades	1
blackness	1
bj	1
bitterness	1
bis	1
birthplace	1
bird	1
birch	1
binds	1
bim	1
billow	1
bickerings	1
bhized	1
bhie	1
bhering	1
bewildered	1
better	1
betrays	1
betook	1
bespangle	1
besought	1
beseechingly	1
bergs	1
berg	1
berang	1
bending	1
beloved	1
believed	1
belated	1
beings	1
beholds	1
beguiled	1
beggars	1
began	1
begaile	1
beeves	1
bedewed	1
becomes	1
become	1
beckoning	1
beckon	1
beck	1
because	1
beauties	1
beats	1
beating	1
beat	1
bearing	1
bearded	1
beaming	1
beam	1
baubles	1
battles	1
bathe	1
bat	1
basting	1
basking	1
bartered	1
bars	1
barrier	1
baptist	1
baptismal	1
balls	1
balance	1
baffled	1
backward	1
aztec	1
ay	1
awry	1
awning	1
awhirl	1
awakening	1
await	1
ave	1
avas	1
avages	1
australian	1
austral	1
auspice	1
augury	1
attila	1
attentive	1
attention	1
attend	1
attempered	1
attained	1
attain	1
attacks	1
atone	1
atoms	1
atluh	1
athwart	1
athabasca	1
ate	1
astray	1
astral	1
astound	1
assumes	1
assuaged	1
assent	1
aspire	1
asp	1
artless	1
arterial	1
arsenal	1
arrived	1
array	1
armed	1
armaments	1
arm	1
arise	1
arid	1
argus	1
argosies	1
argo	1
aqueous	1
aptures	1
apropos	1
approaching	1
approach	1
appliances	1
appears	1
apostrophise	1
apex	1
aod	1
anxious	1
answered	1
answer	1
announce	1
annihilating	1
annals	1
angels	1
angelic	1
anchorage	1
anchor	1
ample	1
amorous	1
ambit	1
amber	1
always	1
alumni	1
altered	1
altar	1
aloud	1
almost	1
allouez	1
alliance	1
alike	1
aliens	1
alice	1
alders	1
alder	1
alchemist	1
alarms	1
ajid	1
airs	1
aim	1
agrarians	1
agliast	1
aghast	1
agaiii	1
aftee	1
afraid	1
afloat	1
affright	1
affect	1
aether	1
advanced	1
adorn	1
admission	1
admiration	1
adjudged	1
adds	1
addison	1
adamantine	1
actor	1
acre	1
acquainted	1
achieved	1
accustomed	1
accordant	1
acclaim	1
accident	1
access	1
acadia	1
abyss	1
abounded	1
abound	1
ablaze	1
abhorred	1
abhize	1
aad	1
^vith	1
^	1
[*]	1
?^	1
3rize	1
/a^'z^a	1
/"	1
/	1
.)	1
.'	1
*•	1
*^	1
**	1
'-'-	1
''*	1
'')	1
''"	1
"•	1
".	1
"-	1
"'	1
