,	8406
.	4549
and	4426
the	4083
;	1615
to	1577
of	1294
a	1140
in	1115
—	1000
i	972
his	876
|'s|	819
my	791
that	774
with	710
for	659
is	643
but	634
was	614
he	614
:	603
her	567
as	492
you	491
!	482
no	453
"	448
me	442
on	438
when	425
be	415
not	380
by	373
their	372
from	372
will	347
all	342
are	339
they	304
him	300
we	284
she	283
this	272
love	271
it	255
so	253
were	248
your	241
or	241
now	239
shall	220
man	211
'	209
at	208
have	206
then	191
one	183
had	183
would	177
upon	173
heart	172
has	166
god	164
never	163
if	161
there	151
can	151
more	149
life	148
let	148
its	147
us	146
thy	144
who	139
lord	132
i'll	129
where	128
our	127
?	124
an	123
though	122
."	121
must	120
home	120
day	119
yet	117
while	115
may	114
every	114
come	114
before	113
death	112
child	109
mother	108
how	107
here	105
through	103
could	101
found	99
them	98
said	97
i'm	97
men	96
made	96
came	96
see	94
jesus	94
true	93
soul	92
earth	92
like	90
than	87
find	86
why	85
thee	85
still	85
father	85
tell	84
am	84
eyes	83
what	82
give	81
friends	80
again	80
well	79
sweet	79
name	79
|arabic1digit|	78
i've	78
hand	78
these	77
hope	76
died	76
saviour	75
face	75
truth	74
make	74
heard	74
christ	74
lovely	73
been	73
other	71
know	71
each	71
wife	70
nor	70
go	70
good	69
do	69
|arabic3digit|	68
place	68
fear	68
years	67
tears	65
say	65
near	65
hear	65
we'll	63
voice	63
should	63
gave	63
away	63
word	62
tis	62
only	62
knew	62
dear	62
meet	61
die	60
bear	60
above	60
youth	58
some	58
since	58
heaven	58
narrative	57
thus	56
first	56
too	55
such	55
rest	55
cross	55
alone	55
thought	54
pure	54
people	54
land	54
joy	54
fair	53
beauty	53
which	52
time	52
skies	52
light	52
children	52
whose	51
sin	51
law	51
free	51
down	51
pilate	50
did	50
bring	50
world	49
words	49
thou	49
son	49
save	49
night	49
always	49
water	48
till	48
stand	48
power	48
old	48
husband	48
friend	48
angels	48
without	47
song	47
left	47
just	47
grace	47
can't	47
waters	46
told	46
take	45
met	45
loved	45
leave	45
grave	45
ever	45
drink	45
blessed	45
right	44
forever	44
brought	44
bliss	44
|arabic2digit|	43
dead	43
until	42
two	42
side	42
hands	42
great	42
|romannumeral|	41
wild	41
spirit	41
prayer	41
own	41
head	41
both	41
wealth	40
up	40
passed	40
long	40
last	40
happy	40
blood	40
way	39
soon	39
seen	39
none	39
duty	39
darling	39
claim	39
city	39
angel	39
young	38
wine	38
once	38
might	38
loving	38
honour	38
faith	38
woman	37
often	37
noble	37
king	37
he's	37
far	37
eye	37
care	37
twas	36
peace	36
part	36
kind	36
daughter	36
ask	36
wrong	35
lost	35
lela	35
hearts	35
hall	35
cora	35
behold	35
asked	35
think	34
speak	34
satan	34
rise	34
pride	34
live	34
known	34
forth	34
delight	34
-	34
today	33
stay	33
seemed	33
rose	33
parents	33
pain	33
done	33
don't	33
cried	33
bright	33
around	33
another	33
scene	32
saw	32
holy	32
faithful	32
even	32
ere	32
art	32
wrath	31
story	31
show	31
rejoice	31
race	31
priests	31
poor	31
full	31
you've	30
want	30
rich	30
pleasure	30
mary	30
marriage	30
house	30
feet	30
edward	30
dying	30
charming	30
cannot	30
brother	30
bride	30
aged	30
you'll	29
turned	29
throne	29
three	29
spent	29
saints	29
nothing	29
many	29
hour	29
high	29
flowers	29
falls	29
fall	29
dwell	29
breath	29
because	29
vain	28
therefore	28
look	28
jackals	28
henry	28
cold	28
year	27
vile	27
strong	27
stood	27
orpah	27
new	27
maiden	27
foes	27
fell	27
daughters	27
whom	26
white	26
turn	26
tomb	26
throng	26
sought	26
sorrow	26
over	26
others	26
ocean	26
nature	26
licence	26
laws	26
hopes	26
half	26
denied	26
conscience	26
born	26
whole	25
state	25
spread	25
spoken	25
smile	25
seems	25
robbie	25
pray	25
pay	25
path	25
infant	25
feel	25
end	25
devotion	25
cast	25
boy	25
below	25
air	25
woe	24
wisdom	24
wait	24
tender	24
shame	24
pora	24
out	24
kiss	24
ground	24
gay	24
cheer	24
brow	24
birth	24
back	24
arise	24
appear	24
tried	23
stone	23
sister	23
sacred	23
roam	23
lay	23
laid	23
judas	23
john	23
grew	23
fountain	23
filled	23
ended	23
dream	23
days	23
call	23
bore	23
beneath	23
age	23
tomorrow	22
stands	22
slain	22
sad	22
round	22
relief	22
possessed	22
plan	22
paid	22
mountain	22
mercy	22
little	22
dreams	22
crowd	22
claimed	22
work	21
wonder	21
weary	21
vale	21
those	21
thirst	21
stream	21
spoke	21
sing	21
scorn	21
rod	21
replied	21
reason	21
praise	21
pleasures	21
plain	21
placed	21
off	21
lies	21
led	21
lamb	21
grow	21
fill	21
fears	21
daily	21
cause	21
bow	21
bed	21
band	21
after	21
ye	20
went	20
trembling	20
tear	20
sweetly	20
school	20
robert	20
river	20
platte	20
pass	20
much	20
money	20
lover	20
looked	20
indian	20
form	20
cup	20
course	20
broken	20
body	20
beside	20
*	20
warm	19
trust	19
took	19
taught	19
soldiers	19
sir	19
shown	19
sent	19
saloon	19
prohibition	19
peter	19
ones	19
morning	19
learned	19
judge	19
indeed	19
friendship	19
else	19
ear	19
dies	19
deep	19
darkness	19
cry	19
charge	19
cease	19
best	19
^	19
sun	18
strange	18
speaks	18
sins	18
silence	18
seek	18
salvation	18
run	18
prove	18
priest	18
lovers	18
lo	18
into	18
human	18
henri	18
heed	18
health	18
grief	18
gloom	18
garden	18
fresh	18
fail	18
evening	18
bound	18
blame	18
ah	18
affection	18
wish	17
weep	17
tongue	17
thine	17
souls	17
songs	17
sometimes	17
sight	17
sighs	17
sheep	17
share	17
sea	17
sara	17
return	17
read	17
queen	17
past	17
party	17
oh	17
need	17
music	17
mine	17
mind	17
mid	17
mcdowell	17
master	17
maidens	17
lips	17
lie	17
keep	17
join	17
hymen	17
girls	17
gathered	17
forest	17
eve	17
drunkard	17
door	17
depart	17
control	17
comes	17
break	17
became	17
among	17
altar	17
(	17
war	16
treasure	16
traitor	16
takes	16
sympathy	16
sure	16
sky	16
servant	16
presence	16
play	16
most	16
moaning	16
mankind	16
low	16
learn	16
hill	16
harm	16
guilty	16
green	16
gold	16
glory	16
gained	16
felt	16
fatal	16
endless	16
due	16
drew	16
disgrace	16
cruel	16
crucified	16
crime	16
clouds	16
childhood	16
cheek	16
called	16
breast	16
bowed	16
blessings	16
blessing	16
anguish	16
}'	15
yearning	15
waves	15
watch	15
voices	15
view	15
spirits	15
smiles	15
smiled	15
rule	15
rights	15
reached	15
parties	15
obey	15
nation	15
millions	15
marry	15
length	15
lake	15
kindness	15
i'd	15
himself	15
happiness	15
guide	15
golden	15
glass	15
fled	15
divine	15
dark	15
curse	15
crown	15
close	15
church	15
bosom	15
bid	15
beyond	15
almost	15
aid	15
yes	14
won	14
weeping	14
we've	14
virtue	14
valley	14
unknown	14
trees	14
thousand	14
strength	14
shed	14
saved	14
saint	14
roses	14
restore	14
redemption	14
proved	14
prayers	14
order	14
neither	14
memory	14
meek	14
makes	14
lives	14
kindly	14
julia	14
honoured	14
hence	14
help	14
gone	14
gladly	14
foe	14
flesh	14
fate	14
faint	14
draw	14
danger	14
council	14
condemned	14
command	14
claims	14
cheering	14
charges	14
changed	14
brilliant	14
bless	14
better	14
believe	14
behind	14
arose	14
arms	14
appears	14
any	14
wrote	13
worthy	13
within	13
wide	13
warning	13
wail	13
unite	13
taken	13
t	13
supplied	13
send	13
saloons	13
remain	13
ray	13
pity	13
pathway	13
it's	13
indians	13
heavenly	13
haste	13
gives	13
girl	13
gently	13
gain	13
freely	13
failed	13
despair	13
brave	13
ages	13
against	13
)	13
zeal	12
women	12
woes	12
wise	12
wings	12
win	12
wedding	12
very	12
try	12
town	12
thoughts	12
ten	12
temptation	12
teach	12
taste	12
sword	12
sunshine	12
street	12
stranger	12
start	12
spell	12
sons	12
she'll	12
sever	12
set	12
same	12
s	12
robe	12
reign	12
refuse	12
proud	12
prize	12
plans	12
perfect	12
o	12
moved	12
mourn	12
merry	12
lived	12
lemain	12
lands	12
joys	12
innocent	12
ill	12
hundred	12
humble	12
he'll	12
hair	12
goats	12
given	12
get	12
formed	12
fold	12
few	12
feast	12
enough	12
ears	12
early	12
e	12
dwelling	12
drive	12
deeds	12
cries	12
country	12
colonel	12
choice	12
cares	12
bowers	12
awful	12
arnauld	12
appetite	12
ambition	12
abide	12
.'	12
•	11
youths	11
wicked	11
whisky	11
welcome	11
wave	11
walk	11
used	11
triumph	11
tree	11
times	11
tide	11
threats	11
thousands	11
thief	11
they'll	11
themselves	11
surely	11
suffered	11
stopped	11
spring	11
softly	11
soft	11
sleeping	11
shore	11
ruin	11
roll	11
reward	11
reply	11
receive	11
purest	11
proclaim	11
poured	11
penitent	11
pardon	11
open	11
nurse	11
neath	11
moment	11
mansion	11
mamie	11
m	11
liquor	11
liberty	11
least	11
lead	11
lady	11
household	11
hide	11
heads	11
grotto	11
graves	11
genial	11
freedom	11
fly	11
fiends	11
fields	11
feeling	11
fame	11
ends	11
drank	11
dog	11
does	11
dearest	11
counsel	11
commands	11
comfort	11
christian	11
choose	11
burning	11
bold	11
barabbas	11
affliction	11
adam	11
''	11
yield	10
wretched	10
worth	10
winds	10
wed	10
weakness	10
vote	10
void	10
twill	10
treason	10
touch	10
toil	10
things	10
terror	10
temple	10
temperance	10
tale	10
sway	10
suffering	10
success	10
star	10
spend	10
sorely	10
sod	10
skill	10
sickness	10
showed	10
serve	10
second	10
room	10
roman	10
rising	10
ride	10
regard	10
redeemer	10
raised	10
rabble	10
promised	10
pressed	10
precious	10
note	10
native	10
murder	10
mountains	10
mild	10
mighty	10
married	10
lowly	10
lofty	10
legend	10
keeper	10
jews	10
innocence	10
hid	10
hell	10
hate	10
hail	10
guilt	10
gospel	10
glorious	10
glad	10
gaze	10
game	10
fruits	10
fond	10
floor	10
fixed	10
fire	10
fiend	10
farewell	10
false	10
estate	10
envy	10
doom	10
divide	10
descend	10
deny	10
dare	10
complain	10
clothed	10
cemetery	10
brings	10
boat	10
blind	10
bitter	10
bestow	10
begun	10
began	10
beams	10
base	10
atone	10
appeared	10
adore	10
act	10
(;	10
worship	9
worn	9
won't	9
vows	9
vail	9
use	9
twixt	9
trial	9
treasures	9
torn	9
sum	9
streams	9
sorrows	9
slave	9
silly	9
self	9
secret	9
scarcely	9
safe	9
returned	9
remains	9
red	9
reach	9
rapture	9
radiant	9
put	9
prevail	9
press	9
plead	9
perhaps	9
pearls	9
oppressed	9
noted	9
next	9
mothers	9
mortals	9
months	9
mission	9
mad	9
living	9
lifeless	9
late	9
knows	9
kingdom	9
joe	9
jehovah	9
isles	9
isle	9
inclined	9
image	9
hung	9
hold	9
hills	9
hideous	9
heavens	9
groom	9
graces	9
goes	9
gather	9
gate	9
fruit	9
folly	9
feared	9
fancy	9
failing	9
endure	9
eden	9
dogs	9
declared	9
deck	9
dangers	9
crushed	9
crucify	9
courage	9
clothes	9
clear	9
cheeks	9
change	9
calls	9
burned	9
bread	9
boys	9
boundless	9
book	9
boldly	9
bestowed	9
beautiful	9
bearing	9
bade	9
answered	9
answer	9
angry	9
ancient	9
alas	9
yonder	8
written	8
western	8
wept	8
week	8
watched	8
wander	8
walls	8
wall	8
w	8
vow	8
vice	8
unless	8
turns	8
turning	8
together	8
surrounded	8
supreme	8
suppose	8
summer	8
suffer	8
strife	8
stole	8
step	8
stars	8
sound	8
something	8
soldier	8
sit	8
shop	8
shepherd	8
sell	8
seldom	8
seasons	8
season	8
says	8
sadness	8
rulers	8
ruled	8
rock	8
reveal	8
redeemed	8
received	8
ready	8
purity	8
proudly	8
poison	8
pleasant	8
patient	8
passion	8
pair	8
ou	8
oft	8
offered	8
offer	8
obeyed	8
nymphs	8
numbers	8
news	8
myrtle	8
morn	8
miss	8
longer	8
line	8
lifts	8
lift	8
lee	8
leads	8
large	8
lamp	8
justice	8
j	8
humbly	8
hours	8
hosts	8
hoped	8
honours	8
homes	8
heir	8
hallowed	8
guard	8
greet	8
greater	8
grand	8
got	8
gladness	8
giving	8
gentle	8
gaily	8
fragrant	8
forsaken	8
flood	8
flames	8
fish	8
finds	8
fees	8
fathers	8
family	8
fairy	8
fairest	8
fainting	8
fails	8
extended	8
express	8
expected	8
except	8
evil	8
eternal	8
embrace	8
drunkards	8
drunk	8
dram	8
destroy	8
descended	8
demons	8
cut	8
court	8
congress	8
cloud	8
closed	8
chose	8
charm	8
chapter	8
chains	8
built	8
brink	8
bowl	8
bower	8
blended	8
believed	8
beheld	8
approach	8
also	8
albert	8
alarm	8
across	8
]	8
..	8
|arabic4digit|	7
yon	7
wives	7
witness	7
wing	7
wherever	7
whenever	7
whatever	7
west	7
walter	7
walked	7
waked	7
victim	7
vices	7
vales	7
untold	7
union	7
trod	7
tribe	7
transgressions	7
thrill	7
tempter	7
teachers	7
sylvan	7
sufferer	7
subdued	7
stronger	7
soil	7
small	7
sink	7
shun	7
she'd	7
seven	7
sends	7
selected	7
secure	7
seated	7
seat	7
science	7
scenes	7
safety	7
sadly	7
rome	7
rode	7
resolved	7
release	7
regarded	7
rage	7
pyramid	7
purple	7
punishment	7
prophet	7
proclaimed	7
present	7
planned	7
plainly	7
phil	7
person	7
owe	7
orphan	7
orange	7
nymph	7
nations	7
named	7
mortal	7
moral	7
merit	7
merchant	7
loss	7
lines	7
lifted	7
leaves	7
laughter	7
kindred	7
killed	7
kill	7
josephine	7
joined	7
intelligence	7
herod	7
guided	7
grown	7
groans	7
galling	7
fully	7
fraud	7
foul	7
force	7
follow	7
flow	7
felon	7
favour	7
faces	7
exposed	7
execute	7
eternity	7
enter	7
emotion	7
earthly	7
eagle	7
dull	7
dropped	7
dress	7
dread	7
doubt	7
dismal	7
determined	7
descends	7
demon	7
demand	7
declare	7
deaf	7
crimes	7
confidence	7
compassion	7
communion	7
col	7
charms	7
charity	7
ceased	7
case	7
caressed	7
buy	7
breezes	7
boon	7
bone	7
bonds	7
bids	7
bibber	7
bell	7
begged	7
beg	7
beer	7
become	7
bar	7
atmosphere	7
anxious	7
along	7
affections	7
[	7
■	6
|arabic5+digit|	6
yielded	6
wretches	6
wretch	6
wreath	6
woods	6
wondrous	6
whence	6
wedlock	6
waste	6
wash	6
warned	6
wanted	6
votes	6
vengeance	6
valleys	6
useful	6
upper	6
united	6
understand	6
tread	6
trained	6
train	6
trade	6
trace	6
touched	6
top	6
tonight	6
tones	6
they've	6
th	6
tent	6
tells	6
sung	6
streets	6
storm	6
stop	6
stirred	6
stepped	6
stained	6
sprite	6
sprightly	6
sport	6
splendour	6
sold	6
smiling	6
sinner	6
sincere	6
silver	6
sigh	6
shows	6
short	6
sheen	6
sets	6
servants	6
serpents	6
seem	6
scorned	6
schemes	6
scatter	6
salute	6
sages	6
rude	6
rite	6
rippling	6
revered	6
retreat	6
respected	6
respect	6
renew	6
render	6
rended	6
remember	6
record	6
realms	6
realm	6
rather	6
questions	6
pursued	6
pursue	6
promise	6
prohibit	6
profound	6
private	6
prison	6
prevailed	6
prayed	6
pour	6
possess	6
point	6
poet	6
please	6
paradise	6
pale	6
pages	6
ours	6
ought	6
opens	6
office	6
offended	6
nightly	6
neighbours	6
neglected	6
names	6
naiad	6
move	6
moon	6
month	6
mob	6
mirth	6
meeting	6
meekness	6
matter	6
marble	6
lose	6
less	6
laurel	6
languish	6
lament	6
lambs	6
lakelet	6
labours	6
knowledge	6
knave	6
judgement	6
jim	6
jew	6
james	6
increase	6
impart	6
hushed	6
hundreds	6
horse	6
history	6
heroes	6
henceforth	6
held	6
hated	6
hard	6
halls	6
guardian	6
grim	6
grateful	6
gore	6
glories	6
glittering	6
glee	6
gifts	6
generations	6
gardens	6
galilee	6
forests	6
forced	6
followed	6
flew	6
flame	6
fills	6
fiery	6
female	6
feels	6
feeble	6
falter	6
f	6
exultation	6
erin	6
erected	6
enters	6
entered	6
ecstatic	6
dwells	6
dumb	6
drinking	6
dreary	6
displayed	6
despise	6
desert	6
deer	6
deed	6
debt	6
curses	6
cupid	6
crucifixion	6
cool	6
controlled	6
consent	6
confession	6
condemnation	6
complete	6
companions	6
commended	6
clearly	6
cherish	6
cheery	6
charmed	6
century	6
cent	6
caught	6
caress	6
business	6
burst	6
burden	6
broke	6
bottle	6
blue	6
bible	6
betray	6
bereft	6
balm	6
attend	6
although	6
already	6
agree	6
ago	6
afflictions	6
afflicted	6
about	6
.,	6
.''	6
youthful	5
yours	5
wrought	5
wrongs	5
worst	5
worse	5
worlds	5
wore	5
wood	5
withdrew	5
wished	5
wipe	5
winning	5
willie	5
wholly	5
whispers	5
whisper	5
weeks	5
weak	5
wants	5
waiting	5
waited	5
visions	5
vision	5
virtues	5
village	5
views	5
vestments	5
unto	5
undo	5
unbounded	5
ugly	5
twice	5
twenty	5
tune	5
trysting	5
troubled	5
trouble	5
triumphant	5
trip	5
tribute	5
treat	5
traffic	5
tone	5
token	5
toils	5
ties	5
tied	5
tie	5
throngs	5
thrilling	5
thrall	5
third	5
thanksgiving	5
tenderness	5
teacher	5
talk	5
tail	5
symbol	5
swift	5
sweetness	5
sweetest	5
supply	5
supper	5
sunlight	5
suit	5
succeed	5
style	5
strain	5
station	5
springs	5
spot	5
splendid	5
spear	5
spare	5
space	5
social	5
sober	5
slept	5
sleep	5
slaves	5
sighing	5
sighed	5
shrine	5
shenandoah	5
shalt	5
shade	5
sentence	5
seize	5
secured	5
seats	5
search	5
seal	5
score	5
sat	5
sacrifice	5
rules	5
rill	5
revealing	5
returns	5
retired	5
remove	5
reigned	5
regret	5
recorded	5
rebel	5
reared	5
rare	5
rapids	5
rapid	5
rank	5
raise	5
rain	5
r	5
purpose	5
public	5
proof	5
prey	5
prattling	5
powers	5
popish	5
points	5
pledge	5
pillow	5
pilgrims	5
pierced	5
piedmont	5
perplexed	5
peri	5
parting	5
papal	5
palm	5
pains	5
omer	5
occurred	5
noblest	5
nice	5
naiads	5
mystic	5
myself	5
multitude	5
mournful	5
moans	5
mill	5
melted	5
meets	5
meekly	5
measure	5
means	5
malice	5
making	5
maintain	5
lying	5
loveliest	5
loudly	5
louder	5
lot	5
loathing	5
listening	5
listen	5
list	5
laughing	5
laugh	5
language	5
laden	5
labour	5
knight	5
knee	5
kept	5
joyous	5
jeers	5
jealous	5
itself	5
incense	5
impressed	5
hurt	5
hurled	5
horror	5
homage	5
holds	5
higher	5
hereafter	5
heralds	5
heavy	5
he'd	5
hast	5
handsome	5
growing	5
grounds	5
gratefully	5
granted	5
gracious	5
graced	5
gloomy	5
gladden	5
gentleman	5
gentiles	5
generous	5
gems	5
gem	5
future	5
frugal	5
frail	5
fourth	5
four	5
forms	5
forget	5
folded	5
flies	5
fix	5
five	5
fierce	5
field	5
feelings	5
feed	5
features	5
fast	5
falsely	5
expressed	5
explain	5
enemies	5
endured	5
enchanting	5
empty	5
eight	5
east	5
earn	5
eager	5
dust	5
dreamed	5
draws	5
distressed	5
distress	5
disgraced	5
demands	5
deeply	5
deem	5
decree	5
decline	5
decked	5
daring	5
dancing	5
crossed	5
creatures	5
creation	5
contempt	5
conscious	5
confessed	5
confess	5
complaint	5
compare	5
commotion	5
commit	5
coming	5
combined	5
clasp	5
chosen	5
chief	5
cherubs	5
cheers	5
certain	5
canoe	5
calm	5
brothers	5
brook	5
brighter	5
brewer	5
bows	5
bounties	5
board	5
bloom	5
bloody	5
blasphemer	5
birds	5
bird	5
bind	5
billows	5
between	5
bestows	5
beggar	5
becomes	5
bears	5
banner	5
babes	5
babe	5
b	5
awe	5
awaken	5
arm	5
april	5
appointed	5
apart	5
anxiety	5
aloud	5
agony	5
admiration	5
accord	5
accept	5
accents	5
abroad	5
abhorred	5
^'	5
).	5
«	4
})	4
zone	4
you're	4
yesterday	4
yearly	4
wounded	4
witnesses	4
willows	4
wildly	4
whites	4
whispered	4
whip	4
ways	4
warmed	4
wandered	4
wailing	4
volume	4
verses	4
vary	4
uttered	4
utmost	4
usual	4
upward	4
unfold	4
undone	4
understood	4
unconscious	4
twain	4
trying	4
troops	4
tribes	4
transport	4
tossed	4
torture	4
torment	4
tinted	4
thrilled	4
threatened	4
thinks	4
terms	4
tempted	4
temptations	4
tempt	4
task	4
tarry	4
tails	4
sweeter	4
sweat	4
swear	4
swayed	4
sustained	4
sustain	4
suspended	4
supremely	4
support	4
sunday	4
sufferings	4
sue	4
submit	4
submission	4
struck	4
stripes	4
streaming	4
strayed	4
strangers	4
stories	4
steal	4
stayed	4
stain	4
sprites	4
spray	4
spotless	4
sphere	4
sped	4
solitude	4
solid	4
solemn	4
solace	4
snakes	4
smooth	4
slumber	4
slowly	4
slaughter	4
sixteen	4
sires	4
sinks	4
shower	4
shook	4
shining	4
shaft	4
shady	4
shadows	4
serpent	4
sepulchre	4
sense	4
seized	4
scriptures	4
scribes	4
scream	4
scourging	4
scourged	4
scoffers	4
sceptre	4
salem	4
safely	4
sabbath	4
ruthless	4
rushed	4
rum	4
ruler	4
rudely	4
royal	4
rolls	4
rocks	4
rigid	4
restless	4
rested	4
resolve	4
resentment	4
reposes	4
repose	4
region	4
rebecca	4
reads	4
rapturous	4
ran	4
racking	4
quite	4
putrid	4
purer	4
proves	4
prophets	4
priceless	4
price	4
presented	4
precept	4
preached	4
ponder	4
plunge	4
plough	4
pledges	4
pleased	4
planted	4
pit	4
picture	4
persecution	4
perish	4
perfume	4
perfection	4
peerless	4
patience	4
passing	4
park	4
oppose	4
onward	4
offence	4
october	4
occasion	4
obtain	4
observed	4
oblation	4
oak	4
nigh	4
neglect	4
needed	4
neck	4
nd	4
n	4
mysteries	4
mutual	4
murmuring	4
mrs	4
mouth	4
mount	4
modesty	4
modest	4
mo	4
mien	4
meadow	4
march	4
magdalene	4
mace	4
luxuries	4
luscious	4
lo¥e	4
lovk	4
loves	4
looks	4
lodge	4
listened	4
lights	4
lightning	4
licences	4
lest	4
lend	4
learning	4
lave	4
latest	4
landscape	4
lair	4
laboured	4
knit	4
kneel	4
july	4
jo	4
jewish	4
ire	4
inspired	4
infancy	4
indulgence	4
imparts	4
immortal	4
ills	4
idol	4
husbands	4
hurl	4
humanity	4
highest	4
hew	4
hermit	4
herald	4
heartless	4
heartfelt	4
heal	4
hasty	4
guile	4
guest	4
grows	4
group	4
grey	4
greatest	4
gratitude	4
grass	4
grant	4
goddess	4
goal	4
glows	4
glen	4
glamour	4
garments	4
gambling	4
fulfil	4
front	4
frenzy	4
frantic	4
frame	4
fragrance	4
fountains	4
fortune	4
forlorn	4
footsteps	4
flower	4
floating	4
flight	4
flashing	4
finished	4
filial	4
females	4
favours	4
fashion	4
farm	4
falsehood	4
falling	4
fallen	4
fable	4
extend	4
existence	4
exclaimed	4
evermore	4
esteem	4
equal	4
enslaved	4
enjoy	4
endowed	4
emblem	4
elysian	4
elfin	4
either	4
efforts	4
eastern	4
ease	4
earliest	4
dwelled	4
duties	4
drunken	4
drops	4
drop	4
drives	4
dramshops	4
drama	4
dr	4
dove	4
dollars	4
dollar	4
devoid	4
destroyed	4
despairing	4
descending	4
denies	4
delights	4
delightful	4
degraded	4
decided	4
dawn	4
curls	4
credit	4
craven	4
cradle	4
covered	4
courts	4
cost	4
cord	4
converse	4
contrite	4
consuming	4
constancy	4
consciousness	4
comrades	4
cling	4
clay	4
clan	4
clad	4
chorus	4
choir	4
chill	4
cherished	4
cheerless	4
cheerful	4
chain	4
centuries	4
carpets	4
canst	4
calvary	4
caiaphas	4
cabbage	4
burdened	4
build	4
buds	4
brutes	4
brightly	4
bribes	4
breeze	4
breathe	4
brandy	4
bosoms	4
borrow	4
books	4
blissful	4
bleeding	4
bled	4
blast	4
blank	4
black	4
beware	4
bewail	4
betrayed	4
beloved	4
beaming	4
bay	4
battle	4
basely	4
bare	4
banquet	4
bane	4
attended	4
atonement	4
assailed	4
assail	4
asks	4
aside	4
ascend	4
army	4
ardour	4
ardent	4
apostles	4
anger	4
amber	4
aloft	4
allow	4
agreed	4
advice	4
adorning	4
admitted	4
admired	4
adieu	4
added	4
acts	4
action	4
acted	4
abound	4
able	4
])	4
?"	4
'.	4
}"	3
}	3
yourself	3
you'd	3
yields	3
yea	3
write	3
wrecked	3
wreaths	3
wreathe	3
worry	3
wont	3
wondering	3
wonderful	3
wolf	3
willow	3
willing	3
wilds	3
widow	3
who'll	3
whipped	3
whilst	3
weird	3
weight	3
watching	3
washed	3
washbowl	3
warnings	3
ward	3
wandering	3
wand	3
waldensian	3
wa	3
voters	3
visit	3
virgin	3
violet	3
vines	3
vine	3
vigour	3
victims	3
vestal	3
verge	3
veins	3
vault	3
varying	3
usefulness	3
urged	3
urge	3
untrue	3
unkind	3
unfeeling	3
undeserving	3
unbroken	3
tyrant	3
twould	3
truths	3
trusted	3
truly	3
trembled	3
tranquil	3
thyself	3
thwart	3
thrown	3
thinking	3
they'd	3
themes	3
theme	3
theft	3
thank	3
terrors	3
tend	3
tempting	3
tempest	3
teardrops	3
teachings	3
taxes	3
tablet	3
sympathetic	3
swell	3
sward	3
suspicion	3
surprise	3
surpassed	3
sunset	3
sunny	3
sums	3
summoned	3
succeeded	3
sublime	3
subdue	3
struggling	3
stroke	3
strive	3
stricken	3
stray	3
strangely	3
strand	3
storms	3
store	3
stilled	3
stifling	3
stern	3
steed	3
steadfast	3
stead	3
startled	3
standing	3
stains	3
staff	3
square	3
spurned	3
sprang	3
spouse	3
sports	3
spite	3
spellbound	3
speaking	3
speaker	3
sparkling	3
spared	3
spacious	3
sovereign	3
soothing	3
soften	3
society	3
snare	3
smoke	3
smart	3
slow	3
slight	3
sleepers	3
slander	3
slake	3
six	3
sinners	3
sinless	3
sinful	3
silent	3
shrink	3
shrieks	3
showing	3
shoulders	3
shone	3
shines	3
shield	3
sheds	3
sewer	3
severe	3
served	3
sere	3
seraphic	3
september	3
sentiments	3
sensation	3
seeks	3
secrets	3
screen	3
scourge	3
scold	3
scan	3
sales	3
sage	3
ruined	3
rueful	3
rudeness	3
ruby	3
romping	3
romantic	3
robes	3
robbed	3
rob	3
road	3
rivers	3
rises	3
righteous	3
rid	3
riches	3
rewarded	3
reveals	3
reunion	3
retreats	3
resurrection	3
restored	3
resplendent	3
reserved	3
reputation	3
report	3
rent	3
renewed	3
removes	3
removed	3
remote	3
remained	3
religion	3
relatives	3
reject	3
reigns	3
regiment	3
refused	3
redeem	3
raven	3
raiment	3
rags	3
raging	3
rabid	3
purse	3
protestant	3
protected	3
prostrate	3
prosperity	3
propose	3
prophetic	3
property	3
proper	3
prone	3
promptly	3
prohibitive	3
progress	3
profanely	3
proclaims	3
prisoner	3
prevails	3
presumption	3
presume	3
prepared	3
predicted	3
preaching	3
praises	3
praised	3
prairies	3
pounds	3
position	3
portion	3
polite	3
poisonous	3
poisoned	3
pointed	3
poem	3
plunged	3
plaint	3
places	3
piteous	3
piercing	3
physicians	3
persons	3
perished	3
performed	3
perfectly	3
perdition	3
penance	3
pen	3
patronise	3
pastures	3
passions	3
passes	3
parts	3
parted	3
parks	3
parentage	3
parent	3
pants	3
panting	3
pangs	3
pandemonium	3
palace	3
owes	3
orphans	3
ordered	3
opposition	3
opinion	3
officers	3
officer	3
objects	3
nursed	3
nuptial	3
number	3
north	3
noon	3
noise	3
nobly	3
nights	3
neighbouring	3
neighbour	3
needy	3
neatly	3
nearly	3
nearest	3
natives	3
nails	3
nailed	3
muses	3
muse	3
murmur	3
moving	3
moves	3
mould	3
motto	3
mortgage	3
moons	3
monster	3
mong	3
moistened	3
mockery	3
mistake	3
misery	3
mingled	3
milton	3
midnight	3
methinks	3
messiah	3
member	3
meat	3
meaning	3
mean	3
mate	3
martyrs	3
martyr	3
martin	3
marria	3
maples	3
mangled	3
majesty	3
magnificent	3
magnanimous	3
luther	3
lust	3
lowest	3
lower	3
loud	3
loose	3
loom	3
looking	3
lonely	3
lod	3
liquors	3
limpid	3
limbs	3
liis	3
lightnings	3
lighted	3
lier	3
lied	3
leavenworth	3
leaping	3
leaf	3
leading	3
lea	3
le	3
laurels	3
laughed	3
later	3
lately	3
lass	3
landlord	3
lamentation	3
lambent	3
lad	3
knelt	3
knees	3
kneeling	3
kisses	3
killing	3
keen	3
katie	3
judah	3
joseph	3
joins	3
jerusalem	3
jealousy	3
jacob	3
island	3
inviting	3
invite	3
interposes	3
interest	3
intended	3
intellect	3
insult	3
inspires	3
inspiration	3
inscribed	3
insane	3
inquisition	3
inhuman	3
inherit	3
influence	3
increased	3
immortals	3
hurtful	3
hurry	3
hurried	3
humour	3
however	3
host	3
hospital	3
hood	3
honest	3
homeward	3
homestead	3
homeless	3
hoary	3
hiss	3
hiding	3
hides	3
hero	3
height	3
heel	3
heeded	3
heathen	3
hears	3
hearing	3
healing	3
healed	3
haven	3
haunts	3
harsh	3
harry	3
harman	3
hang	3
handed	3
haggard	3
h	3
gutter	3
gulf	3
guiltless	3
guiding	3
guess	3
guards	3
grove	3
greeted	3
grandpa	3
grandeur	3
gorgeous	3
goblet	3
goaded	3
glowing	3
gleaming	3
glare	3
glade	3
giver	3
ghastly	3
gathering	3
gale	3
gains	3
futile	3
further	3
frightful	3
friendly	3
freemen	3
foundation	3
forward	3
forgot	3
forgiving	3
forgiveness	3
forgive	3
forbid	3
fools	3
food	3
fondly	3
fondle	3
foetid	3
floral	3
firmly	3
firm	3
final	3
fiendish	3
fetter	3
fed	3
feature	3
feasts	3
feasting	3
fearful	3
fates	3
fare	3
fakir	3
fairies	3
exultingly	3
extends	3
expressing	3
expense	3
expel	3
exile	3
evidence	3
everything	3
evergreens	3
event	3
et	3
esteemed	3
established	3
escaped	3
erring	3
enslave	3
enraptured	3
enjoying	3
energy	3
employed	3
employ	3
emblems	3
elections	3
elder	3
education	3
ecstasy	3
easy	3
earned	3
eagles	3
dry	3
drunkenness	3
drove	3
driven	3
dreaming	3
dramshop	3
downy	3
downcast	3
doubts	3
doubly	3
doleful	3
divided	3
distant	3
distance	3
disport	3
display	3
dismay	3
disease	3
disdain	3
discovered	3
discouragements	3
discord	3
disciples	3
discarded	3
discard	3
disappointment	3
disappear	3
dignity	3
diffidence	3
dew	3
devoted	3
devils	3
destroys	3
desire	3
design	3
deserves	3
deserve	3
deride	3
depths	3
depraved	3
deplore	3
departed	3
demanded	3
deluded	3
delay	3
defiled	3
defied	3
decide	3
deceive	3
deafness	3
deadly	3
dazzling	3
david	3
dashing	3
dart	3
dame	3
dam	3
da	3
custom	3
cursed	3
cure	3
cunning	3
crushing	3
crowns	3
crimson	3
crest	3
creator	3
created	3
craved	3
corruption	3
corpse	3
cordial	3
convinced	3
convened	3
controls	3
continued	3
constant	3
confined	3
condemns	3
condemn	3
conceive	3
composed	3
compass	3
common	3
committed	3
commanded	3
colt	3
colours	3
clung	3
clothing	3
clime	3
climb	3
class	3
clasped	3
cigar	3
christmas	3
christians	3
choicest	3
chew	3
cherub	3
cheered	3
chart	3
charged	3
changing	3
changeless	3
chamber	3
chained	3
cell	3
causes	3
casting	3
cash	3
carry	3
carping	3
caresses	3
cared	3
candid	3
calling	3
calf	3
bv	3
bursts	3
burn	3
buried	3
buoyant	3
bundle	3
buffalo	3
broad	3
brine	3
brightest	3
bridegroom	3
brewers	3
braves	3
box	3
bones	3
bodies	3
boast	3
blushing	3
blow	3
blithely	3
blindly	3
bleeds	3
blameless	3
bite	3
bier	3
betrothal	3
belongs	3
belong	3
begin	3
bask	3
bank	3
banish	3
bands	3
bad	3
awhile	3
avhere	3
avere	3
ave	3
august	3
attest	3
attention	3
attain	3
asunder	3
assured	3
ascended	3
arthur	3
arrows	3
arrayed	3
arisen	3
arches	3
archangel	3
appals	3
appalling	3
announced	3
anew	3
ample	3
amos	3
amid	3
alms	3
allowed	3
allen	3
alive	3
alike	3
album	3
aim	3
agonising	3
africa	3
afraid	3
afar	3
advised	3
advances	3
advanced	3
adorned	3
adorn	3
addressed	3
add	3
active	3
actions	3
acquired	3
abyss	3
*'	3
'"	3
"'	3
■'	2
•'	2
}''	2
yearn	2
yard	2
y	2
xo	2
writhing	2
writhe	2
wretchedness	2
wrecks	2
wrangling	2
wounds	2
worthless	2
works	2
worked	2
wooing	2
woodman	2
woo	2
wonders	2
wondered	2
wm	2
witnessed	2
withhold	2
wishes	2
wipes	2
winter	2
winsome	2
wins	2
window	2
winding	2
wind	2
wilt	2
wiles	2
wildwood	2
wholesome	2
whippoorwill	2
whelmed	2
wheels	2
welcomed	2
weeps	2
weed	2
wedded	2
wears	2
wearied	2
wear	2
wealthy	2
weal	2
we're	2
wayfarers	2
waver	2
wasted	2
warrior	2
warn	2
wanderers	2
walks	2
walking	2
wakes	2
waist	2
wailed	2
waif	2
wag	2
wafted	2
vultures	2
vulture	2
vowed	2
voted	2
virtuous	2
virginia	2
violence	2
villain	2
vilest	2
viler	2
victory	2
victor	2
viands	2
vexed	2
vessel	2
vernal	2
verdant	2
vent	2
vengeful	2
venerate	2
ven	2
vast	2
utter	2
urges	2
upbraided	2
unnumbered	2
unnerved	2
unmoved	2
unharmed	2
unfurled	2
unequalled	2
undisputed	2
undefiled	2
unconcerned	2
twelve	2
tumult	2
tropical	2
troop	2
trials	2
tresses	2
treads	2
transgression	2
transgresses	2
transcendent	2
trance	2
traits	2
tragedy	2
traced	2
torrent	2
torpid	2
torch	2
tme	2
tliat	2
titles	2
tints	2
timid	2
tiew	2
thwarted	2
throughout	2
throbbing	2
throats	2
threescore	2
threatening	2
threadbare	2
thoughtful	2
thorns	2
thorn	2
thomas	2
thirty	2
thieves	2
testify	2
term	2
tenderly	2
temples	2
temperate	2
telescope	2
teeth	2
tearless	2
teaching	2
teaches	2
tauntingly	2
tasted	2
tardy	2
talked	2
taking	2
table	2
sympathising	2
symbols	2
sylph	2
swore	2
swords	2
swine	2
swim	2
swiftly	2
swells	2
surround	2
surrender	2
surpasses	2
surpass	2
surges	2
surface	2
supported	2
sup	2
sunbeams	2
summit	2
sulphur	2
suicide	2
suggest	2
sufficient	2
suffers	2
sufferers	2
substitute	2
submitted	2
subject	2
stygian	2
stupid	2
stung	2
stuff	2
strove	2
strongly	2
strives	2
stripped	2
strikes	2
strike	2
stretched	2
stretch	2
straw	2
strait	2
strains	2
strained	2
stoops	2
stolen	2
stock	2
stew	2
sternly	2
steps	2
stepfather	2
steep	2
steel	2
stealing	2
steady	2
statement	2
stately	2
stated	2
starts	2
started	2
starch	2
staggered	2
st	2
spur	2
spree	2
spreads	2
spoil	2
split	2
spit	2
special	2
span	2
south	2
sot	2
sore	2
sordid	2
sorcerer	2
soothe	2
sooner	2
soliloquy	2
soar	2
snows	2
snow-white	2
snow	2
sneers	2
snatched	2
snares	2
smitten	2
smite	2
sly	2
slumbering	2
slum	2
slime	2
sleeps	2
slay	2
skilled	2
sits	2
siren	2
sire	2
sip	2
single	2
singing	2
simon	2
silently	2
signs	2
signed	2
sign	2
sidewalk	2
sides	2
sick	2
shuns	2
shudder	2
shrewd	2
showers	2
shouting	2
shouted	2
shout	2
shoulder	2
shoes	2
shivering	2
ship	2
shimmers	2
shekinah	2
sheaves	2
sharp	2
shakespeare	2
shakes	2
shafts	2
shadow	2
seventh	2
settlers	2
serving	2
service	2
serene	2
seraph	2
sepulchral	2
separation	2
selfishness	2
selects	2
selection	2
seeds	2
seed	2
sedition	2
securely	2
seamless	2
scowled	2
scornful	2
scores	2
scope	2
scoff	2
scientific	2
scholars	2
schemers	2
schemer	2
scheme	2
scarce	2
sated	2
sang	2
sandy	2
sanction	2
salutes	2
sails	2
sail	2
sacrificed	2
sable	2
ruthlessly	2
rustic	2
rushing	2
rush	2
rugged	2
rue	2
rowing	2
rove	2
rough	2
rosy	2
roseate	2
romans	2
robber	2
roar	2
riven	2
rivals	2
rival	2
ring	2
ril	2
righteousness	2
rifted	2
richly	2
ribaldry	2
revive	2
revile	2
reverence	2
revenue	2
revealed	2
retreated	2
retires	2
resume	2
rests	2
restrain	2
resting	2
resignation	2
resign	2
required	2
requested	2
republicans	2
reproachful	2
reproach	2
replies	2
repented	2
repel	2
repeat	2
repair	2
renown	2
renounce	2
rending	2
relieved	2
relieve	2
rejoicing	2
rejected	2
rein	2
regions	2
refrain	2
reform	2
reflections	2
refined	2
reduce	2
reconciliation	2
recommended	2
recline	2
reception	2
recall	2
reasoning	2
real	2
raving	2
ravine	2
rattle	2
rash	2
raptured	2
rapt	2
ransom	2
ranged	2
rally	2
rail	2
raged	2
racks	2
quit	2
quiet	2
quickly	2
questioned	2
quest	2
queenly	2
quake	2
quailed	2
quail	2
q	2
puts	2
purposed	2
purge	2
punished	2
prudently	2
proving	2
provided	2
protestants	2
prosper	2
prospect	2
proposed	2
propelled	2
pronounce	2
prompted	2
promote	2
promises	2
prolong	2
prohibitionists	2
profess	2
profaned	2
proclamation	2
prince	2
primal	2
priestly	2
priesthood	2
prevent	2
pretty	2
pretended	2
presents	2
preacher	2
prays	2
prattle	2
practised	2
pours	2
portals	2
pore	2
polls	2
policy	2
pole	2
pointing	2
poets	2
poetry	2
pluck	2
plotted	2
plots	2
plighted	2
pleasantly	2
pleading	2
plea	2
platform	2
plants	2
plant	2
plaints	2
plains	2
placid	2
pious	2
pinions	2
pined	2
pine	2
pilgrim	2
pick	2
petitions	2
petition	2
pestilence	2
perverted	2
persecutors	2
perpetual	2
permit	2
perjured	2
peris	2
pencil	2
pelf	2
pedestal	2
pearly	2
peaceful	2
pays	2
paved	2
patrons	2
patriarchs	2
paths	2
parlour	2
pardoned	2
parched	2
papist	2
panorama	2
pallid	2
pall	2
painted	2
paint	2
painful	2
pained	2
owner	2
owned	2
owen	2
owed	2
overflowing	2
outright	2
outlaws	2
ourselves	2
ottar	2
orders	2
ordained	2
olive	2
older	2
olden	2
oftentimes	2
offers	2
offerings	2
offering	2
observe	2
obscure	2
obligations	2
oblations	2
oave	2
nought	2
nook	2
noisy	2
nobler	2
ninth	2
nine	2
nile	2
nie	2
ni	2
newborn	2
nestles	2
nestle	2
nerve	2
nellie	2
needle	2
nearer	2
natures	2
natural	2
national	2
narrow	2
myrrh	2
murderer	2
murdered	2
mr	2
mounted	2
motive	2
moses	2
mortified	2
moored	2
moore	2
moonlight	2
monument	2
monarch	2
mock	2
moaned	2
moan	2
missions	2
minutes	2
minute	2
mingling	2
mimic	2
mills	2
milk	2
mile	2
messenger	2
merrily	2
mermaids	2
mermaid	2
merits	2
merely	2
mention	2
mental	2
melancholy	2
meditation	2
measures	2
meanness	2
mav	2
matters	2
matchless	2
masters	2
masterpiece	2
masonic	2
mask	2
marvellous	2
mariners	2
mare	2
mar	2
manly	2
maniac	2
manger	2
managed	2
maltreated	2
makkia	2
maker	2
maid	2
magic	2
madness	2
madman	2
machinery	2
luxury	2
lurid	2
lure	2
lucid	2
loyalty	2
lowborn	2
lovingly	2
lovesick	2
lore	2
looking-glass	2
longing	2
lone	2
lit	2
lip	2
lion	2
lingering	2
lind	2
limits	2
likewise	2
likeness	2
lightly	2
licensed	2
level	2
letter	2
lets	2
lessons	2
lesson	2
leisure	2
legs	2
legislators	2
legions	2
legends	2
lawful	2
lash	2
lascerating	2
languid	2
languages	2
lamps	2
ladder	2
lace	2
labyrinth	2
labouring	2
ko	2
knox	2
kneels	2
knaves	2
kissed	2
kings	2
kinds	2
kidron	2
kid	2
keeps	2
keeping	2
keepers	2
kay	2
k	2
justly	2
jury	2
june	2
joke	2
johnston	2
jest	2
jenkins	2
jeered	2
jeer	2
jaws	2
january	2
italy	2
italian	2
isr	2
islands	2
iron	2
irish	2
ior	2
io	2
invited	2
invested	2
inventions	2
invented	2
intervene	2
intertwined	2
interfered	2
intently	2
intent	2
intensely	2
intend	2
instructed	2
instinct	2
instead	2
installed	2
insolence	2
inquired	2
inquire	2
inflicted	2
infinite	2
infants	2
infantile	2
india	2
increasing	2
imt	2
impulse	2
imps	2
imprecation	2
imposed	2
implore	2
impenitent	2
impends	2
impending	2
impend	2
imparted	2
immersed	2
imbibed	2
il	2
ignoble	2
idly	2
ida	2
ice	2
hypocrisy	2
hymn	2
hurts	2
huntsman	2
hue	2
howl	2
houses	2
hound	2
hostess	2
horseman	2
horrid	2
horn	2
hooting	2
honeymoon	2
honey	2
honesty	2
holes	2
hog	2
hoarsely	2
hither	2
hisses	2
hies	2
hidden	2
hiccough	2
hi	2
heretofore	2
herd	2
herbage	2
helping	2
helped	2
heaving	2
hearty	2
heartstrings	2
heaps	2
heals	2
having	2
hatred	2
hat	2
hastened	2
hasten	2
harvest	2
harshness	2
harshly	2
harp	2
harmony	2
hark	2
happened	2
hanging	2
halter	2
hale	2
hailed	2
hag	2
habit	2
guthrie	2
gushing	2
gush	2
guns	2
guides	2
growled	2
growl	2
grovelling	2
gross	2
grieved	2
grieve	2
greek	2
greatly	2
graveyard	2
graved	2
grating	2
gratifies	2
grasp	2
granting	2
graceless	2
gown	2
goods	2
glow	2
gloats	2
glistened	2
gleam	2
gilded	2
gift	2
gibbet	2
georgia	2
generation	2
gazing	2
gates	2
garner	2
garlands	2
garb	2
games	2
gambolled	2
gallant	2
gall	2
gainst	2
g	2
furnished	2
fumes	2
fullness	2
fulfilled	2
fruition	2
fruitful	2
frowned	2
frost	2
friendless	2
fret	2
freshest	2
fox	2
fowl	2
foundling	2
fostered	2
fortunate	2
fort	2
forgotten	2
foretold	2
ford	2
forbidden	2
forbearing	2
flying	2
flume	2
flowing	2
florida	2
flaw	2
flask	2
fitting	2
fireman	2
finding	2
filthy	2
fight	2
fig	2
fifth	2
festive	2
festal	2
fervour	2
fervently	2
fervent	2
ferns	2
fellow	2
fee	2
fearless	2
fearing	2
fawning	2
favoured	2
faults	2
faultless	2
fault	2
farthing	2
fangs	2
famine	2
fairer	2
fain	2
failure	2
failings	2
fading	2
facts	2
faction	2
faced	2
fabric	2
eyed	2
extremely	2
extending	2
exquisite	2
exposure	2
expose	2
explore	2
exploded	2
explanation	2
experience	2
expand	2
exiles	2
exhilarant	2
executed	2
exclaim	2
excelling	2
excellent	2
example	2
exalted	2
exalt	2
ewe	2
everywhere	2
everyone	2
europe	2
estrangement	2
espoused	2
error	2
errands	2
erect	2
equals	2
envious	2
entreat	2
entrance	2
enticed	2
enterprise	2
enriched	2
enmity	2
enjoyed	2
england	2
engage	2
enforce	2
enduring	2
endued	2
ending	2
endeavour	2
encroach	2
encouraging	2
emulation	2
emphatic	2
emotions	2
emma	2
emits	2
embraces	2
embraced	2
embolden	2
embellished	2
elk	2
elf	2
elegant	2
election	2
elected	2
elders	2
effort	2
effected	2
edivard	2
economy	2
echoes	2
earnest	2
dyed	2
dwellings	2
dut	2
drum	2
drug	2
drowned	2
drooping	2
dressed	2
draped	2
dozen	2
doubting	2
dost	2
doomed	2
dm	2
division	2
disturb	2
distinction	2
distiller	2
dissolve	2
displays	2
dish	2
discover	2
discloses	2
directed	2
dinl	2
dim	2
different	2
diamond	2
dews	2
devour	2
devotions	2
devil	2
detested	2
detected	2
despondently	2
desperate	2
desolation	2
desired	2
designed	2
derry	2
derisively	2
derides	2
depth	2
depend	2
denouncing	2
denial	2
den	2
democrats	2
dell	2
delicious	2
delectable	2
deign	2
degrade	2
defile	2
defiance	2
defeated	2
defeat	2
deepest	2
deeper	2
deemed	2
declined	2
declares	2
declarations	2
dearer	2
dazed	2
daylight	2
dauntless	2
dashed	2
darker	2
dared	2
dance	2
damsel	2
dales	2
dale	2
dainty	2
cumbrous	2
cultivate	2
culprit	2
cuffs	2
crowned	2
crouching	2
crossing	2
crosses	2
crook	2
crew	2
creature	2
creating	2
crave	2
craft	2
coy	2
cow	2
cover	2
countries	2
counter	2
countenance	2
counsels	2
cough	2
costly	2
cords	2
coral	2
copestone	2
cooing	2
convince	2
converting	2
conversation	2
convenes	2
contrasted	2
contrast	2
continue	2
continent	2
contentment	2
contented	2
content	2
contended	2
contain	2
contagion	2
consumed	2
consternation	2
console	2
consolation	2
consigned	2
consider	2
congenial	2
confusion	2
conflict	2
confine	2
confided	2
condition	2
conclusion	2
concluding	2
conceals	2
concealed	2
completely	2
compact	2
commune	2
commence	2
combed	2
column	2
columbia	2
coloured	2
colour	2
collected	2
coldly	2
colder	2
coin	2
coffin	2
clue	2
club	2
cloudless	2
clotted	2
closing	2
clock	2
clio	2
clever	2
clean	2
classed	2
clarion	2
clap	2
clamour	2
circle	2
choosing	2
chivalry	2
chided	2
chewed	2
checked	2
chastened	2
charter	2
characters	2
character	2
chant	2
centurion	2
centred	2
censure	2
celestial	2
caused	2
castles	2
careworn	2
car	2
captured	2
captivate	2
caps	2
camp	2
calmly	2
california	2
caitiff	2
cage	2
cabbages	2
busy	2
burnished	2
burlesque	2
burial	2
burdens	2
buffeted	2
bud	2
brute	2
brows	2
briskly	2
briny	2
bringing	2
brilliance	2
brief	2
bridges	2
bridal	2
bribed	2
brethren	2
brazen	2
brand	2
branches	2
boyhood	2
bowing	2
bounty	2
bought	2
boozy	2
bond	2
boisterous	2
bob	2
blush	2
blot	2
blossoms	2
blooming	2
bloodstained	2
blasphemy	2
bites	2
billow	2
bewailed	2
bending	2
belt	2
belonged	2
believing	2
beings	2
beholding	2
beguile	2
begone	2
begins	2
beginning	2
beggars	2
beds	2
beaux	2
beauties	2
beasts	2
beast	2
bathe	2
bated	2
barred	2
barge	2
baptised	2
bans	2
banners	2
banished	2
ballot	2
balance	2
babbling	2
ayed	2
awoke	2
awkward	2
awakened	2
await	2
avoman	2
avoid	2
avhites	2
autumn	2
augusta	2
attentive	2
attendants	2
attendant	2
attach	2
atlantic	2
ate	2
assembled	2
aspiration	2
aspen	2
asking	2
asia	2
ascertain	2
arts	2
arrogance	2
arrest	2
aroused	2
ark	2
arbour	2
approval	2
approbation	2
approached	2
appearance	2
appealed	2
appeal	2
appal	2
apostle	2
apex	2
anointed	2
announce	2
amusements	2
amazing	2
almoner	2
alloy	2
allied	2
allay	2
allah	2
ajid	2
aimed	2
ailing	2
ahead	2
agonies	2
aggrieved	2
afire	2
affright	2
affords	2
afford	2
afflicts	2
advise	2
advance	2
admit	2
admiring	2
adkins	2
aching	2
achieved	2
accused	2
accursed	2
abused	2
abundance	2
abstinence	2
abode	2
aavay	2
^-	2
^,	2
\	2
?.	2
>	2
0	2
.']	2
.',	2
."'	2
!"	2
■wisdom	1
■.tei	1
■'>■!	1
■'><>	1
■'<>	1
■''little	1
■">'	1
•on	1
•'and	1
«?^	1
}".	1
}",	1
}!	1
|arabicprice|	1
{	1
zest	1
zephyrs	1
zadoc	1
z^	1
yrar^	1
yran^	1
yore	1
yonr	1
yoked	1
yeomen	1
yeomanry	1
yeoman	1
yemen	1
yellow	1
yearnest	1
year>t	1
yean	1
yeam	1
yawned	1
yawn	1
yaur	1
y(ar>t	1
xvnd	1
wt	1
wrung	1
writings	1
writing	1
writhings	1
writhes	1
wrings	1
wretcji	1
wrested	1
wrest	1
wreaked	1
wratli	1
wrapped	1
wranglings	1
wrangle	1
woven	1
wove	1
wound	1
wot	1
worshipped	1
worried	1
worms	1
worm	1
worldly	1
workmen	1
workers	1
wori	1
wool	1
woof	1
wooed	1
woodmen	1
wonjaq	1
wondrously	1
womanly	1
womankind	1
wojider	1
woeful	1
witty	1
wits	1
withstand	1
withholden	1
withers	1
withering	1
withdraws	1
withdrawn	1
witching	1
wisp	1
wisdon	1
wiped	1
wintery	1
windows	1
wily	1
wilted	1
willingly	1
willful	1
wildest	1
wigwams	1
widely	1
wh}^	1
whv	1
whoop	1
whomsoever	1
whoever	1
who've	1
whiter	1
whited	1
whispering	1
whirred	1
whirls	1
whims	1
whim	1
whether	1
whereon	1
whelp	1
whelks	1
wheel	1
wheedle	1
wheat	1
wflm	1
wet	1
westward	1
wert	1
wends	1
wended	1
well-bred	1
welkin	1
weigh	1
weekly	1
weeds	1
wee	1
weddings	1
weddim	1
weave	1
weather	1
wearisome	1
wearing	1
weariness	1
wean	1
wealtli	1
wdth	1
wdn	1
wdll	1
wdfe	1
wayward	1
wayside	1
wayfarer	1
waving	1
watery	1
waterloo	1
waterfalls	1
watchword	1
watchfulness	1
watchful	1
watchdog	1
washington	1
washing	1
warred	1
warmth	1
warms	1
warmly	1
warfare	1
wards	1
warders	1
warble	1
wao	1
wanderings	1
wanderer	1
walnuts	1
wallet	1
walled	1
walkepv	1
wales	1
wakens	1
waken	1
wake	1
wagon	1
waging	1
wages	1
wafer	1
waa	1
w^hite	1
vvore	1
vulgar	1
voyage	1
vowing	1
vouch	1
vou	1
voiceless	1
vnd	1
vitse	1
vitriol	1
vitals	1
vital	1
vistas	1
vista	1
visitors	1
visage	1
vipon	1
vipers	1
violets	1
violate	1
vinegar	1
vindictive	1
villas	1
villains	1
vii.^the	1
vigils	1
vigil	1
viewed	1
vie	1
victuals	1
vicious	1
vex	1
veteran	1
vestsments	1
vestment	1
vesta	1
vessels	1
veronica	1
vermin	1
verdure	1
verdict	1
verandas	1
ventures	1
ventured	1
venture	1
vented	1
vender	1
velvety	1
velvet	1
vekonica	1
veiling	1
vear	1
vase	1
vas	1
various	1
varieties	1
varied	1
vapours	1
vanish	1
vandal	1
valued	1
value	1
valedimry	1
vainly	1
vagrant	1
vagabond	1
vacillated	1
vacated	1
v^ij^^^^	1
u{)on	1
uu	1
utters	1
ut	1
urn	1
urgent	1
uphold	1
upheld	1
upbraids	1
upbraid	1
upas	1
uother	1
unyeilicg	1
unyeiled	1
unwittingly	1
unwise	1
unwilling	1
unutterable	1
unturned	1
untruth	1
untrodden	1
untarnished	1
unstable	1
unspeakable	1
unsheathed	1
unseen	1
unseals	1
unruflled	1
unrestrained	1
unrest	1
unrequited	1
unrelieved	1
unrelenting	1
unprotected	1
unprincipled	1
unpleasant	1
unpardoned	1
unparalelled	1
unon	1
unmask	1
unlicensed	1
unlawful	1
unjust	1
universe	1
universally	1
uninjured	1
unheeded	1
ungrounded	1
ungrateful	1
unfortunate	1
unfolding	1
unfit	1
unfermented	1
unfathomed	1
unequal	1
undyins	1
undivided	1
undertook	1
undertone	1
undertaker	1
understands	1
undergo	1
under	1
undecided	1
unclouded	1
unclosed	1
unclean	1
unchanging	1
unceasing	1
unbridled	1
unbidden	1
unawares	1
unavailing	1
un	1
uj	1
uit	1
uglier	1
ubiquitous	1
uad	1
u	1
tyrants	1
typical	1
types	1
type	1
twirled	1
twins	1
twinkled	1
twining	1
twine	1
twin	1
twil	1
twenty-five	1
tvvas	1
turkeys	1
turf	1
turbulent	1
ttie	1
tt?s	1
tt	1
tse	1
truthful	1
trusts	1
trustingly	1
trustful	1
trumpeter	1
trumpet	1
trump	1
truer	1
truant	1
truand	1
trt	1
trout	1
trough	1
troubling	1
troubadour	1
troth	1
tropics	1
trmislotlon	1
trivial	1
triumphed	1
triumphantly	1
trite	1
trips	1
trifles	1
trickled	1
trick	1
tribal	1
tremor	1
tremens	1
tremble	1
trebly	1
treated	1
treasury	1
treacherous	1
tray	1
travels	1
travelled	1
transported	1
translated	1
transient	1
transgress	1
transfixed	1
transferred	1
transcendently	1
transcendantly	1
transcendant	1
transcend	1
tramps	1
trample	1
traitors	1
training	1
trails	1
trailed	1
tragic	1
trafiic	1
traducers	1
traditions	1
tradition	1
traded	1
track	1
toys	1
towns	1
towers	1
towering	1
tough	1
touching	1
touchest	1
tottering	1
total	1
torrents	1
tormentors	1
tormented	1
tore	1
tophet	1
topers	1
toper	1
tongues	1
toml	1
tombstone	1
tom	1
toiler	1
tocsin	1
toast	1
tnanbling	1
tluis	1
tlispersed	1
tlirill	1
tliousands	1
tlijy	1
tlatterer	1
tl^e	1
tl\v	1
tjovehs	1
tjo\'k	1
tiy	1
tiume	1
tithes	1
titful	1
tiowers	1
tiove	1
tiocks	1
tioav	1
tinsel	1
tind	1
tin	1
timidly	1
timbrel	1
timber	1
tilled	1
tiiiki	1
tiie	1
tifty	1
tiesh	1
tides	1
ticket	1
thv	1
thundered	1
thundercloud	1
thunder	1
ths	1
thrusts	1
throws	1
thronged	1
thrones	1
throes	1
throe	1
throbbed	1
thrifty	1
thrift	1
thrice	1
threat	1
thread	1
thp	1
thousandfold	1
thoughtlessly	1
thorough	1
thirty-eight	1
thirsty	1
thing	1
thick	1
thf	1
thessaly	1
thereby	1
thereafter	1
there'd	1
theory	1
thenceforth	1
thence	1
thanks	1
thankless	1
thanking	1
thai	1
testified	1
tested	1
test	1
terrestrial	1
terrace	1
terminates	1
tenth	1
tenements	1
tenderest	1
tenants	1
tem})e	1
temporal	1
tempeuainck	1
tempests	1
tempered	1
temperan&e,0¥er	1
temperame	1
temper	1
tempekanck	1
tempe	1
temijerance	1
telling	1
telephone	1
tebbs	1
tease	1
tearing	1
team	1
tax	1
taunts	1
taunted	1
tauiit	1
tatters	1
tasty	1
tarried	1
tapped	1
tantalus	1
talons	1
tall	1
talks	1
talking	1
talisman	1
t.eagljer	1
system	1
syro	1
symphonious	1
sychar	1
sycamore	1
sworn	1
swollen	1
swill	1
swerve	1
swept	1
swelling	1
swelled	1
swearing	1
swaying	1
swarming	1
swarm	1
swans	1
swanlike	1
swaney	1
swallows	1
swain	1
sv	1
sutler	1
suspicions	1
suspense	1
suspected	1
susie	1
survivor	1
survive	1
survey	1
surrounds	1
surprisingl	1
surprised	1
surpassing	1
surj^rise	1
surgeon	1
surge	1
surf	1
surer	1
suppressing	1
suppressed	1
suppress	1
supposing	1
supposes	1
supposed	1
supplies	1
supplication	1
supertiuities	1
superstition	1
superintendent	1
superhuman	1
superbly	1
sunrise	1
sunder	1
summons	1
sulphureous	1
sullen	1
sulky	1
suits	1
suiting	1
suited	1
suggested	1
sugar	1
suflfering	1
sufiice	1
sufifered	1
suffused	1
sufficent	1
sufficed	1
succeeds	1
succeeding	1
subverting	1
substantial	1
substance	1
sublimely	1
subjugated	1
subjects	1
subjected	1
subduing	1
subdues	1
suasion	1
styles	1
stupor	1
stupendous	1
stunned	1
stumble	1
stuffs	1
study	1
studied	1
strut	1
struggled	1
strown	1
strongest	1
strolled	1
strode	1
stripe	1
strip	1
stringy	1
strictly	1
strictest	1
strict	1
strewn	1
strew	1
stretches	1
strengthened	1
strengthen	1
streamlets	1
streamlet	1
straight	1
stormy	1
stores	1
stor^^	1
stor3\	1
stor	1
stops	1
stoop	1
stony	1
stones	1
stoic	1
stockings	1
stipends	1
stipend	1
sting	1
stimulant	1
stiife	1
stigma	1
stifles	1
sterner	1
sterling	1
stem	1
steeple	1
steeped	1
steaming	1
steamer	1
steam	1
steals	1
steadily	1
stays	1
staves	1
statutes	1
statues	1
states	1
statements	1
statedly	1
starved	1
starry	1
starless	1
stares	1
stare	1
stanza	1
standard	1
stamp	1
stammering	1
stalls	1
stalks	1
stalked	1
stake	1
stair	1
stagnant	1
staggering	1
stage	1
stag	1
stabat	1
sta	1
ss	1
squirm	1
squealing	1
squandered	1
spy	1
spurred	1
spurn	1
sprouts	1
springing	1
sprightliness	1
spreading	1
spouses	1
sportsman	1
sporting	1
sported	1
spoils	1
spoiler	1
spn	1
splashing	1
spitting	1
spill	1
spikes	1
spies	1
spied	1
spheres	1
spends	1
spells	1
speedy	1
speedily	1
speed	1
speeches	1
spectrum	1
spectres	1
spectre	1
spectral	1
spectators	1
specious	1
spawning	1
sparsely	1
sparkle	1
spark	1
spangled	1
spake	1
spain	1
sows	1
sown	1
sowing	1
soverign	1
southern	1
southeast	1
source	1
soup	1
sounding	1
sounded	1
soulless	1
souled	1
soui	1
sougiit	1
sorest	1
sores	1
sorcery	1
sopestone	1
sop	1
soothed	1
sood	1
songsters	1
somewhere	1
somebody	1
solve	1
solomon	1
solemnly	1
solemnity	1
solemnise	1
sokliers	1
sojourning	1
sojourner	1
softl}^	1
softest	1
socially	1
sobs	1
sobriety	1
sobbed	1
soaring	1
sneering	1
snd	1
snatch	1
snarlingly	1
snarlifig	1
smr	1
smoking	1
smites	1
smiie	1
smih	1
slyly	1
slumlier	1
slumbered	1
sloth	1
sloping	1
slini	1
slimy	1
slighted	1
slie	1
slide	1
slaughtered	1
slates	1
slanderers	1
slanderer	1
slaked	1
slaia	1
slaflin	1
skulked	1
skim	1
skillman	1
skiff	1
sketch	1
size	1
sixty	1
sixth	1
sitting	1
sips	1
sinned	1
sinking	1
sinister	1
sings	1
singly	1
sinews	1
sincerely	1
sinc	1
simpers	1
simou	1
signifies	1
significant	1
signers	1
signalised	1
signalise	1
sighted	1
sift	1
siezure	1
sickly	1
sickle	1
sickening	1
si.\tii	1
si	1
shut	1
shuffling	1
shuddering	1
shrunk	1
shrubbery	1
shroud	1
shrock	1
shrined	1
shrieked	1
shriek	1
shrewdness	1
shrewdly	1
showy	1
shorn	1
shopman	1
shocking	1
shock	1
shipwreck	1
shine	1
shimmering	1
shimmered	1
shielding	1
shielded	1
shepherds	1
shelves	1
shells	1
shell	1
shedding	1
shearers	1
sheaf	1
sharpness	1
sharmins	1
sharing	1
shared	1
shapeless	1
shameless	1
shameful	1
shallow	1
shake	1
shai^	1
shades	1
sfleep	1
sfeason	1
sexton	1
sevier	1
severed	1
settles	1
settlements	1
settle	1
servitude	1
services	1
serenely	1
seraphs	1
seraphim	1
ser	1
sentinels	1
senses	1
senseless	1
senate	1
sells	1
selling	1
sellers	1
selfsame	1
self-denial	1
select	1
seething	1
sees	1
seep	1
seeking	1
seekest	1
seeing	1
seeiiis	1
securing	1
secreted	1
seclusion	1
secluded	1
seas	1
seared	1
searcli	1
searching	1
searched	1
seam	1
sealed	1
scrutinising	1
screral	1
screened	1
screech	1
screanjing	1
screams	1
screamed	1
scrapes	1
scowls	1
scowling	1
scourges	1
scoundrels	1
scottish	1
scorpions	1
scorns	1
scornfully	1
scored	1
scofi	1
scoffer	1
schoolboy	1
scholar	1
scheming	1
sce^e	1
scatters	1
scattered	1
scarfs	1
scared	1
scarcel}'^	1
scanty	1
scamp	1
scales	1
scaled	1
scale	1
sbeck	1
sayle	1
savoury	1
saving	1
saves	1
savage	1
sav	1
satisfy	1
satisfaction	1
satiety	1
sardsn	1
sarah	1
sank	1
sand	1
sanctified	1
samaritan	1
salutation	1
sale	1
saintly	1
sainted	1
sagacious	1
sacrifices	1
sacramental	1
sacrament	1
sabre	1
sabbase	1
sa's	1
sa	1
s<iuare	1
s3rvice	1
s3anpathetic	1
s3^mpathy	1
s'l	1
ruses	1
rural	1
runs	1
rung	1
rulere	1
ruit	1
ruiis	1
ruder	1
ruddy	1
rowed	1
route	1
rouse	1
rounds	1
rosebuds	1
rope	1
rooms	1
roof	1
rone	1
ronclusion	1
romp	1
romising	1
rolled	1
role	1
roisbie	1
rogues	1
rocky	1
rocking	1
rocked	1
roars	1
roaring	1
roams	1
roads	1
rm	1
rites	1
risen	1
ripen	1
ripe	1
riot	1
ringing	1
riley	1
rife	1
riding	1
riddle	1
richmond	1
richer	1
richard	1
rice	1
rhyme	1
rewrote	1
revolts	1
revived	1
reviling	1
reviled	1
reviewed	1
review	1
reverently	1
reverent	1
reverberating	1
revenge	1
revels	1
revelation	1
rev	1
reunited	1
returning	1
retreating	1
retiring	1
retinue	1
retains	1
retained	1
resurrectm	1
resuming	1
results	1
restraint	1
restrains	1
restrained	1
restoration	1
responded	1
respond	1
respite	1
resound	1
resorts	1
resolves	1
resists	1
resistance	1
resigned	1
residence	1
reside	1
reservation	1
resent	1
rescue	1
request	1
repulsed	1
republic	1
reproved	1
reproachfully	1
represents	1
reprehension	1
reported	1
replete	1
repining	1
repine	1
repents	1
repentence	1
repentance	1
repent	1
repeats	1
repeating	1
repeated	1
repealed	1
repay	1
rented	1
renowned	1
renewal	1
rends	1
rencav	1
remorse	1
remission	1
remington	1
rememl^er	1
remedies	1
remarking	1
remarked	1
rely	1
religious	1
relieves	1
relied	1
relics	1
reliant	1
releasing	1
released	1
relationship	1
relate	1
rejoices	1
rejoiced	1
rehoboam	1
regulate	1
regenerate	1
regards	1
regales	1
regale	1
refugee	1
refuge	1
refreshing	1
refreshed	1
reformation	1
reflectors	1
reflection	1
reflected	1
reflect	1
refinement	1
reeks	1
reeking	1
reed	1
reechoed	1
redoubles	1
redoubled	1
redmon	1
redman	1
redeeming	1
recreant	1
recounting	1
records	1
reconcilement	1
reconciled	1
reconcile	1
recompense	1
recognised	1
reckless	1
reciting	1
recite	1
recitation	1
receives	1
rebuked	1
rebuke	1
rebels	1
rebellious	1
rebelled	1
rearing	1
rear	1
reaping	1
reap	1
realise	1
readily	1
reaches	1
rcunarked	1
raze	1
rays	1
rayless	1
ravished	1
raves	1
rave	1
ratified	1
rates	1
rarest	1
rarer	1
rapine	1
rapacious	1
ransomed	1
ranks	1
rankling	1
ranger	1
rambles	1
rake	1
rainbows	1
rages	1
racked	1
rack	1
races	1
quote	1
quota	1
quiets	1
quickened	1
quick	1
question	1
quenches	1
quenched	1
quench	1
quell	1
queer	1
quavering	1
quarters	1
quarrel	1
qualms	1
quakes	1
quaked	1
quaffed	1
quaff	1
quadrupeds	1
qo	1
pushed	1
pursuits	1
pursuers	1
purling	1
purl	1
purjdose	1
purit}'^	1
pureness	1
purely	1
purchase	1
pup	1
pun	1
pulse	1
pulled	1
pull	1
pseudonym	1
psalms	1
prying	1
prudent	1
prudence	1
prowling	1
prow	1
provoking	1
provide	1
proven	1
proudest	1
protects	1
protection	1
protect	1
prostituted	1
prospects	1
proposes	1
prophecy	1
prophecies	1
pronounced	1
pronged	1
promulgate	1
promptness	1
promptings	1
prompting	1
promotion	1
promoted	1
promethean	1
prohibitory	1
progressed	1
programme	1
profusely	1
profits	1
profession	1
professed	1
profane	1
prof	1
produced	1
procured	1
procurator	1
procession	1
process	1
proceeds	1
proceeding	1
problem	1
probation	1
pro&ress	1
prized	1
privation	1
privacy	1
prisons	1
prisoned	1
prisoa	1
prismatic	1
prints	1
principles	1
primitive	1
prime	1
primaeval	1
pried	1
prevented	1
pretender	1
presumptuous	1
presumed	1
pressing	1
presided	1
preserved	1
presently	1
presentation	1
prescribed	1
presbyterian	1
presages	1
prepares	1
prepare	1
preparations	1
prejudice	1
preferred	1
prefer	1
preeminent	1
predilection	1
predicts	1
predictions	1
prediction	1
precisely	1
precipitous	1
precepts	1
preachers	1
preach	1
praying	1
prattled	1
prate	1
pranks	1
praising	1
prairie	1
practice	1
pr.atte	1
powerful	1
poverty	1
pots	1
potion	1
potent	1
posterity	1
posted	1
possibly	1
possession	1
possessing	1
possesses	1
posies	1
portrayed	1
portrait	1
portending	1
portal	1
pork	1
popular	1
poorly	1
pontiff	1
pondered	1
pollutions	1
polluted	1
politely	1
poise	1
pockets	1
pocket	1
pocahontas	1
po^'a	1
pnirie	1
ply	1
plunging	1
plumes	1
plumed	1
plumage	1
plum	1
ploughed	1
plotters	1
plot	1
plktte	1
plies	1
plenty	1
pledged	1
pleasing	1
pleases	1
pleasantl	1
pleadeth	1
plays	1
plaudits	1
platter	1
plate	1
plaintively	1
plainh^	1
plague	1
placing	1
pla	1
pl'^tte	1
pitying	1
piteously	1
pirit	1
pirates	1
pipe	1
pioneers	1
pioneer	1
pink	1
pinioned	1
pines	1
pilfered	1
pile	1
pihite	1
pigs	1
pies	1
pidation	1
pictures	1
pi.atte	1
pi.aite	1
pi	1
physician	1
photography	1
phosphorescent	1
philosophers	1
philip	1
philanthropy	1
philanthropists	1
philadelphia	1
phenician	1
pharisees	1
phantom	1
ph3'sician	1
pfilli	1
petulent	1
petulant	1
petal	1
pervading	1
persuaded	1
personate	1
person/llj	1
persians	1
permission	1
perjure	1
peril	1
perfected	1
perennial	1
perch	1
perceive	1
pensive	1
pennon	1
pennant	1
penn	1
pend	1
peltries	1
pellmell	1
pedigree	1
pebbles	1
peasants	1
peasant	1
peas	1
pearl	1
pear	1
paying	1
paxton	1
pavement	1
paused	1
pauper	1
patron	1
patriot	1
patrick	1
patriarch	1
patiently	1
patched	1
pat	1
pasture	1
pastimes	1
passionate	1
partings	1
particulars	1
partial	1
partakes	1
parson	1
parry	1
paroquets	1
paris	1
parian	1
parentless	1
parental	1
pardons	1
parching	1
paraded	1
par	1
paper	1
papa	1
panic	1
pang	1
pandora	1
panama	1
paltry	1
palms	1
pallet	1
palled	1
pales	1
palaces	1
paintings	1
pageantry	1
pageant	1
page	1
pagans	1
pagan	1
paddles	1
paddle	1
pace	1
p	1
owners	1
owl	1
owing	1
ow	1
ovk	1
overwhelming	1
overheard	1
overawed	1
outstretched	1
outside	1
outlook	1
outh	1
outdid	1
outcasts	1
outcast	1
ott	1
otiier	1
otier	1
orphsn	1
original	1
oriental	1
orient	1
orgies	1
ordei	1
orchestra	1
orbs	1
orbed	1
orb	1
oppressor	1
oppression	1
oppressing	1
opposite	1
opposes	1
opinions	1
operetta	1
opening	1
openhearted	1
opened	1
oozed	1
oonfideuce	1
oonclusion	1
oo	1
ome	1
oljjects	1
ok	1
ointment	1
oil	1
oiie	1
oihtr	1
ofttimes	1
oflsce	1
oflpers	1
ofleice	1
ofifer	1
ofiended	1
offspring	1
offend	1
oerhead	1
odour	1
oddly	1
octohi	1
occurs	1
occupied	1
occupation	1
obtained	1
observes	1
obliging	1
objection	1
object	1
obe}^	1
obeys	1
obeying	1
obedient	1
oath	1
oasis	1
oarsman	1
oar	1
o'erhowing	1
o'clock	1
nuts	1
nutmeg	1
nut	1
nuptials	1
numberless	1
numbered	1
nuisanse	1
nuisance	1
nsmd	1
ns	1
nr	1
novrmber	1
november	1
nourished	1
nourish	1
noticed	1
notice	1
notes	1
notar}^	1
notary	1
nostrils	1
nosed	1
nose	1
northern	1
noontide	1
noonday	1
nonsense	1
nolle	1
nol)ly	1
noisier	1
nod	1
nobility	1
njerry	1
nip	1
nimble	1
nil)race	1
nil	1
niind	1
nighty	1
nightmare	1
niche	1
nic	1
nianhood"s	1
niagara	1
newly	1
newfound	1
new.life	1
nevermore	1
nests	1
nest	1
ness	1
nerves	1
nehemiah	1
needing	1
nectar	1
necessities	1
neat	1
nearing	1
nearh	1
nbove	1
narrate	1
narhative	1
napkin	1
nameless	1
n\yrtle	1
myth	1
mystery	1
mysterious	1
myriads	1
my^quide	1
mvist	1
mv	1
muttered	1
mute	1
muss	1
musing	1
murmurs	1
murmured	1
murmerings	1
murky	1
murders	1
murderous	1
murderers	1
mumbling	1
multitudes	1
mulsfl	1
msrrmge	1
mrpenter	1
mrg	1
movirns	1
mouse	1
mournfully	1
mourned	1
mound	1
moulded	1
motors	1
motley	1
motherless	1
mother'vs^	1
moseby	1
mortgaged	1
morrow	1
morbid	1
mood	1
monuments	1
monthly	1
monstrous	1
monsters	1
moments	1
mom	1
molests	1
moisture	1
moderate	1
mocks	1
mockingbirds	1
mocking	1
mockers	1
mocked	1
moaningly	1
mnstlie	1
mn's	1
mm	1
mlin	1
mli^cellaneous	1
mknesg	1
mites	1
misty	1
mistaken	1
mist	1
missouri	1
missiom	1
missed	1
misplaced	1
misl	1
misguided	1
misfortunes	1
mischief	1
miscelluneous	1
mirrors	1
miracles	1
minor	1
minister	1
minions	1
minion	1
miniature	1
millstones	1
millionaire	1
million	1
millennial	1
millenial	1
mildly	1
midway	1
midsummer	1
midst	1
microscope	1
mice	1
methought	1
meteor	1
meted	1
messengers	1
mere	1
merchants	1
merchandise	1
mercantile	1
mentor	1
mentioned	1
mendicant	1
memories	1
memoriam	1
memor	1
members	1
melts	1
melt	1
melody	1
mellow	1
mein	1
meetings	1
meed	1
meditations	1
meditate	1
medical	1
mediator	1
meats	1
measured	1
meantime	1
meant	1
meaner	1
meaien	1
meads	1
mcelokjs	1
mcdonald	1
mc	1
maybe	1
max	1
mauy	1
maudlin	1
matronhood	1
matron	1
matinee	1
mates	1
mater	1
mass	1
masks	1
masked	1
marys	1
martyred	1
marts	1
martix	1
martha	1
marshals	1
marring	1
marries	1
marriagk	1
marriaf4e	1
marred	1
markiagk	1
markia(ie	1
markia	1
marked	1
mark	1
marj	1
marital	1
mariiage	1
mari	1
margin	1
mareli	1
marbu	1
maple	1
manufactured	1
mantles	1
mantle	1
mansions	1
manners	1
mannered	1
manna	1
manhood	1
mane	1
man'g	1
mammon	1
mamma	1
malignant	1
malediction	1
malady	1
makria(ie	1
makria	1
makkla<ik	1
makkiage	1
makkia*	1
majority	1
majorities	1
majestic	1
maintiaf	1
maintained	1
mailrragk	1
maijhiace	1
maiii	1
maidenhood	1
mahr[a(ik	1
mahhiagk	1
mahhiage	1
magnify	1
magnificence	1
magnetic	1
magnet	1
magistrate	1
magician	1
magical	1
madly	1
maddened	1
madden	1
m[scellaneous	1
m/	1
m.d	1
lyres	1
lyre	1
lut	1
luss	1
lurking	1
lures	1
lunch	1
luirst	1
luiiil>	1
lueen	1
lucre	1
lucerne	1
lsrr	1
loynl	1
loyers	1
loyer	1
loye	1
loyally	1
loyal	1
lowered	1
loveliness	1
lovel	1
lound	1
louis	1
lots	1
loth	1
losses	1
losing	1
loses	1
lordly	1
looms	1
loomed	1
longs	1
loneliness	1
lol	1
logs	1
logic	1
loftiest	1
lodging	1
lodestar	1
locks	1
lock	1
loaves	1
loathe	1
loan	1
loam	1
loaded	1
load	1
lo^■er	1
lo^'e	1
lo\'eks	1
lmd	1
lm	1
llower	1
lkurs	1
livid	1
lively	1
livelihood	1
liut	1
litts	1
litigation	1
litfuor	1
lists	1
listless	1
listener	1
lirabs	1
liquid	1
liow	1
lioral	1
linked	1
lining	1
lingered	1
linen	1
lindenwood	1
lincbs	1
liml)s	1
lime	1
lily	1
liked	1
liie	1
lighting	1
lighter	1
lifting	1
lifeguard	1
lid	1
lick	1
libert3'	1
liars	1
li(iuid	1
li([uor	1
lesser	1
lessen	1
leprous	1
leopard	1
lent	1
lengthened	1
lends	1
lek	1
legal	1
leaving	1
leapt	1
leaps	1
leaned	1
lean	1
leafy	1
leaflet	1
leafless	1
leadeth	1
leader	1
lea.8ure	1
ldvk	1
lawyers	1
lawn	1
lavished	1
lavish	1
laves	1
lasting	1
lassie	1
lasses	1
lartibs	1
lark	1
larger	1
largely	1
larceny	1
lar	1
languishing	1
lamenting	1
lamented	1
lamentations	1
lakelets	1
lain	1
lafayette	1
lads	1
ladies	1
ladened	1
lacking	1
lacerated	1
labarinthine	1
l>eanis	1
l)y	1
l)urdened	1
l)roke	1
l)osom	1
l)loom	1
l)liss	1
ks	1
koran	1
kobhie	1
knowing	1
knowest	1
knoll	1
knoavn	1
knoav	1
knife	1
kngel	1
kneeled	1
kmmum	1
kity	1
kitty	1
kitto	1
kittie	1
kino	1
kingfishers	1
kine	1
kindgom	1
kindest	1
kids	1
keys	1
key	1
kettles	1
kennel	1
ken	1
kemains	1
keg	1
kbool	1
kate	1
kaleidoscopic	1
k't	1
jvo	1
jusc	1
jurist	1
juries	1
jump	1
juice	1
judicious	1
judges	1
jt'^"/"//	1
jss	1
jrrmane	1
joyful	1
journeys	1
journey	1
journej^s	1
joui	1
jordan	1
joining	1
job	1
jniother	1
jnhj	1
jjride	1
jjove	1
jjlan	1
jji)\	1
jiefore	1
jibe	1
jewels	1
jet	1
jermane	1
jerked	1
jaundiced	1
jatuus	1
japan	1
januarj/	1
januanj	1
jane	1
jackal	1
ja^l	1
j^outh	1
j^ou'll	1
j)reside	1
j(/fd	1
iy	1
ixurder	1
ixfcame	1
ivy	1
ivove	1
ive	1
iu	1
itliss	1
italians	1
italia	1
isthmus	1
iste	1
issued	1
iss.l	1
israel	1
isoj	1
isog^	1
isn.j	1
isla	1
isj	1
isis	1
isaiah	1
isaac	1
is'so^	1
irresistible	1
irr	1
irom	1
irate	1
inward	1
involved	1
invoked	1
invocation	1
invitingly	1
invitation	1
investigation	1
investigate	1
invest	1
inverted	1
invention	1
invaded	1
inures	1
intrigue	1
intolerance	1
intimidations	1
intimation	1
intimacy	1
interview	1
intervals	1
interrupting	1
interring	1
interred	1
interprets	1
intermixed	1
intermingling	1
intermediate	1
interests	1
intercessory	1
intercessions	1
interceding	1
intensive	1
intense	1
intends	1
intending	1
intemperate	1
intemperance	1
intelligent	1
insured	1
insure	1
insults	1
instruction	1
instilled	1
instal	1
inspiring	1
inspire	1
inspected	1
insisted	1
inroanino	1
inmost	1
inloye	1
injustice	1
injured	1
injure	1
iniquitous	1
inherits	1
inherited	1
inhabit	1
informs	1
informed	1
informal	1
inflict	1
inflames	1
infirmity	1
infidels	1
infest	1
infernal	1
infatuated	1
infamy	1
inevitably	1
ineffable	1
inebriated	1
ine	1
industry	1
indulge	1
inducement	1
induced	1
induce	1
indiscretion	1
indigo	1
indignation	1
indignantly	1
indigence	1
indicate	1
independent	1
ind	1
incurred	1
incredible	1
income	1
including	1
inclining	1
inclement	1
incite	1
ince	1
incarnation	1
inaction	1
in'ight	1
impulsive	1
impudence	1
imprudent	1
improving	1
improved	1
imprisoned	1
impresses	1
impotent	1
imploringly	1
implicitly	1
impious	1
impetuous	1
impervious	1
imperious	1
imperial	1
impel	1
impartial	1
impaled	1
immortality	1
immense	1
immanuel	1
imagine	1
imagination	1
illumes	1
illicit	1
ill-used	1
ill-gotten	1
ill-bred	1
ijoyk	1
ijove	1
ijooth	1
ijlessed	1
ijet	1
ijegun	1
ijade	1
ij'tpil	1
iiowers	1
iind	1
iiis	1
iiesh	1
ihe	1
ignorance	1
ignis	1
ientiles	1
idols	1
idolatry	1
idlers	1
idleness	1
idiot	1
ideal	1
ia	1
i>a»\s	1
i.ear	1
i)roclaim	1
i)ounds	1
i)hrties	1
i)ass	1
i'salm	1
i'rars	1
i'pon	1
i'l	1
i'ilate	1
i'arewell	1
hymns	1
hyena	1
hydras	1
hydra	1
hy	1
hut	1
hush	1
hurting	1
hurriedly	1
hurling	1
hunting	1
hunter	1
hunt	1
hungry	1
hummingbirds	1
huml)led	1
humility	1
humiliation	1
humified	1
humblest	1
humbled	1
hues	1
hre	1
hows	1
hower	1
hovered	1
households	1
houries	1
houri	1
hotel	1
hot	1
hospitality	1
hospitalit3'	1
hose	1
hosanna	1
horses	1
horsemanship	1
horseback	1
horrors	1
horace	1
hopeless	1
hooks	1
hoodwinked	1
honeyed	1
honestly	1
hon	1
homk	1
homesteads	1
homespun	1
homer	1
hom	1
hollow	1
holiest	1
holies	1
holier	1
hole	1
holding	1
hoiiri	1
hoe	1
hod	1
hoavever	1
hoav	1
hoards	1
hnd	1
hkr	1
hissing	1
hissed	1
hirelings	1
hinges	1
hindrances	1
hince	1
hillock	1
hiljfrity	1
hile	1
highways	1
highvva}^	1
highly	1
highland	1
high-minded	1
hibernia	1
heyday	1
hesh	1
herself	1
heroic	1
herds	1
henr}'^	1
henky	1
henceforward	1
hem	1
helps	1
helmsman	1
helm	1
hei¥en	1
heirs	1
heights	1
hei	1
heedlessly	1
heedless	1
heeding	1
hedges	1
hectic	1
hebrew	1
heavenward	1
heaved	1
heat	1
hearthstone	1
hearth	1
hearted	1
hearest	1
hearer	1
healthful	1
haunted	1
haunt	1
haughty	1
hats	1
hating	1
hates	1
hateful	1
hastjhou	1
hastings	1
hastily	1
hashes	1
harvested	1
harps	1
harmless	1
hare	1
hardship	1
hardly	1
harder	1
hardened	1
harbours	1
harbour	1
harangue	1
happier	1
happ	1
hapless	1
hangs	1
hammer	1
haming	1
ham	1
halts	1
halting	1
halted	1
halt	1
halo	1
halcyon	1
hal	1
haired	1
hafiz	1
habitation	1
habiliments	1
h5fl	1
gusto	1
gun	1
gulped	1
guild	1
guet	1
guardsman	1
guarding	1
guarded	1
gt'ardsmen	1
grunt	1
grundps	1
grumble	1
gruff	1
groves	1
grounded	1
grottoes	1
grossly	1
grope	1
grog	1
groan	1
grit	1
grinned	1
grinding	1
grievous	1
grevious	1
greeting	1
greenville	1
greed	1
greatful	1
grccious	1
grazed	1
graze	1
gratify	1
gratified	1
grape	1
grants	1
grandma	1
grandly	1
grandest	1
granddaughter	1
grandchild	1
grain	1
graceful	1
government	1
governed	1
gory	1
gorged	1
goodwill	1
goodly	1
goodbye	1
gongolation	1
gondolier	1
gondolas	1
goldsmith	1
golconda	1
going	1
gods	1
goblin	1
goblets	1
goatg	1
goat	1
gnome	1
gloves	1
glove	1
glistening	1
glisten	1
glimpse	1
gliding	1
glides	1
glide	1
gleams	1
glassy	1
glasses	1
glaring	1
glance	1
girded	1
gilds	1
gice	1
gibes	1
ghostly	1
ghost	1
gestures	1
gesture	1
german	1
germ	1
george	1
geo	1
genuine	1
gentile	1
genius	1
gazed	1
gaunt	1
gaudy	1
gateway	1
gasps	1
gasping	1
gasped	1
garnished	1
gardener	1
gaols	1
gaol	1
ganges	1
gang	1
gamblers	1
gallery	1
gallantly	1
gales	1
gaining	1
fve	1
fury	1
furtherest	1
furrows	1
furnish	1
funds	1
fund	1
fun	1
fullgrown	1
fullest	1
fuil	1
ft'iiriiary	1
fry	1
frustrated	1
fructify	1
frowning	1
frosts	1
frolics	1
frock	1
frivolous	1
frightened	1
fright	1
friendshi	1
fri	1
frequently	1
frequented	1
freeman	1
freelaxxd	1
freed	1
fray	1
fraternities	1
frames	1
frailty	1
fragant	1
fourteen	1
founiain	1
founded	1
foughl	1
fou^"tain	1
foster	1
forty-eight	1
forty	1
fortnight	1
forthwith	1
forming	1
forgives	1
forgiven	1
forgetting	1
forgets	1
forgery	1
forfeited	1
forfeit	1
foreknew	1
foreign	1
forehead	1
fording	1
forded	1
forbade	1
footstool	1
footsore	1
foot	1
foolish	1
follows	1
following	1
foliage	1
foiled	1
foil	1
foeman	1
foaming	1
fm	1
flyincj	1
flyinc4	1
flushed	1
flush	1
flung	1
flows	1
flowery	1
flourished	1
flourish	1
flouring	1
flour	1
florae	1
floors	1
flock	1
floats	1
float	1
flo^ving	1
flippant	1
flimsy	1
flickering	1
flic	1
fleshman	1
fleeting	1
fleetest	1
flee	1
flcav	1
flavours	1
flattery	1
flatterers	1
flatter	1
flash	1
flannery	1
flan	1
flail	1
flags	1
flagellation	1
flag	1
fjiir	1
fiy	1
fitly	1
fists	1
firstborn	1
firmness	1
firmer	1
firma	1
firioe	1
fired	1
fiood	1
finny	1
fingers	1
finger	1
finely	1
fine	1
financial	1
fiiultless	1
fiill	1
fiiithful	1
fiiirl	1
figures	1
fighting	1
fifty	1
fife	1
fiercely	1
fier	1
fictitious	1
fiame	1
fiag	1
fevered	1
feud	1
festoons	1
festers	1
ferventl	1
fertile	1
fellowship	1
fellows	1
felled	1
feigned	1
feelingly	1
feeds	1
feeding	1
feebly	1
feasted	1
fearest	1
fciith	1
fcacs	1
fc	1
fays	1
fawn	1
favourite	1
fathcu	1
fat)led	1
fastened	1
fascination	1
fascinating	1
farms	1
farmers	1
farmer	1
fantastic	1
fans	1
fanned	1
fane	1
fancies	1
fancied	1
fanatics	1
fanatical	1
fan	1
famishing	1
faltering	1
faithless	1
faithfully	1
fainted	1
faded	1
fade	1
factor	1
factions	1
facing	1
facade	1
f'jars	1
eyesight	1
eyery	1
extracted	1
extolled	1
expounded	1
explained	1
expired	1
expire	1
expiate	1
expelled	1
expecting	1
expectancy	1
expandeth	1
exotic	1
exhibits	1
exhibition	1
exhibit	1
exert	1
exercised	1
exempted	1
execration	1
exclamation	1
exclaiming	1
exciting	1
excite	1
excel	1
exalts	1
exactly	1
exactions	1
evils	1
everlasting	1
everglades	1
evenings	1
evaded	1
evade	1
eu	1
ethereal	1
estimates	1
ester	1
establish	1
essential	1
essence	1
essed	1
esrth	1
espouse	1
escorted	1
escort	1
esar	1
erred	1
erewhile	1
erelong	1
erects	1
era	1
epithalamium	1
episode	1
epicure	1
eountry	1
eotasy	1
eoman	1
enveloped	1
entranced	1
entombed	1
entices	1
entice	1
enthral	1
entertained	1
entertain	1
ensue	1
ensnare	1
enslaving	1
ensign	1
enshrined	1
enrol	1
ennoble	1
enlisted	1
enlighten	1
enlarges	1
enlarge	1
enhanced	1
enhance	1
engraved	1
engrave	1
engorge	1
english	1
engleman	1
engagement	1
enga	1
enfl	1
endures	1
endow	1
endeth	1
endeared	1
encumbered	1
encouragement	1
encouraged	1
encourage	1
enclouded	1
enclianting	1
enchantment	1
enchain	1
enacting	1
enacted	1
emptied	1
employs	1
emperor	1
emit	1
emissaries	1
emerge	1
emerald	1
ements	1
embowers	1
embodies	1
emblazed	1
emblaze	1
embittered	1
embarrassed	1
embalm	1
elysium	1
elsewhere	1
eloquence	1
elms	1
elizabeth	1
elicit	1
elevate	1
elegance	1
electric	1
elbows	1
elated	1
ekato	1
eijato	1
eiiters.'\	1
eighth	1
eighteenth	1
egypt	1
effulgent	1
effulgence	1
effrontery	1
effete	1
effect	1
eemained	1
eegards	1
educated	1
edtvard	1
edtoard	1
economic	1
echoing	1
ecclesiastics	1
ebb	1
eating	1
eaten	1
eat^h	1
eat	1
earthquake	1
earthc^uake	1
earning	1
earnestly	1
earlier	1
eaid	1
during	1
dungeon	1
dues	1
ducks	1
drugged	1
drudges	1
drown	1
dross	1
droops	1
drone	1
droll	1
dripping	1
drinks	1
drinkers	1
drift	1
dries	1
dried	1
dresses	1
dresm	1
drear	1
drean.s	1
dreamy	1
dreadful	1
drdnk	1
drawn	1
drawing-room	1
drawing	1
draughts	1
draught	1
drapery	1
dragons	1
dragged	1
drag	1
drafts	1
dowry	1
doves	1
doul)ts	1
doubtless	1
doubted	1
double	1
doss	1
doors	1
don	1
dominion	1
domestic	1
domain	1
dolphin	1
dolorous	1
doll	1
doing	1
doffed	1
doe	1
doctrines	1
doctors	1
dkd	1
dizz}'^	1
divinity	1
divested	1
ditch	1
disturl)ed	1
disturbs	1
disturbed	1
distressing	1
distresses	1
distinctly	1
distinctions	1
distills	1
distilling	1
dissolving	1
dissipations	1
dissensions	1
dissemble	1
disregarding	1
disregarded	1
disregard	1
dispute	1
disposition	1
disposed	1
displeasure	1
dispersed	1
dispensation	1
disown	1
disorder	1
disobeyed	1
disobey	1
dismembered	1
dismayed	1
dismantled	1
dismally	1
dislikes	1
disliked	1
dishevelled	1
disgust	1
disguise	1
disgracefully	1
disdainful	1
discussed	1
discretion	1
discreetly	1
discreet	1
discordant	1
disclose	1
disclaimed	1
discharged	1
discharge	1
discern	1
disc	1
disburdened	1
disaster	1
disapprove	1
disappeared	1
disagree	1
disable	1
dirge	1
directions	1
direct	1
dipping	1
dipped	1
dip	1
dingy	1
dimpling	1
dimmed	1
dilate	1
diid	1
dignified	1
dig	1
dieil	1
didst	1
dictation	1
diamonds	1
dialect	1
diadem	1
devoutly	1
devote	1
devious	1
device	1
detraction	1
dethroned	1
detectives	1
detection	1
detain	1
destroyers	1
destroj	1
destro3'ed	1
destitution	1
destiny	1
despondency	1
despoil	1
despises	1
despairing'souls	1
despai'ing	1
desolations	1
desjiair	1
designs	1
deserving	1
deserved	1
deserts	1
descry	1
descendants	1
derive	1
derided	1
derfness	1
depot	1
depicted	1
departs	1
denying	1
densely	1
dens	1
denounces	1
denotes	1
denizens	1
demurely	1
demure	1
demosthenes	1
demonstrative	1
demolish	1
demesne	1
demeanour	1
demandeth	1
deliver	1
delirium	1
delighted	1
delayed	1
degrees	1
defying	1
deftly	1
defraud	1
defies	1
deferred	1
defended	1
defect	1
dedigition	1
decreed	1
decrease	1
decoyed	1
decoy	1
decorous	1
decorate	1
deconber	1
declines	1
declaring	1
decimating	1
deceptive	1
deception	1
decent	1
deceiving	1
deceiver	1
deceived	1
deceit	1
decaying	1
decay	1
decanter	1
debts	1
deaths	1
dearly	1
dealings	1
dealing	1
deal	1
deafnes	1
deadliest	1
daze	1
daybreak	1
davidella	1
date	1
dastard	1
dashes	1
dash	1
darts	1
darting	1
darlings	1
darkest	1
dares	1
dangerous	1
dances	1
dancers	1
danced	1
dan	1
dams	1
damp	1
damned	1
daisies	1
dais	1
daintiest	1
dainties	1
daguerrean	1
dagger	1
d	1
cyrenean	1
cypress	1
cynic	1
cverniore	1
cutthroats	1
customers	1
curtains	1
cursing	1
currents	1
curling	1
cured	1
cur	1
culture	1
cultivated	1
culled	1
crystal	1
crying	1
crutch	1
crushes	1
crush	1
crumbling	1
crumbles	1
crumble	1
cruelty	1
crowing	1
crowds	1
crowded	1
cropped	1
crop	1
crocodile	1
cringe	1
cricket	1
cri'v	1
cresop	1
creeping	1
credence	1
create	1
crazy	1
crazed	1
crawling	1
crawl	1
cravings	1
craving	1
craves	1
crash	1
craggy	1
crafty	1
craftsman	1
cower	1
covert	1
covers	1
cousin	1
courtship	1
courting	1
courtesies	1
courteous	1
courted	1
courses	1
coursed	1
couples	1
couple	1
county	1
counted	1
count	1
counselled	1
councils	1
coum	1
couch	1
cottage	1
cot	1
cosy	1
costumes	1
costs	1
correct	1
cornice	1
cornerstone	1
corner	1
cordials	1
copious	1
copied	1
cook	1
convulsively	1
convulsive	1
convulses	1
convictions	1
conviction	1
convicted	1
convict	1
conveys	1
converted	1
conversed	1
controversies	1
contrition	1
contrcjl	1
contrasting	1
contraste.l	1
contradiction	1
contradicted	1
contract	1
continues	1
contents	1
contention	1
contends	1
contending	1
contend	1
contemptible	1
contemplation	1
contemplate	1
containing	1
contained	1
contact	1
consummate	1
consumes	1
constellations	1
conspire	1
consorts	1
consoling	1
consists	1
consisted	1
consign	1
consecrated	1
consciences	1
conqueror	1
conquered	1
conjecture	1
conii)ly	1
conies	1
congregation	1
congratulate	1
confounded	1
conflagration	1
confirm	1
confinement	1
confiding	1
confide	1
confessor	1
conferred	1
conducts	1
conducted	1
conduct	1
condole	1
condescendingly	1
concurred	1
concourse	1
concord	1
conclude	1
conclave	1
concise	1
concert	1
concern	1
conceptions	1
conceited	1
conceit	1
concealment	1
comrade	1
compunction	1
comprehend	1
composure	1
comply	1
compliments	1
compliant	1
complexions	1
complexion	1
completed	1
complaisance	1
complaints	1
complacent	1
competence	1
compassed	1
company	1
common-sense	1
commodious	1
commission	1
commends	1
commendation	1
commenced	1
commandnhmt	1
commandments	1
commander	1
combine	1
comb	1
columns	1
colleges	1
college	1
collect	1
collapse	1
coj	1
coffee	1
code	1
cockrill	1
cock	1
coaxed	1
coals	1
coalesce	1
cloys	1
cloven	1
clouded	1
clothe	1
cloth	1
closet	1
closer	1
closely	1
cloak	1
climbs	1
cliff	1
clieer	1
cliarm	1
cleverly	1
clerk	1
clemency	1
clearness	1
clearest	1
clearer	1
cleansing	1
claws	1
classmate	1
classic	1
clasps	1
clapping	1
clank	1
clanging	1
claflin	1
civiv	1
civil	1
civic	1
ciushed	1
citizens	1
citizen	1
cities	1
cit	1
circumvent	1
circuit	1
circling	1
circles	1
circled	1
cinnamon	1
cinderella	1
cimson	1
cigars	1
cicmetkry	1
churn	1
churl	1
christopher	1
christain	1
choss	1
chooses	1
choirs	1
chirped	1
china	1
chimes	1
chime	1
chilling	1
childless	1
chifiin	1
chiefs	1
cherisli	1
cheese	1
cheerfulness	1
cheerfully	1
check	1
cheated	1
cheaper	1
cheap	1
chastisements	1
chastisement	1
chastised	1
chaste	1
chased	1
chase	1
charnis	1
charnel	1
charmingly	1
charmer	1
charities	1
charging	1
chaplets	1
chaplet	1
changes	1
chandeliers	1
chance	1
championship	1
chairs	1
chair	1
chagrined	1
chafes	1
cesar	1
ceremony	1
centre	1
cemetkry	1
cemeteky	1
cemetekv	1
cemeikkv	1
cellar	1
cejieterv	1
ceasing	1
ceaselessly	1
ce.m	1
cavern	1
cave	1
caucasian	1
catliolic	1
catholic	1
catfish	1
catch	1
catamount	1
cat	1
casts	1
castle	1
casket	1
cask	1
carried	1
carpet	1
carpenter	1
carousing	1
carols	1
carolling	1
careless	1
carefully	1
carcass	1
carbine	1
captive	1
caprices	1
capitol	1
cap	1
cant	1
canopy	1
canonised	1
canker	1
candour	1
candles	1
cancelled	1
canaan	1
camping	1
calnd	1
callahan	1
cajsar	1
cain	1
caiiidcn	1
caesar	1
cabins	1
c.^sar	1
c.^5sar	1
byword	1
buyers	1
burying	1
bursted	1
burnt	1
burns	1
burners	1
burietl	1
bundled	1
bulldog	1
bujdng	1
builds	1
builders	1
buckets	1
bubble	1
bu	1
brushed	1
brush	1
bruised	1
bruin	1
brooks	1
brooked	1
brisk	1
brincjs	1
brim	1
brightened	1
briefly	1
bribe	1
brewing	1
breathless	1
breathes	1
breathed	1
breasts	1
breaking	1
breaker	1
breach	1
brazil	1
brawl	1
braver	1
braved	1
brass	1
brain	1
brag	1
br^tlies	1
br9ther	1
bourn	1
bounteous	1
bounds	1
bounding	1
bottom	1
borrowed	1
borneo	1
boots	1
boons	1
boom	1
bonny	1
bonfires	1
bolted	1
boj	1
boiling	1
bodily	1
bodes	1
bobbed	1
boating	1
boasts	1
boastingly	1
boasting	1
bnt	1
blushes	1
blunt	1
blundering	1
blucher	1
blows	1
blooms	1
bloomed	1
bloodthirsty	1
bloodshot	1
blonde	1
blithe	1
blinded	1
blesses	1
bleared	1
blear	1
bleak	1
blazing	1
blazes	1
blaze	1
blasted	1
blaspheming	1
blasjihemer	1
blandishments	1
bland	1
blamed	1
blackness	1
bj	1
biting	1
bit	1
biscuit	1
birthday	1
bipeds	1
bills	1
billion	1
billets	1
bill	1
bigoted	1
big	1
bieath	1
biddings	1
bidding	1
bickerings	1
bicker	1
biassed	1
bewrayeth	1
bewitching	1
bewitch	1
bewildering	1
bewildered	1
bewails	1
bevvy	1
betwixt	1
betrothed	1
betrayer	1
bestowing	1
bespeak	1
besought	1
beseeching	1
bereavements	1
bereaved	1
berate	1
bequeath	1
bent	1
benign	1
benevolent	1
beneficence	1
bemoan	1
bellum	1
bells	1
believes	1
being	1
beholds	1
beholders	1
behaviour	1
beguiled	1
begs	1
beggared	1
beg^^ar	1
befriend	1
befoic	1
befalls	1
bees	1
bedew	1
beating	1
beaten	1
beat	1
bearded	1
beard	1
beaking	1
beak	1
beach	1
bctrothnl	1
baying	1
battling	1
baths	1
bathers	1
bathed	1
bath	1
basked	1
basins	1
basest	1
basement	1
based	1
barter	1
bars	1
barry	1
barren	1
bark	1
barges	1
bard	1
baral)bas	1
banquets	1
banks	1
baneful	1
ban	1
balsam	1
balmy	1
balloon	1
ballad	1
baleful	1
balcony	1
baker	1
bahuy	1
badly	1
badge	1
backward	1
babyhood	1
baby	1
axes	1
axe	1
awarded	1
awake	1
awaits	1
avrongs	1
avrath	1
avowed	1
avood	1
avocation	1
avithout	1
avith	1
avished	1
avisdom	1
avinsomely	1
avill	1
avhile	1
averted	1
averred	1
aver	1
avenger	1
avay	1
avaters	1
avarice	1
autocrat	1
authors	1
author	1
australia	1
austere	1
aurora	1
augments	1
aught	1
aufl	1
audacious	1
auburn	1
attracting	1
attitude	1
attic	1
attested	1
attempt	1
attained	1
attacked	1
attack	1
attaches	1
atoning	1
atmospheric	1
atire	1
atfliction	1
atfection	1
asylums	1
astonishing	1
astonif^hiu(^nt	1
assure	1
assurances	1
assurance	1
assume'l	1
assume	1
assuaged	1
assuage	1
association	1
associates	1
assistance	1
assigns	1
assent	1
assembly	1
assassins	1
assails	1
assaileth	1
aspired	1
aspire	1
aspirations	1
aspersions	1
asperse	1
aspect	1
asleep	1
ashamed	1
ascends	1
ascending	1
artless	1
artist	1
article	1
arrogate	1
arrogant	1
arrived	1
arrival	1
array	1
arrangements	1
arranged	1
arraigned	1
argued	1
arctic	1
architect	1
archie	1
arched	1
archangels	1
arch	1
arcana	1
arc	1
arbours	1
arbiter	1
aral	1
arabian	1
approving	1
approves	1
approve	1
appropriates	1
approaching	1
approaches	1
apprehended	1
appoint	1
apply	1
applies	1
applied	1
application	1
apple	1
applause	1
appearing	1
apparent	1
appareled	1
apostate	1
apologue	1
apal	1
anything	1
anu	1
antitype	1
anticipation	1
anticipated	1
ante	1
anon	1
anodyne	1
annoys	1
annoyed	1
annoyance	1
annoy	1
announcing	1
anniversary	1
anne	1
annas	1
annals	1
anna	1
anm	1
anj	1
animate	1
animals	1
anil	1
ani	1
anguisli	1
anguished	1
angrj	1
angelic	1
and^i	1
anchorite	1
anchored	1
ancestral	1
amiss	1
amidst	1
amend	1
amel	1
ambrosial	1
amazed	1
amaze	1
amanda	1
aloes	1
almighty	1
alma	1
alluring	1
allured	1
alighted	1
alight	1
alcohol	1
alcohofs	1
alarms	1
alarming	1
alarmed	1
alamard	1
al)ove	1
ain	1
ails	1
ailments	1
ailings	1
aijeil	1
aijed	1
aiflicted	1
aglow	1
agile	1
agent	1
agaivi	1
afterwards	1
aftertime	1
afternoon	1
african	1
aforetime	1
aflfairs	1
aflame	1
afjtd	1
afifection	1
afflict	1
affix	1
affectionate	1
affairs	1
affable	1
af/ed	1
aethereal	1
aesthetic	1
aerial	1
advocates	1
advises	1
adventure	1
advancing	1
adored	1
adoi)t	1
ado	1
admires	1
admire	1
adkinp	1
adjudicate	1
adjourned	1
adequate	1
adds	1
addressing	1
address	1
addison	1
adding	1
adage	1
acquitted	1
acquit	1
acquiring	1
acme	1
achievements	1
acfptl	1
accuses	1
accusers	1
accounts	1
account	1
according	1
accorded	1
accomplishments	1
accomplished	1
accomplish	1
accomj'lishmen'ts	1
acclimature	1
acclimated	1
access	1
accepted	1
academic	1
abuses	1
abuse	1
absurd	1
abstnice	1
abstain	1
absorbed	1
absorb	1
absent	1
abruptly	1
abram	1
abounds	1
abounding	1
abounded	1
abloom	1
ablaze	1
abject	1
abides	1
abhition	1
abel	1
abate	1
abased	1
aaron	1
aaguat	1
^ristian	1
^fiomemyed.q^	1
^^econi	1
^^^%^'	1
^[akuia<ie	1
^<s	1
^<?	1
^'s'i^	1
],	1
\hiry	1
\\itli	1
?}	1
??,	1
?.?,	1
>1	1
>.	1
<><;	1
<',	1
<	1
5jc	1
4'>	1
3^outh	1
2jf	1
2j	1
2i	1
2	1
1s7	1
1)}^	1
1	1
/^^\	1
//;	1
/.	1
/%	1
.]	1
.?,	1
...	1
.-	1
.'.'.	1
.'(■.	1
.'"	1
.".	1
--	1
-''-^	1
*•	1
******	1
),	1
)'.	1
({	1
(,	1
(){)	1
(),	1
('	1
'■>,	1
'■'',	1
'>"!	1
'<',	1
';	1
',	1
'*	1
'",	1
#=	1
"■	1
".	1
!■>	1
!•	1
!<	1
!;	1
!.	1
!-:	1
!),	1
!)	1
!''>,	1
!!;	1
