,	5860
and	2637
.	2497
the	2339
to	1415
"	1133
of	1119
in	928
a	856
i	825
;	714
—	707
you	622
all	584
my	517
with	435
that	419
for	379
'	379
his	377
is	354
be	342
we	338
it	317
he	315
as	302
|'s|	301
your	295
!	286
but	284
on	278
will	263
they	263
from	250
our	246
this	244
shall	240
was	237
at	223
their	221
are	219
by	218
not	206
then	200
me	196
there	194
have	190
dear	188
now	185
no	179
friends	179
one	178
or	176
so	175
when	164
may	162
more	161
who	158
here	158
how	153
him	151
."	151
ever	142
which	133
them	133
do	130
fair	129
|arabic2digit|	128
can	128
thy	123
happy	120
sweet	119
well	116
see	116
heart	116
us	115
:	115
what	112
up	111
let	111
good	111
day	109
were	106
each	106
time	105
should	105
would	104
life	102
long	101
god	101
where	98
love	97
if	97
go	97
must	96
her	96
nor	95
little	95
never	94
too	93
most	91
come	90
men	89
away	88
meet	87
every	86
many	84
|arabic1digit|	83
over	82
has	82
?	81
had	80
great	79
friend	79
through	78
an	78
while	77
thee	77
out	77
did	77
those	76
know	76
just	76
thus	75
some	75
ye	74
kind	74
young	73
soon	72
true	71
say	71
upon	69
like	69
though	67
death	67
these	66
years	65
its	65
could	65
old	64
hope	63
heaven	63
yet	62
again	62
far	61
both	60
give	59
way	58
take	58
earth	58
year	57
land	56
still	55
she	55
said	55
make	54
part	53
home	53
down	53
very	52
till	52
t	52
place	52
last	52
full	52
thou	51
made	51
such	50
prayer	50
than	49
children	49
much	48
bright	48
own	47
been	47
pure	46
poor	46
other	46
miss	46
man	46
temperance	45
tears	45
peace	45
once	45
mind	45
hearts	45
find	44
along	44
rest	43
days	43
think	42
tell	42
loved	42
tis	41
soul	41
s	41
pretty	41
night	41
keep	41
above	41
woe	40
first	40
back	40
world	39
right	39
name	39
farewell	39
done	39
thought	38
praise	38
hear	38
care	38
''	38
rich	37
live	37
found	37
ve	36
sure	36
song	36
grace	36
gone	36
before	36
son	35
sad	35
quite	35
oft	35
joy	35
die	35
cotton	35
better	35
am	35
sing	34
precious	34
parents	34
lord	34
adieu	34
(	34
youth	33
wife	33
two	33
sea	33
memory	33
free	33
county	33
about	33
|romannumeral|	32
often	32
lay	32
following	32
dead	32
)	32
without	31
shore	31
pray	31
end	31
truth	30
only	30
into	30
glory	30
fond	30
feel	30
face	30
tear	29
sight	29
near	29
lines	29
indeed	29
fine	29
call	29
unto	28
trust	28
since	28
new	28
mighty	28
grief	28
grave	28
delight	28
virtue	27
state	27
m	27
brother	27
bliss	27
blessed	27
beautiful	27
*	27
word	26
strife	26
scene	26
save	26
pass	26
get	26
few	26
cherished	26
appear	26
took	25
side	25
pay	25
pain	25
j	25
view	24
vain	24
need	24
died	24
country	24
alas	24
won	23
ruin	23
ladies	23
heard	23
hands	23
fearful	23
fame	23
deep	23
dearborn	23
d	23
cheer	23
called	23
why	22
we'll	22
sin	22
oh	22
none	22
mourn	22
maine	22
john	22
jesus	22
high	22
help	22
ground	22
dwell	22
book	22
blood	22
bless	22
written	21
wish	21
sorrow	21
sleep	21
sigh	21
power	21
pleasure	21
mrs	21
mother	21
hard	21
fall	21
cold	21
bride	21
boys	21
b	21
any	21
another	21
|arabic5+digit|	20
|arabic4digit|	20
|arabic3digit|	20
you've	20
twas	20
teacher	20
show	20
scenes	20
pole	20
please	20
muse	20
leave	20
kindred	20
hour	20
hand	20
hail	20
air	20
ago	20
you'll	19
yes	19
whom	19
warm	19
toil	19
thoughts	19
sun	19
short	19
same	19
roll	19
river	19
repose	19
re	19
prove	19
mary	19
jackson	19
holy	19
hence	19
flow	19
felt	19
father	19
early	19
daughter	19
clear	19
stay	18
spread	18
sellers	18
seek	18
round	18
pledge	18
pleasant	18
off	18
nought	18
morn	18
joys	18
husband	18
head	18
greet	18
flowers	18
fellows	18
faithful	18
even	18
close	18
brothers	18
bitter	18
best	18
beneath	18
banner	18
alone	18
white	17
until	17
told	17
three	17
small	17
saviour	17
rum	17
read	17
people	17
passed	17
mercy	17
lost	17
look	17
left	17
humble	17
house	17
honest	17
fill	17
fear	17
eyes	17
dust	17
cause	17
cast	17
came	17
beauty	17
ball	17
after	17
write	16
work	16
whose	16
west	16
voice	16
under	16
tribute	16
thrice	16
surely	16
sisters	16
ross	16
pleasing	16
perhaps	16
noyes	16
newcastle	16
mr	16
money	16
mine	16
might	16
join	16
infant	16
hopes	16
fly	16
fire	16
fell	16
feet	16
fail	16
clever	16
bid	16
around	16
arms	16
woes	15
wide	15
weekly	15
twill	15
times	15
things	15
stand	15
spend	15
sound	15
sister	15
proud	15
past	15
others	15
o	15
mournful	15
meeting	15
lots	15
light	15
health	15
golden	15
gold	15
glorious	15
general	15
friendship	15
foes	15
fled	15
enough	15
ear	15
does	15
crown	15
below	15
always	15
!"	15
welcome	14
turn	14
tribune	14
shed	14
seat	14
run	14
return	14
poetic	14
pious	14
obey	14
morning	14
loss	14
lives	14
king	14
i've	14
i'll	14
hymen	14
hold	14
given	14
fuller	14
fate	14
fatal	14
fare	14
divinity	14
church	14
change	14
can't	14
breath	14
brave	14
bow	14
bear	14
also	14
.,	14
•	13
wisdom	13
whole	13
washington	13
try	13
stream	13
solemn	13
single	13
room	13
rejoice	13
rather	13
put	13
prize	13
nice	13
n	13
mount	13
lovely	13
immortal	13
i'm	13
hill	13
hast	13
gave	13
fully	13
forth	13
forest	13
fast	13
else	13
elizabeth	13
dying	13
door	13
daughters	13
daily	13
cups	13
cherish	13
believe	13
behold	13
ah	13
age	13
abroad	13
wrought	12
words	12
weeping	12
weep	12
ways	12
sweets	12
strong	12
stone	12
speed	12
set	12
sent	12
seldom	12
seen	12
school	12
rule	12
race	12
present	12
prepare	12
peaceful	12
onward	12
neat	12
nations	12
mountain	12
merry	12
lived	12
learn	12
knew	12
kiss	12
judge	12
grateful	12
grand	12
fondly	12
faith	12
enjoy	12
doubt	12
cup	12
cross	12
christ	12
cares	12
canaan	12
born	12
being	12
babes	12
among	12
aid	12
■	11
worthy	11
wise	11
wear	11
want	11
tree	11
tread	11
thomas	11
story	11
stars	11
spirit	11
snow	11
sir	11
sinks	11
shout	11
sacred	11
ride	11
rhyme	11
reign	11
pupils	11
plain	11
pen	11
next	11
nature	11
myself	11
moment	11
loud	11
lie	11
language	11
keepsake	11
journey	11
jane	11
honour	11
half	11
grieve	11
evermore	11
drink	11
declare	11
choose	11
child	11
bread	11
bound	11
birds	11
beside	11
ask	11
art	11
anguish	11
works	10
wonder	10
wept	10
went	10
water	10
war	10
walk	10
use	10
thousands	10
taught	10
sung	10
steam	10
spot	10
sons	10
slumbers	10
shame	10
send	10
says	10
sabbath	10
remember	10
poem	10
painful	10
ones	10
nt	10
neither	10
millions	10
means	10
lightly	10
lead	10
late	10
joseph	10
inspire	10
human	10
himself	10
hall	10
grog	10
gain	10
future	10
form	10
flight	10
filled	10
fight	10
fancy	10
etc	10
dry	10
depart	10
dearest	10
dare	10
course	10
boy	10
blue	10
birth	10
bad	10
babe	10
anxious	10
almost	10
aged	10
worth	9
weary	9
warren	9
useful	9
used	9
track	9
throughout	9
thousand	9
thine	9
themselves	9
tale	9
taken	9
suffer	9
subject	9
storm	9
sought	9
soldier	9
smiling	9
smile	9
sky	9
sins	9
sign	9
sarah	9
rising	9
rice	9
request	9
reflections	9
red	9
reader	9
pride	9
price	9
parting	9
paint	9
p	9
open	9
occasion	9
nothing	9
modest	9
march	9
low	9
longer	9
lock	9
lies	9
lest	9
less	9
law	9
lady	9
lad	9
lack	9
judgement	9
james	9
i'd	9
hours	9
honoured	9
goes	9
gaol	9
freedom	9
fourth	9
fought	9
eye	9
exceedingly	9
due	9
doth	9
dark	9
corn	9
complain	9
charles	9
cash	9
brought	9
breast	9
bed	9
answer	9
angels	9
yonder	8
wrong	8
week	8
visit	8
unless	8
turned	8
truly	8
trembling	8
together	8
theme	8
tender	8
ten	8
summit	8
streets	8
stood	8
spent	8
slumbering	8
skill	8
skies	8
serve	8
sermon	8
seem	8
scarce	8
safe	8
ruined	8
rough	8
roar	8
rise	8
repeat	8
remain	8
relief	8
receive	8
raise	8
quiet	8
president	8
preserve	8
plenty	8
perfect	8
paths	8
native	8
names	8
music	8
mourning	8
mountains	8
morals	8
merit	8
magee	8
lose	8
lone	8
lofty	8
living	8
liberty	8
lend	8
least	8
lawrenceburg	8
laid	8
known	8
joined	8
interesting	8
increase	8
however	8
held	8
he'll	8
happiness	8
hair	8
gushing	8
guide	8
george	8
gallant	8
freely	8
forsake	8
foe	8
flower	8
fleeting	8
field	8
eternal	8
eliza	8
duty	8
dread	8
cruel	8
composed	8
coming	8
comes	8
clay	8
city	8
choice	8
charm	8
caught	8
brethren	8
boat	8
blessings	8
beloved	8
beat	8
base	8
band	8
awful	8
awake	8
attempt	8
aim	8
affection	8
address	8
add	8
abound	8
^	8
wright	7
wives	7
within	7
win	7
wherever	7
wealth	7
waters	7
wake	7
wait	7
tribes	7
treat	7
town	7
tomb	7
ties	7
tide	7
thing	7
taste	7
talk	7
syne	7
swift	7
swell	7
suddenly	7
strains	7
store	7
speak	7
south	7
soft	7
society	7
smiles	7
sleeps	7
sit	7
sighs	7
shun	7
selected	7
score	7
saw	7
rev	7
reform	7
readers	7
ray	7
poetry	7
pleasures	7
pleased	7
paper	7
pale	7
numbers	7
number	7
nigh	7
nay	7
nation	7
manchester	7
loving	7
liquor	7
letter	7
learning	7
lamented	7
joyful	7
improvement	7
improved	7
horse	7
henry	7
heavenly	7
having	7
hasten	7
haste	7
h	7
greatly	7
got	7
glad	7
four	7
forty	7
forgot	7
feeble	7
feast	7
family	7
fain	7
expect	7
everywhere	7
evening	7
eternity	7
endless	7
east	7
earthly	7
e	7
dunn	7
distant	7
dispense	7
didst	7
deadly	7
cupid	7
crushed	7
crowd	7
crouch	7
cries	7
cook	7
composition	7
comfort	7
claim	7
cheeks	7
chain	7
caused	7
burning	7
buried	7
broad	7
brilliant	7
bosom	7
boon	7
bloody	7
bleeding	7
bleed	7
beyond	7
behind	7
begun	7
become	7
because	7
although	7
alike	7
against	7
?"	7
*'	7
yours	6
yore	6
yield	6
wretched	6
wound	6
worship	6
william	6
whether	6
wave	6
virtues	6
verses	6
vast	6
untold	6
uncle	6
tune	6
triumph	6
tried	6
touch	6
tongue	6
toils	6
survey	6
summer	6
succeed	6
study	6
strength	6
strangers	6
stranger	6
stock	6
softly	6
sick	6
several	6
seven	6
scholars	6
saith	6
rushed	6
reward	6
record	6
reason	6
ready	6
rapture	6
purest	6
prose	6
pressed	6
placed	6
pink	6
peter	6
patriot	6
paid	6
original	6
ocean	6
obtain	6
notes	6
north	6
news	6
murder	6
mud	6
mortals	6
mortal	6
moral	6
moore	6
monument	6
months	6
moments	6
miller	6
mexico	6
met	6
matter	6
mark	6
manly	6
makes	6
linger	6
line	6
learned	6
laugh	6
large	6
lang	6
lane	6
kindly	6
itself	6
interest	6
intended	6
informed	6
ind	6
inclined	6
improve	6
impart	6
hymn	6
hurled	6
hung	6
honourable	6
heed	6
groom	6
goods	6
gives	6
gilbert	6
gentlemen	6
freemen	6
freeman	6
frail	6
foul	6
fortune	6
forget	6
follow	6
flowing	6
flourish	6
five	6
fellow	6
feels	6
feelings	6
feeling	6
express	6
evil	6
eve	6
ere	6
equal	6
embrace	6
easy	6
ease	6
dream	6
dr	6
dies	6
despair	6
department	6
delay	6
dee	6
david	6
dash	6
daniel	6
cut	6
cried	6
content	6
coffin	6
climb	6
classmates	6
christian	6
childhood	6
chaste	6
cease	6
case	6
brightest	6
brides	6
bold	6
board	6
blushing	6
blissful	6
blast	6
bird	6
bent	6
bank	6
awhile	6
asunder	6
ann	6
ample	6
amid	6
america	6
adore	6
acts	6
active	6
act	6
acrostic	6
^^	6
[	6
zion	5
yourselves	5
wing	5
winds	5
wind	5
whisky	5
whatever	5
wander	5
verse	5
unknown	5
union	5
understood	5
twould	5
twin	5
trump	5
troubles	5
tribe	5
treasure	5
torn	5
thunder	5
throw	5
thrilling	5
thick	5
text	5
teachers	5
swam	5
sustain	5
sudden	5
street	5
streaming	5
steel	5
star	5
space	5
sorrows	5
soil	5
sober	5
smith	5
sixteen	5
ship	5
sheet	5
shake	5
sever	5
seized	5
seeing	5
scores	5
science	5
schools	5
saved	5
sam	5
sake	5
rose	5
rolling	5
rocks	5
robert	5
roam	5
riven	5
richest	5
rests	5
response	5
repent	5
relate	5
redeeming	5
recount	5
rear	5
ran	5
quick	5
proved	5
pronounced	5
profusely	5
presence	5
pour	5
port	5
poets	5
poems	5
plummer	5
plough	5
plant	5
penitentiary	5
order	5
ohio	5
odd	5
numerous	5
newborn	5
neighbours	5
murmur	5
moving	5
moss	5
moon	5
minute	5
mills	5
mention	5
melting	5
mean	5
master	5
marks	5
making	5
mail	5
mad	5
lyre	5
lips	5
lewis	5
lengthy	5
led	5
leaving	5
knows	5
kindness	5
iron	5
instead	5
inherit	5
indiana	5
indian	5
improvements	5
ills	5
ill	5
hushed	5
hush	5
hunt	5
honours	5
homes	5
hath	5
harm	5
hark	5
guard	5
green	5
gospel	5
glowing	5
gloomy	5
glee	5
girls	5
girl	5
gentleman	5
gay	5
gathered	5
gained	5
funeral	5
freed	5
forthwith	5
former	5
forgiven	5
forbear	5
foot	5
fondest	5
foam	5
floor	5
flint	5
firmness	5
fertile	5
fears	5
farms	5
farmer	5
farm	5
famed	5
faint	5
f	5
except	5
errors	5
error	5
enjoyed	5
employ	5
either	5
efforts	5
duties	5
dumont	5
drunken	5
drowned	5
dreadful	5
dram	5
doggeries	5
dismay	5
disease	5
direct	5
dimes	5
deeply	5
deed	5
decay	5
darkness	5
danger	5
cry	5
crowns	5
cost	5
corrected	5
constant	5
conquest	5
conflicts	5
conclude	5
complete	5
common	5
colours	5
clouds	5
clime	5
cleave	5
citizens	5
chose	5
chase	5
chance	5
cents	5
celebrate	5
captain	5
canto	5
burying	5
bunker	5
bud	5
bring	5
break	5
body	5
bennett	5
begin	5
beauteous	5
attention	5
appropriate	5
appal	5
anthems	5
alcohol	5
agricultural	5
agreed	5
afflicted	5
accord	5
^'	5
.''	5
-	5
youthful	4
yourself	4
wrote	4
wreath	4
women	4
wisely	4
wires	4
winter	4
wings	4
wine	4
wicked	4
wheel	4
wharf	4
weight	4
weathervane	4
weak	4
watch	4
waste	4
washed	4
warning	4
warn	4
warmest	4
wail	4
w	4
vows	4
vice	4
venerable	4
utterly	4
unstrung	4
united	4
turning	4
trial	4
trees	4
trace	4
token	4
today	4
timely	4
thunders	4
thanks	4
thank	4
th	4
tend	4
teach	4
tarry	4
takes	4
swim	4
sweetly	4
supply	4
suitable	4
suit	4
struggle	4
stripes	4
stir	4
steal	4
standing	4
spring	4
spake	4
sore	4
songs	4
sometimes	4
snares	4
smoke	4
smiled	4
slain	4
slack	4
skaats	4
six	4
sip	4
sinners	4
sinking	4
silent	4
shrubs	4
shining	4
shine	4
sheep	4
share	4
severed	4
severe	4
sentiment	4
sell	4
self	4
seeming	4
seal	4
scenery	4
sat	4
saints	4
rushing	4
row	4
rope	4
robes	4
robbed	4
riot	4
rio	4
ring	4
rights	4
rider	4
richly	4
returned	4
retreat	4
respectfully	4
repast	4
referred	4
redstone	4
redeemer	4
redeemed	4
reclaimed	4
received	4
realms	4
rapid	4
raised	4
queen	4
quake	4
pursue	4
published	4
providence	4
promptly	4
proclaimed	4
proclaim	4
prized	4
pressing	4
press	4
preserved	4
presented	4
prepared	4
preachers	4
preach	4
prayers	4
prayed	4
powers	4
post	4
point	4
plunged	4
plight	4
play	4
platt	4
plains	4
pity	4
piatt	4
personal	4
permit	4
perished	4
perish	4
perchance	4
peacefully	4
pair	4
pace	4
ours	4
otherwise	4
oppressed	4
oak	4
noon	4
noble	4
niagara	4
neighbour	4
neglect	4
nearly	4
national	4
nancy	4
nag	4
move	4
motion	4
mirth	4
minds	4
miles	4
midnight	4
mid	4
mental	4
martin	4
married	4
mar	4
mangled	4
lucinda	4
loth	4
lot	4
lore	4
looks	4
looked	4
lo	4
lizzie	4
listen	4
lights	4
lightning	4
leaves	4
lays	4
lawrence	4
laurels	4
lasting	4
lands	4
kindest	4
keen	4
justice	4
jury	4
journal	4
johnny	4
introduce	4
intent	4
innocent	4
infants	4
independent	4
idle	4
hunter	4
hundred	4
hoosier	4
hills	4
hight	4
heretofore	4
hereafter	4
heavy	4
heaves	4
heartfelt	4
hate	4
harmony	4
hallowed	4
hallelujah	4
guilty	4
guilt	4
guess	4
grooms	4
groan	4
grieves	4
grande	4
gore	4
goodbye	4
glories	4
gloom	4
generous	4
gen	4
gaze	4
gather	4
fun	4
fruits	4
fruit	4
friendly	4
frame	4
fount	4
force	4
footsteps	4
float	4
fit	4
fires	4
fifteen	4
fields	4
fed	4
favourite	4
favourably	4
familiar	4
fairer	4
fade	4
expressed	4
explain	4
especially	4
escape	4
er	4
ephraim	4
entire	4
em	4
eat	4
dross	4
dressed	4
dress	4
dreams	4
draw	4
dove	4
doors	4
doomed	4
don't	4
domestic	4
dollars	4
doing	4
doctrine	4
distressed	4
display	4
depend	4
delightful	4
dedicated	4
deck	4
dearly	4
deal	4
darts	4
damsel	4
craft	4
court	4
contemplation	4
consort	4
conger	4
confess	4
company	4
community	4
command	4
colonel	4
col	4
clearly	4
class	4
clark	4
clad	4
chorus	4
choir	4
choicest	4
cheering	4
charms	4
charge	4
censure	4
celebration	4
catharine	4
busy	4
burial	4
broke	4
bowl	4
bowers	4
boundless	4
borrow	4
books	4
boldly	4
blow	4
birthday	4
bill	4
bereaved	4
beguile	4
beer	4
bathed	4
bask	4
bark	4
bade	4
aye	4
author	4
attend	4
atoms	4
asked	4
appeared	4
answered	4
angevine	4
andrew	4
amain	4
altogether	4
already	4
album	4
agree	4
agony	4
ages	4
admired	4
.'	4
zephaniah	3
you're	3
wonderful	3
won't	3
wither	3
withal	3
wiped	3
wipe	3
window	3
winding	3
willing	3
wilderness	3
wild	3
wield	3
whoa	3
whither	3
whirling	3
weather	3
walks	3
waking	3
vote	3
visions	3
virtuous	3
vine	3
victory	3
vessel	3
vanity	3
value	3
usefulness	3
upward	3
untimely	3
unite	3
unfurled	3
unborn	3
twenty	3
twentieth	3
twelve	3
truths	3
trusts	3
trouble	3
trod	3
triumphantly	3
tremble	3
travel	3
train	3
tragedy	3
towering	3
toward	3
tour	3
tongues	3
tokens	3
tinker	3
tie	3
throng	3
throne	3
threw	3
threescore	3
third	3
thence	3
tempestuous	3
tells	3
telegraphic	3
task	3
tarnish	3
tales	3
talents	3
table	3
sympathy	3
sympathise	3
swung	3
sweetest	3
sweeten	3
susan	3
survive	3
surprise	3
surging	3
surface	3
suppose	3
support	3
sunshine	3
succeeding	3
sublime	3
style	3
struck	3
strove	3
strike	3
strengthen	3
strange	3
stones	3
stick	3
stevenson	3
steer	3
steed	3
steamer	3
started	3
start	3
squirrel	3
spotless	3
spirits	3
spheres	3
span	3
sorrowing	3
soothe	3
sooner	3
somewhat	3
something	3
soldiers	3
sold	3
soar	3
snare	3
snap	3
slumber	3
sluggish	3
slow	3
sinner	3
simple	3
sighed	3
sickness	3
shut	3
shrieks	3
shock	3
sheriff	3
shade	3
seventeen	3
settled	3
separate	3
sentence	3
sends	3
seize	3
seems	3
secret	3
second	3
season	3
scroll	3
schoolroom	3
schoolmates	3
scattered	3
scaffold	3
saying	3
saucy	3
sank	3
sanctifying	3
salvation	3
safety	3
rush	3
roses	3
romantic	3
rolls	3
rolled	3
roberts	3
rivers	3
ripley	3
retain	3
restrain	3
resting-place	3
rescue	3
rend	3
reminiscence	3
rejoicing	3
reigns	3
regret	3
regions	3
refuse	3
reference	3
redemption	3
redeem	3
recollection	3
really	3
real	3
rash	3
rare	3
ransom	3
rally	3
quit	3
question	3
quell	3
push	3
purse	3
protect	3
prosper	3
prospects	3
prospect	3
pronounce	3
promising	3
proclaims	3
proceed	3
priest	3
prey	3
prefers	3
precepts	3
pranks	3
praises	3
practice	3
pownal	3
poverty	3
possessed	3
possess	3
position	3
portland	3
portion	3
porter	3
pork	3
pore	3
political	3
polished	3
poesy	3
places	3
pigs	3
piercing	3
performed	3
per	3
penitence	3
pause	3
path	3
passing	3
parted	3
pains	3
ought	3
orleans	3
oppose	3
omit	3
ode	3
obtained	3
numbered	3
note	3
nobly	3
nine	3
niece	3
needle	3
narrow	3
musing	3
murdered	3
mood	3
monsters	3
monster	3
mission	3
missing	3
milliken	3
mild	3
memento	3
melt	3
measured	3
meader	3
matthews	3
matchless	3
martial	3
mart	3
marked	3
manners	3
main	3
magic	3
looking	3
longley	3
lonely	3
list	3
length	3
lemon	3
leads	3
lawyer	3
lawrcnceburg	3
lament	3
lambdin	3
lake	3
lafayette	3
kings	3
july	3
joyous	3
jonathan	3
jessamine	3
islands	3
invitation	3
interested	3
intend	3
intemperance	3
intelligence	3
inspired	3
ink	3
infamy	3
indite	3
immense	3
ill-fated	3
huzza	3
host	3
hon	3
hoe	3
ho	3
history	3
hint	3
highest	3
higher	3
hers	3
hearty	3
hearted	3
hearing	3
headless	3
he's	3
haunts	3
harrison	3
happily	3
hannegan	3
handed	3
gushed	3
guile	3
groaned	3
grieved	3
gratitude	3
grain	3
grade	3
gracefully	3
gotten	3
glide	3
getting	3
gentle	3
genius	3
gazing	3
garden	3
gall	3
gabriel	3
funny	3
freeze	3
frantic	3
francis	3
fox	3
foundation	3
fostered	3
forsaken	3
forms	3
forever	3
ford	3
flown	3
flood	3
flit	3
flies	3
fleet	3
flee	3
flat	3
first-rate	3
firm	3
fireside	3
filthy	3
fifty	3
fervent	3
feed	3
fat	3
farther	3
false	3
fallen	3
fairs	3
fairly	3
fairest	3
fadeth	3
faces	3
extensively	3
exposed	3
execution	3
example	3
everything	3
eventful	3
esq	3
enjoying	3
engage	3
endure	3
ends	3
ended	3
encourage	3
enclose	3
emotions	3
emily	3
emeline	3
edward	3
editor	3
echoing	3
easily	3
eagle	3
dull	3
drive	3
drew	3
doom	3
doctor	3
divine	3
ditty	3
distress	3
disgraced	3
disgrace	3
discern	3
disappointed	3
disappear	3
direction	3
desired	3
designed	3
deserves	3
deserve	3
descending	3
delighted	3
defend	3
deepest	3
deemed	3
deeds	3
de	3
dawn	3
date	3
dart	3
dangers	3
current	3
crush	3
crimson	3
crimes	3
crime	3
crew	3
cream	3
craig	3
courage	3
countrymen	3
couch	3
corpse	3
convenient	3
control	3
containing	3
conjecture	3
confidence	3
commit	3
collier	3
co	3
cluster	3
cloud	3
climes	3
clara	3
circumstances	3
circle	3
cincinnati	3
chosen	3
chide	3
cheers	3
character	3
changes	3
changed	3
chair	3
chains	3
certainly	3
cell	3
ceased	3
catch	3
carpets	3
carefully	3
career	3
car	3
canst	3
calm	3
calls	3
california	3
cabin	3
butter	3
business	3
burden	3
brow	3
broken	3
british	3
brick	3
bought	3
boston	3
bore	3
boast	3
blot	3
blessing	3
blend	3
bled	3
blasdell	3
bind	3
between	3
bend	3
belong	3
beg	3
became	3
beast	3
battle	3
banners	3
bands	3
ay	3
awe	3
await	3
aught	3
attempted	3
assigned	3
articles	3
arrived	3
arm	3
arise	3
approve	3
approach	3
apply	3
appalling	3
apothegm	3
anthem	3
anon	3
amen	3
amaze	3
amanda	3
alternately	3
ahead	3
affliction	3
affecting	3
advice	3
added	3
adage	3
accomplished	3
absence	3
0	3
'^	3
',	3
""	3
«	2
{	2
you'd	2
york	2
yon	2
yoke	2
yellow	2
yards	2
yard	2
yankees	2
yankee	2
wrung	2
writing	2
writer	2
wretch	2
wrath	2
wrapped	2
worthless	2
worn	2
wood	2
woo	2
wont	2
wonders	2
wm	2
witty	2
witnessed	2
withered	2
wishing	2
wishes	2
windows	2
wilt	2
willow	2
wiles	2
widowed	2
whitney	2
whisper	2
whenever	2
whence	2
wheels	2
wheat	2
weeps	2
we've	2
waving	2
watts	2
watery	2
watched	2
wash	2
warring	2
warmly	2
ward	2
warbler	2
wanderings	2
waiting	2
wade	2
vrith	2
volunteers	2
void	2
vivid	2
vista	2
visits	2
visited	2
vise	2
vindicate	2
village	2
vigils	2
vicinity	2
viands	2
veto	2
vest	2
versed	2
venus	2
venture	2
vent	2
veins	2
vegetation	2
veering	2
van	2
valley	2
valiant	2
vales	2
vale	2
vainly	2
vacant	2
utmost	2
using	2
usher	2
urged	2
uprooted	2
unsullied	2
unnumbered	2
unkind	2
unites	2
unerring	2
undone	2
understand	2
unassuming	2
twenty-two	2
twenty-nine	2
twain	2
tub	2
trying	2
trusty	2
trusted	2
trunk	2
trough	2
trophies	2
trip	2
trice	2
treasures	2
treasured	2
trash	2
trap	2
transport	2
transplanted	2
tramp	2
traitor	2
tragic	2
traffic	2
traced	2
tow	2
tours	2
total	2
tossed	2
toned	2
toasts	2
tipplers	2
tiny	2
tints	2
thrown	2
thrills	2
thoughtless	2
they'll	2
they'd	2
therefore	2
thanksgiving	2
testimony	2
test	2
terms	2
tends	2
tending	2
tempted	2
team	2
taylor	2
tax	2
tasty	2
tastes	2
tars	2
talked	2
synopsis	2
sylvanus	2
swooned	2
swept	2
sway	2
swan	2
surviving	2
survived	2
suppressed	2
supposed	2
sunman	2
sunbeams	2
summers	2
suffered	2
success	2
subscribe	2
submit	2
subjects	2
sturdy	2
studious	2
stubbornness	2
stubborn	2
strung	2
struggling	2
struggles	2
strifes	2
stricken	2
strewn	2
stretch	2
streams	2
strangely	2
stories	2
steeps	2
steeped	2
steamboat	2
stealing	2
station	2
stands	2
standard	2
stain	2
stable	2
squandered	2
spreading	2
spray	2
sports	2
splendid	2
spite	2
spires	2
spell	2
specimens	2
special	2
speaks	2
speaketh	2
sparks	2
sparkling	2
southwest	2
source	2
souls	2
solid	2
solicitude	2
softest	2
soars	2
snell	2
smooth	2
smiths	2
smart	2
slept	2
sleet	2
sleeping	2
slay	2
slavery	2
slave	2
slamming	2
skilful	2
situated	2
sitting	2
sirs	2
sires	2
sire	2
sinful	2
sincerely	2
simon	2
similar	2
silvery	2
silvered	2
silver	2
silks	2
silence	2
sighing	2
sickly	2
siceet	2
shove	2
shoulder	2
shot	2
shortly	2
shores	2
shops	2
shop	2
shook	2
shoes	2
shelter	2
sheeted	2
shark	2
shades	2
setting	2
services	2
sequel	2
sept	2
sentiments	2
sense	2
sensation	2
sein	2
seemed	2
seeks	2
seas	2
search	2
screws	2
scorn	2
scold	2
scientific	2
scholar	2
scatter	2
scat	2
scanty	2
scale	2
saving	2
satan	2
sang	2
sands	2
samuel	2
sameness	2
salute	2
sainted	2
saint	2
sailor	2
sail	2
sadly	2
rulers	2
ruled	2
ruins	2
rude	2
roving	2
root	2
rode	2
rod	2
robe	2
roads	2
road	2
rills	2
rightly	2
rifle	2
ridicule	2
ridge	2
riddle	2
richard	2
rhoda	2
revolutionary	2
revive	2
revenue	2
reveal	2
returns	2
retrospect	2
retired	2
resuscitate	2
results	2
resting	2
responded	2
respected	2
resolved	2
rescued	2
report	2
repay	2
repair	2
removed	2
remembrance	2
religious	2
religion	2
relatives	2
rehearse	2
regain	2
refuge	2
refreshed	2
refined	2
reclaim	2
recital	2
reap	2
reached	2
reach	2
rapturous	2
ranks	2
rang	2
rain	2
railroads	2
railroad	2
quickly	2
quarter	2
pursuits	2
pursuit	2
pursued	2
purposes	2
purpose	2
purer	2
purchased	2
purchase	2
pupil	2
publicly	2
provide	2
proves	2
proudest	2
protecting	2
property	2
proper	2
promise	2
prolong	2
prohibition	2
profusion	2
profound	2
profit	2
profane	2
produced	2
produce	2
proclaiming	2
privations	2
prime	2
priceless	2
presuming	2
preservation	2
premise	2
pound	2
poultry	2
potatoes	2
portray	2
politician	2
poisoned	2
poison	2
poet	2
plunge	2
pluck	2
plead	2
plea	2
plays	2
played	2
platter	2
plan	2
plaintiff	2
plainly	2
pistols	2
pioneers	2
pine	2
pilgrimage	2
pierced	2
pierce	2
picture	2
philadelphia	2
pervade	2
perpetrated	2
perform	2
penny	2
pegassus	2
peddle	2
peculiar	2
peas	2
patrons	2
patience	2
patent	2
passeth	2
passer	2
passage	2
parts	2
partings	2
parties	2
parlour	2
parent	2
pardon	2
pard'ning	2
parade	2
panther	2
pang	2
palaces	2
paints	2
pages	2
pa	2
owned	2
overly	2
overcome	2
overboard	2
oration	2
older	2
officers	2
office	2
offer	2
odes	2
oceans	2
occurrence	2
occurred	2
occur	2
occupy	2
observe	2
object	2
obedience	2
oar	2
nursing	2
noticed	2
noted	2
nose	2
northeast	2
nobler	2
nigher	2
nicholas	2
nerve	2
needlework	2
neck	2
neatness	2
nathan	2
naked	2
mystic	2
muskets	2
murmured	2
moves	2
movement	2
moved	2
mounts	2
mounted	2
mothers	2
moses	2
morris	2
month	2
molest	2
modestly	2
moaning	2
mite	2
missed	2
misery	2
mischief	2
ministry	2
minister	2
midst	2
methinks	2
messengers	2
messenger	2
message	2
merrit	2
merchants	2
melody	2
meets	2
meek	2
mechanic	2
measures	2
measure	2
meanest	2
mccracken	2
matilda	2
mates	2
match	2
marvellous	2
martha	2
mariner	2
margaret	2
marble	2
mansion	2
manner	2
mankind	2
majestic	2
ma	2
lynn	2
lynes	2
luxury	2
luxuries	2
luther	2
lustre	2
lucy	2
lu	2
lozier	2
lowly	2
louisa	2
loom	2
longings	2
longing	2
loiter	2
log	2
locks	2
lit	2
listening	2
linsey	2
lingering	2
linen	2
limpid	2
lightnings	2
lid	2
licence	2
letters	2
lesson	2
legal	2
leaf	2
leaden	2
laying	2
laws	2
laughed	2
latest	2
larger	2
lambs	2
lakes	2
labours	2
laboured	2
labour	2
knowest	2
knock	2
knee	2
knave	2
knapp	2
kitchen	2
kingdom	2
killed	2
kept	2
kelso	2
k	2
juvenile	2
justly	2
june	2
julia	2
journeying	2
jordan	2
jones	2
johnson	2
job	2
jews	2
jacob	2
isaac	2
inviting	2
interview	2
interred	2
interpose	2
intelligent	2
instrumental	2
institutions	2
institution	2
inspiring	2
inscribe	2
inquiry	2
ing	2
influence	2
industry	2
inducements	2
indians	2
impudent	2
implore	2
impending	2
impatient	2
immortality	2
iij	2
idea	2
icy	2
ice	2
ia	2
hungry	2
hugh	2
hottest	2
hot	2
horror	2
horrid	2
horrible	2
hoping	2
hoped	2
homeward	2
holmes	2
hollow	2
holes	2
hind	2
highly	2
hickory	2
herself	2
herring	2
hereby	2
henceforth	2
helps	2
helm	2
helen	2
hedge	2
heavens	2
heave	2
heat	2
heartrending	2
hears	2
healthy	2
haynes	2
hayloft	2
hayes	2
hawk	2
hates	2
hateful	2
hastening	2
harriet	2
harps	2
harp	2
hardy	2
hardships	2
hardly	2
happier	2
hang	2
halls	2
halloo	2
hallelujahs	2
gurgling	2
growing	2
grow	2
grove	2
groans	2
groaning	2
griefs	2
grey	2
greets	2
greetings	2
greeting	2
greeted	2
greatness	2
greatest	2
greater	2
graves	2
gratefully	2
grass	2
grant	2
gracious	2
gory	2
gorgeous	2
goodwin	2
goodness	2
godfrey	2
goal	2
glittering	2
glance	2
gladly	2
gently	2
gaudy	2
garland	2
gallantly	2
gainst	2
g	2
fruitful	2
fret	2
fresh	2
freaks	2
fraught	2
france	2
fourteen	2
forum	2
fork	2
forgotten	2
forests	2
foreign	2
forehead	2
foregoing	2
forced	2
fools	2
folly	2
fold	2
flying	2
fluttering	2
flowed	2
flocks	2
firmly	2
finger	2
finest	2
final	2
fills	2
filling	2
fifth	2
fiddle	2
ferris	2
fee	2
feathered	2
fearfully	2
favour	2
fathers	2
faster	2
farmers	2
far-famed	2
fancied	2
fan	2
falter	2
falls	2
faithfully	2
fainting	2
fades	2
fadeless	2
fact	2
exulting	2
extended	2
expression	2
expire	2
expedient	2
expected	2
exercise	2
exclaims	2
exchange	2
excepted	2
exceeding	2
everlasting	2
et	2
essay	2
eschew	2
escaped	2
erasmus	2
equality	2
epitaph	2
envy	2
entwine	2
entombed	2
entirely	2
enterprise	2
entered	2
enter	2
enrolled	2
endeavour	2
enabled	2
en	2
eminent	2
emblem	2
eloquent	2
elements	2
elegy	2
electric	2
elected	2
elect	2
elder	2
eighteen	2
eggleston	2
editorial	2
ed	2
earn	2
dwelling	2
dutiful	2
during	2
durbin	2
duly	2
drunkeness	2
drunkard	2
drown	2
drove	2
drop	2
driven	2
drinks	2
drear	2
dreamless	2
dreaming	2
drawn	2
drank	2
drain	2
dozen	2
dowden	2
don	2
dome	2
dolls	2
dollar	2
dogs	2
dodging	2
divorce	2
divinely	2
disturb	2
distinctly	2
dissolute	2
discovered	2
discharge	2
disasters	2
disagree	2
dime	2
different	2
diction	2
diadem	2
dew	2
devil	2
detain	2
desolation	2
desirous	2
desires	2
desire	2
description	2
describe	2
descend	2
depth	2
deny	2
delights	2
defendant	2
defence	2
defeat	2
dedication	2
decree	2
declares	2
decently	2
deathless	2
dearth	2
dears	2
dean	2
davis	2
dashing	2
dashiell	2
dancing	2
dame	2
dale	2
dagger	2
cursed	2
cultivate	2
crucified	2
crookshank	2
crieth	2
creek	2
credit	2
creation	2
crave	2
covers	2
covered	2
counsel	2
cottons	2
corruption	2
correct	2
corner	2
cooper	2
cool	2
convulsed	2
conviction	2
convict	2
contrast	2
contracted	2
contentment	2
contention	2
consumed	2
consider	2
consequently	2
consent	2
consecrated	2
conscious	2
conquering	2
connexion	2
confession	2
condition	2
conclusion	2
concluding	2
concern	2
concealed	2
comrades	2
comprehend	2
compelled	2
compared	2
commenced	2
comic	2
cometh	2
collapsed	2
coarse	2
closing	2
closer	2
closed	2
clings	2
cling	2
clementine	2
clashing	2
civil	2
citizen	2
cities	2
churches	2
christians	2
chick	2
cheek	2
check	2
charter	2
charlie	2
chant	2
chandler	2
certain	2
cells	2
celebrated	2
cavern	2
cataract	2
castle	2
carriage	2
carousal	2
canvas	2
cannon	2
canals	2
calling	2
bursting	2
burnt	2
buena	2
bruce	2
brows	2
brown	2
brings	2
briggs	2
breeze	2
breathed	2
breathe	2
bravest	2
brandy	2
branches	2
bows	2
bounty	2
bodies	2
bluff	2
blows	2
blooms	2
bloom	2
blind	2
blights	2
bleeds	2
blaze	2
black	2
bis	2
biography	2
bills	2
billows	2
bestow	2
beset	2
benjamin	2
bending	2
bemoaned	2
beheld	2
begins	2
beggs	2
bedsaul	2
becomes	2
beauties	2
beating	2
bars	2
bare	2
bard	2
balance	2
awoke	2
aware	2
awaits	2
avhere	2
avenge	2
ave	2
avail	2
autograph	2
auspicious	2
aurora	2
augusta	2
attempting	2
atone	2
atlantic	2
astray	2
assembled	2
asleep	2
aside	2
ascended	2
arrival	2
arrested	2
arrest	2
apt	2
applied	2
applaud	2
appearances	2
apace	2
anything	2
anticipated	2
annoy	2
angel	2
anew	2
anderson	2
amply	2
amos	2
alvira	2
aloud	2
alongside	2
alloy	2
alleluia	2
allege	2
alive	2
alice	2
alcy	2
albums	2
alarm	2
alanson	2
ain't	2
aik	2
aie	2
agreeable	2
afford	2
affected	2
affairs	2
affair	2
ae	2
advise	2
advance	2
adorn	2
admonition	2
admit	2
adds	2
addressed	2
addison	2
adam	2
acted	2
across	2
aching	2
abuse	2
abundance	2
absent	2
abram	2
abode	2
able	2
abigail	2
abandoned	2
^*	2
]	2
\	2
?)	2
4th	2
.)	2
**	2
).	2
'•	2
&	2
"'	2
!!!	2
■■■	1
■worlet	1
■when	1
■was	1
■'■rum	1
■'fine	1
•■»	1
•was	1
•leaning	1
•'■hub	1
•'	1
}	1
zest	1
zephyrs	1
zens	1
zealously	1
zealous	1
zadok	1
yure	1
yreiiy	1
youwe	1
youths	1
youngster	1
youngest	1
youi	1
yorktown	1
yesj	1
yearsy	1
yean	1
yea	1
y	1
xquisite	1
xeepsake	1
x/et	1
wyley	1
wuhout	1
wrongs	1
wronged	1
writings	1
wringing	1
wreck	1
wrap	1
wpp	1
wow	1
wove	1
wounded	1
wouldn't	1
worse	1
wormwood	1
worm	1
worldly	1
wore	1
woods	1
woodlark	1
wonted	1
woman	1
wolf	1
woke	1
wlio	1
wlien	1
witnesses	1
witness	1
withering	1
wit	1
wished	1
wisest	1
wire	1
wipes	1
wink	1
wimi	1
williaii	1
willi	1
wilder	1
wilcox	1
wiedtestaot	1
widowhood	1
widespread	1
wider	1
wickedly	1
wiai	1
whosoever	1
whoops	1
wholesome	1
who'll	1
whitewater	1
whitehead	1
whips	1
whip	1
whereupon	1
wherein	1
wherefores	1
wherefore	1
where'ersoe'er	1
whale	1
wglcome	1
wet	1
western	1
wero	1
wends	1
weimer	1
weights	1
weighing	1
weighed	1
weeks	1
weeds	1
weed	1
wednesday	1
wedding	1
weariness	1
weal	1
we're	1
wdien	1
wc	1
waxen	1
waves	1
wavelet	1
waved	1
waterman	1
watchword	1
watching	1
watchful	1
wasting	1
wasted	1
washingtonian	1
washing	1
warrior	1
warfare	1
wares	1
ware	1
warden	1
warbling	1
wantonness	1
wanted	1
wandered	1
walter	1
walls	1
wakefulness	1
wakeful	1
wags	1
wagon	1
wafer	1
wades	1
waded	1
vvain	1
vulgar	1
vs	1
vrhole	1
voyages	1
voyage	1
voting	1
volume	1
volley	1
voices	1
vjride	1
visitation	1
vision	1
visage	1
violets	1
violet	1
violently	1
violence	1
violate	1
villages	1
vile	1
views	1
viewing	1
viewed	1
vies	1
vie	1
victorious	1
victoria	1
victim	1
vic	1
vialed	1
vi'here	1
vexed	1
vexatious	1
vexation	1
vex	1
vevay	1
veteran	1
versailles	1
verily	1
verified	1
veriest	1
verge	1
verdict	1
verdant	1
verd	1
vera	1
vengeance	1
velocity	1
vehere	1
veer	1
vaunting	1
various	1
varies	1
vanished	1
valour	1
valorous	1
valiantly	1
vailed	1
vagabond	1
vade	1
vacq^nt	1
v^^e'll	1
utter	1
utopean	1
utile	1
utensils	1
ushered	1
useless	1
usages	1
urging	1
urge	1
ure	1
upside	1
uproarious	1
upright	1
uow	1
unyielding	1
unwise	1
unwaveringly	1
unutterable	1
untuned	1
unthinking	1
unsuspecting	1
unsung	1
unsought	1
unsoiled	1
unscathed	1
unrivalled	1
unreasonably	1
unpaid	1
unnoticed	1
unnamed	1
unmixed	1
unmarked	1
unloose	1
unlocked	1
unjust	1
universal	1
unison	1
unions	1
uniform	1
unhurt	1
unholy	1
unheeded	1
unhappy	1
ungrateful	1
ungovernable	1
unfold	1
unfokgotten	1
unexpected	1
uneven	1
undying	1
undoing	1
undistinguished	1
undertaking	1
undertake	1
understands	1
underneath	1
undermine	1
underhill	1
undergo	1
unconscious	1
unclasp	1
unceasing	1
unbounded	1
unawares	1
unable	1
um	1
uise	1
uile	1
u	1
tyrants	1
tyrant	1
tyler	1
twister	1
twist	1
twirling	1
twinkle	1
twine	1
twilight	1
twice	1
twere	1
twenty-five	1
twenty-eighth	1
twelvemonth	1
twelfth	1
twang	1
tuttle	1
turnpikes	1
turnips	1
turner	1
turkeys	1
tuns	1
tunes	1
tuition	1
tuiii	1
tucker	1
truthful	1
trusting	1
trumpet	1
truest	1
truej	1
truck	1
trow	1
troubled	1
trotting	1
trooper	1
trofessorg	1
triumphs	1
triumphant	1
trifling	1
trifle	1
tricks	1
trickling	1
trickery	1
tributes	1
tribunal	1
trials	1
trenton	1
tremendous	1
tremblingly	1
treats	1
transpired	1
transit	1
transgressors	1
transcends	1
transcendently	1
tranquil	1
trained	1
tradition	1
trade	1
tract	1
tp	1
toys	1
township	1
tower	1
touching	1
torturing	1
tortured	1
torrents	1
torch	1
topers	1
top	1
tonnes	1
tones	1
tone	1
tombstone	1
tolls	1
tollings	1
toiling	1
toiler	1
toiled	1
toes	1
tlte	1
tliat	1
tkibute	1
title	1
tisa	1
tippler	1
tipped	1
tions	1
tint	1
tingle	1
timid	1
tilt	1
tiiee	1
tightly	1
tied	1
tidings	1
ti'ue	1
thursday	1
thunderstorm	1
thunderbolts	1
thumbs	1
thu^(as	1
thrust	1
throws	1
throwing	1
throuj^h	1
throuirh	1
throu2	1
throbbing	1
threshing	1
thread	1
thrall	1
thout	1
thorns	1
thompson	1
thj	1
thither	1
thistles	1
thirty-two	1
thirty-seven	1
thirty-nine	1
thirty	1
thirteenth	1
thirteen	1
thirst	1
thinks	1
thinking	1
thinker	1
thin	1
thieves	1
thief	1
they're	1
thess	1
thereto	1
therein	1
thereby	1
there'll	1
theodore	1
theg	1
thas	1
thankfully	1
thaa	1
texts	1
terminated	1
termed	1
term	1
tenderly	1
tempts	1
temptations	1
temptation	1
tempt	1
temporary	1
temple	1
tempests	1
tempest	1
telegraphs	1
tedious	1
teardrops	1
teai	1
tea	1
tby	1
tavern	1
taunt	1
tart	1
tarried	1
tanned	1
talman	1
tallapoosa	1
tallahasse	1
talks	1
taking	1
taint	1
tail	1
tabby	1
sympathising	1
sympathetic	1
symbol	1
sylvester	1
sword	1
swoon	1
swings	1
swing	1
swimmingly	1
swill	1
swiftly	1
swells	1
swelling	1
sweetens	1
sweeps	1
sweeping	1
sweat	1
swear	1
sv>uft	1
sustaining	1
sustained	1
suspicion	1
suspense	1
suspended	1
surveyed	1
surround	1
surpassingly	1
surpassing	1
surpasses	1
surpassed	1
surges	1
surge	1
supreme	1
suppress	1
supplied	1
superroyal	1
superior	1
supekscriptions	1
sup	1
sunny	1
sunlight	1
sunk	1
sumptuous	1
summoned	1
sum	1
suited	1
suicide	1
suggests	1
sufl'ocation	1
suffice	1
suffering	1
successful	1
succeeds	1
substitute	1
substantial	1
subsequently	1
subscribers	1
subordinates	1
subordinate	1
subjoined	1
subjecting	1
subjected	1
subdued	1
stx	1
studies	1
studied	1
student	1
struggled	1
stronger	1
stroke	1
strode	1
stripped	1
striped	1
striking	1
strikes	1
striken	1
strewing	1
stray	1
straw	1
strang	1
strand	1
strain	1
straddle	1
stow	1
storms	1
stopping	1
stop	1
stole	1
stockings	1
stint	1
sticks	1
steven	1
sterner	1
sterling	1
steps	1
stepmother	1
step	1
steep	1
steeled	1
steamships	1
states	1
statement	1
starve	1
startled	1
starry	1
staring	1
standeth	1
standest	1
stamping	1
stamped	1
staked	1
stake	1
stains	1
stage	1
stables	1
stability	1
st	1
square	1
spy	1
spurring	1
spurns	1
spurn	1
spun	1
springtime	1
sprigs	1
sprees	1
spreadest	1
spouse	1
sportsman	1
sporting	1
sporter	1
sport	1
spoil	1
splice	1
splendour	1
splained	1
spinning	1
spill	1
spider	1
spicebush	1
spewing	1
spew	1
spends	1
speech	1
sped	1
spectacle	1
specific	1
sparkles	1
sparkle	1
spark	1
spain	1
spacious	1
sower	1
sow	1
sovereign	1
southern	1
southeast	1
sour	1
sounds	1
sounding	1
sou	1
sorts	1
sorrels	1
sorely	1
sordid	1
soraetimes	1
soothing	1
sonnet	1
songsters	1
songster	1
somewhere	1
solemnly	1
sole	1
sol	1
soiled	1
sod	1
societg	1
social	1
sobbing	1
so-so	1
snowstorm	1
snow-white	1
snorting	1
snicker	1
sneer	1
smothered	1
smoothly	1
smoky	1
smoking	1
smitten	1
smashed	1
smartest	1
slumb	1
slowly	1
sloped	1
slips	1
sling	1
slight	1
sleigh	1
sleeked	1
slaughter	1
slater	1
slap	1
slander	1
slacken	1
slab	1
skulls	1
sketch	1
skeletons	1
skates	1
sizes	1
size	1
sixty-seven	1
sixty-five	1
sixty	1
sixth	1
siveetest	1
sits	1
sisterhood	1
sioeet	1
sinned	1
singular	1
sings	1
sincerity	1
sincere	1
simply	1
simplicity	1
similarly	1
sill	1
silken	1
sights	1
siffhs	1
siezed	1
sidewise	1
sickening	1
shuttle	1
shuns	1
shubal	1
shrinking	1
shrined	1
shows	1
shown	1
showers	1
shower	1
showed	1
shouting	1
shouted	1
shorter	1
short-lived	1
shone	1
shoemake	1
shocking	1
shocked	1
shipmates	1
shift	1
shield	1
sherifi"f	1
sheldon	1
sheets	1
sheaves	1
she'd	1
shattered	1
shatter	1
sharing	1
shar	1
shape	1
shalt	1
shaking	1
shakes	1
shafts	1
shady	1
shadowy	1
shadow	1
shaded	1
shabby	1
sex	1
seventy-six	1
seventy-nine	1
seventh	1
seventeenth	1
settles	1
settler	1
sets	1
served	1
servants	1
serpent	1
sere	1
seraphic	1
seraph	1
sequence	1
september	1
separation	1
sentinel	1
senses	1
seniinel	1
sending	1
sellare	1
selects	1
sefton	1
seest	1
seemeth	1
seemest	1
seely	1
seeking	1
seed	1
securely	1
secured	1
secure	1
sectarian	1
secretary	1
seconds	1
seasons	1
seamen	1
seaman	1
sealing	1
sealed	1
scythe	1
scripture	1
scribble	1
screwed	1
scrape	1
scours	1
scourged	1
scourge	1
scott	1
scorned	1
scope	1
scoggin	1
scoff	1
sciences	1
schooly	1
schoolhouses	1
scheme	1
scatters	1
scattering	1
scathe	1
scars	1
scare	1
scarcely	1
scan	1
scalding	1
sayings	1
sawauna	1
saveet	1
savage	1
saturnian	1
satisfaction	1
sassafras	1
sartin	1
sarcastic	1
santa	1
sand	1
sanctioned	1
sanctify	1
samples	1
saiiuel	1
sage	1
safely	1
safeguard	1
sadness	1
saddles	1
saddle	1
saddening	1
sack	1
sa	1
ruth	1
ruter	1
russel	1
running	1
rules	1
rugged	1
rufus	1
rue	1
rting	1
rt	1
rse	1
rowdy	1
rove	1
rounding	1
rounded	1
rosy	1
rosebud	1
ropes	1
rooms	1
roof	1
rood	1
rollers	1
rogers	1
rods	1
rocky	1
rock	1
robinson	1
robbers	1
rob	1
roast	1
roared	1
roans	1
rjut	1
rivalry	1
rival	1
rittenhouse	1
ritten	1
rises	1
rips	1
rippled	1
ringing	1
rill	1
rigs	1
righteousness	1
rig	1
rife	1
rides	1
riclier	1
ricjiest	1
richness	1
richer	1
ribs	1
rib	1
revolution	1
reviving	1
revived	1
reverence	1
revered	1
revengeful	1
revenge	1
revels	1
revelry	1
revelations	1
reunite	1
reuben	1
retrenchment	1
retreating	1
retort	1
retires	1
retire	1
retained	1
retailing	1
resurrection	1
result	1
restored	1
restless	1
restive	1
resteth	1
responsive	1
responsible	1
responsibility	1
responding	1
respond	1
respite	1
respects	1
respect	1
resounds	1
resound	1
resorted	1
resort	1
resolve	1
resolution	1
resistance	1
resist	1
resigned	1
resign	1
residence	1
resided	1
reside	1
reserve	1
required	1
require	1
requested	1
reptile	1
reproof	1
reprieve	1
reposing	1
reposes	1
replevy	1
replaced	1
repine	1
repeats	1
repeated	1
renown	1
rends	1
render	1
remove	1
remorse	1
remnant	1
remembrances	1
remains	1
remaining	1
remaineth	1
reluctantly	1
relish	1
religlouslij	1
relieve	1
relents	1
released	1
relation	1
related	1
rejected	1
rein	1
regrets	1
regarded	1
refused	1
reformed	1
reflecting	1
reflected	1
reflect	1
refines	1
referring	1
refer	1
refen	1
reel	1
ree	1
redoubt	1
recruiting	1
recreation	1
recovered	1
recover	1
recording	1
recorded	1
reclaims	1
recite	1
recess	1
recently	1
recent	1
receiving	1
receding	1
recede	1
rebuked	1
rebel	1
reat	1
reasons	1
rears	1
reading	1
reaching	1
rays	1
rawson	1
ravished	1
rattle	1
rationally	1
ransomed	1
ransje	1
rank	1
range	1
randall	1
rallied	1
raising	1
rains	1
rainbows	1
rainbow	1
raid	1
rags	1
radishes	1
radiant	1
rachel	1
races	1
rabb	1
ra	1
r	1
quoted	1
quilts	1
quill	1
quietly	1
quicken	1
questions	1
quarrel	1
qualify	1
pyramid	1
putting	1
pussy	1
pushed	1
pursues	1
purple	1
purnel	1
purify	1
purge	1
purely	1
punished	1
puncheon	1
punch	1
pun	1
pull	1
puffing	1
puff	1
publishing	1
publish	1
publication	1
public	1
pu7iched	1
ptock	1
pshaw	1
psalm	1
proudly	1
protracted	1
prostration	1
prostrated	1
prosperous	1
propels	1
proof	1
prone	1
prompts	1
prompted	1
promotion	1
promises	1
projectiles	1
progressing	1
progress	1
profuse	1
professions	1
productions	1
producing	1
prodigious	1
procured	1
proceeds	1
proceedings	1
probation	1
probability	1
privileged	1
privilege	1
privates	1
private	1
privar	1
prisons	1
priscilla	1
printer	1
printed	1
primary	1
prevents	1
prevent	1
prevailed	1
prevail	1
prettiest	1
presumed	1
presume	1
presidency	1
preside	1
preserves	1
presents	1
prepaid	1
preferred	1
preferences	1
prefer	1
predilection	1
predict	1
precisely	1
preceding	1
precarious	1
preacher	1
preached	1
pra}^	1
prays	1
praying	1
prayerless	1
prattling	1
praj^er	1
powerless	1
powder	1
pow	1
pours	1
poured	1
pounce	1
potterj^	1
potntsll	1
potent	1
posts	1
postmaster	1
possible	1
pose	1
portrayed	1
portico	1
portentous	1
portals	1
por	1
pop	1
pollutes	1
polar	1
points	1
poiishefl	1
poetized	1
poetical	1
poetess	1
poean	1
pocketbook	1
plunges	1
plumjier	1
plumes	1
plractitioner	1
ploughs	1
pleusure	1
pled	1
plecased	1
plants	1
planted	1
plans	1
planet	1
plane	1
plaint	1
placid	1
pitying	1
pittance	1
pits	1
pitied	1
pioneer	1
pinks	1
pinioned	1
pin	1
pilot	1
pillow	1
pillars	1
pigg	1
pieces	1
piece	1
pie	1
picturesque	1
picked	1
pick	1
pi^ospect	1
pi	1
physical	1
phoebe	1
phillis	1
philip	1
philena	1
philanthropy	1
philanthropist	1
philander	1
phantoms	1
pg	1
peu	1
pettigrue	1
petitions	1
pestilence	1
peru	1
persuade	1
perspired	1
personally	1
person	1
persevere	1
perplexed	1
perpendicular	1
permitted	1
permission	1
perishing	1
perisheth	1
perils	1
perilous	1
peril	1
perfume	1
perfectly	1
perez	1
perdition	1
perched	1
perceive	1
peoi^le	1
penurious	1
pensive	1
pens	1
pennsylvaniaburgh	1
penned	1
penitent	1
penetrate	1
pencilled	1
pencil	1
pelf	1
peddles	1
pebble	1
pearls	1
pealing	1
peaks	1
peaches	1
peaceable	1
paved	1
paused	1
paupers	1
paulina	1
paul	1
patterns	1
patronise	1
patriotic	1
patient	1
pathway	1
pates	1
patch	1
passions	1
passes	1
pass/rom	1
party	1
partook	1
particulars	1
particular	1
partakers	1
parsons	1
parnassus	1
pardxjn	1
paraphrases	1
paradise	1
parades	1
papers	1
pantaloons	1
panic	1
pamphlet	1
palmer	1
palladium	1
pall	1
palace	1
pakody	1
painfully	1
pained	1
pai	1
packet	1
packenham	1
paced	1
ox	1
owns	1
owners	1
owls	1
owing	1
overwhelm	1
overthrow	1
overtaken	1
overhear	1
overhead	1
overflow	1
overalls	1
ove	1
ouvfair	1
outs	1
outraged	1
outer	1
ounces	1
ortonyille	1
orphans	1
ornament	1
originating	1
originality	1
oregon	1
ore	1
ordinary	1
ordered	1
orbs	1
orator	1
orange	1
oppressive	1
oppression	1
opposition	1
opponents	1
opponent	1
opens	1
openly	1
onions	1
oney	1
omission	1
omer	1
olive	1
olcott	1
oiyours	1
oiled	1
oil	1
oglesby	1
oflf	1
ofi"ense	1
ofi	1
official	1
offering	1
offered	1
offend	1
offence	1
occupying	1
occupied	1
observation	1
obsequious	1
oblivion	1
obliterated	1
obituaries	1
obeyed	1
obeisance	1
oars	1
oaks	1
oa	1
o'erjoys	1
o'ercame	1
o'clock	1
nuts	1
np	1
noyos	1
november	1
novelty	1
nough	1
notebook	1
noses	1
northwestward	1
northern	1
nonsense	1
noised	1
noise	1
noio	1
nohile	1
nodding	1
nod	1
noblest	1
noav	1
niylit	1
niy	1
nipped	1
niorli	1
nio	1
nineteen	1
nigltt	1
nightly	1
nieces	1
ni	1
nestle	1
neson	1
nephew	1
neiwous	1
neighbourhood	1
neglecting	1
neglected	1
needy	1
needs	1
necks	1
necessity	1
necessary	1
neatly	1
neath	1
neatest	1
neater	1
nearing	1
nationally	1
natchez	1
natal	1
narrations	1
narration	1
nama	1
mysterious	1
myrtles	1
myron	1
mutual	1
mutter	1
mute	1
musty	1
muss	1
musket	1
musings	1
mush	1
muses	1
mused	1
muscle	1
murry	1
murmurins	1
murmuring	1
mundane	1
multiplied	1
mule	1
muddy	1
mt	1
mower	1
mow	1
mouths	1
mouth	1
mourns	1
mournings	1
mourners	1
mourner	1
mound	1
moument	1
mostly	1
mortimer	1
morrison	1
mooted	1
monthly	1
monstrous	1
mob	1
moan	1
mmd	1
mj	1
mixed	1
misty	1
mistake	1
misses	1
misplaced	1
mislead	1
misfortune	1
misdemeanours	1
mischievous	1
misapplied	1
misa	1
mires	1
miracles	1
miracle	1
minutes	1
minority	1
mingles	1
mingle	1
mines	1
minerva	1
mindj	1
mindedness	1
minded	1
mill	1
military	1
miffht	1
midway	1
middles\yorth	1
middles	1
mev'it	1
methodist	1
metaphors	1
messiah	1
messages	1
mess	1
merits	1
merciful	1
mercies	1
merchant	1
memories	1
memorandum	1
memorable	1
mementoes	1
membership	1
mem'ries	1
mellow	1
meed	1
medley	1
meditation	1
meditate	1
mede	1
mecum	1
mechanics	1
meantime	1
meadows	1
mcmullin	1
mcmullen	1
mclain	1
mcginnis	1
mce	1
mcciillougli	1
mccaw	1
mccarty	1
mazin	1
mayest	1
mature	1
matthew	1
matters	1
matrimonial	1
materials	1
mate	1
matched	1
mastin	1
masterly	1
massive	1
masses	1
mass	1
mason	1
martyr	1
marts	1
marshalled	1
mars	1
marry	1
marriage	1
marion	1
maria	1
mari'ied	1
mares	1
marched	1
map	1
manufactures	1
manufactories	1
manoeuver	1
manned	1
manhood	1
mangle	1
manchestee	1
managing	1
managed	1
manage	1
mamma	1
malina	1
male	1
makers	1
maintain	1
maimed	1
maidens	1
maiden	1
magnitude	1
maelstrom	1
machines	1
machinery	1
machine	1
m'hole	1
lyric	1
lyres	1
lyorcup'uic	1
lying	1
lydia	1
luxurious	1
luxm	1
lurks	1
lurk	1
lures	1
lured	1
lure	1
luna	1
lukewarm	1
lueu	1
lovest	1
loves	1
lovers	1
lovefeast	1
loudest	1
loosen	1
longed	1
longation	1
loill	1
lodgings	1
locked	1
located	1
loathsome	1
loathe	1
loafers	1
loading	1
load	1
llollins	1
livelong	1
livelier	1
liug'ring	1
littleness	1
litigants	1
literature	1
literally	1
lisp	1
lip	1
lionest	1
lion	1
liomeward	1
liomc	1
linnet	1
links	1
link	1
lined	1
linea	1
lime	1
limbs	1
limb	1
lily	1
lils	1
likely	1
liked	1
liis	1
liim	1
ligliter	1
lightens	1
lightened	1
lighten	1
lighted	1
lifts	1
lift	1
lifeless	1
lifeguard	1
lied	1
library	1
liberal	1
lias	1
lexington	1
levina	1
levin	1
leven	1
letting	1
lethean	1
lessons	1
leroy	1
lent	1
lengthen	1
lends	1
legitimately	1
legends	1
legally	1
legacy	1
leavis	1
leather	1
lean	1
leagues	1
leafless	1
leaders	1
leader	1
lazarus	1
laxg	1
lawyers	1
lawronceburg	1
lawn	1
lave	1
laurel	1
laura	1
launched	1
launch	1
laughter	1
laughingly	1
lauded	1
latterly	1
lately	1
larks	1
largely	1
lamentation	1
lamb	1
lain	1
ladylove	1
labourn	1
labouring	1
ky	1
kxapp	1
knox	1
knowing	1
knocking	1
knocked	1
knights	1
knell	1
knees	1
kite	1
kissing	1
kissed	1
kinds	1
kiddle	1
kid	1
kicking	1
kicked	1
key	1
kevolutionary	1
kev	1
ketcham	1
kesponse	1
keproved	1
kenney	1
kelly	1
kelleys	1
kelley	1
kedstone	1
kate	1
katardin	1
kapei	1
jyrethj	1
jveral	1
justify	1
jurymen	1
jurist	1
jupiter	1
juno	1
jumper	1
jump	1
judgments	1
judging	1
judges	1
judged	1
jriint	1
jplummer	1
joyfully	1
jowlcr	1
journeyed	1
jou	1
josiah	1
josephus	1
jonas	1
joj^s	1
joel	1
jobbers	1
jirst	1
jioiv	1
jim	1
jilts	1
jib	1
jiatter^	1
jewel	1
jesse	1
jenny	1
jennets	1
jen	1
jelly	1
jehovah	1
jeffersonville	1
jefferson	1
jaws	1
jas	1
jars	1
jam	1
jaded	1
jacks	1
j^eace	1
j^^i	1
j>assed	1
j9?<re	1
ivisji	1
ivatches	1
ivasting	1
ivarmest	1
iurnpiked	1
iural	1
issue	1
israel	1
isles	1
isis	1
isaiah	1
isadore	1
isabella	1
iribiues	1
ire	1
ira	1
iowa	1
inward	1
involuntarily	1
invitations	1
inviolate	1
invests	1
investigation	1
invested	1
inured	1
intrust	1
intruding	1
intrude	1
introduction	1
introduced	1
intrigue	1
intimate	1
inti'oduce	1
internal	1
interment	1
interfere	1
intercede	1
intently	1
integrity	1
instrument	1
instruction	1
instructed	1
instigate	1
instant	1
instance	1
insolence	1
insertion	1
inserting	1
insert	1
inscription	1
inscribed	1
insane	1
inmost	1
injury	1
injured	1
iniquity	1
iniquitous	1
inheritance	1
ingratitude	1
infusing	1
inftint	1
informing	1
information	1
inform	1
influences	1
infinitely	1
infinite	1
infidel	1
infancy	1
inebriates	1
indulge	1
individually	1
indignation	1
indicted	1
indescribable	1
indebtedness	1
increased	1
inches	1
incessantly	1
improving	1
impromptu	1
impressions	1
impress	1
imposing	1
imposes	1
important	1
importance	1
imply	1
implements	1
impi^ovement	1
impertinent	1
imperfection	1
impede	1
imminent	1
immediately	1
immediate	1
immanuers	1
imitate	1
imagine	1
imaginations	1
imagination	1
images	1
ilv	1
illy	1
illustrate	1
illumed	1
illume	1
ijreathed	1
ijre	1
iil	1
iif	1
iieustis	1
iiarpham	1
ife	1
idolised	1
idol	1
idleness	1
i^ower	1
i's	1
hymeneal	1
hy^in	1
hwixt	1
husbands	1
hurtful	1
hurt	1
hurried	1
hurds	1
hurd	1
hunting	1
hunters	1
hunger	1
hums	1
humour	1
hummingbirds	1
humbly	1
humane	1
hum	1
hugged	1
hues	1
hue	1
huamantla	1
huamajqtla	1
htjlts	1
ht	1
howling	1
hove	1
houses	1
household	1
hosts	1
hospitalities	1
hosannas	1
horticulture	1
horseshoe	1
horses	1
horseback	1
horner	1
horned	1
horizon	1
horham	1
hop	1
hoosierdom	1
honourably	1
honorary	1
honey	1
honesty	1
honestly	1
homespun	1
homage	1
holliday	1
holler	1
holiest	1
hole	1
holdup	1
hogs	1
hogan	1
hog	1
hoav	1
hoard	1
hitter	1
hitt	1
hitherto	1
hit	1
hilltops	1
hiirning	1
high-minded	1
hied	1
hie	1
hiding	1
hide	1
hicks	1
hicklin	1
hiah	1
hhe	1
hezekiah	1
heustis	1
heroes	1
hero	1
hermitage	1
hereabouts	1
hereabout	1
herds	1
heralded	1
henceforward	1
hell	1
heirs	1
heir	1
heifer	1
heforc	1
heb	1
heaved	1
heath	1
heartsick	1
heartily	1
heardess	1
healtnfa	1
he'd	1
hazardous	1
hazard	1
hay	1
havoc	1
havens	1
haul	1
hatvsburgh	1
hats	1
hathaway	1
hastens	1
hastened	1
harvest	1
harpham	1
harness	1
harms	1
harmonious	1
hargrave	1
hare	1
hardinsburgh	1
harding	1
hardened	1
hardenburgh	1
happened	1
hapless	1
hansel	1
hannibal	1
hannah	1
hanger	1
handy	1
handsomely	1
handsome	1
handle	1
handj	1
hammers	1
hammer	1
hamline	1
halt	1
hallow	1
hallov^^ed	1
hale	1
hajjpy	1
habits	1
gush	1
gunter	1
guiding	1
guidance	1
guest	1
guarantee	1
grunt	1
grumble	1
grub	1
grows	1
grown	1
grod	1
grocers	1
gro	1
grit	1
grist	1
grinding	1
grin	1
griffiths	1
griffith	1
grievous	1
greys	1
grew	1
greenwood	1
greenland	1
grazing	1
graven	1
gratuitous	1
gratify	1
gratified	1
gratification	1
grates	1
graphic	1
grandly	1
grandeur	1
grandchildren	1
government	1
govern	1
gothus	1
gorman	1
goosequill	1
golly	1
goini^	1
goil	1
godlike	1
goddess	1
gmteful	1
gloried	1
globe	1
glided	1
gleam	1
glass	1
glare	1
gladness	1
glades	1
giving	1
git	1
gin	1
gilpin	1
gillett	1
gigs	1
gifted	1
gift	1
gibbs	1
ghastly	1
geraniums	1
geologist	1
gentleness	1
generate	1
generalship	1
generally	1
gem	1
geese	1
geave	1
gau7ie	1
gathering	1
gasps	1
gasping	1
gasp	1
garritson	1
gardener	1
gang	1
game	1
gambol	1
gambling	1
gamble	1
gals	1
gallows	1
galling	1
gainsay	1
gains	1
fuss	1
further	1
furnishes	1
furnish	1
furl	1
furious	1
funei	1
fumes	1
fullness	1
fugitive	1
fugacity	1
ftirther	1
frustrate	1
froze	1
frowning	1
frown	1
front	1
frolic	1
fro	1
frightened	1
freshness	1
freeland	1
fratum	1
franklin	1
francesetta	1
frances	1
frames	1
fraley	1
fragrance	1
fragment	1
fowler	1
fovgit	1
founts	1
fountains	1
fountain	1
fouglit	1
fortunes	1
fortitude	1
forthright	1
fort	1
forsook	1
formerly	1
formed	1
formal	1
forlorn	1
forgive	1
forgets	1
forgeifulness	1
forge	1
forfeit	1
foretell	1
forestall	1
foremost	1
foreigners	1
foregoina	1
forbids	1
forbidding	1
forbearance	1
foolish	1
fool	1
food	1
fondlt/	1
foibles	1
fogg*	1
foaming	1
flue	1
flows	1
flow'st	1
floral	1
flooi	1
flock	1
floating	1
flew	1
flesh	1
flattery	1
flattering	1
flattered	1
flatter	1
flatboat	1
flash	1
flaming	1
flame	1
flake	1
flags	1
flag	1
fixed	1
fix	1
fiuthful	1
fittest	1
fitter	1
fitly	1
fitful	1
fishing	1
fisher	1
firther	1
firs	1
firmer	1
fingers	1
fines	1
finer	1
filial	1
fiiirer	1
fiiil	1
fii'st	1
fifty-nine	1
fiery	1
fiercest	1
fierce	1
fiendlike	1
fielding	1
fidelity	1
fiction	1
fickle	1
fi	1
fhey	1
fence	1
female	1
felons	1
felon	1
fellowmen	1
feiend	1
feelit	1
february	1
feasts	1
feasting	1
fearlessly	1
feared	1
fcioney	1
faults	1
fault	1
fatj	1
fatigue	1
father-in-law	1
farming	1
fanny	1
faneuiel	1
fanes	1
fane	1
fanciful	1
faitws	1
faintly	1
failed	1
fai	1
fading	1
faded	1
faculty	1
faculties	1
facts	1
facing	1
facest	1
f^tll	1
eynolds	1
eyed	1
extreme	1
extraordinary	1
extra	1
extort	1
extinct	1
exquisite	1
expressly	1
expressive	1
expresses	1
expose	1
explosive	1
explosion	1
expiring	1
expires	1
experimental	1
experienced	1
experience	1
expense	1
expended	1
expecting	1
existing	1
exist	1
exhumed	1
exhortation	1
exhibit	1
exhaustion	1
exhausted	1
exerted	1
exert	1
exemplary	1
excused	1
exclaimed	1
exclaim	1
exciting	1
excitement	1
excited	1
exceptions	1
excellent	1
excellency	1
excellence	1
excel	1
examples	1
exacts	1
ewbank	1
evils	1
evermorci	1
evergreen	1
events	1
event	1
evenings	1
evei'ybody	1
evans	1
eva	1
eut	1
europe	1
eulogy	1
eulogised	1
etiquette	1
ethics	1
etceteras	1
estimation	1
estimate	1
estella	1
esteemed	1
esteem	1
essential	1
escutcheon	1
errand	1
err	1
ermined	1
erects	1
erected	1
erect	1
erased	1
equals	1
equaled	1
epitaphs	1
epistolary	1
eow	1
eoss	1
eolling	1
envious	1
enveloped	1
entwines	1
entry	1
entrusted	1
entreat	1
entranced	1
enthusiastic	1
entertainment	1
ensued	1
enrapturing	1
enraptured	1
enrapture	1
enlighten	1
enlarge	1
enjoys	1
enjoyment	1
engulfed	1
engraven	1
england	1
engineers	1
engaged	1
enfold	1
enemy	1
endured	1
endowed	1
endorsement	1
endorseinent	1
ending	1
endeth	1
endeared	1
encomiums	1
enclosed	1
emulation	1
ems	1
empty	1
empties	1
employment	1
employers	1
empires	1
empire	1
emmanuel	1
eminently	1
eminence	1
emigrate	1
embraced	1
emblems	1
embalming	1
embalm	1
emanating	1
eloquence	1
ellengwood	1
ellen	1
ella	1
elisha	1
elijah	1
eleventh	1
eleven	1
elevated	1
elevate	1
element	1
elegies	1
elegiac	1
elections	1
eldest	1
elderly	1
elate	1
ejaculated	1
eiver	1
eighth	1
eighteenth	1
eight	1
eifort	1
eh	1
eggs	1
efiusion	1
effusions	1
effects	1
eespoxse	1
eenew	1
eeligious	1
eefoee	1
editors	1
eden	1
ed.^^	1
ecstatic	1
ecstacies	1
echoes	1
echo	1
echhan	1
eastern	1
easil}^	1
ears	1
earnestly	1
earnest	1
eager	1
eachel	1
dwelled	1
dusty	1
durham	1
duration	1
durance	1
dunce	1
duncan	1
duce	1
drunk	1
drummer	1
drum	1
dropsy	1
drops	1
dropping	1
droop	1
driving	1
drives	1
drill	1
drift	1
dregs	1
dreading	1
draws	1
drawing	1
drams	1
drains	1
dragging	1
drafts	1
downward	1
doubtless	1
double	1
dost	1
dolorous	1
doioii	1
doings	1
doctors	1
dobbin	1
dizzy	1
divorces	1
divide	1
distinguished	1
distilli^rtes	1
distill	1
disrobed	1
disquietude	1
disputes	1
dispute	1
dispose	1
displayed	1
disperse	1
dispatched	1
diso	1
dismal	1
dishonest	1
disgraceful	1
discreet	1
discouraging	1
disciples	1
discharged	1
dirge	1
directors	1
directly	1
directions	1
directed	1
dine	1
din	1
dimmed	1
diligently	1
dilates	1
dilapidated	1
digressed	1
difi"use	1
difficulty	1
difference	1
diamonds	1
dewdrops	1
devoutly	1
devour	1
devotions	1
devote	1
devise	1
developments	1
determined	1
determine	1
destruction	1
destiny	1
despond	1
despising	1
desperation	1
despaired	1
desist	1
desirable	1
design	1
desert	1
descry	1
descriptive	1
described	1
descended	1
deride	1
depravity	1
deposing	1
deplore	1
depends	1
departed	1
dense	1
denied	1
demonstrative	1
demons	1
demon	1
delusive	1
delivered	1
deliver	1
delio	1
delinquents	1
delila	1
delibei	1
degrees	1
degree	1
degraded	1
deficient	1
defends	1
deer	1
deeper	1
deem	1
dedicatory	1
dedicate	1
declining	1
decline	1
declarations	1
declaration	1
decided	1
decent	1
decembek	1
debts	1
debt	1
deborah	1
debication	1
deaths	1
dearhorn	1
dealings	1
dealing	1
deafening	1
deaf	1
ddiglitful	1
dazzling	1
dax	1
dawned	1
davenport	1
daven	1
dated	1
dashed	1
darling	1
dared	1
dapple	1
daniels	1
dandy	1
dajs	1
dairy	1
dainties	1
dahlias	1
cypher	1
cuts	1
customs	1
custom	1
cushioned	1
curtis	1
curious	1
curdled	1
curb	1
cumber	1
culture	1
cultivation	1
culprit	1
cullen	1
cull	1
crystaline	1
crying	1
cruz	1
crumbs	1
cruelty	1
cruelly	1
crowned	1
crocker	1
cribs	1
crept	1
creator	1
creates	1
creams	1
crape	1
cranberries	1
cramped	1
craiq	1
crags	1
crafts	1
cradle	1
crack	1
cows	1
coveted	1
cousin	1
courts	1
coursed	1
courier	1
coupled	1
counts	1
counterpanes	1
counted	1
count	1
couldst	1
couched	1
couard	1
cosy	1
correctly	1
corrections	1
cornelius	1
cornelia	1
corned	1
core	1
cord	1
coral	1
copy	1
cooling	1
conway	1
convoy	1
convicting	1
conveyed	1
converted	1
convert	1
conversation	1
controlled	1
contrary	1
continues	1
continue	1
contiguous	1
contending	1
contend	1
contemporaries	1
contemplate	1
contains	1
contain	1
consummate	1
constrained	1
constituted	1
consternation	1
conspire	1
consequence	1
consecrates	1
conscience	1
conquerors	1
conqueror	1
conquered	1
conquer	1
connected	1
congressman	1
confusion	1
confound	1
conflict	1
confined	1
confiding	1
confidently	1
confide	1
confessed	1
condensed	1
condemned	1
concourse	1
concluded	1
conception	1
conceived	1
conceive	1
comrade	1
computing	1
compute	1
comprehensive	1
compound	1
composure	1
composing	1
compliments	1
compliment	1
complied	1
compels	1
compel	1
compassed	1
compare	1
companions	1
communication	1
committing	1
commingled	1
commerce	1
commencement	1
commemoration	1
commanding	1
comforts	1
comest	1
comely	1
column	1
columbus	1
columbia	1
coloured	1
colonels	1
collins	1
college	1
coflbn	1
cochran	1
coats	1
coat	1
coast	1
clusters	1
clustering	1
clustered	1
clung	1
clubs	1
cloy	1
clothes	1
clothe	1
cloth	1
clo	1
clnng	1
clinton	1
clink	1
cliflfs	1
clierisli	1
clearing	1
clearest	1
clearer	1
cleared	1
classic	1
clasp	1
clapped	1
clapboards	1
clanking	1
clandestinely	1
clamber	1
claims	1
claimed	1
cjierisjied	1
civic	1
citing	1
citi	1
circumstantial	1
circuit	1
circlet	1
circles	1
ciirsod	1
ci^azy	1
ci'uel	1
chr3rsanthemums	1
chosing	1
chords	1
choosing	1
choke	1
chisman	1
chiselled	1
chip	1
chimneys	1
chills	1
chilling	1
chill	1
childliood	1
chief	1
chickens	1
chew	1
chestnuts	1
cherry	1
cheese	1
cheerfully	1
cheerful	1
cheered	1
cheat	1
chcch	1
chart	1
charoje	1
charming	1
charlestown	1
charges	1
chapter	1
channels	1
channel	1
changing	1
chanced	1
champions	1
champion	1
chamber	1
chaise	1
chairs	1
chained	1
chaff	1
ceteras	1
certified	1
ceremonies	1
century	1
centred	1
cent	1
censures	1
cemetery	1
cemeteries	1
celestine	1
cedars	1
ceaseless	1
cautious	1
causing	1
cattle	1
cats	1
catherine	1
catastrophe	1
cat	1
cassa	1
casn'lty	1
carries	1
carrier	1
carpenter	1
carol	1
carnage	1
captive	1
caption	1
captains	1
capt	1
capped	1
caper	1
cape	1
capacity	1
canvassed	1
cantos	1
cantata	1
canada	1
camp	1
calves	1
calvary	1
callings	1
calhoun	1
caleb	1
calculating	1
cain	1
cabbage	1
byron	1
bygone	1
bv	1
butchered	1
bursts	1
burns	1
burnings	1
burled	1
burg	1
burdens	1
built	1
building	1
buggies	1
buffeted	1
buckskin	1
btrth	1
bruised	1
brouse	1
brother.~no	1
brother-in-law	1
brookville	1
brooks	1
brook	1
brooded	1
broadcloth	1
brittle	1
britons	1
brimhall	1
brigki	1
brightly	1
brighter	1
briers	1
bridles	1
bridle	1
breeches	1
breaking	1
breadth	1
breach	1
brawny	1
brawling	1
braves	1
bravery	1
brandywine	1
brand	1
brambles	1
brain	1
braided	1
bradldury	1
bradbury	1
boyhood	1
boxes	1
bowls	1
bout	1
bounds	1
bottle	1
bosoms	1
booty	1
bonner	1
bones	1
bonds	1
bondage	1
bolts	1
boiler	1
bo	1
bmie	1
blush	1
blown	1
blossoms	1
blossom	1
blooming	1
bloomed	1
bloodstained	1
bloodstain	1
blithely	1
blister	1
blighting	1
blighted	1
blessinsrs	1
blemish	1
bledso	1
blazed	1
blasts	1
blanks	1
blankets	1
blank	1
blade	1
blacksmith	1
blacks	1
blackley	1
blacken	1
bitterness	1
bit	1
birthright	1
birthplace	1
birchen	1
binds	1
billow	1
bier	1
bewitchingly	1
bewitching	1
betsy	1
betrothed	1
betide	1
bestride	1
bespeak	1
bereft	1
bereavement	1
bequest	1
beo	1
beneatn	1
bemoan	1
bells	1
bell	1
believed	1
belief	1
beliarvall	1
beings	1
beholds	1
behaviour	1
behalf	1
beguiles	1
begone	1
beginning	1
beginners	1
began	1
befriend	1
beets	1
beeks	1
beef	1
beds	1
bedew	1
becoming	1
beckoning	1
beckoned	1
beavitiful	1
beautifully	1
beautifies	1
beau	1
beatings	1
beasts	1
bears	1
beams	1
be^^ond	1
bay	1
baxter	1
bavins	1
baulk	1
battlefield	1
battalion	1
bathe	1
bassett	1
basking	1
barouches	1
barometer	1
barkdoll	1
barefoot	1
bared	1
bar	1
baptise	1
bannek	1
banks	1
banished	1
balmy	1
balls	1
ballad	1
baldridge	1
baker	1
bail	1
bah	1
bag	1
baed	1
backward	1
backbone	1
bachelor	1
b'hoys	1
azy	1
azure	1
az	1
ayith	1
ayilliam	1
ayilcox	1
ayas	1
axes	1
awarded	1
awakening	1
avowed	1
avow	1
avorld	1
avoiding	1
avoid	1
avld	1
avith	1
avili	1
avert	1
avere	1
aveather	1
aunt	1
august	1
aud	1
auburn	1
attunes	1
attune	1
attraction	1
attired	1
attentive	1
attendance	1
attainments	1
attachment	1
atoning	1
atmosphere	1
athirst	1
athervane	1
ately	1
at7ld	1
assuring	1
assuredly	1
assured	1
assurance	1
associates	1
assign	1
assessed	1
assert	1
assembly	1
assemblage	1
assassin	1
asreed	1
asp	1
ascertained	1
ascent	1
ascending	1
ascend	1
arts	1
artists	1
arrow	1
arriving	1
arrives	1
arrington	1
arrangement	1
aroused	1
army	1
armies	1
aright	1
arguments	1
argued	1
argue	1
ardent	1
arbitration	1
arbitrary	1
aptness	1
april	1
appx'oached	1
approves	1
approaching	1
approaches	1
approached	1
appreciated	1
application	1
applicable	1
apples	1
applause	1
appended	1
appealing	1
apparently	1
apart	1
ap]3ear	1
anywhere	1
anxiety	1
anvil	1
anticipating	1
antic	1
anti	1
answers	1
annulled	1
annual	1
annoys	1
annoyance	1
announcement	1
anniversary	1
animates	1
animated	1
animate	1
angry	1
angeyine	1
angevixe	1
anger	1
angelic	1
ange	1
androscoggin	1
and^/ie	1
and'son	1
ancj	1
amusing	1
amusement	1
amused	1
amuse	1
amount	1
ammunition	1
ammi	1
amiss	1
amiable	1
amiability	1
american	1
ambrosials	1
ambitious	1
ambiguous	1
amazement	1
amasa	1
alvah	1
alonzo	1
alono	1
aloft	1
almighty	1
allowed	1
allotted	1
allied	1
allays	1
aljiarinda	1
aliens	1
alfred	1
alert	1
ale	1
alden	1
albany	1
alb	1
alarming	1
al	1
aitld	1
aiming	1
ail	1
aiiid	1
aiias	1
aids	1
ahira	1
agricuu	1
agriculture	1
agreeably	1
agone	1
aghast	1
afterward	1
afresh	1
afloat	1
afiecting	1
affords	1
afforded	1
affections	1
affect	1
afar	1
aether	1
aeon	1
advertise	1
adverse	1
advances	1
advancement	1
advanced	1
adoption	1
adopt	1
admonitions	1
admonished	1
admittance	1
admiration	1
adequately	1
adequate	1
addresses	1
adams	1
adaline	1
acting	1
acrostics	1
acres	1
acquitted	1
acquirement	1
acquainted	1
acquaintances	1
acquaintance	1
acliing	1
acknowledging	1
achme	1
achievements	1
achieved	1
accustomed	1
accursed	1
accredited	1
accordingly	1
accomplish	1
accoidlug	1
acclivity	1
access	1
accept	1
accelerated	1
absorbing	1
absalom	1
abruptly	1
abrupt	1
ability	1
abilities	1
abide	1
abhor	1
abeam	1
abandon	1
aback	1
^ij	1
^^ppy	1
];	1
].	1
\iy	1
=it	1
=:	1
=	1
7iever	1
7	1
6	1
4jv	1
2yits	1
2g	1
1st	1
/scripiwre	1
/oes	1
..	1
.')	1
.'''	1
.'"	1
."'	1
--	1
*•	1
'■>	1
'<	1
'.	1
'''	1
'"	1
"^	1
".	1
",	1
"*	1
")	1
"(	1
!)	1
!!)	1
!!	1
