,	707
the	533
and	271
of	183
in	127
a	114
her	113
.	100
with	97
;	90
!	88
to	79
—	75
|arabic2digit|	55
through	48
'	48
is	43
by	42
we	40
all	40
that	39
|'s|	36
are	33
she	32
where	30
day	30
from	29
light	27
still	26
may	26
i	26
|arabic1digit|	24
our	24
its	24
flower	23
yet	22
no	22
sweet	21
as	21
their	20
over	20
o	20
now	20
on	19
wind	18
but	18
winds	17
so	17
not	17
my	17
green	17
blue	17
when	16
earth	16
death	16
air	16
wood	15
summer	15
life	15
heart	15
for	15
every	15
deep	15
along	15
you	14
warm	14
spring	14
he	14
grace	14
sun	13
one	13
hope	13
wild	12
there	12
sudden	12
long	12
has	12
april	12
?	12
up	11
thy	11
open	11
meadow	11
low	11
golden	11
clover	11
close	11
bloom	11
beauty	11
:	11
white	10
us	10
sky	10
lies	10
it	10
his	10
have	10
free	10
fire	10
eyes	10
down	10
days	10
comes	10
cold	10
among	10
alone	10
year	9
ways	9
they	9
steep	9
soft	9
rain	9
night	9
me	9
desire	9
birth	9
below	9
at	9
an	9
above	9
woodland	8
who	8
than	8
tender	8
strong	8
strange	8
song	8
skies	8
shade	8
place	8
pale	8
leaves	8
heaven	8
half	8
flowers	8
each	8
daisies	8
colour	8
charm	8
careless	8
blossom	8
about	8
within	7
touch	7
sunlight	7
stirred	7
spirit	7
rare	7
perfume	7
or	7
mountain	7
more	7
grasses	7
gaze	7
forest	7
feel	7
faint	7
deeper	7
can	7
autumn	7
wide	6
whose	6
while	6
what	6
way	6
thou	6
slow	6
shy	6
see	6
secret	6
round	6
quiet	6
pure	6
path	6
ours	6
lost	6
lips	6
lines	6
knew	6
holds	6
here	6
follow	6
far	6
conscious	6
clear	6
bring	6
breath	6
breast	6
break	6
blooms	6
beneath	6
waiting	5
virgin	5
violet	5
truth	5
till	5
then	5
thee	5
snow	5
slender	5
sing	5
side	5
rugged	5
rocky	5
robins	5
red	5
pulse	5
power	5
passion	5
pain	5
out	5
only	5
meet	5
made	5
love	5
living	5
lilies	5
last	5
indian	5
hepatica	5
happy	5
hand	5
grows	5
growing	5
goldenrod	5
gold	5
give	5
full	5
flame	5
early	5
dusky	5
divine	5
dewy	5
dark	5
cool	5
cannot	5
burning	5
brow	5
broken	5
born	5
blossoms	5
birds	5
between	5
beside	5
been	5
again	5
',	5
•	4
would	4
wondrous	4
whence	4
were	4
wealth	4
wayward	4
warmth	4
wait	4
too	4
throbbing	4
these	4
them	4
tangled	4
tall	4
stands	4
showers	4
shadowy	4
shadows	4
shadow	4
road	4
revealed	4
rest	4
reach	4
pulses	4
pass	4
own	4
nor	4
new	4
never	4
native	4
maiden	4
magic	4
longing	4
lightly	4
left	4
lay	4
know	4
impulse	4
hills	4
higher	4
hearts	4
gracious	4
find	4
field	4
eye	4
eternal	4
doth	4
distant	4
dell	4
clustered	4
calm	4
breezes	4
breaking	4
bosom	4
bloodroot	4
being	4
be	4
august	4
-	4
|romannumeral|	3
youthful	3
youth	3
your	3
young	3
yonder	3
world	3
woodlands	3
winter	3
well	3
wayside	3
wall	3
vital	3
varying	3
upward	3
upon	3
unknown	3
twilight	3
tread	3
tis	3
tireless	3
thus	3
thousand	3
thought	3
tenderest	3
sweeter	3
such	3
strength	3
strangely	3
storm	3
stirs	3
stillness	3
stem	3
stately	3
soul	3
something	3
solemn	3
slowly	3
slopes	3
slope	3
singing	3
silent	3
silence	3
sign	3
shuts	3
shining	3
shifting	3
sense	3
seen	3
scattered	3
safe	3
ruined	3
returning	3
restless	3
quick	3
purple	3
press	3
presence	3
praise	3
places	3
pipe	3
perfect	3
passing	3
passes	3
newer	3
nest	3
nearer	3
near	3
nature	3
narrow	3
must	3
mood	3
mine	3
milk	3
meadows	3
march	3
lonely	3
lo	3
lingers	3
lingering	3
line	3
lights	3
lightest	3
ledge	3
leave	3
larger	3
laid	3
joy	3
itself	3
human	3
hours	3
hour	3
holy	3
hollows	3
hold	3
hill	3
high	3
hidden	3
heat	3
head	3
hath	3
harmony	3
harebells	3
hard	3
grey	3
grasp	3
gone	3
gives	3
gentian	3
generous	3
frosty	3
fresh	3
found	3
flush	3
fields	3
ferns	3
felt	3
feet	3
fear	3
fancy	3
falling	3
fair	3
ever	3
evening	3
even	3
ere	3
edges	3
earliest	3
drowned	3
dropping	3
droops	3
drooping	3
droop	3
discover	3
dim	3
dew	3
delight	3
delay	3
decay	3
dead	3
crimson	3
confessed	3
come	3
clay	3
claim	3
change	3
brook	3
brooding	3
brave	3
blood	3
black	3
bird	3
billowy	3
beyond	3
bare	3
back	3
away	3
asters	3
art	3
apart	3
any	3
anemone	3
ample	3
amid	3
woods	2
wonder	2
will	2
wholly	2
whiteness	2
which	2
west	2
weight	2
weeks	2
weather	2
weary	2
wavering	2
waterfall	2
watch	2
was	2
wandering	2
wan	2
walls	2
waits	2
voices	2
voice	2
vision	2
violets	2
vines	2
verdure	2
veined	2
upturned	2
unrest	2
unconscious	2
unbroken	2
two	2
turn	2
tremble	2
trellised	2
tree	2
trailing	2
touched	2
tone	2
token	2
together	2
tinkle	2
tingling	2
timid	2
time	2
tide	2
throng	2
throbs	2
thrilling	2
thrilled	2
thrill	2
thread	2
though	2
those	2
thistle	2
thing	2
thick	2
theirs	2
takes	2
sylvan	2
swept	2
swells	2
sweeps	2
sweep	2
swaying	2
sunset	2
sunlit	2
sumptuous	2
subtle	2
strewn	2
stream	2
storms	2
steadfast	2
start	2
stand	2
springtime	2
springing	2
spray	2
splendour	2
spirea	2
spaces	2
some	2
solitude	2
sod	2
snows	2
smouldering	2
smile	2
slackened	2
sinking	2
sink	2
sine	2
since	2
simple	2
silver	2
signs	2
should	2
shine	2
sheltered	2
shared	2
shame	2
set	2
seems	2
seem	2
seek	2
season	2
scent	2
sapphire	2
sacred	2
s	2
rustling	2
runs	2
rue	2
ruder	2
rude	2
royal	2
rounded	2
rosy	2
rose	2
rock	2
roadway	2
rise	2
refuge	2
reaching	2
ravine	2
rarest	2
range	2
random	2
proud	2
prisoned	2
pressing	2
pool	2
poise	2
plume	2
pleasures	2
pink	2
phase	2
perfumes	2
paths	2
page	2
ox	2
overflow	2
oppressive	2
opening	2
once	2
obey	2
oat	2
nodding	2
newest	2
mystic	2
mystery	2
myself	2
much	2
moveless	2
moulded	2
most	2
moss	2
mortal	2
morning	2
moment	2
moccasin	2
mixed	2
mellow	2
meaning	2
makes	2
lying	2
loveliness	2
loved	2
lose	2
loose	2
longings	2
longer	2
lone	2
linked	2
limbs	2
like	2
lighter	2
lifted	2
lift	2
lie	2
let	2
lent	2
learn	2
leafy	2
laurel	2
languid	2
lane	2
land	2
laden	2
known	2
knots	2
kin	2
keep	2
june	2
intense	2
incense	2
immortal	2
hundred	2
hot	2
horror	2
him	2
hid	2
hers	2
heights	2
height	2
hedges	2
heard	2
haunts	2
harmonious	2
hang	2
hail	2
grow	2
grope	2
greet	2
greener	2
great	2
graver	2
grave	2
grass	2
graces	2
graceful	2
goes	2
go	2
glow	2
glory	2
glooms	2
gleam	2
glade	2
given	2
gazing	2
gave	2
gathering	2
gate	2
fullness	2
fuller	2
fringes	2
fringed	2
freedom	2
fragrance	2
forces	2
folded	2
fold	2
flying	2
flung	2
flow	2
fleet	2
fires	2
fine	2
filled	2
fill	2
few	2
feverish	2
fever	2
fell	2
fame	2
fallen	2
fall	2
f	2
erratum	2
equal	2
endless	2
enchanted	2
eludes	2
edge	2
ease	2
dull	2
drowsy	2
dripping	2
drink	2
drifts	2
drift	2
dreary	2
doubt	2
do	2
dip	2
did	2
depth	2
deepest	2
deepens	2
dear	2
dare	2
cups	2
crystal	2
crown	2
cools	2
control	2
complete	2
common	2
coming	2
columbine	2
closer	2
closed	2
clematis	2
cleft	2
child	2
chants	2
chalice	2
caught	2
catch	2
burns	2
burn	2
brought	2
broods	2
broad	2
brier	2
breathe	2
breaks	2
bold	2
blows	2
blow	2
blossomed	2
blindly	2
blinding	2
blaze	2
blast	2
blank	2
blanching	2
bells	2
bell	2
bees	2
bee	2
beats	2
bear	2
barren	2
azalea	2
athwart	2
ascent	2
around	2
arch	2
alive	2
airy	2
ages	2
against	2
actual	2
across	2
aching	2
absolute	2
#	2
■	1
£</	1
|arabicprice|	1
z//tf	1
z	1
yielding	1
yielded	1
yield	1
yellow	1
yearns	1
yearning	1
yearly	1
ye	1
y	1
xor	1
wrought	1
wrong	1
wrath	1
worn	1
word	1
wooing	1
wooded	1
woodbird	1
wont	1
won	1
woe	1
without	1
withholds	1
wither	1
wish	1
wise	1
winning	1
wings	1
wineed	1
windy	1
winding	1
windflower	1
win	1
willows	1
wildness	1
wildest	1
wilder	1
wifely	1
why	1
whom	1
whole	1
whispers	1
whispered	1
whippoorwill	1
whatso	1
wet	1
westward	1
weaves	1
wear	1
wayworn	1
waysides	1
waxes	1
waving	1
waves	1
water	1
watched	1
warble	1
wanton	1
waning	1
walled	1
walk	1
wake	1
wail	1
wafted	1
w	1
vistas	1
visions	1
virginal	1
vine	1
vigils	1
victories	1
vestals	1
very	1
verses	1
veins	1
vein	1
veils	1
vaulting	1
vapour	1
valley	1
vails	1
uvularia	1
utter	1
urns	1
urn	1
uptorn	1
upper	1
uplands	1
upheld	1
untaught	1
unspoiled	1
unsolved	1
unseen	1
unsealed	1
unsatisfied	1
unrolled	1
unroll	1
unquenched	1
unmeasured	1
union	1
unimpassioned	1
unholy	1
unheeded	1
unguessed	1
unfulfilled	1
unfrequented	1
unfinished	1
unfettered	1
unexpected	1
undone	1
undoing	1
undisputed	1
understand	1
underneath	1
undefiled	1
unclouded	1
unceasing	1
unbidden	1
un	1
type	1
twixt	1
twists	1
tv	1
turns	1
turf	1
tune	1
trying	1
trusts	1
trust	1
truer	1
trueborn	1
true	1
truant	1
tropic	1
trod	1
triumphs	1
triumph	1
trillium	1
trifler	1
tribes	1
tremulous	1
tremor	1
train	1
trace	1
toss	1
tops	1
title-page	1
tints	1
tightly	1
tidings	1
thrush	1
throws	1
throes	1
throb	1
thrills	1
threshold	1
three	1
thoughts	1
thoughtless	1
this	1
thirsting	1
thirsted	1
themselves	1
terraced	1
tent	1
tenderness	1
tempest	1
teeming	1
tearful	1
tear	1
tawny	1
tasselled	1
tarnished	1
tardy	1
tangles	1
sympathy	1
symbols	1
swung	1
swoons	1
swoon	1
swollen	1
swift	1
swelling	1
swell	1
sweetness	1
sweeten	1
sweeping	1
swallows	1
swallow	1
suspense	1
sure	1
supreme	1
sunshine	1
sunrise	1
sunny	1
sunbeams	1
sum	1
sullen	1
suffuse	1
subtly	1
struggles	1
stronger	1
striving	1
strive	1
stripped	1
strifes	1
streams	1
straw	1
stranger	1
straggling	1
store	1
stoops	1
stood	1
stony	1
stir	1
sting	1
stiffens	1
step	1
steeped	1
stays	1
starts	1
starry	1
starred	1
stains	1
stagnant	1
staggered	1
stabbed	1
squirrel	1
sprung	1
spotless	1
splendours	1
spires	1
sphere	1
speech	1
sparks	1
space	1
south	1
sources	1
sounds	1
soulless	1
sought	1
sorrow	1
solace	1
soiled	1
softly	1
softer	1
soften	1
sodden	1
sobbing	1
soar	1
smoky	1
smite	1
smell	1
slumbers	1
sloping	1
slept	1
sleeping	1
sleep	1
skirting	1
skims	1
sits	1
sisters	1
sinof	1
sinks	1
sings	1
simplicity	1
silky	1
sight	1
sighing	1
shut	1
shuddered	1
shrunken	1
shrinks	1
shrinking	1
show	1
shorn	1
shod	1
shivered	1
shines	1
shimmering	1
shed	1
sheaths	1
share	1
shapely	1
shallows	1
shallow	1
shaking	1
shaft	1
shady	1
shaded	1
sessilifolia	1
serious	1
serenely	1
serene	1
sere	1
sequence	1
september	1
separate	1
sent	1
sensuous	1
senses	1
sending	1
self	1
seething	1
seemeth	1
seeing	1
secrecy	1
second	1
sealed	1
scorn	1
scorched	1
scatter	1
scarlet	1
scarce	1
saw	1
save	1
savage	1
saucily	1
sativa	1
sap	1
sank	1
same	1
saffron	1
sacrifice	1
russet	1
rushing	1
running	1
rule	1
rudeness	1
rounde	1
rosier	1
room	1
rol	1
rocks	1
rocked	1
robin	1
robes	1
roadsides	1
river	1
riven	1
risen	1
rippling	1
riper	1
ripened	1
ringing	1
rimmed	1
right	1
ridge	1
richness	1
richest	1
richer	1
rhythmic	1
rhythm	1
reverent	1
reveal	1
returns	1
restraints	1
restful	1
represents	1
repining	1
repeating	1
renews	1
renewed	1
renew	1
relentless	1
released	1
rejoice	1
reigning	1
reigned	1
regal	1
reflected	1
reclines	1
reclined	1
reckless	1
rears	1
ready	1
read	1
rbutl	1
rays	1
rapturous	1
rapture	1
ranged	1
raises	1
rains	1
rages	1
raged	1
radiant	1
radiance	1
rabbit	1
r#.s	1
r	1
quiver	1
quickens	1
quickening	1
quickened	1
quicken	1
queenly	1
queen	1
qq#p*	1
purpose	1
purpling	1
prophetic	1
profusion	1
profane	1
probation	1
princess	1
pride	1
presses	1
possessed	1
poised	1
poet	1
poem	1
pleading	1
pity	1
pipes	1
pines	1
pinched	1
pillowed	1
piercing	1
pierce	1
phcebes	1
petals	1
petaled	1
perchance	1
pencilled	1
peerless	1
peculiar	1
patient	1
pastures	1
pasture	1
past	1
passionate	1
passer	1
passed	1
parting	1
part	1
parching	1
parched	1
panting	1
pangs	1
pallor	1
pall	1
palest	1
pains	1
p	1
owns	1
overrun	1
overhead	1
overflowing	1
outward	1
outstretched	1
outruns	1
outlet	1
outlasts	1
ourselves	1
orchard	1
ones	1
oft	1
odorous	1
october	1
oak	1
november	1
nots	1
nothing	1
note	1
noontide	1
noon	1
none	1
noblest	1
newly	1
neglect	1
needless	1
need	1
neath	1
mysteries	1
myriads	1
myriad	1
mw	1
mute	1
musing	1
music	1
murmuring	1
multiplied	1
moving	1
move	1
mourn	1
mounting	1
mould	1
morn	1
moonlight	1
moon	1
moods	1
modest	1
mocks	1
mocked	1
misunderstanding	1
misty	1
mist	1
miss	1
miracle	1
ministries	1
mingle	1
mind	1
might	1
mien	1
midst	1
met	1
merged	1
mer	1
men	1
memories	1
melted	1
meanings	1
meadowsweet	1
matchless	1
massy	1
maples	1
many	1
mantling	1
mantled	1
maddening	1
lustrous	1
loyal	1
lowly	1
lowliest	1
loves	1
lover	1
loveliest	1
lot	1
loss	1
loses	1
looks	1
look	1
loneliest	1
locked	1
ll	1
live	1
little	1
lit	1
listens	1
listening	1
listen	1
list	1
liquid	1
lightness	1
lifeblood	1
less	1
lengthening	1
ledges	1
learns	1
leaping	1
leaning	1
leafless	1
leafage	1
laughing	1
latest	1
lately	1
late	1
lasting	1
large	1
lapt	1
landscape	1
landlocked	1
lagging	1
knows	1
knowledge	1
knolls	1
knee	1
kiss	1
kingdom	1
kindred	1
kindly	1
kindle	1
kind	1
kept	1
keen	1
k	1
jagged	1
j	1
into	1
interwound	1
intenser	1
instinct	1
instead	1
inspired	1
inspiration	1
inner	1
inmost	1
influence	1
infinite	1
impress	1
impetuous	1
im	1
illustrations	1
illustration	1
illumined	1
idly	1
idler	1
idle	1
hushed	1
hush	1
hurled	1
hung	1
hums	1
hum	1
hues	1
however	1
how	1
hover	1
hopes	1
home	1
hollow	1
holiest	1
holier	1
hint	1
highways	1
hide	1
herself	1
hence	1
hemlocks	1
helping	1
held	1
heir	1
heeds	1
hedgerow	1
hedge	1
heavy	1
heaving	1
heavens	1
heats	1
heath	1
hears	1
hear	1
health	1
headlands	1
haze	1
haunting	1
haste	1
hast	1
harebell	1
happier	1
hangs	1
hammer	1
hallows	1
halfway	1
gypsy	1
guilt	1
growths	1
grown	1
ground	1
grieves	1
grew	1
greeting	1
greenery	1
grateful	1
grassy	1
grapple	1
grants	1
grand	1
good	1
god	1
glowing	1
glistens	1
glen	1
glass	1
glances	1
glance	1
gladdening	1
glad	1
genuine	1
gentler	1
gathers	1
gathered	1
garland	1
garden	1
gains	1
gain	1
gaily	1
g	1
funeral	1
frosts	1
frost	1
front	1
fringe	1
friend	1
fresher	1
freer	1
frankness	1
frankly	1
frank	1
frailest	1
fragrant	1
fragments	1
forsaken	1
forms	1
formed	1
forlorn	1
forgotten	1
forgot	1
forget	1
forever	1
foretells	1
forceful	1
force	1
forbore	1
footsteps	1
footstep	1
footprints	1
foot	1
follows	1
followed	1
folds	1
folding	1
fly	1
flushing	1
flows	1
flown	1
floweret	1
flood-tide	1
flood	1
floating	1
flinched	1
flickers	1
fleetfoot	1
fled	1
flaunting	1
fitting	1
fitful	1
first	1
finer	1
fettered	1
festival	1
fern	1
feeling	1
fed	1
feathery	1
fate	1
fatal	1
fastness	1
farthest	1
farther	1
fancies	1
faltering	1
falls	1
faith	1
fairness	1
fairest	1
fainting	1
fainted	1
fain	1
fail	1
fading	1
faded	1
face	1
eyed	1
ethereal	1
eold	1
encompassed	1
enchantment	1
empty	1
emotions	1
emerald	1
embracing	1
embrace	1
else	1
either	1
echo	1
ebb	1
eaves	1
east	1
earthward	1
earthly	1
earthborn	1
ears	1
earn	1
eager	1
dying	1
dwells	1
dwell	1
dusty	1
dust	1
dry	1
dropped	1
driving	1
dreamy	1
dreams	1
dreamless	1
drank	1
drains	1
downward	1
door	1
doom	1
dome	1
domain	1
does	1
dizzying	1
dizzy	1
divinest	1
divinely	1
divide	1
disturbs	1
dissolving	1
dissemble	1
dishevelled	1
disguise	1
disc	1
dips	1
dies	1
die	1
didst	1
dews	1
design	1
deserted	1
derstood	1
depths	1
delays	1
deferred	1
deepening	1
deem	1
deed	1
decided	1
deathward	1
dazzled	1
dauntless	1
darling	1
darks	1
darkness	1
darkened	1
dappled	1
danger	1
dally	1
daisied	1
daily	1
curves	1
curtained	1
curtain	1
curse	1
current	1
curdled	1
cup	1
cruel	1
crowning	1
crowding	1
crowded	1
crowd	1
cricket	1
creeps	1
cramp	1
cows	1
covet	1
country	1
countless	1
corpse	1
coronet	1
core	1
copse	1
coppice	1
controlled	1
constant	1
conquer	1
confusion	1
confines	1
concealed	1
completes	1
compels	1
compelling	1
communion	1
command	1
comfort	1
comest	1
coloured	1
clusters	1
cluster	1
clue	1
cloy	1
cloudy	1
clouded	1
closes	1
closely	1
clinging	1
cliffs	1
clasping	1
clasped	1
clasp	1
claims	1
clad	1
circled	1
circle	1
chord	1
chime	1
chilly	1
chills	1
chill	1
chestnuts	1
cheek	1
check	1
chattering	1
chaste	1
chased	1
chant	1
changing	1
chances	1
chanced	1
challenge	1
central	1
ceased	1
catkins	1
casts	1
cast	1
carol	1
caresses	1
caress	1
cares	1
career	1
care	1
canopy	1
cancel	1
calmly	1
call	1
cadence	1
bush	1
burdened	1
buds	1
budding	1
bubbling	1
brows	1
bronzed	1
brings	1
bringing	1
bringeth	1
brimmed	1
brim	1
brightness	1
brighter	1
bright	1
bridal	1
breathless	1
brand	1
brain	1
bower	1
bounding	1
borders	1
bond	1
blushes	1
blotted	1
blossoming	1
blinds	1
blind	1
blessing	1
bleak	1
blackness	1
blackly	1
bitter	1
birch	1
bios	1
binding	1
bid	1
bestow	1
best	1
besieged	1
bereft	1
bent	1
bends	1
bending	1
belong	1
beginning	1
before	1
became	1
beating	1
beaten	1
beat	1
bearing	1
beams	1
bathed	1
bares	1
banks	1
bank	1
ball	1
baffles	1
baffled	1
azaleas	1
awaking	1
avena	1
auroral	1
attractive	1
aster	1
assurance	1
asking	1
ask	1
artist	1
array	1
arms	1
ardent	1
arbutus	1
appears	1
appeal	1
answering	1
answer	1
ankle	1
anions	1
anew	1
ancient	1
allegiance	1
alike	1
alders	1
alder	1
airs	1
ah	1
aglow	1
afar	1
advances	1
admits	1
ache	1
accept	1
abo	1
abide	1
^€poll	1
^	1
\/™	1
<?	1
<	1
//$<?	1
/#&	1
-*	1
*	1
),	1
(	1
#;	1
".	1
"	1
