the	681
,	657
.	508
and	418
of	290
a	231
;	195
to	191
in	173
that	156
my	146
i	126
|'s|	118
with	101
is	90
for	84
|arabic2digit|	83
on	72
all	69
?	69
he	67
as	63
!	63
her	62
love	57
life	57
but	57
was	54
you	52
heart	51
from	50
—	49
his	49
we	48
its	48
it	46
day	46
who	43
your	41
no	40
when	38
me	36
by	36
she	33
so	32
like	32
at	32
are	32
|arabic1digit|	31
our	31
one	31
'	30
through	29
this	29
over	29
where	28
thy	28
they	27
soul	27
not	27
light	27
has	27
there	26
sweet	25
eyes	25
away	25
"	25
him	24
here	24
have	24
upon	23
out	23
be	23
night	22
more	22
had	22
us	21
summer	21
oh	21
would	20
or	20
earth	20
will	19
way	19
within	18
while	18
song	18
old	18
long	18
again	18
then	17
never	17
know	17
flowers	17
feet	17
fall	17
face	17
woman	16
were	16
still	16
pain	16
dream	16
come	16
back	16
snow	15
must	15
if	15
bring	15
wind	14
passion	14
may	14
into	14
god	14
drink	14
days	14
alone	14
west	13
weary	13
soft	13
skies	13
mine	13
lie	13
last	13
go	13
far	13
down	13
:	13
*	13
youth	12
wine	12
up	12
sunshine	12
sky	12
now	12
dreams	12
dead	12
what	11
too	11
thou	11
their	11
sun	11
some	11
say	11
past	11
neath	11
loved	11
little	11
lips	11
leaves	11
hand	11
gold	11
forever	11
fair	11
baby	11
years	10
which	10
voice	10
two	10
true	10
them	10
room	10
rest	10
part	10
own	10
low	10
lonely	10
grew	10
gretchen	10
ever	10
bright	10
breast	10
across	10
yet	9
those	9
should	9
shall	9
roses	9
passionate	9
only	9
memory	9
meet	9
many	9
man	9
hear	9
fled	9
deep	9
an	9
air	9
thought	8
than	8
tender	8
strife	8
stream	8
sigh	8
side	8
power	8
name	8
loving	8
lover	8
looked	8
look	8
house	8
hours	8
heaven	8
head	8
golden	8
feel	8
falls	8
death	8
can	8
brown	8
breath	8
birds	8
|romannumeral|	7
wife	7
unrest	7
time	7
these	7
thee	7
tears	7
sea	7
rose	7
rain	7
place	7
new	7
mountain	7
mother	7
might	7
lives	7
lies	7
land	7
happy	7
hands	7
hair	7
grey	7
goodbye	7
first	7
fire	7
faith	7
every	7
do	7
die	7
did	7
could	7
comes	7
cold	7
caught	7
broken	7
blow	7
best	7
before	7
another	7
altar	7
."	7
without	6
whose	6
tree	6
t	6
sweetest	6
strength	6
spring	6
sound	6
sorrow	6
smile	6
sing	6
set	6
see	6
once	6
nor	6
nature	6
music	6
morning	6
longing	6
let	6
joy	6
heard	6
h	6
great	6
glorious	6
found	6
felt	6
fell	6
father	6
fate	6
f	6
e	6
both	6
blessed	6
beneath	6
beat	6
against	6
above	6
young	5
y	5
wrong	5
world	5
women	5
wings	5
wing	5
wild	5
wide	5
violets	5
vanished	5
under	5
town	5
tonight	5
together	5
think	5
things	5
thing	5
sunset	5
such	5
strong	5
strings	5
story	5
stands	5
stand	5
speech	5
sleep	5
sings	5
shrine	5
s	5
resurrection	5
red	5
play	5
ocean	5
mist	5
lost	5
left	5
kiss	5
how	5
hour	5
hope	5
hold	5
heat	5
hearts	5
grave	5
goes	5
glow	5
gives	5
gentle	5
free	5
fragrant	5
fond	5
flower	5
fame	5
empty	5
each	5
dreamed	5
dear	5
dark	5
clouds	5
cloud	5
burn	5
born	5
blossoms	5
blood	5
bird	5
battle	5
autumn	5
among	5
alas	5
after	5
you've	4
woke	4
woe	4
wintery	4
window	4
why	4
wed	4
ways	4
warm	4
wait	4
veins	4
valley	4
toward	4
told	4
today	4
till	4
tide	4
though	4
tall	4
swept	4
sunny	4
subtle	4
space	4
souls	4
songs	4
soared	4
smart	4
slay	4
sight	4
shining	4
sheltering	4
shadows	4
sent	4
seen	4
seems	4
seemed	4
same	4
sad	4
reign	4
ray	4
radiant	4
quick	4
purple	4
pulses	4
presence	4
perfume	4
peace	4
passed	4
parted	4
other	4
off	4
mirth	4
men	4
melody	4
meadow	4
mammon	4
makes	4
maiden	4
madness	4
made	4
lived	4
laughter	4
late	4
knight	4
knew	4
it's	4
hills	4
hill	4
high	4
held	4
hearth	4
glory	4
gleam	4
ghost	4
gave	4
gather	4
foolish	4
fly	4
flashing	4
fingers	4
fierce	4
feels	4
fast	4
faded	4
ear	4
dying	4
dull	4
dreaming	4
draught	4
door	4
done	4
don't	4
died	4
dew	4
despair	4
desire	4
darkness	4
cry	4
creature	4
close	4
cannot	4
came	4
calling	4
called	4
boy	4
bless	4
between	4
b	4
arc	4
ah	4
yes	3
year	3
worth	3
word	3
wooes	3
won	3
winter	3
winds	3
windows	3
white	3
well	3
welcome	3
we've	3
watches	3
wander	3
walk	3
vexed	3
velvet	3
valentine	3
upward	3
twilight	3
twain	3
travail	3
touch	3
tongue	3
tomorrow	3
three	3
thoughts	3
thine	3
tempest	3
tell	3
take	3
sunlight	3
string	3
stood	3
stony	3
spread	3
spoken	3
spirit	3
soon	3
softly	3
sit	3
silence	3
shore	3
sharp	3
shadow	3
senses	3
send	3
self	3
seem	3
saw	3
sands	3
safe	3
rustle	3
round	3
rise	3
right	3
restless	3
reach	3
rare	3
r	3
quarrelled	3
pulse	3
prayer	3
pray	3
poor	3
poet	3
pine	3
path	3
nothing	3
nest	3
near	3
mountains	3
mount	3
mortal	3
moonlight	3
miss	3
make	3
mad	3
m	3
lying	3
lullabys	3
loyal	3
loom	3
longed	3
living	3
lights	3
leads	3
kisses	3
king	3
just	3
june	3
joyous	3
j	3
ill	3
i've	3
hide	3
hidden	3
herself	3
heights	3
hangs	3
hall	3
grow	3
green	3
grasses	3
grace	3
good	3
goddess	3
gloom	3
glistening	3
give	3
gainst	3
full	3
forgot	3
forgetting	3
forget	3
flow	3
find	3
fills	3
fields	3
field	3
fever	3
fears	3
fear	3
fashion	3
fancy	3
faithful	3
faint	3
failure	3
even	3
ere	3
end	3
early	3
driving	3
does	3
discord	3
deer	3
dashing	3
cup	3
cruel	3
content	3
childhood	3
child	3
cares	3
can't	3
call	3
buried	3
built	3
brow	3
brought	3
brief	3
book	3
board	3
bloom	3
birth	3
beside	3
below	3
bells	3
being	3
beheld	3
bed	3
because	3
beauty	3
beating	3
bear	3
bark	3
asks	3
ashes	3
any	3
anger	3
ambition	3
ago	3
about	3
?"	3
yours	2
yields	2
yield	2
writ	2
wounded	2
worldly	2
work	2
words	2
woodland	2
wood	2
woo	2
wise	2
willing	2
whom	2
whether	2
whatever	2
wert	2
went	2
weather	2
wealth	2
waves	2
water	2
watch	2
warmth	2
warming	2
wanted	2
wall	2
walked	2
waking	2
wake	2
visions	2
vine	2
very	2
vechten	2
van	2
valleys	2
vain	2
utmost	2
understand	2
twas	2
turns	2
turn	2
try	2
truth	2
trust	2
triumph	2
treasure	2
track	2
torrent	2
tm	2
tis	2
tired	2
timid	2
thus	2
thrush	2
thrill	2
thread	2
thirsty	2
thinks	2
teach	2
tangle	2
talents	2
swooning	2
swiftly	2
swift	2
sweetheart	2
summers	2
strove	2
stretch	2
streets	2
street	2
streams	2
strand	2
straight	2
step	2
stars	2
stains	2
stain	2
spray	2
spoke	2
spent	2
sounding	2
sought	2
son	2
sometimes	2
softest	2
sobbing	2
snowy	2
snare	2
snapped	2
smiling	2
small	2
slip	2
slept	2
sleet	2
sins	2
singing	2
sin	2
sill	2
silent	2
sick	2
shy	2
shows	2
showers	2
share	2
sees	2
seeks	2
seed	2
search	2
seal	2
scent	2
scatters	2
sang	2
said	2
sacrifice	2
rythm	2
running	2
rosy	2
roof	2
rolled	2
rocks	2
river	2
rings	2
richest	2
restful	2
remorse	2
remains	2
reflecting	2
recognition	2
recall	2
reason	2
rapturous	2
rapture	2
raindrops	2
race	2
quite	2
quiet	2
quickly	2
question	2
quaint	2
pure	2
press	2
present	2
prairie	2
played	2
pictures	2
patient	2
passing	2
pains	2
p	2
ours	2
opening	2
opened	2
open	2
olden	2
often	2
odour	2
o	2
ny	2
noisy	2
nly	2
nights	2
nigh	2
nesting	2
neighbour	2
n	2
murmur	2
mouth	2
moon	2
moment	2
milord	2
mile	2
mid	2
met	2
message	2
merry	2
memories	2
melodies	2
lowering	2
lose	2
looks	2
loitering	2
lo	2
live	2
line	2
limitless	2
level	2
learned	2
leaping	2
leap	2
leaden	2
lazy	2
lay	2
laurel	2
laughed	2
latest	2
lark	2
languid	2
lady	2
lace	2
knows	2
known	2
knowledge	2
jewels	2
insufficiency	2
inn	2
influence	2
infinite	2
indian	2
incomplete	2
imperious	2
impatient	2
i'll	2
i'd	2
hushed	2
hung	2
hue	2
horses	2
honour	2
homeward	2
higher	2
hiding	2
hid	2
heather	2
hears	2
heads	2
haunting	2
hat	2
hasten	2
harvest	2
harp	2
harmony	2
happier	2
halls	2
gypsy	2
guards	2
grown	2
granite	2
grain	2
gone	2
gleaming	2
gilliflower	2
ghosts	2
gaze	2
gay	2
gain	2
funeral	2
fruit	2
frozen	2
frost	2
fro	2
friends	2
friend	2
forth	2
forgetful	2
follows	2
folds	2
flying	2
flown	2
flies	2
flew	2
fleecy	2
flashed	2
flaming	2
flames	2
flame	2
five	2
fires	2
finds	2
filmy	2
filled	2
fife	2
false	2
falling	2
eyed	2
evening	2
eternity	2
eternal	2
enter	2
embers	2
echoing	2
eagle	2
eager	2
dust	2
drums	2
dropped	2
drifts	2
dressed	2
draw	2
dove	2
divine	2
dimpled	2
different	2
deeds	2
dash	2
danced	2
curtains	2
curtain	2
curls	2
crowned	2
crown	2
cross	2
cradle	2
covered	2
cover	2
courage	2
constant	2
complete	2
command	2
coming	2
colour	2
clinging	2
chill	2
childish	2
castle	2
caress	2
careless	2
care	2
canst	2
calm	2
burns	2
burned	2
burial	2
brother	2
brings	2
brighter	2
bride	2
break	2
brave	2
branches	2
brain	2
blushing	2
blue	2
blossom	2
bliss	2
blight	2
birdiing	2
birch	2
beyond	2
beats	2
bears	2
bathed	2
bare	2
banners	2
banks	2
babies	2
asked	2
around	2
arose	2
arise	2
apple	2
answered	2
answer	2
am	2
always	2
ail	2
afloat	2
ache	2
!"	2
♦	1
••dear	1
»	1
|hese	1
|arabic3digit|	1
|anned	1
zest	1
yourlifeandmine	1
you'll	1
yore	1
yon	1
yielded	1
yesterday	1
yeoman	1
yellow	1
ye	1
wrought	1
written	1
write	1
wren	1
wreath	1
woven	1
wove	1
wounds	1
wound	1
worshippers	1
worn	1
works	1
worked	1
wonr\an	1
wondered	1
wonder	1
womalii	1
wolf	1
wives	1
withstood	1
withdrew	1
wisdom	1
wisconsin	1
wires	1
wintergreens	1
winging	1
winding	1
win	1
wider	1
whore	1
whole	1
whiteness	1
whim	1
whereon	1
wherein	1
wet	1
western	1
wept	1
welcoming	1
weidersehn	1
weep	1
weeks	1
week	1
wedding	1
weaves	1
wear	1
weakness	1
weak	1
wc	1
wayward	1
waving	1
wave	1
wausau	1
waters	1
watching	1
wash	1
warp	1
warning	1
warms	1
warmed	1
warfare	1
ward	1
want	1
wanderings	1
wandering	1
wandered	1
wan	1
walls	1
walled	1
waken	1
waits	1
waiting	1
waited	1
wage	1
w	1
voices	1
virtues	1
virgin	1
violet	1
vintage	1
vines	1
vigour	1
victors	1
victor	1
verses	1
verdure	1
vein	1
veil	1
vault	1
vast	1
vanish	1
vale	1
vainly	1
uttermost	1
utter	1
useless	1
used	1
upturned	1
untwines	1
untruth	1
untried	1
unto	1
until	1
untamed	1
unsung	1
unspoken	1
unseeing	1
unseasoned	1
unrolled	1
unrequited	1
universe	1
unexpressed	1
underneath	1
unbroken	1
unbidden	1
unawakened	1
ultimatum	1
u	1
twixt	1
twine	1
twice	1
turned	1
turbid	1
tune	1
tumult	1
tumbling	1
tryst	1
trying	1
truthful	1
truest	1
trout	1
troth	1
tropic	1
trifling	1
tried	1
tress	1
tremble	1
treasures	1
tread	1
treacherous	1
travel	1
transplanting	1
toy	1
touched	1
tossed	1
torrents	1
tore	1
tops	1
toothsome	1
tonnes	1
tomybrother	1
toast	1
titles	1
title-page	1
title	1
tiny	1
tinting	1
tin	1
times	1
timbers	1
tilling	1
tightening	1
ticks	1
tic	1
thyself	1
throe	1
throbbing	1
throb	1
throat	1
thrive	1
thrilled	1
thrice	1
threaded	1
thrall	1
thoughtfully	1
thoroughbreds	1
thinking	1
thick	1
they'll	1
thewesfwind	1
thereto	1
theme	1
thelivlnghatrp	1
thebetttle	1
thawing	1
thank	1
terror	1
tenderness	1
tenderest	1
temple	1
tempests	1
temper	1
teardrops	1
taunted	1
taught	1
tarnished	1
tap	1
tangled	1
tamely	1
tame	1
talked	1
talk	1
table	1
sympathy	1
swooned	1
swing	1
swine	1
swiftest	1
swelling	1
sweetness	1
sweeter	1
sweeps	1
sweeping	1
sweep	1
swears	1
sway	1
swallow	1
swain	1
surface	1
supreme	1
sunsets	1
sunrise	1
sung	1
sunbeam	1
sun^mer	1
sumach	1
suited	1
suffer	1
sue	1
sudden	1
subtlest	1
subject	1
sturdy	1
stupid	1
stung	1
stubble	1
struggling	1
struggled	1
struggle	1
struck	1
stronger	1
stroked	1
stroke	1
stricken	1
strew	1
stretched	1
stress	1
strengthens	1
streamlet	1
streaming	1
stray	1
straps	1
strangers	1
stranger	1
strangely	1
strands	1
strains	1
strain	1
stories	1
stopped	1
stop	1
stoop	1
stone	1
stirred	1
stifle	1
stern	1
steps	1
stepped	1
steeps	1
steeples	1
steals	1
steadfast	1
staunch	1
startled	1
star	1
standing	1
stained	1
stage	1
squirrels	1
spurned	1
springtime	1
spot	1
splendid	1
spite	1
spirits	1
spire	1
spinning	1
spin	1
spilled	1
speeds	1
speeding	1
sped	1
speaking	1
speak	1
sparrows	1
spark	1
span	1
southward	1
south	1
sorrowing	1
soothe	1
somewhere	1
something	1
solemn	1
soiled	1
softer	1
softens	1
sobs	1
sob	1
snows	1
sneers	1
smothered	1
smirched	1
smiled	1
slumbering	1
slumber	1
slowly	1
slope	1
slipping	1
slide	1
sleigh	1
sleepless	1
sleeping	1
sl	1
sister	1
siren	1
sire	1
sinning	1
singer	1
since	1
simple	1
silken	1
sign	1
sighed	1
siesta	1
sickened	1
shut	1
shrill	1
showing	1
showed	1
show	1
shouts	1
shoulders	1
shoulder	1
short	1
shop	1
shone	1
shoes	1
shiver	1
shipwrecked	1
ships	1
shines	1
shimmering	1
shift	1
shield	1
sheet	1
shed	1
sheaves	1
she'd	1
shameful	1
shalt	1
shafts	1
shades	1
shade	1
severed	1
sever	1
sets	1
serve	1
serene	1
sensuous	1
senseless	1
sense	1
semblance	1
seeming	1
seeking	1
seek	1
seeing	1
seductive	1
secure	1
secret	1
sec	1
seas	1
sculptured	1
screaming	1
sceptre	1
scenes	1
scattered	1
scars	1
scarred	1
scarlet	1
scarce	1
save	1
satin	1
sat	1
sapling	1
sake	1
sails	1
sadder	1
sacrament	1
rushing	1
rush	1
rumour	1
ruined	1
rue	1
rude	1
royal	1
rouse	1
rosina	1
roseate	1
rode	1
rocky	1
robs	1
robbed	1
rob	1
road	1
ripening	1
ring	1
rill	1
rich	1
reveal	1
returned	1
return	1
retrace	1
rests	1
response	1
request	1
replies	1
repeating	1
repays	1
renew	1
rends	1
rejoiced	1
reigned	1
regretting	1
regretful	1
regret	1
regeneration	1
regain	1
reflect	1
recompense	1
receipt	1
recalled	1
reared	1
reaped	1
real	1
reaching	1
reaches	1
reached	1
rays	1
ravished	1
ravish	1
rave	1
rattle	1
rather	1
raised	1
rainbow	1
radiance	1
quivering	1
quietly	1
quickening	1
queer	1
queen	1
ql	1
purling	1
purest	1
prowls	1
prowled	1
proud	1
protect	1
profound	1
prize	1
prince	1
priests	1
price	1
preside	1
prayed	1
prance	1
praised	1
praise	1
prairies	1
potion	1
postponed	1
portrait	1
popcorn	1
pools	1
poison	1
point	1
poets	1
poem	1
plighted	1
plenty	1
pleasures	1
pleasure	1
pleasant	1
plainly	1
plain	1
placed	1
pipes	1
pinned	1
pink	1
pines	1
pillowed	1
pillow	1
pierce	1
picked	1
philosopher	1
petty	1
perished	1
perfumed	1
people	1
peasant	1
pearls	1
peak	1
paused	1
pause	1
pattern	1
patience	1
pathway	1
paths	1
pass	1
partridge	1
pardon	1
paradise	1
papers	1
pane	1
palm	1
pallid	1
pall	1
paints	1
pail	1
pages	1
paced	1
owned	1
overhead	1
outside	1
outgrown	1
outer	1
others	1
oses	1
orever	1
orchard	1
opeless	1
onward	1
onto	1
ones	1
omesick	1
olympian	1
offspring	1
offerings	1
offered	1
odours	1
od's	1
oak	1
nrvountain	1
november	1
nought	1
noticed	1
nothingness	1
notes	1
note	1
northwest	1
northward	1
northeast	1
north	1
nor'easter	1
noon	1
noise	1
nobles	1
nobleman	1
noble	1
nny	1
nineteenth	1
nile	1
newly	1
nevermore	1
nestle	1
nerveless	1
nemesis	1
neither	1
need	1
nearer	1
narrow	1
names	1
naegele	1
n^emory	1
mystery	1
mysterious	1
musketry	1
murmured	1
much	1
mourning	1
mounting	1
mould	1
mothers	1
motherhood	1
mote	1
most	1
mossy	1
mosses	1
moss	1
morrow	1
moral	1
moorings	1
mood	1
monument	1
money	1
mists	1
mistaken	1
miry	1
mirror	1
mire	1
miracle	1
minor	1
mind	1
mikh	1
mighty	1
mien	1
midst	1
mesh	1
melts	1
melting	1
melt	1
measured	1
measure	1
meaning	1
meal	1
meadows	1
mcmll	1
mayhap	1
mayest	1
may-day	1
maturer	1
matter	1
mating	1
mas	1
martyrs	1
martial	1
marketplace	1
marked	1
marching	1
march	1
marble	1
maples	1
maple	1
mantle	1
maids	1
maidens	1
maid	1
maddest	1
lust	1
luminous	1
lull	1
loves	1
lovers	1
loud	1
lotus	1
loss	1
lord	1
looking	1
longs	1
longer	1
loneliness	1
lone	1
log	1
lock	1
ll	1
livery	1
livelong	1
lit	1
listening	1
listen	1
list	1
lisa	1
lingering	1
lines	1
linen	1
limit	1
lightning	1
lighted	1
lichened	1
letter	1
lets	1
lessons	1
less	1
length	1
leaving	1
leave	1
leapt	1
leaps	1
leading	1
leader	1
lead	1
lea	1
ld	1
laves	1
launched	1
laughs	1
latent	1
lately	1
larger	1
languorous	1
lake	1
laid	1
laggard	1
ladies	1
lacking	1
labour	1
knowing	1
knoweth	1
kissed	1
kings	1
kindness	1
kindly	1
kind	1
killed	1
kill	1
key	1
kept	1
keeps	1
keep	1
keenest	1
keener	1
keen	1
k	1
july	1
journey	1
joined	1
join	1
jo	1
jim	1
jest	1
jealous	1
jar	1
jangles	1
ivlust	1
itself	1
ithin	1
iron	1
ire	1
intertwining	1
intent	1
inspired	1
infernal	1
imprisoned	1
impossible	1
impenetrable	1
image	1
illumines	1
ij	1
ignited	1
idolatry	1
idaho	1
id	1
ice	1
i^iss	1
hy	1
hwixt	1
husks	1
husband	1
hunters	1
hunter	1
hunt	1
humbly	1
howling	1
however	1
hounds	1
hough	1
hot	1
horns	1
hopes	1
honest	1
homesick	1
home	1
holiest	1
holds	1
hobby	1
hirelings	1
himself	1
highest	1
hides	1
hewer	1
heroes	1
herald	1
hen	1
helped	1
help	1
hell	1
helen	1
height	1
heavy	1
heaviest	1
heavenward	1
heartsick	1
hearted	1
hearken	1
heal	1
headlong	1
he's	1
he'd	1
having	1
haunted	1
haunt	1
hating	1
hate	1
haswin	1
harmonies	1
harm	1
hark	1
hardly	1
harder	1
harbouring	1
haply	1
hang	1
handsome	1
half	1
hal\ii\ted	1
hai	1
gulps	1
gull	1
guide	1
growth	1
grows	1
growing	1
grieves	1
grief	1
greeting	1
greatness	1
grasping	1
grasped	1
grant	1
grandeur	1
grande	1
governed	1
gods	1
goal	1
glen	1
gleams	1
gleamed	1
glassy	1
glanced	1
glance	1
glade	1
gladdens	1
glad	1
girlhood	1
girl	1
gilded	1
genius	1
generously	1
generous	1
gazing	1
gazed	1
gaunt	1
gathers	1
gathered	1
garnered	1
galloping	1
gall	1
gained	1
gaily	1
g	1
future	1
furnace	1
furiously	1
fulfils	1
frosty	1
freshness	1
freshening	1
frenzy	1
freezes	1
freer	1
freedom	1
frederick	1
frances	1
frailly	1
frail	1
fragment	1
forsook	1
forsaken	1
forgotten	1
forgets	1
forgetfulness	1
forged	1
forevermore	1
forest	1
footsteps	1
fools	1
folly	1
followed	1
follow	1
folded	1
foe	1
fluttered	1
flushing	1
flushed	1
flush	1
fluffy	1
flows	1
floweth	1
flowerets	1
floor	1
flooded	1
floats	1
floated	1
float	1
flitted	1
fling	1
flight	1
flesh	1
fleeting	1
fleeted	1
flecks	1
flaxen	1
flashes	1
flash	1
flake	1
flagon	1
fitful	1
fit	1
fish	1
firelight	1
finished	1
fine	1
fill	1
fight	1
fig	1
fiercest	1
fiercer	1
fickle	1
fi	1
few	1
fen	1
fellow	1
feeds	1
feeding	1
feed	1
feathers	1
feather	1
fearful	1
fault	1
fated	1
farewell	1
fared	1
fancies	1
fallen	1
faithfully	1
fairest	1
fairer	1
fading	1
faced	1
fable	1
eyelids	1
eye	1
express	1
expire	1
exceptional	1
evermore	1
et	1
escaped	1
enwrapped	1
ends	1
endeth	1
empyrean	1
embrace	1
else	1
eight	1
edge	1
eden	1
echoes	1
eaves	1
easy	1
eastern	1
east	1
eart	1
earl	1
duty	1
dusk	1
dumb	1
drum	1
drugs	1
drowsily	1
drowns	1
drowning	1
drowned	1
drought	1
dross	1
drops*	1
drop	1
droop	1
driven	1
dripping	1
drifting	1
drifted	1
drift	1
drenched	1
dreary	1
dreanu	1
drean^ed	1
dreamy	1
drawing	1
drawer	1
draped	1
drank	1
drained	1
drain	1
drag	1
downward	1
dower	1
doubting	1
doorway	1
doom	1
dole	1
doing	1
dll	1
distance	1
dissemble	1
discords	1
disclose	1
disappointment	1
din	1
dim	1
dies	1
diamond	1
dewy	1
dews	1
dewdrops	1
design	1
desecrated	1
depths	1
deny	1
dells	1
degree	1
deeper	1
deem	1
deceived	1
dearer	1
dawning	1
dawned	1
dawn	1
daughter	1
dashed	1
dart	1
darken	1
dare	1
dance	1
d	1
custom	1
curves	1
cursed	1
current	1
curling	1
crushes	1
crunching	1
cruelty	1
crowded	1
crossed	1
croon	1
crisply	1
crimsoned	1
cries	1
crested	1
creeps	1
created	1
create	1
covers	1
coursing	1
country	1
counting	1
countess	1
counted	1
count	1
costly	1
coronet	1
cooling	1
control	1
consummation	1
conscience	1
conquest	1
conquered	1
conquer	1
conflict	1
comrade	1
completer	1
completed	1
complainings	1
complain	1
companionship	1
committed	1
comfort	1
coldly	1
colder	1
clover	1
cloudy	1
closing	1
clock	1
clipped	1
clink	1
clew	1
cleopatra	1
cleave	1
clearly	1
clear	1
claytonias	1
clatter	1
clasping	1
clasp	1
clashing	1
clash	1
clamour	1
claim	1
circling	1
christmas	1
christ	1
chord	1
choose	1
chirp	1
chilling	1
children	1
cherub	1
cherished	1
cheer	1
cheeks	1
chattering	1
chasms	1
charms	1
charles	1
chaplet	1
change	1
chains	1
century	1
centuries	1
censure	1
ceiling	1
cease	1
cattle	1
catch	1
cat	1
caste	1
cast	1
casement	1
carrying	1
carry	1
carriage	1
caressing	1
canker	1
calmness	1
calmly	1
calls	1
cadences	1
cabin	1
busy	1
burst	1
bullet	1
budding	1
bubble	1
brushed	1
bruneau	1
browse	1
brooding	1
bronze	1
broader	1
broad	1
brink	1
bringing	1
brilliant	1
brightness	1
brightly	1
bridegroom	1
bridal	1
breezes	1
breathes	1
breathed	1
breasts	1
breaking	1
bread	1
bravery	1
bravely	1
branding	1
brake	1
bowers	1
bow	1
bounty	1
boundary	1
boughs	1
bough	1
borrow	1
borough	1
bore	1
boon	1
books	1
boatman	1
boat	1
blown	1
blot	1
blooming	1
blinding	1
blindfold	1
blighted	1
blessings	1
blesses	1
blast	1
blank	1
blade	1
black	1
bittern	1
birthright	1
birthday	1
billows	1
bii	1
bier	1
betwixt	1
better	1
berries	1
bereft	1
bending	1
bend	1
beloved	1
believed	1
believe	1
behind	1
behaved	1
beguiled	1
begotten	1
beginning	1
been	1
beechnuts	1
becomes	1
beast	1
bearing	1
beams	1
beaming	1
beamed	1
beads	1
bay	1
baulked	1
bars	1
barriers	1
barren	1
barbaric	1
balm	1
ball	1
bade	1
backward	1
babes	1
b.c	1
aweary	1
awakening	1
awaken	1
awake	1
avalanche	1
avaclentifve	1
august	1
auf	1
atmosphere	1
asleep	1
asking	1
ask	1
aside	1
ashamed	1
aroused	1
arms	1
aright	1
arecognition	1
ardour	1
april	1
approving	1
appealing	1
apart	1
apace	1
anyone	1
antony	1
antlers	1
answering	1
angel	1
anemones	1
amid	1
alternate	1
aloud	1
along	1
alight	1
alien	1
al	1
aims	1
aglow	1
ages	1
age	1
aftermath	1
aflame	1
afford	1
adversity	1
adverse	1
adoration	1
aches	1
absurd	1
abirthdaysong	1
abased	1
^	1
\v\l	1
[	1
9»	1
.;	1
..	1
-	1
*****	1
&	1
"?	1
