,	1364
the	1303
.	721
of	685
and	664
a	471
to	393
in	297
;	255
i	182
that	180
with	174
|'s|	165
as	152
—	135
is	132
!	132
her	123
my	115
thy	114
love	109
'	98
"	96
his	94
from	89
for	89
all	82
on	80
but	78
he	69
which	64
it	63
|arabic2digit|	62
through	60
heart	59
me	55
eyes	54
so	52
upon	51
who	49
was	49
an	49
yet	47
she	47
one	47
?	47
thou	46
sea	46
:	46
its	45
at	45
like	44
half	44
where	43
by	43
have	41
fair	41
thee	40
not	40
light	40
had	40
ever	40
over	39
while	38
be	38
their	37
life	37
whose	36
there	36
sun	36
song	36
t	33
more	33
then	32
sweet	32
little	32
are	32
this	31
night	31
world	29
when	29
or	29
no	29
soul	28
lips	28
into	28
though	27
joy	27
god	27
|arabic1digit|	26
o	26
till	25
they	25
down	25
art	25
some	24
still	23
out	23
beauty	23
air	23
again	23
."	23
you	22
were	22
time	22
may	22
day	22
am	22
within	21
long	21
ah	21
music	20
hand	20
hair	20
face	20
came	20
wind	19
strange	19
sky	19
old	19
nor	19
low	19
hath	19
each	19
divine	19
years	18
woman	18
than	18
stars	18
silent	18
shall	18
now	18
man	18
know	18
deep	18
our	17
melody	17
land	17
how	17
him	17
heaven	17
dream	17
death	17
well	16
stood	16
spirit	16
sad	16
once	16
lost	16
here	16
grown	16
flute	16
across	16
|arabic3digit|	15
will	15
what	15
summer	15
such	15
soft	15
should	15
sense	15
see	15
men	15
high	15
ere	15
earth	15
days	15
breeze	15
breath	15
being	15
among	15
your	14
wrought	14
touch	14
too	14
thought	14
rose	14
peace	14
never	14
mine	14
made	14
find	14
feet	14
blood	14
before	14
(	14
wine	13
truth	13
tender	13
tears	13
red	13
pain	13
own	13
off	13
new	13
maiden	13
human	13
has	13
flowers	13
dreams	13
why	12
voice	12
us	12
trees	12
sunlight	12
sleep	12
said	12
rizzio	12
loved	12
left	12
hear	12
head	12
gold	12
come	12
child	12
|romannumeral|	11
silence	11
seemed	11
player	11
laughter	11
knew	11
hands	11
grew	11
full	11
found	11
flower	11
far	11
do	11
born	11
away	11
above	11
would	10
white	10
we	10
warm	10
tide	10
these	10
sing	10
sigh	10
rare	10
paradise	10
nature	10
morning	10
look	10
lies	10
lie	10
hast	10
every	10
delight	10
debonair	10
close	10
brows	10
brow	10
between	10
bent	10
beneath	10
alone	10
wild	9
weary	9
vision	9
up	9
thine	9
stone	9
stand	9
spring	9
sought	9
pale	9
other	9
nought	9
nay	9
lights	9
lightly	9
let	9
leaves	9
lay	9
last	9
kiss	9
justice	9
held	9
hearts	9
heard	9
green	9
glory	9
gaze	9
fear	9
ears	9
drew	9
desire	9
could	9
comes	9
clock	9
bring	9
along	9
youth	8
words	8
whisper	8
waves	8
together	8
thursday	8
those	8
tell	8
sweetheart	8
steps	8
spaces	8
shadows	8
sand	8
must	8
mother	8
mid	8
mary	8
hours	8
great	8
fields	8
felt	8
even	8
doth	8
dear	8
dead	8
colours	8
clear	8
children	8
broke	8
bore	8
back	8
answer	8
amid	8
against	8
word	7
wood	7
won	7
wide	7
went	7
wed	7
ways	7
way	7
war	7
voices	7
very	7
tones	7
symphony	7
swift	7
sung	7
sudden	7
songs	7
skies	7
sight	7
set	7
scented	7
saw	7
save	7
same	7
s	7
right	7
rapture	7
quick	7
oh	7
name	7
might	7
measure	7
many	7
mad	7
looked	7
immortal	7
humanity	7
hope	7
home	7
hills	7
grace	7
give	7
girl	7
free	7
forth	7
forever	7
foam	7
flame	7
fire	7
fingers	7
fine	7
field	7
feel	7
fancy	7
falls	7
faith	7
eye	7
deeper	7
dawn	7
dark	7
cry	7
clouds	7
brother	7
bosom	7
bars	7
arms	7
anselmo	7
alas	7
ye	6
woven	6
work	6
wonder	6
wise	6
west	6
wait	6
upward	6
under	6
two	6
true	6
town	6
thing	6
them	6
struck	6
strong	6
spake	6
space	6
soon	6
sons	6
singing	6
seems	6
seeing	6
roses	6
rest	6
pulses	6
promise	6
prayer	6
power	6
poor	6
pearl	6
pass	6
onward	6
need	6
neath	6
near	6
mouth	6
message	6
mellow	6
lo	6
liquid	6
large	6
kissed	6
hid	6
harmony	6
grey	6
grasses	6
grass	6
gone	6
gods	6
fleet	6
first	6
fall	6
eternal	6
dying	6
dost	6
darkness	6
cool	6
brought	6
bright	6
bird	6
bells	6
bees	6
another	6
angelo	6
writ	5
women	5
wings	5
wing	5
whispers	5
whispered	5
wherein	5
watch	5
wall	5
waiting	5
vassar	5
valentine	5
turned	5
turn	5
told	5
toil	5
tides	5
thus	5
sunset	5
story	5
stay	5
stands	5
south	5
solitude	5
slumbering	5
slender	5
sleeping	5
sign	5
seeking	5
sat	5
rondeau	5
robin	5
repose	5
remembered	5
rain	5
quaint	5
pride	5
presence	5
poet	5
passion	5
part	5
notes	5
nearer	5
n	5
mystery	5
much	5
motion	5
mind	5
mild	5
meaning	5
mayhap	5
master	5
mark	5
marguerite	5
maid	5
loves	5
lover	5
living	5
listening	5
lean	5
lea	5
lane	5
knowledge	5
keep	5
just	5
joys	5
hour	5
harvest	5
harmonies	5
hard	5
hallowed	5
golden	5
go	5
glorious	5
friend	5
fragrance	5
form	5
force	5
flow	5
flag	5
farewell	5
faint	5
fain	5
fading	5
faded	5
evangel	5
emblems	5
elusive	5
ecstasy	5
early	5
ear	5
divinely	5
dies	5
despair	5
conquered	5
celestial	5
cadence	5
breast	5
breaks	5
boat	5
blue	5
blessed	5
best	5
bend	5
beach	5
bartolomeo	5
antonio	5
age	5
.)	5
yellow	4
wrong	4
woe	4
winter	4
whispering	4
whence	4
wharf	4
week	4
wedded	4
wan	4
vows	4
voluble	4
victory	4
vast	4
vanished	4
vain	4
trod	4
timbers	4
throb	4
throat	4
thousand	4
think	4
tear	4
tale	4
sunburnt	4
strength	4
stately	4
spirits	4
spent	4
spell	4
smiles	4
smiled	4
slowly	4
sit	4
single	4
sin	4
sighs	4
shudder	4
seem	4
seasons	4
scorning	4
sang	4
sadly	4
sacred	4
rounded	4
roll	4
river	4
remembrance	4
quite	4
questioned	4
queen	4
pulse	4
pretty	4
polished	4
please	4
placed	4
place	4
perfume	4
paused	4
path	4
past	4
passionate	4
passed	4
pallor	4
painted	4
only	4
nothing	4
note	4
nation	4
murmurous	4
mountain	4
mist	4
memory	4
meet	4
meadow	4
make	4
lose	4
lives	4
lived	4
list	4
lip	4
lids	4
led	4
leaned	4
lays	4
law	4
lambent	4
knows	4
knees	4
inner	4
idle	4
hot	4
himself	4
heroic	4
heritage	4
heavy	4
hears	4
headland	4
haze	4
hark	4
haply	4
grows	4
grow	4
grave	4
grant	4
goes	4
glowing	4
gleams	4
fretting	4
fra	4
forty	4
forehead	4
flowing	4
fling	4
flight	4
finger	4
fills	4
fervour	4
fears	4
fashion	4
faltered	4
false	4
falling	4
fairer	4
faces	4
eyelids	4
everywhere	4
ethel	4
end	4
edward	4
eager	4
dwells	4
dust	4
dull	4
dreamed	4
drawn	4
did	4
deeds	4
deceive	4
dared	4
d	4
cupid	4
cup	4
cunning	4
cried	4
counterpart	4
corn	4
content	4
cold	4
clover	4
clinging	4
catch	4
caress	4
cards	4
broken	4
broad	4
brave	4
boughs	4
blended	4
been	4
became	4
bearing	4
bear	4
beacon	4
bare	4
ballade	4
arcady	4
antique	4
altar	4
aisles	4
ace	4
)	4
|arabic5+digit|	3
yearning	3
written	3
woodland	3
without	3
wisdom	3
whether	3
wherethrough	3
wet	3
wept	3
weight	3
weeping	3
wear	3
wandered	3
voiceless	3
visions	3
virgin	3
uplifted	3
unto	3
unruffled	3
unmindful	3
unknown	3
twilight	3
tune	3
trust	3
triumphant	3
triumph	3
treasure	3
trace	3
touched	3
tomorrow	3
today	3
tinctured	3
throbbing	3
thrill	3
threw	3
things	3
tempest	3
tangled	3
swell	3
surprise	3
sure	3
sunlit	3
stung	3
streams	3
stream	3
strain	3
storied	3
stirred	3
stern	3
step	3
stays	3
spoken	3
speak	3
spars	3
sound	3
souls	3
sordid	3
solemn	3
solace	3
sobs	3
soaked	3
smoke	3
smile	3
slumber	3
slow	3
sloping	3
sings	3
since	3
sighed	3
show	3
shore	3
ship	3
shed	3
shapes	3
shame	3
shadowy	3
setting	3
sent	3
self	3
seize	3
seeth	3
sees	3
seen	3
seeming	3
seek	3
season	3
scent	3
scarf	3
sank	3
sailed	3
sail	3
saddened	3
sacrifice	3
run	3
rugged	3
rod	3
road	3
risen	3
rise	3
ring	3
reverence	3
record	3
reason	3
read	3
quiver	3
quickly	3
quickening	3
questioning	3
question	3
put	3
pure	3
pulsing	3
prove	3
potent	3
potency	3
port	3
pleasure	3
pleading	3
plead	3
pipe	3
pine	3
picture	3
philosophy	3
perhaps	3
perfectness	3
perfection	3
perfect	3
pack	3
ordered	3
open	3
ocean	3
noon	3
nodding	3
noble	3
nine	3
nell	3
naked	3
mute	3
moss	3
morn	3
moon	3
moment	3
moaning	3
moan	3
mirth	3
minor	3
mingled	3
million	3
mill	3
miles	3
mighty	3
meadows	3
married	3
marred	3
marks	3
makes	3
lying	3
lustre	3
lulled	3
loving	3
loverwise	3
loud	3
lore	3
lords	3
looks	3
loftier	3
lithe	3
listen	3
lisp	3
lingers	3
linger	3
lifted	3
lift	3
lichen	3
liberty	3
learn	3
leaps	3
leading	3
leader	3
laurel	3
later	3
late	3
lap	3
lady	3
laden	3
labour	3
kisses	3
kind	3
keys	3
itself	3
inwrought	3
intent	3
impassioned	3
hushed	3
hurt	3
hurled	3
hung	3
hum	3
honoria	3
honest	3
hillside	3
heads	3
h	3
guerdon	3
greening	3
goal	3
glow	3
glooms	3
glance	3
gives	3
gently	3
gentle	3
gazing	3
gazed	3
garnered	3
garden	3
future	3
fruitage	3
friends	3
fragment	3
forgotten	3
forget	3
follow	3
flood	3
fleeting	3
fled	3
flakes	3
fishing	3
fires	3
firefly	3
finished	3
finds	3
filled	3
figure	3
fell	3
fast	3
falters	3
faltering	3
fallow	3
fades	3
fact	3
fabric	3
everlasting	3
era	3
enamoured	3
else	3
eloquence	3
echoes	3
dusk	3
dryads	3
drooping	3
dreaming	3
dreamer	3
douglass	3
dim	3
die	3
diadem	3
devotion	3
destiny	3
delights	3
dei	3
deepest	3
daisies	3
cut	3
crown	3
cradle	3
covered	3
country	3
cottage	3
compassion	3
coming	3
colour	3
cloud	3
closer	3
christ	3
chords	3
change	3
chains	3
ceased	3
caught	3
caressing	3
canvas	3
cannot	3
can	3
calling	3
call	3
breezes	3
bred	3
breathing	3
break	3
brain	3
bowers	3
both	3
books	3
bookman	3
blow	3
bloom	3
blind	3
beyond	3
beside	3
benison	3
behest	3
begun	3
bedtime	3
beautiful	3
backward	3
ay	3
aspiration	3
asleep	3
asked	3
arm	3
april	3
anointed	3
angry	3
ancient	3
albeit	3
aged	3
aftermath	3
^	3
-	3
).	3
°	2
{	2
yours	2
young	2
yields	2
yesterday	2
yes	2
wrung	2
wreaths	2
worth	2
worn	2
wore	2
woods	2
wooded	2
woo	2
wont	2
winnowed	2
winds	2
windmill	2
win	2
willow	2
wife	2
widowed	2
wider	2
whitman	2
whitened	2
whim	2
wherever	2
whereon	2
whereof	2
wherefrom	2
wheat	2
weirdly	2
weep	2
weaving	2
weaves	2
weather	2
wealth	2
weakness	2
wayside	2
wave	2
want	2
wander	2
wand	2
walt	2
walled	2
waits	2
waited	2
visible	2
visage	2
violets	2
viewless	2
view	2
victor	2
venus	2
veins	2
ve	2
vanquished	2
valleys	2
vagrant	2
upland	2
untold	2
unrest	2
unending	2
undying	2
undertones	2
uncompanioned	2
unceasing	2
unborn	2
tyranny	2
turning	2
tuned	2
trump	2
tripping	2
trills	2
tribute	2
tremulous	2
trembles	2
tremble	2
treason	2
transcendent	2
trackless	2
toys	2
toy	2
towards	2
touching	2
tore	2
top	2
tone	2
tjic	2
tips	2
tints	2
thrown	2
throated	2
thrilling	2
thread	2
thoughts	2
thoughtful	2
thinketh	2
thereof	2
test	2
tendrils	2
tenderly	2
tenderest	2
temples	2
teach	2
taste	2
tales	2
take	2
table	2
swirled	2
sweetness	2
supernal	2
sunshine	2
suddenly	2
subtler	2
sublime	2
strove	2
strode	2
striving	2
strife	2
stricken	2
stretch	2
strayed	2
strangely	2
strand	2
strains	2
store	2
stones	2
sting	2
starlight	2
star	2
spurning	2
spread	2
spray	2
splintered	2
spire	2
spill	2
speeds	2
sped	2
special	2
spacious	2
sorrow	2
sonnets	2
somnolent	2
somewhat	2
sometimes	2
softer	2
sodden	2
soars	2
small	2
slumbers	2
slopes	2
slipping	2
sleeper	2
skirts	2
six	2
sins	2
sink	2
silvered	2
silver	2
silently	2
silences	2
sighing	2
shuddering	2
shrouds	2
shrine	2
shrill	2
shows	2
shoulders	2
shimmering	2
shimmer	2
sheen	2
sheaves	2
sharp	2
share	2
shalt	2
shadowed	2
shadow	2
sever	2
servus	2
servorum	2
serenade	2
seer	2
seeker	2
secrets	2
secret	2
seclusion	2
seas	2
score	2
scherzo	2
scars	2
saying	2
say	2
sands	2
sails	2
sailor	2
sage	2
sadness	2
runnels	2
royally	2
round	2
rosary	2
rondure	2
rolls	2
rolling	2
rock	2
rivers	2
riven	2
ripples	2
rings	2
rhythm	2
rhyme	2
restless	2
reply	2
remembers	2
reel	2
reed	2
recesses	2
receives	2
reap	2
reached	2
re	2
ravished	2
rapturously	2
ran	2
raised	2
rainbows	2
rag	2
radiant	2
r	2
quivering	2
quietude	2
quicker	2
quenched	2
pursue	2
prone	2
profounder	2
prithee	2
prisoned	2
pressed	2
press	2
pray	2
pours	2
poured	2
populous	2
pondered	2
poison	2
pointing	2
poets	2
poesy	2
players	2
played	2
play	2
pitiless	2
pier	2
piece	2
perfumes	2
perfumed	2
perennial	2
pens	2
pen	2
peering	2
passing	2
partly	2
panoplies	2
pang	2
pan	2
overlooks	2
ove	2
outblown	2
ours	2
others	2
olive	2
oft	2
odours	2
ode	2
oboe	2
nt	2
northward	2
newfound	2
nets	2
nerveless	2
mysterious	2
mysteries	2
murmurs	2
moves	2
movement	2
most	2
morrow	2
moonlit	2
moonlight	2
mood	2
monotonously	2
misty	2
minuet	2
ministered	2
mingle	2
midnight	2
merry	2
melodious	2
meant	2
meads	2
masses	2
marshes	2
mars	2
marking	2
marked	2
march	2
mantle	2
manifold	2
manhood	2
majesty	2
magic	2
madness	2
luxurious	2
lullaby	2
lowered	2
loveliness	2
lordlier	2
loquitur	2
looms	2
logic	2
live	2
lisping	2
lipped	2
lingered	2
lines	2
line	2
lilies	2
less	2
lent	2
legend	2
lees	2
leep	2
leave	2
learned	2
leaning	2
leagues	2
leafy	2
laughed	2
lass	2
lark	2
languid	2
laid	2
lacked	2
known	2
king	2
kindred	2
kept	2
keeps	2
keel	2
karma	2
june	2
jewelled	2
j	2
instruments	2
indirect	2
indeed	2
imperial	2
impatient	2
immemorial	2
imagination	2
ight	2
if	2
husks	2
hue	2
hopes	2
honeyed	2
honey	2
holy	2
holiest	2
hold	2
hoarded	2
hill	2
herself	2
hero	2
height	2
having	2
harbinger	2
happiness	2
hail	2
gusty	2
guns	2
guise	2
growing	2
ground	2
groaning	2
groan	2
grief	2
graves	2
gracious	2
gossip	2
going	2
glorified	2
glides	2
gleam	2
glaring	2
glances	2
glad	2
given	2
girth	2
gilded	2
gesture	2
george	2
gem	2
gay	2
gave	2
gaunt	2
gather	2
gate	2
games	2
further	2
fruitful	2
frown	2
frost	2
fretted	2
fret	2
freedom	2
fraught	2
france	2
four	2
fountains	2
forms	2
forest	2
forefront	2
footsteps	2
folly	2
folds	2
fly	2
fluting	2
fluted	2
flung	2
flows	2
flees	2
flautist	2
flaring	2
flaming	2
fit	2
firmer	2
finer	2
finding	2
finale	2
final	2
fill	2
festival	2
fellow	2
feels	2
fateful	2
fate	2
faring	2
fantasies	2
fame	2
fallen	2
eyed	2
evanescent	2
eurydice	2
envoi	2
enfolded	2
endures	2
endow	2
endeavour	2
encompassed	2
embers	2
elation	2
elated	2
eight	2
edge	2
ecstatic	2
echo	2
ebb	2
east	2
ease	2
earthly	2
earnest	2
dwelled	2
dusty	2
dulcet	2
drowsy	2
drown	2
dross	2
droning	2
drinking	2
drawing	2
drank	2
drain	2
done	2
dollars	2
dole	2
divinity	2
diviner	2
distant	2
distance	2
discord	2
dirges	2
directness	2
dip	2
dieth	2
died	2
didst	2
diamond	2
dew	2
design	2
departed	2
delver	2
defiance	2
deepening	2
debased	2
dearth	2
dearest	2
dare	2
dally	2
dallied	2
curve	2
curtsied	2
curious	2
cross	2
crescent	2
cows	2
cover	2
count	2
corridors	2
control	2
continent	2
conscious	2
confusion	2
complete	2
compactly	2
commerce	2
comfort	2
cometh	2
clings	2
cling	2
clime	2
clay	2
circling	2
circe	2
chord	2
choose	2
chiefest	2
cheek	2
chased	2
charms	2
chanting	2
changeful	2
chambers	2
chalice	2
centuries	2
cates	2
caresses	2
careless	2
care	2
caprice	2
canst	2
candles	2
calm	2
called	2
cadences	2
cadenced	2
butterflies	2
bursting	2
built	2
builds	2
buds	2
budding	2
brown	2
brook	2
brilliant	2
bridge	2
breeds	2
breathes	2
breathed	2
breaking	2
branches	2
boy	2
bows	2
bowed	2
bought	2
body	2
blowing	2
blotted	2
bliss	2
blessing	2
blent	2
blazoned	2
black	2
bitter	2
birth	2
bides	2
bidding	2
benediction	2
belong	2
believe	2
behold	2
behind	2
beguiled	2
beginning	2
begin	2
begged	2
bed	2
become	2
beckoned	2
because	2
beats	2
beatitudes	2
beating	2
beat	2
bearest	2
baton	2
barren	2
balm	2
ask	2
arose	2
aphrodite	2
apart	2
apace	2
anon	2
angles	2
angle	2
anchors	2
ample	2
amber	2
although	2
alloy	2
allegro	2
alien	2
alarm	2
ages	2
adagio	2
action	2
aching	2
accents	2
^-^	2
),	2
''	2
"^^	2
■^-'^	1
■**■	1
■**	1
■'	1
•*	1
•	1
|eep	1
zenith	1
youths	1
yore	1
yonder	1
yoke	1
yielding	1
yield	1
year	1
yea	1
yard	1
x\nd	1
write	1
wringing	1
wresting	1
wrested	1
wrecked	1
wreathes	1
wreathe	1
wrappings	1
wrapped	1
wrap	1
wrack	1
wove	1
wounds	1
wounded	1
wound	1
wouldst	1
worshipper	1
worship	1
worry	1
worlds	1
works	1
working	1
wooing	1
woofed	1
wooes	1
wooed	1
woodbine	1
wondrous	1
wonders	1
wonderingly	1
womb	1
womanhood	1
wold	1
wj	1
wits	1
withal	1
wit	1
wish	1
wisely	1
wintered	1
wins	1
winning	1
winked	1
winginj	1
winged	1
willing	1
wig	1
wields	1
wielded	1
wholly	1
wholeness	1
whiteness	1
whit	1
whistled	1
whirring	1
whereto	1
wheresoever	1
wherefore	1
whereat	1
wheeling	1
wheel	1
wert	1
welded	1
weird	1
weepest	1
web	1
weakened	1
wayworn	1
wayward	1
wayfaring	1
wavers	1
wavering	1
waterman	1
watched	1
wast	1
warmth	1
warms	1
wares	1
ware	1
wantonness	1
wantoned	1
wanton	1
wane	1
wandering	1
walls	1
walking	1
walked	1
walk	1
wakes	1
wakened	1
wake	1
wails	1
waif	1
wage	1
wafture	1
wafted	1
waft	1
vvas	1
voyaged	1
vouchsafe	1
voiced	1
visited	1
violins	1
violin	1
violet	1
vines	1
vine	1
victress	1
vibrant	1
vesture	1
vestment	1
vestal	1
vespers	1
vesper	1
vernal	1
verily	1
veriest	1
verdure	1
venging	1
velvet	1
veil	1
vehemently	1
veered	1
vasty	1
vaster	1
vapours	1
vapour	1
vangelist	1
van	1
valley	1
vale	1
utters	1
uttering	1
utterance	1
utter	1
upturned	1
upswelling	1
upswelled	1
uprose	1
uprooted	1
uprising	1
upper	1
uplifting	1
uplift	1
uphold	1
upgazing	1
upborne	1
unwavering	1
unused	1
untuneful	1
until	1
untamed	1
unsung	1
unsullied	1
unstinted	1
unstained	1
unspoken	1
unsandaled	1
unrestful	1
unremembering	1
unreal	1
unread	1
unquickened	1
unpriced	1
unpeopled	1
unoped	1
unnumbered	1
unneighbored	1
universe	1
universal	1
unity	1
ungarneped	1
unfurling	1
unfurl	1
unflinching	1
unfathoraed	1
unfaithful	1
unfaith	1
unextinguished	1
unearned	1
undulations	1
undertone	1
understand	1
undersong	1
uncrowned	1
uncovered	1
uncouth	1
unconscious	1
unconfined	1
unageing	1
un	1
umber	1
ue	1
uddered	1
uberty	1
tyre	1
tyrant	1
type	1
twilights	1
turns	1
turnpike	1
turbulent	1
tuning	1
tumult	1
tugging	1
ttorses	1
tryst	1
trunkless	1
trumpets	1
troy	1
trove	1
troubled	1
troezinian	1
triple	1
trip	1
trim	1
trill	1
trifles	1
trifle	1
trial	1
tresses	1
tressed	1
tremors	1
tremor	1
trembled	1
tree	1
treadeth	1
tread	1
travellers	1
transmutes	1
transmute	1
translated	1
transient	1
transcends	1
tranquillity	1
tranquil	1
trained	1
trailing	1
trailed	1
trading	1
traces	1
tracery	1
towers	1
towering	1
tower	1
touches	1
tosses	1
tossed	1
tool	1
took	1
tonio	1
tonight	1
tongues	1
tongue	1
tomb	1
tolling	1
toiling	1
tnloose	1
tjie	1
titles	1
titer	1
titan	1
tireless	1
tired	1
tiptoe	1
tinted	1
tinct	1
times	1
timed	1
tiers	1
tidy	1
thwart	1
thunder	1
throng	1
throbs	1
thriving	1
thrills	1
thrice	1
threnody	1
three	1
threads	1
thracian	1
thoughtfuller	1
thorns	1
thinkest	1
thicket	1
thewed	1
thereby	1
thence	1
themselves	1
themes	1
theme	1
thc	1
thank	1
tether	1
terror	1
tension	1
tenderness	1
tendered	1
tempts	1
tempt	1
temple	1
temper	1
tells	1
tease	1
teacher	1
tea	1
te^rs	1
taut	1
taught	1
tasting	1
tasselled	1
tardy	1
tar	1
tapering	1
tapered	1
tangles	1
tall	1
takes	1
tacked	1
tablets	1
tablet	1
t^rowsing	1
t^hrice	1
t^eep	1
t/ie	1
sympathetic	1
symmetries	1
sylvan	1
swords	1
sword	1
swooning	1
swine	1
swells	1
swelling	1
sweets	1
sweetmeats	1
sweetly	1
sweetest	1
sweeter	1
sweeping	1
sweat	1
svmdhor	1
surrounding	1
surge	1
surfeited	1
surety	1
surely	1
supreme	1
supple	1
superior	1
sunhght	1
sumter	1
summons	1
sultry	1
suitors	1
suffereth	1
sue	1
suck	1
success	1
subtle	1
suaviter	1
stupid	1
stuffs	1
stuart	1
strung	1
struggled	1
stroll	1
strive	1
strips	1
strings	1
stretches	1
stress	1
strenuous	1
streets	1
streaks	1
strayer	1
stray	1
storms	1
stooped	1
stoop	1
stony	1
stole	1
stirrup	1
stings	1
stills	1
stillness	1
stew	1
sterns	1
sternly	1
stems	1
steeped	1
steel	1
stealthily	1
steals	1
steal	1
stead	1
staunch	1
statured	1
statue	1
stateliness	1
statelier	1
startled	1
starteth	1
start	1
starry	1
starlike	1
starless	1
stark	1
standing	1
stains	1
stained	1
staff	1
staccato	1
stable	1
squander	1
springtime	1
springing	1
spreads	1
spotted	1
sported	1
spoke	1
split	1
splendour	1
splendidly	1
spiritual	1
spindles	1
spice	1
spheres	1
sphere	1
spezzia	1
spendthrift	1
spencer	1
speeding	1
speed	1
spectral	1
speck	1
spat	1
sparrows	1
sparkling	1
spark	1
spar	1
span	1
sown	1
sowing	1
sovereign	1
sounds	1
soundless	1
sounded	1
soulful	1
sottg	1
sorrows	1
sore	1
soothing	1
soothe	1
sooth	1
sooner	1
sonnet	1
sometime	1
something	1
soldiers	1
sold	1
soil	1
softly	1
sod	1
sobbing	1
sob	1
soaring	1
snug	1
snuffy	1
snatches	1
smiling	1
smelling	1
smell	1
slumberous	1
slouching	1
sloop	1
slips	1
slight	1
slielter	1
sleeve	1
sleeps	1
sleepest	1
slay	1
slants	1
slant	1
skyward	1
skylark	1
skill	1
size	1
sitteth	1
sire	1
sips	1
sipped	1
sinks	1
singly	1
singer	1
sinewed	1
sinew	1
simply	1
silverly	1
silk	1
silhouette	1
silenter	1
silenced	1
signs	1
signals	1
signal	1
sickles	1
sick	1
sic	1
shy	1
shuttle	1
shudders	1
shrub	1
shrouding	1
shrink	1
shrift	1
shower	1
showed	1
shouldered	1
shoulder	1
shot	1
short	1
shipwrecked	1
shipping	1
shine	1
shields	1
shielding	1
shelter	1
sheer	1
sheds	1
shedding	1
shaved	1
shape	1
shallow	1
shaggy	1
shafts	1
shaft	1
shades	1
shaded	1
shade	1
severe	1
servility	1
serviis	1
served	1
serve	1
serried	1
serpents	1
serene	1
seraphic	1
sequence	1
september	1
sentries	1
sentinels	1
sentient	1
sentences	1
sentence	1
sensuously	1
semitone	1
sell	1
selfhood	1
seemeth	1
seeks	1
seekest	1
sedge	1
sedately	1
secure	1
secrecy	1
seated	1
scutcheon	1
sculptured	1
sculpture	1
scudded	1
scroll	1
scri'onun	1
screen	1
scottish	1
scorned	1
scorn	1
scintillant	1
science	1
scholars	1
scents	1
scattering	1
scattered	1
scarlet	1
scarce	1
scantly	1
scant	1
scans	1
savoured	1
saunters	1
satyrs	1
satisfying	1
satisfied	1
sandaled	1
sanctity	1
sanctities	1
sanctifying	1
sanctified	1
salver	1
salve	1
salutation	1
salt	1
sallie	1
saints	1
saintlier	1
sailors	1
sages	1
sacristies	1
sabbath	1
rye	1
ruthven	1
rust	1
russet	1
rushy	1
rushing	1
rushed	1
rush	1
runnel	1
rung	1
rumours	1
rumour	1
ruminate	1
ruined	1
rues	1
rudely	1
rude	1
ruddy	1
rudder	1
rubbish	1
rrii	1
royal	1
rough	1
ropes	1
romance	1
rolled	1
rode	1
robins	1
robed	1
roadway	1
rippled	1
ripe	1
riotous	1
rioting	1
riot	1
ringing	1
rimy	1
rills	1
rigour	1
rights	1
righteousness	1
rifted	1
rife	1
riddle	1
rich	1
rica	1
rhythmic	1
rhere	1
rhapsody	1
rhapsodies	1
reveres	1
reverenced	1
revered	1
reverberant	1
revelries	1
revealed	1
retreat	1
reticent	1
rests	1
resting-place	1
resteps	1
resplendent	1
resistless	1
resinous	1
res	1
requiem	1
reproval	1
replete	1
repeat	1
repaid	1
rendered	1
rend	1
renascent	1
remoulded	1
remoter	1
remembrances	1
remembering	1
remember	1
relighted	1
relief	1
releases	1
released	1
release	1
rejoicing	1
reigns	1
regretful	1
regions	1
regarding	1
regarded	1
regal	1
refrain	1
reformers	1
reflectively	1
reef	1
reedy	1
reechoed	1
redolent	1
rectangular	1
recompense	1
recognised	1
reclining	1
reckoneth	1
receding	1
recedes	1
rebloom	1
rear	1
reaps	1
realms	1
realm	1
realised	1
real	1
ready	1
reading	1
reaching	1
reacheth	1
reach	1
re'iity	1
razed	1
rays	1
ravishing	1
ravish't	1
ravish	1
raving	1
rating	1
rather	1
ranks	1
rankle	1
rampant	1
raise	1
rainbow	1
radiance	1
race	1
r3own	1
quoth	1
quit	1
quickeneth	1
queue	1
queer	1
quavering	1
quarter	1
quarrel	1
quafiing	1
quaffed	1
pyre	1
purple	1
purled	1
purgatory	1
purest	1
purchase	1
pulseless	1
pulsations	1
puissance	1
psean	1
proved	1
proud	1
protagonist	1
prophetic	1
prophet	1
prophecy	1
proper	1
pronounced	1
pronounce	1
profile	1
prodigal	1
proclaim	1
processional	1
probing	1
prizes	1
primrose	1
priests	1
preventing	1
prevent	1
pressing	1
present	1
prescient	1
prelude	1
pregnant	1
prefer	1
preach	1
praying	1
prayed	1
prate	1
praised	1
praise	1
prairies	1
powers	1
powdered	1
potion	1
pother	1
potential	1
potencies	1
postures	1
posture	1
possess	1
position	1
portents	1
portals	1
popular	1
poppied	1
ponderous	1
poltroon	1
poisoned	1
poised	1
poise	1
points	1
poeta	1
plume	1
plucked	1
plot	1
plenitude	1
pledge	1
pleaseth	1
pleased	1
playthings	1
plaything	1
playing	1
playful	1
playcr	1
planned	1
plains	1
placid	1
pity	1
pitilessly	1
pitiful	1
pipings	1
pioneer	1
pink	1
pillowed	1
piled	1
pies	1
pictures	1
piay"s"be''gin	1
philter	1
philosophies	1
philosopher	1
philomel	1
ph^dra	1
pewter	1
petulance	1
petition	1
pert	1
perspective	1
perfected	1
perennially	1
perdus	1
perch	1
perceive	1
pensively	1
pennon	1
penitent	1
pegasus	1
peered	1
peddler	1
pebbles	1
pearls	1
peaceful	1
pavilion	1
pause	1
pattered	1
patins	1
patient	1
paths	1
patchwork	1
passeth	1
passage	1
parting	1
parted	1
parchments	1
paraphrase	1
paphian	1
panoplied	1
pane	1
palpitant	1
pallors	1
pallid	1
palimpsest	1
pales	1
paler	1
palely	1
painting	1
painfully	1
pails	1
pageantry	1
pageant	1
pagan	1
paean	1
pace	1
owl	1
overhead	1
overfeeding	1
outstretched	1
outsoar	1
outrung	1
outlasting	1
outgushing	1
outer	1
ounce	1
orpheus	1
orphaned	1
orderly	1
orchards	1
orchard	1
opus	1
opulence	1
oppression	1
omniscience	1
olrth	1
oilence	1
offerings	1
offered	1
offer	1
offal	1
oeauty	1
occupation	1
obliquely	1
object	1
obeying	1
obey	1
obedience	1
oar	1
oak	1
o'erpacked	1
nurtured	1
number	1
nude	1
nowadays	1
november	1
nourished	1
nothings	1
nothingness	1
nostrils	1
noses	1
nose	1
north	1
nooks	1
noiseless	1
noise	1
nod	1
nocturne	1
nobler	1
nobleness	1
nirvana	1
nippled	1
nipped	1
nimbus	1
nights	1
nigh	1
newer	1
nevermore	1
neutral	1
nether	1
nestled	1
nerves	1
nerve	1
nepenthe	1
neither	1
needs	1
needles	1
needed	1
ned	1
nectar	1
necks	1
necessity	1
neat	1
nearly	1
nazarene	1
natures	1
nascitur	1
narrowed	1
nantucket	1
nan	1
names	1
naiads	1
myths	1
mythic	1
mystically	1
mystic	1
myself	1
myriad	1
mutilated	1
mutations	1
musty	1
muses	1
muscles	1
murmuring	1
murmured	1
murmur	1
murdered	1
muddle	1
mt	1
mows	1
moved	1
mourns	1
mourn	1
mounds	1
mould	1
motionless	1
moth	1
mosses	1
morton	1
mortal	1
moony	1
monument	1
monotone	1
monks	1
monastery	1
moil	1
modo	1
modern	1
modelled	1
mocking	1
mock	1
mobled	1
mistrust	1
misshapen	1
miss	1
miseries	1
mischief	1
minstrelsy	1
ministries	1
mingles	1
mindless	1
mimic	1
millenniums	1
mile	1
mightier	1
middle	1
mfemorials	1
methinks	1
meteors	1
messiah	1
messengers	1
messages	1
meshes	1
mercy	1
mercurial	1
merchandise	1
memories	1
memoried	1
melts	1
melodies	1
melodic	1
mellifluent	1
mellifluence	1
melancholy	1
meets	1
meekly	1
meditative	1
meditates	1
medias	1
measures	1
means	1
meaningless	1
meagre	1
mbition	1
maze	1
may-day	1
matron	1
maternal	1
matchless	1
masts	1
masterful	1
masking	1
marts	1
martial	1
mart	1
marring	1
marriage	1
marie	1
marge	1
marble	1
maples	1
mankind	1
manifest	1
mane	1
manacles	1
mammon	1
malice	1
making	1
majestic	1
main	1
maimed	1
mailed	1
maids	1
magdalene	1
madonna	1
madam	1
lyre	1
lusty	1
lurks	1
luring	1
lure	1
luminate	1
lulls	1
lull	1
lucent	1
lowly	1
lower	1
lovingly	1
loving.across	1
lovers	1
lovelier	1
loss	1
looking	1
longing	1
longer	1
longed	1
lonesome	1
loiters	1
loitered	1
lofty	1
local	1
loaden	1
llimitable	1
lively	1
littlc	1
littered	1
lisped	1
link	1
lindsay	1
limits	1
limbs	1
limbed	1
lily	1
lilt	1
liglit	1
lighthearted	1
lighter	1
lifts	1
lifting	1
lifeblood	1
liberal	1
libations	1
lewdness	1
level	1
letter	1
lest	1
lesser	1
length	1
leer	1
leather	1
least	1
leash	1
learns	1
leapt	1
leaping	1
leap	1
leafage	1
leadeth	1
leaden	1
lead	1
lazy	1
lawn	1
laurels	1
laurelled	1
laughs	1
laughing	1
laugh	1
lately	1
lateen	1
largess	1
lapsing	1
lapses	1
lank	1
languor	1
landward	1
lands	1
lance	1
lamp	1
lakes	1
ladona	1
lad	1
lacking	1
laburnum	1
labouring	1
laboured	1
knowing	1
knoweth	1
knelt	1
knell	1
knee	1
kissing	1
kinsmen	1
kins	1
kine	1
kindly	1
key	1
keeping	1
keepest	1
keen	1
keats	1
kant	1
kach	1
judicial	1
joyfully	1
joyance	1
journeyings	1
jolly	1
john	1
jnharrowed	1
jife	1
jewels	1
jewel	1
jew	1
jets	1
jest	1
jerk	1
jason	1
jarring	1
jacket	1
j)eace	1
itur	1
itt	1
iterant	1
issues	1
island	1
irradiates	1
iridescent	1
ire	1
ionian	1
inwoven	1
inward	1
invocations	1
intuition	1
intim	1
interpret	1
intermittent	1
interlude	1
intellectuality	1
intellect	1
insured	1
insect	1
inscription	1
innumerous	1
innovator	1
innocence	1
innermost	1
inimitable	1
ingle	1
infinitudes	1
ineffable	1
indrawn	1
individual	1
indistinguishable	1
indian	1
indented	1
inconsequent	1
incomplete	1
incoming	1
incense	1
incarnate	1
incapable	1
imperishable	1
imperfection	1
impenetrable	1
impeachment	1
impaled	1
immutable	1
immortality	1
imitate	1
imagining	1
images	1
image	1
illumining	1
illumed	1
ike	1
idly	1
ideas	1
icy	1
ice	1
i'll	1
hymns	1
hymning	1
husky	1
hushing	1
hush	1
husbands	1
husband	1
hurrying	1
hurry	1
hurl	1
hungered	1
hunger	1
hundred	1
hummed	1
humbler	1
hugo	1
hug	1
hues	1
huddled	1
howled	1
hovers	1
hoverest	1
hover	1
horror	1
horns	1
horizontal	1
horizon	1
hooves	1
hooded	1
honoured	1
honour	1
honeymoon	1
homeward	1
homes	1
holyrood	1
hollows	1
hollow	1
holds	1
holding	1
hit	1
history	1
hippolytus	1
hip	1
hints	1
hint	1
highway	1
highest	1
higher	1
hies	1
hides	1
hideous	1
hidden	1
heyday	1
heroes	1
hermit	1
hereafter	1
herbert	1
hens	1
hence	1
hen	1
hemp	1
helmless	1
hedgerow	1
hector	1
hebrus	1
heavenly	1
heather	1
hearth	1
hearted	1
hearken	1
hearing	1
heareth	1
healing	1
healed	1
headstones	1
haven	1
havebeen	1
haunting	1
haunted	1
hater	1
hat	1
hasting	1
hasteth	1
hastened	1
haste	1
harm	1
harlots	1
happy	1
handsome	1
handiwork	1
halo	1
halfway	1
haggard	1
habit	1
gyve	1
gusts	1
gunnel	1
guide	1
guidance	1
guardian	1
groweth	1
grouped	1
gross	1
grieving	1
grieves	1
grieved	1
greeting	1
greet	1
greenwood	1
greenery	1
greek	1
greed	1
greater	1
gravitates	1
graven	1
granulous	1
granting	1
grandchildren	1
granaries	1
grain	1
graciousness	1
gracile	1
graces	1
gracefuller	1
gown	1
gospel	1
gory	1
gorgeous	1
goodwife	1
goodly	1
good	1
goeth	1
godhead	1
goblets	1
glows	1
glowed	1
gloriously	1
glorifies	1
glories	1
gloried	1
gloomed	1
globe	1
glintings	1
glimmerings	1
glimmer	1
glee	1
gleaning	1
glean	1
giver	1
girds	1
girdled	1
girdle	1
gifts	1
gift	1
giants	1
ghosts	1
ghost	1
gewgaw	1
get	1
gentleness	1
genius	1
generous	1
generations	1
gems	1
gavest	1
garner	1
game	1
gall	1
gale	1
gait	1
gains	1
gained	1
furnisheth	1
furled	1
funeral	1
function	1
fulfilment	1
fruit	1
frowned	1
frosted	1
fronts	1
front	1
frolic	1
fringe	1
frightened	1
frieze	1
friendship	1
fresh	1
freighted	1
freightage	1
frees	1
frayed	1
frailty	1
frail	1
fragrant	1
foul	1
fought	1
foster	1
fortune	1
forming	1
formed	1
forlorn	1
forgot	1
forgiveness	1
forgiven	1
forgetful	1
forevermore	1
foretells	1
forests	1
forerunner	1
forasmuch	1
footsore	1
footprints	1
footed	1
foolish	1
fool	1
food	1
fond	1
follows	1
followers	1
folk	1
foe	1
flutters	1
fluttered	1
flush	1
flurry	1
flotver	1
floor	1
flood-tide	1
float	1
flntc	1
flinging	1
flies	1
flesh	1
fleetly	1
fleeing	1
fleeces	1
flecked	1
flaws	1
flaw	1
flaunt	1
flatters	1
flattering	1
flat	1
flask	1
flashing	1
flashed	1
flare	1
flapping	1
flames	1
flagstaff	1
fitting	1
fisherman	1
firmament	1
firm	1
finish't	1
finis	1
findest	1
films	1
fillets	1
fillet	1
filching	1
filaments	1
figures	1
fights	1
fighting	1
fickle	1
fibre	1
few	1
fetterless	1
fettered	1
fetich	1
fetafhaii''^	1
fence	1
fen	1
feeling	1
feedmg	1
fed	1
featured	1
feathered	1
feather	1
feasts	1
feast	1
favourite	1
favoured	1
favour	1
faultless	1
fatlings	1
fathers	1
father	1
fateward	1
fates	1
fatal	1
fat	1
faster	1
fasten	1
fashionings	1
fashioning	1
farther	1
farmyard	1
farm	1
fares	1
fared	1
fare	1
fantasy	1
fanfare	1
fan	1
falter	1
faithful	1
fairies	1
fairest	1
faintly	1
faintest	1
fainter	1
fails	1
fadeless	1
fade	1
facing	1
fable	1
eyesight	1
exultant	1
expresses	1
expire	1
expend	1
expanding	1
exit	1
existence	1
evolved	1
evolution	1
evil	1
evermore	1
evanished	1
eternally	1
et	1
essences	1
essence	1
erect	1
erase	1
epitaph	1
epic	1
enwrought	1
envious	1
entreating	1
entice	1
enthralled	1
enter	1
enriched	1
enraptured	1
enough	1
ennobled	1
enkindled	1
enfringed	1
enfold	1
enfants	1
endymion	1
endure	1
ends	1
endows	1
endlessly	1
ending	1
ended	1
enclose	1
encircling	1
encased	1
en	1
empurpled	1
empty	1
emprise	1
emotion	1
embracing	1
embrace	1
embower	1
embody	1
embodied	1
emblem	1
ember	1
eloquently	1
ell	1
electra	1
elect	1
elate	1
either	1
ee	1
edges	1
edged	1
eddies	1
eclipse	1
echoed	1
ebbing	1
easement	1
earthy	1
earthward	1
earthlier	1
e	1
dy	1
dwelling	1
dwellest	1
dwell	1
dwarf	1
duty	1
dusks	1
duskily	1
dumb	1
dully	1
dulls	1
dulled	1
dryad	1
dry	1
drunken	1
drunk	1
drowned	1
dropped	1
drop	1
drives	1
driven	1
dripping	1
drink	1
drenched	1
dregs	1
drear	1
dreamy	1
dreamland	1
dreamful	1
dread	1
draw	1
draughts	1
drapes	1
drama	1
draining	1
dragged	1
dowers	1
dowered	1
dove	1
doubting	1
doubt	1
doubly	1
doorway	1
door	1
donned	1
dolphins	1
doing	1
does	1
divinest	1
divides	1
diurnal	1
ditty	1
ditties	1
distrust	1
distilment	1
distillest	1
dissemble	1
disposition	1
dispelled	1
disorder	1
dismantled	1
disgust	1
disdains	1
discover	1
disappeared	1
dips	1
dipping	1
dined	1
din	1
dimpled	1
digestion	1
dial	1
dewdrops	1
dewdrop	1
detween	1
detected	1
destroy	1
destinies	1
destined	1
despoiled	1
despicable	1
despairingly	1
despairing	1
desolation	1
desolate	1
designed	1
derision	1
depths	1
denies	1
democracy	1
demand	1
delicious	1
del	1
degrees	1
degrade	1
deftly	1
defiant	1
defiances	1
deferred	1
defeated	1
deer	1
deeps	1
deeply	1
deemed	1
decoration	1
declined	1
decisive	1
decadence	1
deathless	1
dealt	1
daylight	1
daybreak	1
darnley	1
darn	1
darkest	1
darker	1
darest	1
dappled	1
danced	1
dance	1
dame	1
dallyeth	1
dales	1
daisied	1
dainty	1
dainties	1
daily	1
dagger	1
curves	1
curtains	1
curtain	1
current	1
curled	1
curbed	1
cumbrous	1
cumbering	1
cumbered	1
cumbera"'^	1
cumber	1
culture	1
crystal	1
cryptic	1
crush	1
crumbling	1
crucifixes	1
crowded	1
crow	1
crotchety	1
crossed	1
croon	1
crooks	1
critic	1
crippled	1
cries	1
crickets	1
crest	1
crept	1
creeping	1
creed	1
creature	1
creative	1
creation	1
crazy	1
craving	1
crave	1
cramps	1
crags	1
crag	1
craft	1
courtesan	1
courses	1
coursed	1
countess	1
couch	1
cosmos	1
cosiest	1
coronat	1
cords	1
corded	1
cordage	1
coping	1
cooks	1
contribute	1
continueth	1
contentment	1
contemplative	1
contemplation	1
contain	1
consummation	1
constellations	1
consolations	1
cons	1
conquers	1
conquering	1
conjured	1
conieth	1
confluent	1
confesses	1
confessed	1
concords	1
conceal	1
comradeship	1
comrades	1
compensation	1
compensatioji	1
compassionate	1
compass	1
companions	1
companioned	1
communed	1
commotion	1
commemorative	1
commands	1
comfortable	1
comely	1
combine	1
coloured	1
collied	1
coil	1
coconut	1
cocks	1
coasts	1
coastline	1
coast	1
clung	1
clove	1
closing	1
closely	1
closed	1
climbed	1
clever	1
cleaves	1
cleaner	1
clave	1
clapped	1
clammy	1
clack	1
civilian	1
city	1
circumambient	1
circles	1
cimmerian	1
chum	1
chrysolite	1
choir	1
chivalry	1
chin	1
chimneys	1
chiming	1
chimes	1
chime	1
chill	1
childish	1
childhood	1
chides	1
cheer	1
cheeks	1
cheat	1
cheapest	1
chastenings	1
chastened	1
chaste	1
chase	1
charming	1
characters	1
chaplet	1
chaos	1
chants	1
chanticleer	1
chant	1
changing	1
changeth	1
changes	1
chanced	1
champion	1
chair	1
chained	1
centre	1
central	1
centering	1
cells	1
cello	1
ceasing	1
cease	1
cawing	1
cautioning	1
causes	1
cast	1
cassia	1
carved	1
cars	1
carry	1
carried	1
carolling	1
carolled	1
carmine	1
carmen	1
careful	1
caravans	1
captivity	1
capricious	1
caprices	1
canopies	1
cankered	1
candid	1
camest	1
calls	1
callous	1
callings	1
calendar	1
buy	1
bustling	1
bursts	1
burnt	1
burns	1
burnished	1
burning	1
buried	1
bungled	1
buddha	1
bud	1
bubbles	1
brush	1
bruits	1
bruited	1
browned	1
brothers	1
brotherhood	1
brood	1
brokenly	1
brisk	1
brings	1
bringeth	1
bringer	1
brim	1
brilliance	1
brighter	1
brief	1
bride	1
breathings	1
breatheth	1
breathe	1
breasts	1
breakers	1
brawny	1
braving	1
bravely	1
brakes	1
brake	1
brains	1
brahman	1
boyish	1
bowered	1
bower	1
bow	1
bourgeoning	1
bounds	1
bounden	1
bosomed	1
borrows	1
borrower	1
borrow	1
borderland	1
booth	1
booms	1
boom	1
bonds	1
bolts	1
bolder	1
bodice	1
boats	1
blushes	1
blushed	1
blurred	1
blown	1
blots	1
blossoms	1
blossom	1
bloomy	1
blooms	1
blooming	1
blinded	1
bless	1
blending	1
bleeding	1
blazon	1
blasphemy	1
bits	1
bite	1
bit	1
birds	1
billowy	1
billows	1
billow	1
biiter	1
bids	1
bide	1
bewildered	1
better	1
betrayed	1
betokened	1
betimes	1
beteem	1
bestowing	1
bestow	1
besprent	1
bespoke	1
bespeaks	1
bereft	1
benignant	1
bends	1
below	1
bell	1
beholder	1
beheld	1
beguiles	1
begotten	1
begot	1
begins	1
beggared	1
begetting	1
begetter	1
beget	1
beg	1
beethoven	1
bedeck	1
beckoning	1
beauties	1
beaten	1
bearded	1
beams	1
beads	1
beaded	1
bay	1
baulked	1
battlemented	1
battered	1
battalions	1
bassoon	1
bask	1
base	1
bartered	1
barter	1
barred	1
barn	1
bark	1
bared	1
bardic	1
bard	1
banquet	1
bankrupt	1
band	1
balsam	1
ballots	1
bald	1
baffled	1
badge	1
bade	1
background	1
babbler	1
babble	1
azure	1
axle	1
awhile	1
aweeter	1
awe	1
awakening	1
awakeneth	1
awaited	1
await	1
average	1
ave	1
avarice	1
autumn	1
aureoled	1
aureole	1
aught	1
ature	1
attain	1
atop	1
athwart	1
asunder	1
astray	1
astra	1
assurance	1
assuage	1
asphodel	1
asking	1
askance	1
aside	1
artist	1
ars	1
arouse	1
arkness	1
ariseth	1
aright	1
argyle	1
argosies	1
appointed	1
appeased	1
appears	1
appear	1
apocalypse	1
aping	1
any	1
anxious	1
anticipation	1
anticipant	1
anthem	1
answering	1
answered	1
annals	1
anguish	1
anger	1
angel	1
andromache	1
amplest	1
amethyst	1
america	1
ambition	1
amazing	1
always	1
aloft	1
allow	1
alleys	1
ale	1
alchemy	1
aimed	1
aiiii	1
aiden	1
ai	1
ago	1
afternoon	1
afield	1
affrighted	1
affliction	1
admire	1
admiration	1
added	1
ada^o	1
ad	1
act	1
acres	1
acre	1
acolytes	1
according	1
accordance	1
accolade	1
abroad	1
a^^here	1
^hinker	1
^^	1
^-^^	1
^-	1
^"^^	1
\^	1
[	1
?"	1
>	1
<?'	1
/ty	1
/	1
."]	1
-^	1
-*■	1
-'	1
(~\^,	1
'^"'^	1
'-^	1
''^^	1
"\'\	1
"'°°^'^'	1
""'	1
""!'^	1
""	1
!'"""''	1
!"	1
