,	410
the	315
and	297
.	223
of	154
to	116
in	94
|'s|	78
"	74
i	70
a	70
that	63
—	61
;	49
from	47
with	42
my	42
on	39
for	35
by	34
shall	33
be	33
their	32
as	32
or	28
is	28
its	27
his	27
but	27
at	27
!	27
it	26
|arabic2digit|	25
where	25
have	25
all	25
when	24
there	24
'	23
still	22
not	22
her	21
may	20
love	20
long	20
which	19
me	19
so	17
away	17
are	17
this	16
our	16
now	16
no	16
was	15
then	15
man	15
he	15
they	14
day	14
time	13
thy	13
one	13
like	13
has	13
down	13
:	13
yet	12
will	12
who	12
what	12
oil	12
far	12
would	11
world	11
us	11
through	11
thou	11
those	11
over	11
here	11
earth	11
whose	10
we	10
till	10
sweet	10
soul	10
kate	10
how	10
bright	10
were	9
well	9
said	9
life	9
hill	9
again	9
you	8
while	8
them	8
sun	8
spring	8
side	8
out	8
men	8
many	8
loved	8
if	8
i'll	8
him	8
heaven	8
heart	8
found	8
each	8
did	8
days	8
blue	8
around	8
whom	7
wealth	7
upon	7
thee	7
than	7
stream	7
see	7
roam	7
rest	7
peace	7
old	7
never	7
lovely	7
look	7
last	7
hope	7
ever	7
come	7
bore	7
above	7
years	6
wife	6
weather	6
way	6
water	6
up	6
though	6
steps	6
some	6
should	6
scenes	6
say	6
rich	6
return	6
quiet	6
more	6
god	6
dreams	6
dost	6
death	6
born	6
beauty	6
.,	6
your	5
woods	5
wander	5
view	5
these	5
smiles	5
silent	5
pure	5
own	5
nor	5
new	5
nature	5
much	5
might	5
mansions	5
living	5
left	5
ky	5
home	5
hills	5
had	5
grease	5
gone	5
friend	5
forever	5
flowers	5
faith	5
fair	5
dwell	5
dear	5
could	5
city	5
cave	5
canewood	5
bought	5
birds	5
better	5
beside	5
back	5
along	5
alone	5
abode	5
worth	4
within	4
very	4
tranquil	4
trade	4
too	4
thought	4
ten	4
sublime	4
stars	4
spot	4
spirits	4
spirit	4
skies	4
serene	4
seen	4
saw	4
run	4
repose	4
peter	4
other	4
once	4
often	4
near	4
name	4
milk	4
make	4
maid	4
made	4
leave	4
land	4
know	4
joys	4
isle	4
house	4
high	4
hearts	4
hath	4
hand	4
grace	4
golden	4
go	4
gentle	4
gay	4
fortune	4
forth	4
find	4
face	4
eyes	4
eternal	4
dead	4
crocus	4
creek	4
county	4
cold	4
clear	4
cedar	4
care	4
can	4
bowers	4
blessed	4
before	4
been	4
beautiful	4
any	4
among	4
ages	4
|arabic5+digit|	3
|arabic1digit|	3
worn	3
work	3
winds	3
wild	3
white	3
whether	3
weave	3
waves	3
waters	3
wandering	3
wall	3
voice	3
turn	3
track	3
town	3
took	3
thousand	3
thither	3
think	3
things	3
tears	3
take	3
summer	3
strike	3
sphere	3
sought	3
sorrow	3
song	3
smile	3
sleep	3
sky	3
sing	3
shine	3
shade	3
scene	3
sam	3
rise	3
right	3
regions	3
ran	3
plenty	3
placid	3
picture	3
petroleum	3
passed	3
only	3
none	3
night	3
neath	3
muse	3
murmuring	3
mourn	3
most	3
morn	3
met	3
memory	3
meet	3
m	3
louisville	3
locks	3
let	3
leaves	3
knew	3
kentucky	3
june	3
joy	3
jones	3
iu	3
into	3
i'm	3
human	3
however	3
hours	3
hour	3
hopes	3
heavens	3
he's	3
happy	3
happier	3
hands	3
grief	3
green	3
great	3
grave	3
good	3
glorious	3
gloom	3
give	3
genial	3
gaze	3
gave	3
full	3
friends	3
forget	3
fame	3
eyed	3
eye	3
eve	3
endless	3
doth	3
dollars	3
deck	3
darkness	3
dark	3
d	3
cot	3
chain	3
ceaseless	3
cease	3
build	3
brow	3
blooming	3
bloom	3
beyond	3
behold	3
behind	3
author	3
art	3
ancient	3
an	3
alice	3
about	3
**	3
|arabic4digit|	2
young	2
you'll	2
year	2
written	2
wreath	2
works	2
wool	2
woo	2
wonderful	2
without	2
wit	2
wing	2
winding	2
we'll	2
wc	2
watch	2
warm	2
walks	2
walked	2
wake	2
voiceless	2
varied	2
valleys	2
vales	2
vain	2
unto	2
unknown	2
two	2
twixt	2
twas	2
trust	2
true	2
trod	2
trees	2
torn	2
thus	2
thronged	2
thoughts	2
thine	2
tell	2
swelling	2
supplies	2
sunny	2
suit	2
such	2
struck	2
strive	2
strife	2
strew	2
strength	2
streets	2
street	2
streams	2
streamlet	2
stray	2
straight	2
stone	2
start	2
stare	2
star	2
stand	2
splendour	2
spell	2
sorrows	2
songs	2
solemn	2
slumber	2
sloping	2
slope	2
six	2
since	2
silver	2
silence	2
sigh	2
sich	2
she	2
set	2
seek	2
save	2
sacred	2
runyan	2
round	2
rose	2
roof	2
river	2
religion	2
redeemed	2
reared	2
ray	2
r	2
quite	2
prophet	2
pride	2
present	2
praises	2
power	2
pour	2
plain	2
places	2
placed	2
person	2
pensive	2
patient	2
past	2
passion	2
part	2
pall	2
pain	2
onward	2
ones	2
oily	2
oh	2
oft	2
nought	2
nothing	2
notes	2
nights	2
native	2
mrs	2
mountain	2
mother	2
months	2
money	2
mind	2
mill	2
meant	2
mate	2
mary	2
mammoth	2
machinery	2
lowly	2
low	2
loveliness	2
lost	2
lord	2
lonely	2
lone	2
live	2
lines	2
length	2
learn	2
lately	2
laid	2
lady	2
labour	2
knowing	2
keen	2
july	2
joke	2
it's	2
innocence	2
increase	2
ice	2
i've	2
i'd	2
hurrah	2
himself	2
higher	2
herds	2
heard	2
hear	2
happened	2
half	2
hair	2
h	2
grove	2
grand	2
glittering	2
gliding	2
glen	2
gleam	2
gems	2
freshness	2
fresh	2
founts	2
fountains	2
form	2
forest	2
footsteps	2
fondest	2
following	2
follow	2
folks	2
flows	2
flowing	2
flora	2
flocks	2
fleet	2
first	2
fires	2
few	2
feet	2
father	2
fate	2
fancy	2
evil	2
every	2
evening	2
esq	2
enchanting	2
ease	2
earthly	2
dust	2
drop	2
drawn	2
drank	2
dr	2
doubly	2
done	2
dome	2
do	2
dinners	2
despair	2
desolate	2
depths	2
delightful	2
decks	2
darkly	2
cream	2
crcessus	2
course	2
country	2
cooling	2
column	2
coat	2
cloudless	2
cloud	2
clothing	2
clime	2
church	2
chosen	2
chilling	2
charms	2
charm	2
chaplin	2
cemetery	2
caves	2
cannot	2
came	2
called	2
call	2
buy	2
busy	2
burst	2
burn	2
bubbling	2
bs	2
bring	2
brighter	2
break	2
bosoms	2
bosom	2
bored	2
bliss	2
bless	2
blame	2
big	2
bewitching	2
beneath	2
being	2
beams	2
beam	2
bat	2
bards	2
awhile	2
avenues	2
autumn	2
attend	2
associate	2
arise	2
appear	2
anon	2
alas	2
ahead	2
ah	2
ago	2
after	2
afar	2
across	2
accomplished	2
abroad	2
?	2
."	2
*'	2
(	2
•tm	1
zone	1
youth	1
youfcli	1
yore	1
yonder	1
yon	1
yesterday	1
yell	1
ye	1
wrong	1
wrath	1
would'st	1
worse	1
worldly	1
wore	1
word	1
woollen	1
wonders	1
wonder	1
won	1
wliich	1
wished	1
wisdom	1
winters	1
winterish	1
winter	1
winning	1
wings	1
wines	1
wind	1
wide	1
why	1
whoso	1
whistle	1
whispers	1
whispered	1
wherewith	1
wherein	1
whereat	1
wheels	1
whale	1
wet	1
western	1
west	1
went	1
welkin	1
weighs	1
ween	1
weed	1
wed	1
web	1
weaves	1
wearing	1
weaned	1
wcalthy	1
wave	1
watched	1
washingtoxn	1
washington	1
washing	1
warming	1
wants	1
want	1
wanderer	1
walls	1
wakes	1
wailing	1
w	1
votaries	1
visit	1
visions	1
virgin	1
violets	1
violet	1
verse	1
vernon	1
verdant	1
venerable	1
veined	1
vein	1
vehicle	1
ve	1
vat	1
vast	1
vases	1
van	1
valued	1
vallambrosa	1
vale	1
urn	1
unusual	1
unused	1
unseen	1
unruffled	1
unreturned	1
unravel	1
unkindness	1
union	1
unhappy	1
undisturbed	1
understand	1
underground	1
under	1
undecayed	1
uncomfortable	1
unbridled	1
unaccountable	1
twould	1
twine	1
twilight	1
twere	1
turns	1
tumble	1
try	1
troubles	1
troubled	1
triumph	1
trim	1
tries	1
tried	1
tricks	1
trickling	1
tremble	1
tree	1
treasured	1
travel	1
traok	1
trace	1
towns	1
towering	1
tower	1
touch	1
torturing	1
torrid	1
torpid	1
tops	1
topenetarte	1
tools	1
tones	1
tombs	1
tomb	1
toil	1
together	1
tjiei/y	1
tis	1
tima	1
ties	1
tide	1
thunder	1
thrown	1
throng	1
throne	1
throat	1
thrice	1
three	1
threatening	1
thousands	1
thoughtful	1
thorny	1
thorn	1
thing	1
theo	1
thanks	1
th	1
tfcat	1
term	1
tender	1
tenantless	1
temples	1
tempests	1
tear	1
teams	1
team	1
tappy	1
tap	1
tako	1
taade	1
t	1
sweetness	1
sweetest	1
sweeter	1
sweating	1
sweat	1
swarms	1
swallowing	1
svch	1
sustaining	1
surviving	1
surname	1
supplementary	1
sunshine	1
sunlight	1
sunay	1
summersets	1
sultry	1
suited	1
suibce	1
sudden	1
succ€	1
subjoined	1
stronger	1
strong	1
strikes	1
stricken	1
strengthened	1
strayed	1
strange	1
strains	1
story	1
stormy	1
storms	1
storied	1
stores	1
store	1
stones	1
stomach	1
stock	1
stirred	1
stiil	1
stern	1
stentorian	1
stem	1
steep	1
stealing	1
stay	1
stately	1
state	1
starlit	1
starless	1
stands	1
stainless	1
spriug	1
spriap	1
spread	1
sprang	1
spouts	1
spouting	1
spots	1
spotless	1
spend	1
spars	1
span	1
space	1
southward	1
sound	1
souls	1
sorely	1
soothing	1
soothe	1
soon	1
son	1
somewhere	1
somewhat	1
sometimes	1
something	1
someday	1
solitudes	1
sold	1
soil	1
soft	1
soda	1
society	1
social	1
soar	1
snow	1
snatched	1
smokg	1
smiled	1
smilea	1
smell	1
smashed	1
smarting	1
slumbering	1
slow	1
sleeps	1
slaughter	1
slab	1
skiesl	1
sitting	1
sit	1
sir	1
sip	1
sins	1
sinks	1
singing	1
sincere	1
sin	1
silvery	1
siloa	1
silk	1
sightless	1
sight	1
sighed	1
sides	1
sidcb	1
shu^e	1
showers	1
short	1
shorn	1
shores	1
shop	1
shifting	1
shelter	1
shed	1
shears	1
shawl	1
shares	1
shapes	1
shadows	1
shadowing	1
shadow	1
shading	1
shades	1
sever	1
servants	1
september	1
sentiments	1
senior	1
selfsame	1
self	1
seers	1
seeing	1
secluded	1
search	1
sea	1
sculptor	1
scared	1
scarcely	1
saphire	1
sanctuary	1
same	1
salmon	1
safe	1
sad	1
s	1
runnest	1
rules	1
routes	1
rosy	1
rosiest	1
roses	1
room	1
rolled	1
roll	1
rod	1
rocking	1
rock	1
robes	1
road	1
rivers	1
risked	1
ring	1
rightly	1
righteousness	1
ride	1
reunite	1
retreat	1
retired	1
retarded	1
respective	1
respectfully	1
resignation	1
residents	1
reserved	1
requested	1
reply	1
rendered	1
remote	1
remarked	1
relief	1
released	1
relate	1
reigns	1
reign	1
regrets	1
regenerated	1
regard	1
refreshed	1
reflecting	1
reflect	1
refined	1
references	1
recollection	1
recipient	1
receive	1
rear	1
reap	1
realms	1
real	1
reaidence	1
reader	1
reach	1
rayless	1
ravine	1
raven	1
rambling	1
ramblidg	1
ramble	1
rain	1
rail	1
radiant	1
raccoon	1
quoth	1
queen	1
quaff	1
pursue	1
purposed	1
purity	1
purest	1
proudest	1
proud	1
prospects	1
prospect	1
pronouncer	1
pronounced	1
produced	1
proclaims	1
prize	1
president	1
presented	1
pres	1
prayer	1
pray	1
prate	1
praise	1
powerless	1
pours	1
poured	1
possesa	1
posed	1
port	1
population	1
ponder	1
polite	1
poker	1
poets	1
poetical	1
poet	1
pobm	1
plumes	1
plough	1
pleyed	1
pleasures	1
please	1
played	1
play	1
plauge	1
plates	1
plank	1
planets	1
plan	1
piration	1
pinion	1
pilgrim	1
pile	1
pigeonwing	1
pieces	1
philistines	1
phenomenon	1
pew	1
peters	1
pervaded	1
perusal	1
perhaps	1
pebbly	1
peaceful	1
pay	1
patience	1
path	1
pass	1
particularly	1
partial	1
partake	1
pargny	1
parental	1
pardon	1
par	1
pants	1
palud	1
palaces	1
palace	1
owner	1
overcoats	1
otherwise	1
ot	1
ordinary	1
orb	1
op	1
oozy	1
oleaginous	1
oilsome	1
ohio	1
off	1
odd	1
occupants	1
observed	1
obey	1
o	1
nursed	1
note	1
northward	1
noiseless	1
nodding	1
nodded	1
noble	1
nine	1
niffle	1
newport	1
nestling	1
neither	1
neighbouring	1
neighbourhood	1
needed	1
ned	1
necropolis	1
nearer	1
nations	1
nap	1
names	1
n	1
mystified	1
mysterious	1
myself	1
must	1
musings	1
musingly	1
music	1
multitude	1
move	1
mournful	1
mourned	1
mountains	1
mount	1
mouldering	1
mould	1
mottled	1
mote	1
mortal	1
morrow	1
moonlght	1
moon	1
monuments	1
monkey	1
moil	1
mockery	1
mixed	1
mix	1
missed	1
misery	1
mirth	1
mine	1
mindj	1
minaret	1
mills	1
mile	1
milder	1
middle	1
mid	1
merchant	1
mentioning	1
memories	1
melodies	1
meetings	1
meadows	1
mccarty	1
maybe	1
maxville	1
materially	1
mart	1
mark	1
marble	1
mantle	1
mankind	1
male	1
maketh	1
maids	1
maiden	1
madness	1
machless	1
lymph	1
lurch	1
lullaby	1
lucy	1
lucky	1
lowing	1
lower	1
loveliest	1
lovelier	1
lout	1
loud	1
looked	1
longer	1
lonesome	1
log	1
lock3>re	1
liver	1
lived	1
little	1
lite	1
lisping	1
liquid	1
lip	1
lingering	1
lingered	1
line	1
limited	1
likely	1
liglited	1
lights	1
lies	1
lids	1
licks	1
liaes	1
lettered	1
leonard	1
lengthening	1
lend	1
leedom	1
least	1
learned	1
leaning	1
lazy	1
lays	1
lay	1
law	1
laughter	1
laughed	1
laugh	1
latter	1
late	1
large	1
lands	1
lambswool	1
lamb	1
knows	1
known	1
knowledge	1
knoweth	1
kissed	1
kings	1
kine	1
kindred	1
kindness	1
kindly	1
kindled	1
kid	1
key	1
kept	1
kentuckians	1
kentuckian	1
keeping	1
keep	1
juno	1
jtoteut	1
joyous	1
joxes	1
journey	1
jewels	1
jesus	1
jefferson	1
jeans	1
jeana	1
j	1
invite	1
intervened	1
interfered	1
intent	1
intending	1
inspired	1
inscribed	1
inquired	1
inner	1
ingreased	1
informs	1
influences	1
infant	1
industrial	1
indispensable	1
inasmuch	1
in'ot	1
improved	1
immortal	1
imaginings	1
image	1
illustrioua	1
iler	1
iiame	1
idle	1
ideal	1
hus	1
hundred	1
hun	1
humid	1
humble	1
hum	1
hued	1
hue	1
hourly	1
hosts	1
hospitalities	1
horse	1
horn	1
honest	1
hollers	1
holds	1
hold	1
hoarded	1
hm	1
hit	1
hint	1
highest	1
hied	1
hidden	1
hia	1
herself	1
hers	1
henry	1
hence	1
heed	1
heaviest	1
heated	1
hearse	1
hears	1
hearn	1
hearing	1
healthy	1
he'd	1
haven	1
hateful	1
hastes	1
hast	1
harrowing	1
harmless	1
harm	1
hardly	1
hard	1
harbour	1
harbingers	1
hapless	1
hammer	1
hallowed	1
halcyon	1
haired	1
guest	1
grray	1
grows	1
grow	1
ground	1
grog	1
grew	1
greets	1
greenbacks	1
greasy	1
grazing	1
graze	1
graven	1
grass	1
grapples	1
granduer	1
grandeur	1
grain	1
gracious	1
got	1
gold	1
gods	1
glowing	1
glowed	1
gloves	1
glory	1
glittered	1
glee	1
glass	1
glade	1
gives	1
given	1
girl	1
gilded	1
gifts	1
ghostly	1
gentler	1
gentleman	1
generous	1
general	1
gem	1
gee	1
gazette	1
gaunt	1
galling	1
gain	1
g	1
future	1
fully	1
fruitful	1
frozen	1
frowns	1
frowniug	1
frown	1
froth	1
frosty	1
frolicked	1
frisked	1
friond	1
fringed	1
frierds	1
friendship	1
freedom	1
freed	1
free	1
frame	1
fragrant	1
fragrance	1
fourth	1
forty	1
fors	1
forms	1
forming	1
formed	1
forge	1
force	1
follows	1
folded	1
foievermore	1
foeevee	1
flush	1
flower	1
flourish	1
floundering	1
floor	1
float	1
flits	1
fling	1
flight	1
flatterers	1
flash	1
fixtures	1
fixed	1
fix	1
fit	1
fish	1
fire	1
fingers	1
fine	1
fills	1
fields	1
field	1
fetching	1
fes	1
fences	1
female	1
fellow	1
feign	1
feel	1
fear	1
favouring	1
fathomless	1
fat	1
fashioned	1
fashion	1
farm	1
farewell	1
fancies	1
family	1
false	1
falling	1
faishion	1
fairy	1
fairer	1
failed	1
fadeless	1
faded	1
f	1
eyeless	1
extend	1
explanatory	1
expenses	1
everybody	1
evermore	1
et	1
estate	1
essential	1
essence	1
erecled	1
ere	1
er	1
envy	1
entwined	1
enthused	1
entertain	1
enormous	1
enjoy	1
endure	1
ends	1
endeavour	1
end	1
encircling	1
encircles	1
empurpling	1
emerald	1
emblems	1
else	1
elizabethtown	1
elements	1
elegy	1
elegance	1
eldest	1
elate	1
el	1
ehame	1
efface	1
eecms	1
ee	1
editor	1
echo	1
earn	1
early	1
earliest	1
dyspeptic	1
dwelling	1
dwelleth	1
dwelled	1
dusty	1
dusky	1
dupont	1
dull	1
dry	1
drive	1
drink	1
dresses	1
dreary	1
drear	1
dream	1
dread	1
draw	1
dozen	1
dove	1
double	1
dollar	1
dog	1
does	1
divine	1
disturbance	1
disturb	1
distorting	1
distant	1
distance	1
disporting	1
displays	1
dispense	1
discovered	1
disclose	1
discern	1
disappear	1
directly	1
dimpled	1
dimeless	1
difficulty	1
dies	1
died	1
die	1
diadem	1
dewy	1
dews	1
devil	1
destroys	1
desirable	1
descried	1
descend	1
departed	1
denied	1
delilah	1
delicious	1
delay	1
deign	1
deemed	1
dedicated	1
decked	1
dec	1
dawn	1
date	1
darkening	1
darken	1
danced	1
damp	1
daisies	1
daffodils	1
cynosure	1
cut	1
curving	1
current	1
curious	1
cumberland	1
crystal	1
cru	1
crows	1
crowded	1
crosssus	1
crops	1
croessus*	1
cried	1
creeks	1
creature	1
created	1
create	1
creams	1
crcossus	1
covers	1
cover	1
courting	1
courted	1
coursing	1
cottage	1
costs	1
copper	1
coos	1
coolness	1
cool	1
converse	1
continued	1
content	1
contemplate	1
constant	1
consoled	1
consecrated	1
conjecture	1
condition	1
completely	1
complain	1
compare	1
companies	1
compact	1
commercial	1
commerce	1
coming	1
comet	1
comes	1
coldness	1
coaches	1
co	1
clouds	1
cloth	1
cling	1
climes	1
climate	1
cliff	1
cleft	1
cleave	1
clay	1
clasic	1
claim	1
cider	1
chiselled	1
children	1
childhood	1
child	1
cherished	1
cheered	1
cheer	1
check	1
chastening	1
chase	1
charles	1
charity	1
changest	1
chandeliers	1
chances	1
chance	1
chambers	1
chamber	1
cf	1
certainly	1
certain	1
caverns	1
caused	1
cattle	1
cast	1
case	1
carries	1
carriage	1
cares	1
career	1
capillary	1
canvas	1
campbell	1
calm	1
calling	1
calender	1
byiling	1
buyers	1
butternut	1
butter	1
bust	1
business	1
burned	1
burly	1
builder	1
bubject	1
bubbled	1
brought	1
brook	1
broken	1
brightest	1
brief	1
bride	1
breezy	1
breathing	1
breast	1
brave	1
boys	1
boyle	1
boy	1
bowing	1
bower	1
bowed	1
bow	1
bounding	1
boundaries	1
bores	1
boref	1
book	1
bold	1
bojs	1
boil	1
body	1
bodies	1
bo	1
blow	1
blossomed	1
blood	1
blithest	1
blissful	1
blish	1
blighted	1
bleat	1
bleak	1
blazing	1
blaze	1
bjcathest	1
bituminous	1
bit	1
bipeds	1
bind	1
bill	1
bid	1
bewildering	1
betsy	1
benign	1
bending	1
bend	1
below	1
begging	1
beg	1
become	1
became	1
beautifully	1
beast	1
bearing	1
beard	1
bear	1
bay	1
banks	1
band	1
awful	1
awake	1
await	1
avidity	1
augurs	1
aud	1
attempt	1
atmosphere	1
athwart	1
asunder	1
associates	1
asserts	1
asrial	1
asleep	1
aside	1
artesian	1
arrive	1
aroh	1
aro	1
approach	1
apples	1
appears	1
appeared	1
apostles	1
apollo	1
apace	1
annals	1
animated	1
angel	1
amply	1
amid	1
ambition	1
amaranths	1
am	1
always	1
also	1
aloft	1
allotted	1
alive	1
alike	1
albion	1
air	1
aims	1
ail	1
afterwards	1
afsafe	1
aforesaid	1
afloat	1
affliction	1
afflicted	1
aethereal	1
adversity	1
advent	1
advancing	1
advances	1
adorns	1
adorn	1
admiring	1
adieu	1
actually	1
act	1
aching	1
accounts	1
abounding	1
abound	1
abodes	1
abandoning	1
^	1
.'	1
-	1
).	1
''	1
!")	1
