,	365
the	254
.	187
and	153
of	113
a	98
;	72
to	69
in	67
with	64
—	54
from	46
|'s|	43
!	38
|arabic2digit|	35
all	35
their	31
on	30
by	27
as	26
year	25
where	25
but	25
his	24
which	23
no	21
like	21
is	21
i	21
its	19
sea	18
for	18
through	17
one	17
he	17
are	17
her	16
"	16
sweet	15
summer	15
they	14
air	14
while	13
old	13
'	13
she	12
far	12
ah	12
:	12
was	11
there	11
that	11
o	11
day	11
my	10
me	10
may	10
hills	10
ever	10
sun	9
still	9
some	9
fields	9
fair	9
bells	9
an	9
wings	8
upon	8
together	8
thy	8
things	8
then	8
softly	8
so	8
sky	8
over	8
off	8
life	8
duty	8
|arabic1digit|	7
weather	7
we	7
soul	7
our	7
or	7
new	7
earth	7
dreams	7
comes	7
chill	7
bright	7
blown	7
beauty	7
bear	7
be	7
?	7
winged	6
wind	6
whose	6
whither	6
white	6
when	6
wealth	6
sweep	6
ships	6
sails	6
once	6
more	6
light	6
eye	6
each	6
at	6
."	6
woods	5
within	5
ways	5
voices	5
toward	5
spring	5
splendour	5
soft	5
skies	5
silent	5
shores	5
shall	5
sense	5
ports	5
passing	5
nor	5
never	5
mystery	5
lost	5
joy	5
into	5
grey	5
golden	5
ear	5
dream	5
come	5
clouds	5
away	5
along	5
yet	4
would	4
world	4
wide	4
wear	4
unto	4
unknown	4
thing	4
than	4
streams	4
slowly	4
sight	4
sigh	4
shadows	4
seems	4
rose	4
red	4
plain	4
pale	4
out	4
night	4
near	4
morn	4
meadows	4
long	4
leaving	4
land	4
it	4
how	4
him	4
herd	4
have	4
hail	4
glowing	4
forlorn	4
forever	4
fondly	4
feet	4
everywhere	4
doth	4
dim	4
coming	4
clear	4
catch	4
born	4
blue	4
blissful	4
bliss	4
beneath	4
again	4
youth	3
winter	3
winds	3
willows	3
who	3
wherein	3
welkin	3
welcome	3
wave	3
wastes	3
warm	3
wail	3
visions	3
vision	3
vain	3
tune	3
treasures	3
toil	3
time	3
thoughts	3
thou	3
this	3
these	3
them	3
surely	3
such	3
strong	3
storm	3
stark	3
star	3
stand	3
sparkling	3
sound	3
snow	3
sluggish	3
silence	3
seemed	3
seaward	3
save	3
run	3
rise	3
realms	3
pleasure	3
pain	3
not	3
nature	3
misty	3
men	3
memory	3
meet	3
marts	3
love	3
look	3
lo	3
lips	3
lie	3
j	3
idyls	3
hopes	3
hither	3
heaven	3
heart	3
hears	3
hear	3
haze	3
happy	3
greet	3
gone	3
gold	3
goes	3
glorious	3
glance	3
gaze	3
gay	3
gauds	3
gales	3
free	3
forth	3
flight	3
fleet	3
fills	3
favouring	3
faith	3
fairest	3
fairer	3
fain	3
every	3
enchanted	3
dross	3
dreamy	3
down	3
days	3
cry	3
crucible	3
cheerless	3
brought	3
broad	3
bring	3
breezes	3
breath	3
bitter	3
beads	3
bare	3
balmy	3
aglow	3
across	3
above	3
zephyr	2
you	2
yield	2
yes	2
years	2
wrought	2
wrinkle	2
wreathed	2
worthless	2
won	2
witchery	2
wistful	2
wise	2
wing	2
windy	2
win	2
will	2
whatever	2
west	2
were	2
weaves	2
waves	2
waste	2
wandering	2
wan	2
voiced	2
voice	2
view	2
veils	2
vapory	2
untold	2
unsatisfied	2
uncertain	2
tumult	2
true	2
triumph	2
trill	2
too	2
tinkle	2
till	2
thousand	2
those	2
thin	2
thickening	2
thee	2
tell	2
teeming	2
swift	2
swelling	2
sweetest	2
surprise	2
sunny	2
sunnier	2
sunless	2
sudden	2
strown	2
strive	2
strays	2
strange	2
strains	2
stone	2
stirred	2
stain	2
springs	2
spoil	2
spire	2
speech	2
sped	2
sounds	2
sought	2
sorrow	2
song	2
somewhere	2
sometimes	2
something	2
sombre	2
snowy	2
snare	2
smite	2
smile	2
slumbering	2
sleeping	2
skim	2
sits	2
sir	2
sing	2
silvery	2
silver	2
silken	2
sighs	2
sighing	2
shy	2
shuddering	2
shrill	2
shore	2
shield	2
shapes	2
shadowy	2
shadow	2
shade	2
secrets	2
seas	2
scans	2
same	2
sadly	2
sad	2
ring	2
rills	2
right	2
resistless	2
repeat	2
reefs	2
rapt	2
rain	2
promised	2
pride	2
pray	2
pearls	2
pearl	2
pastures	2
paradise	2
painted	2
other	2
oriole	2
north	2
nets	2
mysterious	2
mute	2
music	2
moan	2
mien	2
merchandise	2
melancholy	2
maybe	2
mart	2
marshes	2
march	2
many	2
mad	2
lucent	2
longer	2
lonely	2
locusts	2
locks	2
little	2
listless	2
leaves	2
laughter	2
kisses	2
kiss	2
keeping	2
keen	2
joys	2
isles	2
if	2
idle	2
ideal	2
huntsman	2
hot	2
hope	2
hooded	2
home	2
hill	2
high	2
hide	2
heeds	2
heed	2
heavens	2
heavenly	2
haunts	2
haunted	2
has	2
harbinger	2
hangs	2
hair	2
had	2
greeting	2
green	2
grace	2
good	2
goal	2
glows	2
glory	2
gloom	2
glimpse	2
glides	2
gleam	2
ghostly	2
gave	2
gather	2
garner	2
garments	2
gale	2
gainst	2
friend	2
foodless	2
fly	2
flowers	2
flocks	2
float	2
flit	2
fleeting	2
flattering	2
flames	2
fingers	2
find	2
field	2
fancies	2
face	2
eyes	2
expanses	2
evening	2
even	2
erewhile	2
entranced	2
ending	2
empty	2
elfish	2
eden	2
echo	2
east	2
dumb	2
drowsy	2
drifts	2
drift	2
dreary	2
drear	2
dew	2
desire	2
delight	2
cries	2
could	2
comers	2
cloudless	2
city	2
chimed	2
child	2
charms	2
charmed	2
change	2
cast	2
care	2
can	2
calm	2
buds	2
bubbles	2
bringing	2
breeze	2
breathing	2
bread	2
brain	2
blow	2
blisses	2
birds	2
billows	2
beyond	2
bewildering	2
bends	2
before	2
bees	2
bee	2
beating	2
beat	2
beaches	2
beach	2
azure	2
aye	2
athwart	2
array	2
arms	2
alone	2
alembic	2
-	2
•	1
zones	1
zone	1
your	1
yon	1
yoked	1
yellow	1
ye	1
wreck	1
wraith	1
wrack	1
worshipped	1
worlds	1
woody	1
wondrous	1
wonders	1
wonder	1
withered	1
wistfully	1
wisdom	1
winsome	1
winneth	1
wilson	1
willow	1
wild	1
wigwam	1
wight	1
whom	1
whole	1
whistling	1
whispermg	1
whispering	1
whispered	1
whirhvinds	1
whipster	1
whippoorwills	1
whence	1
wheels	1
what	1
wert	1
wept	1
went	1
wends	1
well	1
weirdly	1
weighty	1
weet	1
weeps	1
weary	1
weareth	1
wayward	1
way	1
waters	1
watered	1
watching	1
watch	1
wasting	1
warning	1
warn	1
wanting	1
wandered	1
walks	1
waiting	1
wailing	1
waif	1
waft	1
w	1
voiceless	1
vine	1
viewless	1
vernal	1
verge	1
ventures	1
veins	1
veiled	1
vapour	1
vanished	1
valleys	1
vales	1
vacant	1
vacancy	1
utterance	1
useless	1
us	1
urged	1
upper	1
up	1
unsounded	1
unsolved	1
unnumbered	1
unkissed	1
university	1
universe	1
universal	1
unfruitful	1
undiverted	1
under	1
unclose	1
unborn	1
unbending	1
twere	1
turned	1
tuneful	1
tropic	1
tripping	1
tresses	1
trees	1
tree	1
treasured	1
treacherous	1
transmuted	1
translate	1
transforms	1
transforming	1
train	1
trails	1
trail	1
trace	1
toying	1
town	1
towards	1
tourney	1
touched	1
tossing	1
torrid	1
torpid	1
torching	1
tongues	1
tongueless	1
tomb	1
toiled	1
tis	1
tints	1
times	1
timber	1
tight	1
tides	1
tide	1
thwart	1
thus	1
throne	1
throbbed	1
thrills	1
thrilling	1
thrill	1
thread	1
thought	1
though	1
thoroughfares	1
therein	1
tempest	1
telling	1
tedious	1
tears	1
taste	1
task	1
tardy	1
taper	1
tall	1
tale	1
taking	1
take	1
t	1
symphonies	1
swung	1
swings	1
swinging	1
swing	1
swiftly	1
swifter	1
swells	1
sweetly	1
sweeter	1
sweeps	1
sweeping	1
swayed	1
swarthy	1
sunshine	1
sunset	1
sunlit	1
sunlight	1
sunlands	1
sunflowers	1
sum	1
suit	1
style	1
striving	1
strings	1
stretch	1
stream	1
stray	1
strangely	1
straining	1
strain	1
stirs	1
stir	1
stills	1
stiff	1
stern	1
sterile	1
step	1
steer	1
steeds	1
steed	1
steals	1
state	1
stars	1
starry	1
stare	1
stands	1
stalks	1
spun	1
spread	1
spirit	1
spheres	1
sphere	1
spell	1
spectres	1
spear	1
sparkles	1
sown	1
southlands	1
southland	1
southern	1
south	1
sorts	1
sorrows	1
sorrowing	1
sooth	1
soon	1
songs	1
son	1
sofdy	1
snows	1
snared	1
smitten	1
smilingly	1
slopes	1
slope	1
slimy	1
slant	1
skeleton	1
sink	1
sings	1
single	1
singing	1
simooms	1
silently	1
sign	1
sifted	1
shrunken	1
shrouds	1
shrouding	1
shrouded	1
shrivelled	1
shrines	1
shrined	1
shrilly	1
shrieking	1
shout	1
shivering	1
shied	1
shelter	1
shell	1
sheet	1
sheep	1
sheeny	1
sheen	1
sheaves	1
shattered	1
shatter	1
sharp	1
shamefaced	1
shame	1
shambling	1
setting	1
set	1
september	1
senseless	1
sends	1
self	1
seethed	1
sees	1
seeking	1
see	1
securely	1
seaweed	1
sealed	1
seafowl	1
seabirds	1
sea-beach	1
scythemen	1
screen	1
scourge	1
scorching	1
sceptred	1
scents	1
scentless	1
scent	1
scenes	1
scene	1
scattering	1
scattered	1
scant	1
scanning	1
savannas	1
sands	1
saith	1
saint	1
sail	1
said	1
sahara	1
safe	1
s	1
rustling	1
rustle	1
rushy	1
runlets	1
rune	1
rugged	1
ruddy	1
royally	1
royal	1
roving	1
rouse	1
rough	1
roses	1
ropes	1
robins	1
robes	1
robed	1
rising	1
rill	1
riddle	1
richest	1
richer	1
ribs	1
rhythmic	1
revel	1
returning	1
return	1
reply	1
relief	1
reins	1
reigns	1
reign	1
regions	1
refrain	1
redemption	1
reapers	1
real	1
reading	1
rare	1
race	1
quivering	1
quickening	1
queen	1
purpose	1
purple	1
purged	1
purest	1
purely	1
psalms	1
psalming	1
prying	1
proudly	1
prosperous	1
prophetic	1
prophecies	1
prone	1
promises	1
prize	1
prince	1
prime	1
press	1
presence	1
power	1
pools	1
pool	1
ponds	1
poised	1
points	1
ply	1
plumed	1
plume	1
plum	1
plover	1
ploughboy	1
plies	1
pleasant	1
plaint	1
plains	1
plainly	1
pipe	1
pinions	1
pines	1
pictures	1
phase	1
phantoms	1
phantom	1
persistent	1
perish	1
perfect	1
pensive	1
pennons	1
pelf	1
peerless	1
peer	1
pearly	1
peaceful	1
pavilions	1
patiently	1
patient	1
patience	1
pathway	1
pathetic	1
pasture	1
passions	1
passionate	1
passion	1
passed	1
pampered	1
oxen	1
overpast	1
osier	1
orison	1
orient	1
orchard	1
oppressed	1
open	1
only	1
oh	1
oft	1
offerings	1
odours	1
odorous	1
october	1
oceans	1
observation	1
oasis	1
o'erbrims	1
now	1
november	1
nought	1
notes	1
note	1
northward	1
northlands	1
noiseless	1
nod	1
noble	1
nimble	1
nigh	1
niente	1
newcomer	1
needle	1
neath	1
nay	1
names	1
name	1
mystic	1
must	1
murmuring	1
murmur	1
move	1
mournfully	1
morning	1
moons	1
moonbeams	1
moon	1
monotone	1
moil	1
moaning	1
mist	1
miserere	1
mirth	1
mirroring	1
mingled	1
mills	1
might	1
midst	1
midnight	1
mid	1
memories	1
melt	1
melodious	1
meekness	1
meed	1
measures	1
measureless	1
measure	1
meaning	1
mazy	1
mazes	1
maze	1
matronly	1
masts	1
marvels	1
mar	1
majestic	1
main	1
mail	1
magic	1
madonna	1
madness	1
made	1
lyre	1
lying	1
lush	1
lurking	1
luring	1
lurid	1
lure	1
low	1
loutish	1
loon	1
loom	1
looking	1
looked	1
longing	1
lone	1
loiterers	1
locust	1
locked	1
loathsomely	1
listen	1
lissome	1
lisped	1
lingers	1
linger	1
liis	1
lifted	1
lies	1
level	1
less	1
legions	1
ledges	1
leave	1
leashed	1
leas	1
learned	1
leagues	1
leafy	1
leaders	1
lay	1
lawns	1
lavish	1
laughs	1
laughingly	1
lattice	1
lately	1
last	1
lark	1
lank	1
languor	1
lane	1
lands	1
lances	1
lancelot	1
lance	1
lake	1
lagging	1
laden	1
laconic	1
lace	1
labouring	1
labour	1
knights	1
kissed	1
kingly	1
king	1
keys	1
key	1
just	1
june	1
july	1
joyous	1
john	1
jewels	1
jewelled	1
jewel	1
jesses	1
jeer	1
javelin	1
jar	1
january	1
jackets	1
ivory	1
invade	1
instinct	1
inspiration	1
innocence	1
inland	1
infant	1
indefinite	1
impetuous	1
impending	1
impassioned	1
immeasured	1
ills	1
hurrying	1
hunter	1
huddling	1
hst	1
hour	1
hound	1
hosts	1
horoscope	1
horn	1
horizon	1
hoped	1
hook	1
hoodwinked	1
homeward	1
homes	1
holiday	1
hke	1
hint	1
hidden	1
hid	1
here	1
hen	1
hem	1
hearts	1
hawk	1
hath	1
hast	1
harsh	1
happiness	1
haply	1
handiwork	1
hand	1
hamlet	1
hale	1
gypsy	1
gull	1
guile	1
grimly	1
grew	1
great	1
grain	1
gossip	1
goodwill	1
goldenly	1
go	1
glowers	1
gloomy	1
glooms	1
globes	1
glistening	1
glimmering	1
glee	1
gleams	1
gleaming	1
glare	1
given	1
gilds	1
gilded	1
ghosts	1
get	1
gem	1
geese	1
gear	1
gauzy	1
gathers	1
gathering	1
garish	1
gallant	1
galahad	1
gait	1
gains	1
gain	1
fusing	1
fury	1
fruits	1
fruitless	1
fruitage	1
fruidess	1
frowns	1
frogs	1
fro	1
fringes	1
freezing	1
freeze	1
fragrant	1
fragrance	1
fox	1
foundered	1
form	1
forgot	1
forget	1
foretells	1
foregleams	1
fool	1
following	1
fogs	1
flutter	1
flute	1
flown	1
flowest	1
flossy	1
floods	1
flood	1
floating	1
flits	1
flings	1
flinging	1
flickered	1
fleetly	1
fleecy	1
flee	1
flecked	1
flaunt	1
flashing	1
flamingoes	1
flaming	1
fitful	1
fishers	1
fired	1
fire	1
finger	1
final	1
fin	1
filling	1
fill	1
fihuy	1
fiery	1
fierce	1
fens	1
fell	1
february	1
farmyard	1
fantasy	1
fantasies	1
familiar	1
falling	1
fall	1
faintly	1
faintest	1
faint	1
failing	1
fades	1
faded	1
eyesight	1
eyed	1
exultant	1
experience	1
except	1
eves	1
evermore	1
entwined	1
enthral	1
enquickening	1
endless	1
endeavour	1
end	1
emblemed	1
embers	1
elysian	1
ecstatic	1
ebbing	1
ebb	1
eaves	1
ease	1
earthward	1
earthly	1
ears	1
eagle	1
eager	1
dye	1
dusty	1
dusky	1
dumbly	1
dubious	1
drops	1
droning	1
drone	1
driving	1
drifted	1
dreariness	1
drearily	1
dreamer	1
drawing	1
doves	1
doubting	1
doomed	1
doom	1
done	1
dome	1
dolce	1
dodge	1
distant	1
distance	1
dismal	1
discerning	1
disappear	1
dirge	1
dips	1
dinned	1
die	1
dews	1
devour	1
destroy	1
destined	1
despite	1
despair	1
desolate	1
deserted	1
desert	1
denying	1
delusion	1
delicious	1
deeper	1
decrescendo	1
december	1
dearest	1
dear	1
dead	1
dawn	1
darkening	1
damosels	1
dames	1
dainty	1
cypresses	1
cynosura	1
cymbals	1
cycles	1
curb	1
cup	1
cunning	1
crows	1
cross	1
crosier	1
crest	1
crescendo	1
crept	1
cows	1
course	1
costliest	1
coral	1
coo	1
conscience	1
conjuring	1
congealed	1
confusion	1
concord	1
concert	1
comfortless	1
comfort	1
cometh	1
coffers	1
clutches	1
clover	1
closed	1
cloisters	1
climbs	1
clew	1
clearly	1
clasping	1
clasp	1
clans	1
clamorous	1
claims	1
churlish	1
chilly	1
chides	1
cherished	1
cherish	1
cheering	1
cheek	1
chase	1
charm	1
chaos	1
changeful	1
certain	1
centuries	1
cedars	1
casket	1
carolling	1
cares	1
canvas	1
camel	1
cambridge	1
calms	1
calmest	1
burst	1
burnt	1
burning	1
burdened	1
buoyant	1
budless	1
budding	1
brown	1
brow	1
brooks	1
brook	1
broods	1
broidered	1
brimming	1
brightly	1
brightest	1
brighten	1
brief	1
breasts	1
breast	1
breaks	1
brands	1
branches	1
bowers	1
bourn	1
bounteous	1
bounds	1
bound	1
both	1
bore	1
boon	1
boisterous	1
body	1
bobolinks	1
bobolink	1
boats	1
blows	1
bloomless	1
blithesomely	1
blithe	1
blessed	1
blending	1
blend	1
bleat	1
bleak	1
blazing	1
blasts	1
blast	1
blanket	1
bittern	1
bird	1
birches	1
billowy	1
bides	1
bide	1
betides	1
best	1
bent	1
behind	1
beguiled	1
beats	1
beareth	1
beams	1
beaming	1
beameth	1
beam	1
bays	1
bayous	1
bay	1
bathe	1
barren	1
barbaric	1
bar	1
banners	1
bannerel	1
bands	1
balm	1
awkward	1
awakes	1
awakening	1
autumn	1
august	1
aspired	1
aspire	1
aspiration	1
ash	1
arts	1
art	1
arrows	1
arouse	1
argosy	1
ardent	1
april	1
appeared	1
answer	1
angler	1
amid	1
amethyst	1
ambition	1
am	1
altered	1
alchemist	1
alas	1
alarms	1
airy	1
age	1
against	1
afric	1
affluence	1
affliction	1
accordant	1
*	1
&	1
!"	1
