,	2152
the	1123
and	965
.	909
to	517
a	472
of	381
!	360
in	328
;	313
i	288
—	277
|'s|	265
"	263
is	237
his	226
it	211
he	193
my	185
with	184
that	178
her	174
but	171
for	160
not	144
on	138
me	137
as	135
all	125
who	123
when	120
you	117
from	116
'	110
no	109
she	108
?	107
will	106
be	105
was	101
!"	101
by	95
at	92
then	89
can	83
thy	82
we	80
one	78
heart	77
have	76
are	76
they	75
may	75
thee	71
over	71
what	70
our	70
us	69
love	68
if	68
thou	67
now	67
how	65
so	64
life	63
their	62
or	62
your	61
while	60
man	60
has	59
him	58
would	57
had	56
there	55
old	55
o	54
were	53
day	53
sweet	52
never	51
|arabic3digit|	50
like	48
this	46
its	46
do	46
god	45
night	44
oh	43
should	42
come	42
well	40
soul	40
every	40
."	40
tis	39
see	39
more	39
which	38
upon	38
still	38
yet	37
ye	36
here	36
again	36
look	35
an	35
some	33
out	33
know	33
good	33
darling	33
take	32
once	32
i'm	32
did	32
death	32
could	32
child	32
bright	32
away	32
whose	31
though	31
sad	31
only	30
i'll	30
where	29
vain	29
free	29
care	29
up	28
through	28
let	28
happy	28
dead	28
time	27
those	27
said	27
mother	27
full	27
must	26
keep	26
john	26
back	26
little	25
woe	24
shall	24
home	24
eye	24
ever	24
before	24
world	23
sorrow	23
soon	23
poor	23
many	23
light	23
friends	23
earth	23
art	23
heaven	22
word	21
till	21
sin	21
say	21
round	21
right	21
near	21
down	21
die	21
cried	21
tell	20
smile	20
pain	20
kiss	20
hope	20
give	20
feel	20
father	20
dear	20
years	19
work	19
weary	19
very	19
pure	19
cold	19
beautiful	19
around	19
|arabic2digit|	18
than	18
power	18
nor	18
made	18
joy	18
i'd	18
health	18
go	18
girl	18
eyes	18
each	18
bed	18
young	17
without	17
too	17
them	17
sigh	17
pride	17
other	17
news	17
men	17
loved	17
long	17
great	17
fair	17
don't	17
brow	17
been	17
alone	17
wife	16
true	16
such	16
song	16
last	16
kind	16
friend	16
flowers	16
face	16
drunkard	16
clear	16
air	16
above	16
:	16
|arabic1digit|	15
wild	15
stood	15
peace	15
grief	15
forever	15
fell	15
even	15
ere	15
city	15
bread	15
am	15
why	14
way	14
voice	14
sun	14
sister	14
read	14
none	14
make	14
hear	14
first	14
faith	14
dark	14
after	14
about	14
you'll	13
words	13
try	13
think	13
tears	13
storm	13
rich	13
pray	13
pity	13
own	13
ones	13
lay	13
help	13
head	13
hate	13
grave	13
gay	13
find	13
despair	13
can't	13
came	13
brave	13
among	13
woman	12
within	12
whatever	12
two	12
trust	12
today	12
strife	12
spirit	12
shore	12
proud	12
prayer	12
praise	12
nelly	12
morning	12
mind	12
lost	12
hearts	12
glorious	12
fly	12
ear	12
cry	12
children	12
any	12
anger	12
(	12
wish	11
went	11
wealth	11
twas	11
took	11
thus	11
tear	11
strong	11
since	11
saw	11
sat	11
play	11
meet	11
luck	11
i've	11
hunger	11
hour	11
gold	11
felt	11
fear	11
fate	11
far	11
done	11
close	11
bring	11
blue	11
bless	11
another	11
truth	10
ten	10
surely	10
side	10
shadows	10
saying	10
rod	10
rest	10
religion	10
plain	10
off	10
october	10
new	10
music	10
misery	10
might	10
lass	10
land	10
human	10
heard	10
hard	10
hand	10
dream	10
cuba	10
clover	10
boys	10
bessie	10
beneath	10
baby	10
babe	10
.)	10
wretched	9
wretch	9
weep	9
turned	9
toil	9
sure	9
street	9
spoken	9
save	9
pleasure	9
part	9
nature	9
lord	9
lane	9
knew	9
joyous	9
ill	9
holy	9
heavenly	9
he'd	9
hair	9
gone	9
glee	9
gave	9
gain	9
eat	9
easy	9
earthly	9
door	9
does	9
didst	9
designed	9
christmas	9
cheer	9
calm	9
brother	9
boy	9
bouquets	9
born	9
worth	8
wanderer	8
vile	8
view	8
thought	8
stretch	8
sought	8
sleep	8
sight	8
shade	8
sent	8
seemed	8
s	8
rather	8
put	8
pair	8
nothing	8
neath	8
low	8
lips	8
kick	8
joys	8
humble	8
hours	8
he's	8
found	8
forth	8
form	8
forget	8
flow	8
fire	8
eyed	8
evermore	8
enough	8
end	8
drink	8
deep	8
days	8
chorus	8
childhood	8
call	8
breath	8
both	8
book	8
black	8
birds	8
angel	8
along	8
^	8
?"	8
*	8
''	8
youth	7
you're	7
year	7
wing	7
willow	7
weak	7
want	7
turn	7
tom	7
tired	7
thing	7
these	7
temptation	7
strive	7
stranger	7
story	7
steal	7
star	7
sombre	7
solemn	7
sky	7
silent	7
set	7
seen	7
scene	7
saviour	7
rose	7
ray	7
rare	7
prove	7
perhaps	7
often	7
ocean	7
noble	7
myself	7
mirth	7
mild	7
merry	7
maiden	7
loss	7
looked	7
lives	7
lines	7
leave	7
landlord	7
king	7
judge	7
indeed	7
hast	7
half	7
grace	7
gloom	7
glad	7
gaze	7
food	7
flame	7
few	7
felon	7
fast	7
distress	7
dame	7
breast	7
bosom	7
bliss	7
blessed	7
best	7
beauty	7
awhile	7
youthful	6
wise	6
willing	6
white	6
waves	6
turns	6
trouble	6
trade	6
three	6
thine	6
sunshine	6
strength	6
stone	6
stars	6
stand	6
spoil	6
spell	6
spare	6
sound	6
souls	6
soft	6
small	6
seems	6
seem	6
seek	6
seat	6
rum	6
red	6
reason	6
pay	6
pat	6
past	6
passion	6
passed	6
pas	6
name	6
muscle	6
much	6
mid	6
met	6
memory	6
mark	6
mamma	6
loathsome	6
living	6
least	6
laugh	6
laid	6
host	6
horse	6
honest	6
high	6
heavy	6
hands	6
grey	6
got	6
golden	6
freedom	6
foe	6
fled	6
filled	6
feet	6
fearful	6
fame	6
false	6
fall	6
dying	6
drew	6
dread	6
doomed	6
crow	6
creep	6
comes	6
cause	6
cast	6
carrie	6
broken	6
broke	6
bloom	6
birth	6
bird	6
better	6
arose	6
agony	6
yonder	5
yer	5
women	5
wings	5
wide	5
wicked	5
we've	5
we'll	5
waters	5
warm	5
village	5
victim	5
vanity	5
tread	5
touch	5
tongue	5
throne	5
thoughts	5
thief	5
talk	5
takes	5
struck	5
store	5
steam	5
stands	5
standing	5
spoke	5
speak	5
spain	5
sons	5
son	5
sometimes	5
slept	5
sleeping	5
sir	5
show	5
short	5
shed	5
sharp	5
shame	5
seldom	5
scarce	5
santa	5
same	5
sailor	5
sacred	5
runs	5
rule	5
rosy	5
roll	5
roar	5
replied	5
reached	5
raised	5
raise	5
quickly	5
quick	5
queen	5
poverty	5
pale	5
o'clock	5
nut	5
nation	5
murmur	5
mourning	5
mortal	5
moment	5
mingled	5
mercy	5
meek	5
meagher	5
mansion	5
looks	5
looking	5
lonely	5
live	5
limbs	5
length	5
left	5
learn	5
law	5
large	5
labour	5
known	5
kissed	5
kernel	5
just	5
hold	5
hail	5
grow	5
ground	5
girls	5
get	5
gently	5
generous	5
gaul	5
france	5
frame	5
folks	5
fit	5
fiends	5
fiend	5
feeling	5
features	5
fatal	5
farewell	5
dressed	5
dreary	5
dim	5
died	5
daily	5
crew	5
corpse	5
comfort	5
cheeked	5
cheek	5
cash	5
called	5
browed	5
brothers	5
broad	5
bone	5
blow	5
blight	5
bitter	5
began	5
bear	5
balm	5
awful	5
always	5
alas	5
yes	4
working	4
won't	4
won	4
whole	4
whispered	4
wherever	4
wept	4
wandered	4
visit	4
visage	4
viewed	4
unknown	4
under	4
twilight	4
trusting	4
truce	4
trials	4
tree	4
treasure	4
toys	4
tomorrow	4
told	4
together	4
tinker	4
throng	4
theme	4
terror	4
tempest	4
taught	4
taste	4
tall	4
t	4
swaying	4
supernal	4
sunny	4
summer	4
struggling	4
stalwart	4
spot	4
sped	4
soothe	4
solace	4
sod	4
slumber	4
sluggard	4
sleet	4
sleeps	4
sits	4
sit	4
sighs	4
shut	4
shook	4
ship	4
shield	4
shadow	4
sentence	4
sea	4
satan	4
sadly	4
run	4
rude	4
rise	4
remember	4
rejoice	4
reach	4
rags	4
precious	4
pleasures	4
playing	4
plainly	4
place	4
pilgrim	4
perish	4
passions	4
page	4
open	4
oft	4
noise	4
nine	4
neck	4
mute	4
mournful	4
mortals	4
morrow	4
morn	4
moral	4
mom	4
misfortune	4
mine	4
mighty	4
master	4
marked	4
makes	4
loud	4
lot	4
lose	4
lies	4
lie	4
liberty	4
latest	4
knows	4
knowest	4
knee	4
into	4
instead	4
inn	4
however	4
higher	4
hero	4
heed	4
harsh	4
hapless	4
ha	4
guilty	4
grumbling	4
grown	4
griddle	4
grasp	4
grant	4
grand	4
glass	4
gazed	4
gallant	4
gainst	4
frenzied	4
foul	4
forest	4
flight	4
flames	4
fish	4
fill	4
fellow	4
family	4
faithful	4
fail	4
except	4
etc	4
ended	4
early	4
duty	4
doing	4
didn't	4
delight	4
crowd	4
cries	4
crazy	4
crack	4
course	4
country	4
clothes	4
church	4
christian	4
check	4
charm	4
charity	4
character	4
change	4
cent	4
ceaseless	4
caress	4
careless	4
captain	4
capital	4
brings	4
brilliant	4
brain	4
bought	4
borrow	4
blood	4
bleeding	4
bible	4
beyond	4
between	4
beside	4
bend	4
believe	4
beggar	4
because	4
beau	4
arms	4
amid	4
ago	4
aged	4
age	4
/"	4
■	3
you've	3
yield	3
wreck	3
wreath	3
worthy	3
wondrous	3
wives	3
window	3
wind	3
widow	3
whom	3
west	3
wert	3
weigh	3
weeps	3
we're	3
wave	3
water	3
wasn't	3
wan	3
walls	3
walk	3
waking	3
wail	3
vow	3
views	3
unto	3
unless	3
twould	3
twixt	3
truly	3
tranquilly	3
touched	3
tomb	3
toiling	3
throughout	3
thinking	3
thin	3
thank	3
tells	3
talking	3
swiftly	3
sweetest	3
sue	3
suddenly	3
striving	3
stricken	3
stream	3
stopped	3
stirred	3
sting	3
stern	3
steel	3
stamps	3
spring	3
spread	3
spite	3
speeds	3
speed	3
speaks	3
sore	3
something	3
sold	3
soil	3
snow	3
smoke	3
slaves	3
skill	3
sing	3
sick	3
shun	3
shrieking	3
shouldst	3
shop	3
shoes	3
shivering	3
shine	3
shelter	3
she'll	3
sense	3
send	3
sell	3
season	3
score	3
says	3
saved	3
safely	3
rushed	3
room	3
retreat	3
repose	3
relief	3
reckless	3
rat	3
racked	3
pulseless	3
prize	3
pretty	3
presence	3
plume	3
please	3
plan	3
pierced	3
perfect	3
pen	3
path	3
pass	3
parent	3
pampered	3
paddy	3
others	3
onward	3
o'erpowered	3
next	3
newsboy	3
need	3
natal	3
n'entends	3
motto	3
motion	3
moon	3
mood	3
months	3
month	3
money	3
miss	3
mirthful	3
means	3
making	3
maid	3
mad	3
lustrous	3
luckless	3
loving	3
lover	3
longer	3
lizzie	3
lithe	3
lit	3
lightning	3
learned	3
laughs	3
lad	3
justice	3
jewels	3
jack	3
io	3
inward	3
insanity	3
increase	3
husband	3
hurries	3
hundred	3
hued	3
house	3
honour	3
himself	3
hideous	3
hide	3
herndon	3
hell	3
hearth	3
heaps	3
heads	3
hath	3
happen	3
guide	3
guard	3
grope	3
grim	3
greet	3
greedy	3
greatest	3
grandsire	3
gracious	3
going	3
glory	3
gloomy	3
glazier	3
glaus	3
gives	3
gift	3
giddy	3
gazing	3
gaunt	3
garret	3
future	3
furnishes	3
frozen	3
frown	3
friendship	3
frenchman	3
freed	3
forced	3
force	3
fond	3
followed	3
flower	3
flit	3
flies	3
fixed	3
firm	3
fine	3
fight	3
fears	3
faulty	3
fashion	3
farmer	3
famished	3
fact	3
faced	3
expression	3
exclaimed	3
everywhere	3
estelle	3
error	3
erin	3
enmity	3
endless	3
endeavours	3
em	3
else	3
ease	3
earnest	3
earn	3
dust	3
drear	3
dreamed	3
dreadful	3
difference	3
devoured	3
deserves	3
demon	3
declare	3
dearly	3
daughter	3
darksome	3
dare	3
dangers	3
dance	3
cut	3
curse	3
curious	3
crown	3
couldn't	3
cot	3
cost	3
comrades	3
clouds	3
cloud	3
christ	3
choir	3
cherished	3
cheeks	3
caused	3
caught	3
canst	3
calls	3
cabin	3
buy	3
burden	3
bride	3
breeze	3
breathe	3
breaks	3
break	3
branches	3
bowed	3
bounded	3
bosoms	3
bore	3
bom	3
body	3
blessings	3
blackbird	3
bitterness	3
bet	3
below	3
bell	3
beer	3
baleful	3
babies	3
ate	3
aside	3
anxious	3
anguish	3
angels	3
ambition	3
altar	3
alive	3
aid	3
ah	3
affright	3
afford	3
aether	3
advances	3
address	3
abject	3
•	2
»	2
|romannumeral|	2
zephyr	2
zealous	2
yore	2
yon	2
yearning	2
wrought	2
wrong	2
wrinkled	2
wrecked	2
wrapped	2
wound	2
worthless	2
works	2
wolf	2
woes	2
wisest	2
wisdom	2
wiped	2
winter	2
wine	2
wilt	2
wight	2
whispers	2
whisper	2
whirl	2
whether	2
whenever	2
wet	2
welcome	2
weeping	2
weeks	2
wed	2
wears	2
wear	2
wealthy	2
weal	2
watching	2
watches	2
watched	2
watch	2
war	2
wanders	2
voo	2
voices	2
vision	2
virtues	2
virtue	2
vice	2
ventured	2
vault	2
vast	2
vapour	2
vacant	2
used	2
use	2
uprears	2
unrest	2
underneath	2
uncle	2
uncared	2
u	2
tyranny	2
twin	2
twere	2
truthful	2
trusted	2
troubles	2
troubled	2
tribute	2
trembling	2
trees	2
treated	2
travelling	2
traveller	2
tranquillity	2
tramped	2
town	2
torn	2
top	2
tongs	2
tone	2
toils	2
toilers	2
toiler	2
tide	2
thrown	2
thronging	2
throbbing	2
throat	2
thrilling	2
thrilled	2
thrice	2
thousand	2
thoughtless	2
thou'lt	2
things	2
they'd	2
thanks	2
thankless	2
test	2
terrible	2
tempter	2
temples	2
tearful	2
teach	2
task	2
talked	2
tackle	2
sympathetic	2
sword	2
swift	2
swelling	2
sweets	2
sweeter	2
sweeps	2
swear	2
sup	2
sunk	2
summons	2
sullen	2
suffered	2
suffer	2
submission	2
subject	2
struggle	2
strike	2
strange	2
strains	2
stout	2
stormy	2
stop	2
steps	2
step	2
stem	2
steeped	2
steed	2
station	2
starve	2
starvation	2
stark	2
standard	2
stain	2
sprung	2
springing	2
sport	2
splendour	2
spirits	2
sparkled	2
south	2
sorry	2
sorrows	2
sorrowing	2
songs	2
smith	2
smiled	2
smart	2
slow	2
sleeper	2
slave	2
sinner	2
sinless	2
single	2
singing	2
sincere	2
shuts	2
shrieks	2
shrieked	2
shout	2
shivered	2
shalt	2
severest	2
sever	2
sends	2
self	2
sees	2
screams	2
science	2
school	2
sceptic	2
savage	2
sank	2
salvation	2
sake	2
saint	2
sailors	2
safe	2
saddest	2
ruthless	2
rules	2
row	2
rolled	2
robed	2
rising	2
ringing	2
richly	2
riches	2
resolved	2
republic	2
remain	2
rejoices	2
reign	2
regard	2
refuge	2
record	2
really	2
ready	2
reads	2
reaching	2
ravished	2
rapture	2
ran	2
raiment	2
rail	2
radiant	2
rachel	2
quite	2
quiet	2
queer	2
pursue	2
purse	2
purer	2
puffs	2
published	2
profit	2
prison	2
prince	2
priest	2
price	2
press	2
practised	2
pour	2
possible	2
possess	2
portals	2
polly	2
pole	2
plunge	2
played	2
plaintive	2
plaint	2
placed	2
pitied	2
piteous	2
pine	2
pinched	2
picture	2
phrase	2
perished	2
perform	2
people	2
penniless	2
penitential	2
pave	2
paused	2
pause	2
patriot	2
patient	2
patience	2
passes	2
parents	2
paper	2
papa	2
pangs	2
pan	2
palsied	2
palace	2
overhead	2
outcast	2
oui	2
oppressed	2
opening	2
offence	2
och	2
obliged	2
oaths	2
oath	2
note	2
nom	2
noisy	2
nobly	2
nigh	2
neither	2
neat	2
nay	2
natures	2
narrow	2
names	2
named	2
n'entejids	2
musing	2
murmuring	2
murderer	2
mr	2
mourner	2
most	2
morrison	2
monster	2
monsieur	2
mistaken	2
mistake	2
mist	2
mission	2
miseries	2
minnie	2
minit	2
minister	2
millions	2
merrily	2
mere	2
mend	2
members	2
melancholy	2
mean	2
meal	2
mary	2
marble	2
mar	2
main	2
maidens	2
m	2
lying	2
lustre	2
lowers	2
lovers	2
loudly	2
lots	2
lone	2
lofty	2
lived	2
litde	2
listened	2
list	2
lineaments	2
line	2
lighthearted	2
lesson	2
leaves	2
leaf	2
leads	2
lead	2
late	2
lap	2
language	2
lady	2
labourers	2
laboured	2
knowledge	2
knickerbocker	2
knees	2
kneels	2
kindness	2
kindly	2
killed	2
kept	2
keeps	2
keeping	2
keen	2
joyful	2
join	2
johnny	2
jealous	2
jaw	2
isn't	2
ireland	2
ire	2
intense	2
intended	2
innocent	2
innocence	2
impart	2
imbecile	2
ills	2
ideal	2
hush	2
hurried	2
humbly	2
humanity	2
hug	2
hover	2
horror	2
horrid	2
hopes	2
hopelessly	2
hood	2
homes	2
homeless	2
homage	2
holds	2
hills	2
hill	2
highway	2
helpless	2
held	2
height	2
heaved	2
heartsick	2
heap	2
heal	2
haughty	2
hateful	2
haste	2
hark	2
hardly	2
happiness	2
haggard	2
hadn't	2
guilt	2
gruff	2
groans	2
groan	2
greenwood	2
green	2
greater	2
graves	2
grandpa	2
gorgeous	2
goodnight	2
goal	2
glared	2
glare	2
giving	2
gilded	2
giant	2
getting	2
gentle	2
gems	2
gem	2
gallows	2
gall	2
furnish	2
friendless	2
fresh	2
freemen	2
freely	2
fransay	2
fragrant	2
four	2
fortune	2
forms	2
forlorn	2
forgiven	2
forgive	2
forehead	2
foos	2
foo	2
follow	2
follies	2
flown	2
flocked	2
flew	2
firmly	2
finished	2
fifteen	2
fields	2
field	2
fetch	2
feasting	2
favour	2
faults	2
fault	2
fancy	2
familiar	2
falls	2
fallen	2
fairly	2
faint	2
fain	2
faces	2
eyelids	2
existence	2
exclaims	2
eventide	2
eve	2
eternally	2
escaped	2
escape	2
erect	2
envy	2
envious	2
emerald	2
elsie	2
either	2
dwelling	2
dwelled	2
dwell	2
dupe	2
dun	2
due	2
drop	2
drive	2
drinking	2
dreams	2
draw	2
drain	2
drag	2
doubt	2
doth	2
dost	2
doom	2
dog	2
dock	2
dispels	2
disgrace	2
discover	2
discord	2
discerning	2
disaster	2
dirty	2
diamond	2
dew	2
destroyer	2
destroy	2
despairing	2
deplore	2
departed	2
demons	2
defy	2
deeply	2
deeds	2
deed	2
decay	2
dearer	2
deal	2
daylight	2
daughters	2
dared	2
danger	2
curses	2
curls	2
curl	2
cure	2
cup	2
crystal	2
crushed	2
crush	2
cross	2
creed	2
court	2
couple	2
countenance	2
counsel	2
couch	2
cottage	2
cool	2
cook	2
contented	2
content	2
conquer	2
confessed	2
concert	2
complaint	2
complain	2
communion	2
commotion	2
common	2
commander	2
coffers	2
coast	2
clothed	2
closer	2
closed	2
clod	2
cling	2
clay	2
claus	2
clasp	2
choose	2
chief	2
cheerful	2
cheat	2
chase	2
changeable	2
champagne	2
chair	2
chain	2
certainly	2
centred	2
ceased	2
cease	2
cattle	2
carry	2
carrier	2
carol	2
cares	2
captive	2
canals	2
can'tr	2
calmly	2
california	2
byes	2
busy	2
burns	2
burning	2
bunch	2
bull	2
bubble	2
bruised	2
brown	2
brought	2
brook	2
bronzed	2
brightest	2
brighter	2
brief	2
bow	2
bouquet	2
boundless	2
bound	2
borrowed	2
boots	2
books	2
bony	2
bonnet	2
bob	2
boast	2
board	2
blushing	2
blows	2
blot	2
blossomed	2
blessing	2
bleak	2
birthday	2
betrayed	2
besides	2
beseeching	2
bells	2
being	2
begone	2
become	2
bears	2
beam	2
beacon	2
bathed	2
bark	2
bare	2
banish	2
bane	2
band	2
ban	2
ball	2
bad	2
babes	2
b'lieve	2
aye	2
awoke	2
awake	2
assurance	2
asked	2
ask	2
artless	2
approached	2
appear	2
answer	2
annoy	2
angry	2
amaze	2
aloud	2
almost	2
alike	2
ails	2
against	2
adore	2
action	2
act	2
accident	2
\	2
/	2
*'	2
)	2
'.	2
',	2
"?	2
!'	2
€ar	1
«/	1
«	1
|arabicprice|	1
|arabic5+digit|	1
|arabic4digit|	1
{"	1
zhar	1
youul	1
yourselves	1
yourself	1
yours	1
you'd	1
yielding	1
yez'll	1
yez	1
yelling	1
yankee	1
y	1
wronged	1
written	1
writhed	1
wring	1
wretchedness	1
wrestled	1
wrestle	1
wreathed	1
wrath	1
wouldst	1
worthier	1
worships	1
worse	1
worn	1
worm	1
worldly	1
workers	1
worked	1
woollen	1
wooed	1
wood	1
woo	1
wont	1
wondrously	1
wondering	1
wonderful	1
wondered	1
wonder	1
woeful	1
wo?nan	1
withstand	1
wither	1
withal	1
wishin	1
wished	1
wisely	1
wintery	1
winsome	1
winnows	1
winkin	1
winged	1
winds	1
win	1
wills	1
willie	1
wile	1
wildly	1
wilder	1
wield	1
widowed	1
wid	1
wholesome	1
whoj	1
whistling	1
whistled	1
whispering	1
whisk	1
whippowill	1
whippowil	1
wherein	1
were't	1
welling	1
weed	1
wee	1
wedded	1
weaving	1
weaves	1
weave	1
weather	1
wearily	1
weakness	1
wayward	1
wayside	1
waving	1
wasted	1
washington	1
washes	1
washed	1
warps	1
warning	1
warmest	1
warbling	1
warbles	1
wanton	1
wannest	1
wandering	1
wanderers	1
wander	1
walking	1
walker	1
walked	1
wakes	1
wakens	1
wake	1
waiting	1
wait	1
wailing	1
waifs	1
wages	1
wafted	1
w	1
vv^ight	1
voyage	1
vows	1
voters	1
vote	1
volunteer	1
vitals	1
visions	1
virgin	1
violence	1
violates	1
villain	1
viewing	1
victory	1
vicious	1
vic	1
vestments	1
vest	1
vessel	1
vesper	1
verge	1
verdant	1
ver	1
venom	1
vender	1
veins	1
vegetation	1
vegetable	1
varied	1
vapored	1
vapid	1
vanished	1
vanish	1
vampire	1
value	1
valley	1
vales	1
vale	1
vainly	1
vail	1
vagabond	1
uttered	1
utter	1
ushered	1
useless	1
urge	1
upward	1
uprose	1
upraised	1
untrammelled	1
unsullied	1
unstable	1
unsparing	1
unskilled	1
unseen	1
unsatisfied	1
unrepentant	1
unny	1
unmixed	1
united	1
unimportant	1
unhoused	1
unheeding	1
unheard	1
unhappy	1
unfurl	1
unfed	1
unfearing	1
unequal	1
unearthly	1
undisguised	1
undertake	1
understanding	1
understand	1
undefiled	1
unclouded	1
unchastity	1
uncertain	1
unbidden	1
ugly	1
tyrants	1
tyrant	1
types	1
type	1
twitched	1
twists	1
twinkling	1
twine	1
twill	1
twelve	1
twdlight	1
twasn't	1
tvvas	1
turmoil	1
turkish	1
turk	1
turbulent	1
turbaned	1
tumbled	1
tuiie	1
truest	1
trudged	1
truant	1
troublesome	1
troth	1
trim	1
trilled	1
trifles	1
tried	1
tricks	1
tribulation	1
trenches	1
trench	1
trembled	1
trembhng	1
treats	1
treat	1
treasures	1
travelled	1
travel	1
trap	1
transient	1
transgressed	1
transfixed	1
tramples	1
train	1
tradesmen	1
tractable	1
trace	1
toy	1
tows	1
towers	1
towering	1
tottering	1
totter	1
total	1
tossed	1
tornado	1
toppling	1
topmost	1
tombs	1
toll	1
tokens	1
toilsome	1
toggery	1
toftgs	1
toe	1
tnou	1
tljis	1
tiny	1
tinted	1
tint	1
tin	1
timidly	1
times	1
tiibute	1
tightly	1
tig	1
ties	1
tidings	1
thyself	1
thumbed	1
throw	1
thronged	1
throbs	1
throats	1
thrive	1
thrill	1
thrifty	1
threw	1
threatens	1
thrashes	1
thrall	1
thoughtful	1
thorns	1
thorn	1
thirty	1
third	1
thinks	1
thick	1
they've	1
they're	1
they'll	1
theory	1
themselves	1
theirs	1
theft	1
theatres	1
terrified	1
terrific	1
tents	1
tenfold	1
tenements	1
tenderly	1
tender	1
tend	1
temptations	1
temper	1
teacher	1
taxes	1
tavas	1
tatters	1
tattered	1
tasted	1
tassel	1
tarts	1
tarries	1
talks	1
tale	1
taking	1
taken	1
taint	1
tailors	1
tail	1
tablets	1
table	1
symmetry	1
sylvan	1
swung	1
swore	1
swerve	1
swells	1
swelled	1
swell	1
sweetly	1
sweat	1
sway	1
swan	1
swam	1
swallowed	1
swallow	1
sustainer	1
suspicion	1
survives	1
surveyed	1
surrounded	1
surpass	1
supply	1
supplied	1
supper	1
supped	1
sunlight	1
sunday	1
summon	1
sum	1
suited	1
suit	1
sugar	1
sufficient	1
suffers	1
suffering	1
suddintly	1
suddint	1
sucklings	1
succumb	1
succour	1
succeeding	1
succeed	1
subtle	1
substance	1
subscription	1
subhme	1
style	1
sturdy	1
stupid	1
stumble	1
stultifies	1
stuck	1
struts	1
strut	1
struggles	1
strug	1
structure	1
strove	1
strongest	1
stronger	1
strives	1
strikes	1
striding	1
strewn	1
stretching	1
stretched	1
strengtheneth	1
streets	1
streaked	1
strayed	1
straw	1
strand	1
strain	1
straiglit	1
stove	1
stoutly	1
stony	1
stones	1
stolen	1
stole	1
stockings	1
stock	1
stirring	1
stirrer	1
stir	1
stiffened	1
sticks	1
stick	1
stew	1
steer	1
steeps	1
steamship	1
steamer	1
stealthily	1
stealth	1
stealing	1
stays	1
stay	1
stately	1
starved	1
startled	1
starting	1
started	1
start	1
stares	1
stared	1
stare	1
standin	1
stamped	1
stamp	1
stammering	1
stage	1
stabbers	1
spur	1
sprite	1
springs	1
spreading	1
spotless	1
sported	1
splendidly	1
spleen	1
spiteful	1
spit	1
spins	1
spin	1
spicy	1
spent	1
spend	1
speeding	1
speechless	1
specious	1
speaking	1
spangled	1
spake	1
spade	1
space	1
source	1
sounds	1
souled	1
sot	1
sort	1
sorrowed	1
sorely	1
sordid	1
soothing	1
sooth	1
sooner	1
sonora	1
somewhat	1
solitude	1
solid	1
softer	1
society	1
social	1
sober	1
sobbing	1
so7ig	1
snorter	1
snoot	1
sneering	1
snatch	1
snapped	1
smother	1
smooths	1
smoothly	1
smoking	1
smashed	1
sm"ely	1
slumbering	1
slumbered	1
slowly	1
slould	1
slits	1
slippery	1
slip	1
slighted	1
slievena	1
slender	1
sleepless	1
sleepers	1
slay	1
slavery	1
slant	1
slain	1
skull	1
skirts	1
skirted	1
skims	1
size	1
sixteen	1
six	1
sittin	1
sires	1
sips	1
singer	1
silvery	1
silver	1
silently	1
signs	1
sights	1
sightless	1
sighed	1
sifts	1
si	1
shuffles	1
shtopping	1
shrinking	1
shrill	1
shpake	1
shows	1
shown	1
showing	1
shower	1
shouts	1
shoutmg	1
shouted	1
shoulders	1
shortly	1
shorn	1
shone	1
shock	1
shoal	1
shining	1
shines	1
shiftless	1
shields	1
sheen	1
shears	1
she'd	1
shawl	1
shaves	1
shares	1
share	1
shaking	1
shakespeare	1
shakes	1
shake	1
shaft	1
shades	1
shackles	1
sex	1
sews	1
sewers	1
settle	1
serve	1
serpent	1
serfs	1
serenity	1
serenely	1
sere	1
seraph	1
september	1
separates	1
sentiment	1
senses	1
senseless	1
senators	1
selfishness	1
seize	1
seeks	1
seeking	1
seeds	1
securing	1
secure	1
secret	1
seats	1
seasons	1
search	1
sealed	1
seal	1
scutches	1
sculls	1
scroll	1
screws	1
screamed	1
scream	1
scratched	1
scourge	1
scorned	1
scorching	1
scold	1
scoff	1
schools	1
schooling	1
schooled	1
sceptics	1
scentless	1
scatters	1
scattereth	1
scatter	1
scar	1
scan	1
scaly	1
saws	1
sausages	1
sauntered	1
saucy	1
satisfies	1
satisfied	1
sap	1
sang	1
sand	1
sanctum	1
sanctities	1
sam	1
sail	1
safety	1
safer	1
safeguard	1
sacrilegiously	1
sacrifice	1
sacked	1
sabre	1
rustic	1
rushing	1
rush	1
ruse	1
running	1
rumblln^	1
rulers	1
ruins	1
ruhng	1
ruffle	1
rue	1
ruddy	1
rows	1
roves	1
rove	1
roused	1
rough	1
roses	1
roomy	1
roof	1
romping	1
rolls	1
rolling	1
rocks	1
rocket	1
robust	1
robin	1
robe	1
roast	1
roared	1
roams	1
roamed	1
roadside	1
roads	1
riz	1
rivets	1
riven	1
rival	1
rites	1
ripples	1
ripe	1
rings	1
ring	1
rife	1
rider	1
riddle	1
rickety	1
richest	1
ribald	1
revolted	1
reverses	1
reveries	1
reverence	1
revenge	1
revelry	1
reveals	1
revealing	1
reveal	1
reunions	1
return	1
retards	1
restrains	1
restoration	1
restless	1
rested	1
responsible	1
respite	1
resolve	1
resolutely	1
resigned	1
reputation	1
republican	1
reptile	1
reprobation	1
reposing	1
reposes	1
report	1
replace	1
rephed	1
repeats	1
repeat	1
repaid	1
rent	1
renown	1
rendered	1
render	1
rend	1
remorseless	1
reminder	1
reli^on	1
relent	1
releases	1
relates	1
rejoicing	1
rejoiced	1
reject	1
reigns	1
reheved	1
regret	1
regain	1
refused	1
refuse	1
refresh	1
refined	1
reel	1
reed	1
recreant	1
reconned	1
recompense	1
recognition	1
recluse	1
reclaim	1
recked	1
recesses	1
receives	1
recall	1
reasoning	1
rears	1
reared	1
reaping	1
realms	1
real	1
reading	1
readily	1
rays	1
ravin	1
rate	1
rasps	1
rashly	1
rash	1
rant	1
rank	1
ranged	1
range	1
rally	1
raising	1
rain	1
railroads	1
ragged	1
rage	1
radiate	1
racer	1
r	1
quivering	1
quintillion	1
quicker'n	1
quicken	1
quenched	1
quench	1
quarrels	1
quarrel	1
qualities	1
puzzles	1
puts	1
pushes	1
push	1
purity	1
purest	1
purchaser	1
punishes	1
punches	1
pumps	1
pulses	1
pulse	1
pulls	1
pull	1
pugnacious	1
puff	1
puddings	1
public	1
psalm	1
providence	1
proved	1
proudly	1
protected	1
prospects	1
propels	1
proof	1
pronounced	1
prone	1
prompts	1
promises	1
promise	1
progress	1
profound	1
profess	1
product	1
produce	1
probation	1
prized	1
privileged	1
prithee	1
prisoner	1
prison-house	1
prints	1
priceless	1
prey	1
pretender	1
pretend	1
pretence	1
presses	1
pressed	1
president	1
preserves	1
presents	1
presently	1
present	1
prepared	1
prepare	1
prentice	1
precepts	1
prays	1
prayers	1
prattle	1
powerful	1
powerfiil	1
pouted	1
pours	1
poured	1
pounds	1
poultry	1
poultice	1
pots	1
potent	1
pot	1
possessed	1
port	1
poring	1
porch	1
poplar	1
pompous	1
polka	1
politely	1
polishes	1
polished	1
policy	1
poisoned	1
poison	1
pointed	1
point	1
poet	1
poems	1
poem	1
pockets	1
pocket	1
pluto	1
plungin	1
plunges	1
plumaged	1
plucked	1
pluck	1
ploughs	1
plodding	1
plethoric	1
plenty	1
pledged	1
pleased	1
pleasant	1
pleaded	1
plea	1
plastic	1
plant	1
planes	1
placid	1
pittance	1
pitiless	1
pipe	1
piously	1
pinions	1
pillage	1
piled	1
pile	1
pies	1
piercing	1
pier	1
piece	1
picks	1
picking	1
picked	1
pick	1
pi	1
philosophy	1
phantoms	1
phantasies	1
pew	1
pettishly	1
pets	1
petition	1
peruse	1
peru	1
perspiration	1
persons	1
perry	1
perplex	1
permitted	1
perishing	1
perfume	1
perfectness	1
perdition	1
perchance	1
perceive	1
pelf	1
peeping	1
peasant	1
pearl	1
pean	1
peaceful	1
pays	1
pauper	1
patrons	1
patriots	1
pathway	1
patch	1
pastry	1
paste	1
passing	1
passeth	1
passers	1
passer	1
passengers	1
parties	1
parted	1
parole	1
par	1
panting	1
pans	1
pane	1
pamper	1
palsies	1
palpable	1
pages	1
pacific	1
pace	1
p	1
owns	1
owe	1
overthrow	1
overflow	1
overcome	1
outrun	1
outright	1
outnumber	1
outer	1
ourselves	1
ours	1
orison	1
orful	1
ore	1
ordained	1
orb	1
optic	1
opposed	1
opens	1
opened	1
onto	1
omnipotent	1
offering	1
offer	1
offend	1
odour	1
objection	1
obeyed	1
obey	1
oak	1
o'ershadowed	1
o'erburdened	1
nuts	1
nursed	1
nurse	1
nuptial	1
nourished	1
nourish	1
notions	1
noticed	1
nothin	1
nostrils	1
northwest	1
north	1
noose	1
noon	1
nontong	1
nonsense	1
nod	1
nionarch	1
ninny	1
nights	1
nicholas	1
nice	1
newfoundland	1
new-york	1
nevermore	1
neutrality	1
nest	1
nerved	1
nephew	1
neighbours	1
neglect	1
needing	1
needful	1
nearly	1
natural	1
napoleon	1
n	1
mystery	1
mysterious	1
muttering	1
muttered	1
musings	1
murderous	1
mummery	1
mth	1
movement	1
moved	1
mouths	1
moustache	1
mourners	1
mourned	1
mourn	1
mounting	1
mountain	1
mounds	1
moulds	1
mouldering	1
moulded	1
motionless	1
mothers	1
motherless	1
mortises	1
morsel	1
morse	1
monumental	1
monument	1
monsters	1
monseer	1
monarch	1
mon	1
molestation	1
modest	1
moaning	1
moan	1
mixes	1
mitchel	1
misunderstood	1
mists	1
mistletoe	1
mississippi	1
misfortunes	1
misdeeds	1
mischievous	1
mischance	1
mirthfulness	1
mirror	1
minstrelsy	1
minstrel	1
minnit	1
minions	1
mingle	1
miners	1
mineral	1
minds	1
minded	1
mimic	1
milk	1
mildly	1
mien	1
midnight	1
midday	1
mexico	1
methinks	1
metal	1
merriment	1
merely	1
mercilessly	1
merchant	1
mentor	1
mention	1
mental	1
mends	1
menace	1
memories	1
memorandum	1
melts	1
melted	1
melody	1
meets	1
meeting	1
meekness	1
medicine	1
mechanics	1
meat	1
measure	1
meanest	1
meads	1
mcbride	1
maxim	1
matters	1
matter	1
matrons	1
mates	1
martyr	1
martha	1
mart	1
marry	1
married	1
marriage	1
marks	1
margin	1
march	1
mantle	1
mantel	1
manners	1
mankind	1
manhood	1
mane	1
mammon	1
mam	1
maltreating	1
makin	1
maker	1
majestic	1
maintain	1
mail	1
maids	1
magnanimity	1
magistrate	1
magic	1
madrigals	1
machines	1
lys	1
luxury	1
lute	1
lurks	1
lurid	1
lured	1
lunch	1
lull	1
luc	1
loyal	1
lowering	1
lower	1
lovingly	1
loves	1
lovely	1
loveliness	1
losing	1
loses	1
lored	1
lords	1
looking-glass	1
lookin	1
loo	1
longings	1
loitering	1
lodgement	1
locks	1
loafs	1
loaf	1
load	1
lively	1
livelong	1
livelihood	1
litfle	1
listen	1
liquor	1
liquid	1
lip	1
lion	1
links	1
lingering	1
lingered	1
lineage	1
limpid	1
limner	1
limit	1
likewise	1
lighter	1
lightener	1
lighten	1
lifts	1
lifted	1
lift	1
lifeless	1
lifel	1
lieutenant	1
lick	1
liaise	1
lexington	1
lexicon	1
lewis	1
levels	1
less	1
leprous	1
lends	1
lend	1
legs	1
leg	1
lees	1
leer	1
led	1
leaving	1
learning	1
leaps	1
leap	1
lean	1
lays	1
lawyers	1
laughter	1
laughing	1
laughed	1
latter	1
lately	1
lash	1
larger	1
lard	1
lank	1
languish	1
lamps	1
lamentations	1
lamentable	1
lament	1
lake	1
lair	1
laffin	1
ladies	1
ladder	1
lack	1
lacerate	1
laced	1
labourer	1
koszta	1
knovveth	1
knocking	1
knocked	1
knit	1
knife	1
knelt	1
knell	1
kneel	1
kneads	1
kisses	1
kings	1
kingly	1
kindred	1
kindest	1
kill	1
kicking	1
kicked	1
keepers	1
keeper	1
keenly	1
keenest	1
juicy	1
judges	1
joyously	1
journeys	1
josh	1
jonathan	1
jolly	1
jokes	1
joining	1
joined	1
job	1
jiungry	1
jiow	1
jimmy	1
jig	1
jiffy	1
jfe	1
jews	1
jew	1
jesus	1
jeers	1
jeered	1
je	1
japan	1
january	1
ivies	1
ivery	1
itself	1
items	1
it's	1
irrigates	1
iron	1
irksome	1
irishman	1
irish	1
invoke	1
inventions	1
invective	1
invalid	1
internal	1
intellect	1
insult	1
insect	1
inscribed	1
insane	1
innermost	1
inner	1
ink	1
injustice	1
ingraham	1
infringement	1
infinite	1
infernal	1
infant	1
infancy	1
ine	1
industry	1
indulged	1
indifference	1
independent	1
independence	1
indebted	1
including	1
inclined	1
incline	1
incense	1
incarnate	1
inactivity	1
improvements	1
imprinted	1
impress	1
importance	1
immortality	1
imaginary	1
illy	1
illumine	1
ill-fated	1
ignore	1
ignorance	1
ignoble	1
iends	1
idly	1
idle	1
idea	1
id	1
icy	1
i?iy	1
i2th	1
h»ld	1
hymn	1
hut	1
hushed	1
hurt	1
hurry	1
hurriedly	1
hurl	1
hungry	1
hungers	1
humour	1
humility	1
humdrum	1
humbug	1
humankind	1
hull	1
huge	1
hue	1
hps	1
hp	1
howling	1
hovers	1
hovered	1
hovel	1
houses	1
houseless	1
household	1
hourglass	1
hotel	1
hose	1
horses	1
horrified	1
horn	1
horizon	1
hoping	1
hopeless	1
hop	1
hoofs	1
honesty	1
honestly	1
homeward	1
holly	1
hole	1
holding	1
hogs	1
hoary	1
ho	1
hke	1
hiwian	1
hither	1
history	1
historic	1
hides	1
hid	1
hfe	1
hews	1
hew	1
hesitate	1
heres	1
hercules	1
henceforth	1
helmet	1
heirs	1
heels	1
heeds	1
heedless	1
heeded	1
heavens	1
heats	1
heat	1
heartless	1
heartfelt	1
heaped	1
healthy	1
he'll	1
hazel	1
having	1
haunches	1
hatches	1
hat	1
hasty	1
hastens	1
hastening	1
harvest	1
harmony	1
hardened	1
happier	1
happened	1
haply	1
handiwork	1
hammers	1
halter	1
halted	1
halo	1
hajdless	1
haired	1
hailed	1
hadst	1
habit	1
guzzles	1
gulped	1
guise	1
guile	1
guess	1
guano	1
grumble	1
grows	1
grownup	1
growling	1
grosser	1
groaning	1
groaned	1
grizzly	1
grinning	1
grinds	1
grind	1
grin	1
grieving	1
griefs	1
grew	1
grevr	1
greets	1
greeting	1
greeted	1
gratitude	1
grasps	1
grasping	1
grain	1
grades	1
graced	1
graball	1
gown	1
gout	1
gouges	1
gotten	1
gotham	1
gosh	1
goodwill	1
goodness	1
goodbye	1
goin	1
goes	1
godlike	1
goblet	1
gnaw	1
glues	1
glows	1
glowing	1
glow	1
glorified	1
glories	1
glittering	1
glitter	1
glin	1
glides	1
glide	1
gleeful	1
glaring	1
glares	1
glances	1
glance	1
given	1
girvs	1
gilds	1
gentleman	1
genteel	1
genius	1
gemmed	1
gazes	1
gayest	1
gathered	1
gather	1
gasp	1
garrote	1
garb	1
game	1
gals	1
galoot	1
galileo	1
galilee	1
gale	1
gairi	1
gaily	1
furs	1
fun	1
fulton	1
fulsome	1
fully	1
fulfil	1
fruits	1
fruit	1
fructify	1
frowning	1
frost	1
front	1
frolicked	1
frolic	1
frock	1
fro	1
frinchmen	1
frinch	1
frigid	1
frightful	1
frightened	1
fret	1
french	1
freezingly	1
freeliver	1
fraud	1
fraternal	1
frail	1
fragrance	1
fraction	1
fox	1
fowl	1
fourteen	1
fountain	1
foundered	1
fought	1
foster	1
fortunate	1
formed	1
forgets	1
forges	1
foretop	1
forbid	1
footsore	1
foot	1
fools	1
foolish	1
fondly	1
fondest	1
folly	1
foes	1
flying	1
flushed	1
flows	1
flour	1
floor	1
flocking	1
flock	1
float	1
fll	1
flimsy	1
fleshy	1
flesh	1
fleeth	1
flash	1
flaming	1
fjn	1
fix	1
five	1
fitting	1
fishing	1
fishin	1
fishers	1
fires	1
fireman	1
firei?ian	1
finger	1
finds	1
fills	1
fillibusters	1
files	1
fiiends	1
fights	1
fifteenth	1
fiercer	1
fierce	1
fie	1
fickle	1
fi	1
festering	1
fervent	1
ferryboat	1
ferry	1
fellowman	1
feels	1
feeding	1
fed	1
feature	1
feathered	1
fearless	1
fearing	1
feared	1
fated	1
fat	1
fashioned	1
fares	1
fanned	1
famishing	1
famed	1
falter	1
falsehood	1
falling	1
failings	1
failing	1
fade	1
fabrics	1
f^	1
f	1
exultation	1
extracts	1
extinguished	1
expressing	1
expire	1
expenses	1
expeller	1
expanse	1
expanded	1
exists	1
exist	1
exhorts	1
exhale	1
exempt	1
excuse	1
exclaim	1
excitement	1
exchequer	1
excelling	1
excel	1
excavates	1
exactly	1
evolved	1
evils	1
evil	1
evident	1
everlasting	1
events	1
eveleen	1
eulogise	1
eternity	1
eternal	1
estimated	1
esteem	1
estate	1
essence	1
essayed	1
essay	1
espied	1
erst	1
erring	1
erected	1
equine	1
equal	1
epitaph	1
enwreathed	1
envelopeth	1
envelopes	1
entreat	1
entrance	1
enthroned	1
entertained	1
entertain	1
enters	1
ensnare	1
enslave	1
enriched	1
enlivener	1
enjoyed	1
enhances	1
english	1
england	1
engendered	1
engender	1
energy	1
enemies	1
endure	1
ends	1
ending	1
endeavour	1
enact	1
empty	1
emperor	1
emma	1
emblems	1
embittered	1
embers	1
elsewhere	1
elongate	1
eleven	1
elevates	1
election	1
egad	1
edifice	1
ecstatic	1
ecstasy	1
economy	1
echoed	1
ebbing	1
east	1
easier	1
earthborn	1
ears	1
earns	1
earned	1
eagle	1
eagerly	1
eager	1
dyspepsia	1
dyin	1
dyer	1
dwells	1
dungeon	1
dunce	1
dumb	1
dullest	1
dug	1
duff	1
dublin	1
dry	1
drugged	1
drownin	1
drown	1
drove	1
droops	1
drooping	1
drives	1
drinks	1
drills	1
dresses	1
dress	1
dreaming	1
draws	1
drawn	1
drawls	1
draught	1
drank	1
drains	1
dozing	1
downcast	1
dower	1
dove	1
doubts	1
doubtless	1
doubting	1
double	1
doting	1
doors	1
dominion	1
dome	1
dollars	1
dollar	1
doj	1
dogs	1
doctors	1
dizzy	1
divinity	1
divine	1
divide	1
disturbed	1
disputes	1
dispeller	1
dispel	1
dispatched	1
disown	1
dismayed	1
dislike	1
disease	1
disdain	1
discovered	1
discharges	1
disappointments	1
disappointed	1
dirge	1
directed	1
dimes	1
dime	1
digs	1
dig	1
difficulties	1
diet	1
dies	1
devotion	1
devoted	1
devils	1
devilish	1
despised	1
desperate	1
desired	1
deserve	1
deserted	1
desert	1
descending	1
deride	1
depth	1
deploring	1
depicted	1
depart	1
deny	1
denied	1
den	1
demurred	1
demented	1
delve	1
dell	1
delivered	1
delay	1
dejection	1
defiled	1
defiantly	1
defender	1
deer	1
deem	1
decrees	1
declared	1
deck	1
debts	1
debtor	1
deadly	1
de	1
dc	1
dazzling	1
dazed	1
daydreams	1
dawning	1
dauntless	1
dash	1
darlings	1
darkest	1
darken	1
dangle	1
damp	1
dally	1
daisy	1
daisies	1
dainties	1
daine	1
dagger	1
dad	1
d	1
czar	1
cuts	1
cushioned	1
current	1
curled	1
curb	1
culprit	1
culled	1
cuban	1
cub	1
cryin	1
crust	1
crushes	1
cruise	1
cruelty	1
cruelly	1
crowned	1
crowing	1
crowds	1
crop	1
crimes	1
crime	1
crept	1
creeping	1
creature	1
crazed	1
crawling	1
crawlin	1
crashing	1
crash	1
cracked	1
cowering	1
cowards	1
covered	1
cousin	1
counterpart	1
counselled	1
costumed	1
corrigmoclier	1
coronet	1
corn	1
core	1
cordial	1
cord	1
coquette	1
cops	1
cooling	1
cooks	1
cooked	1
convulsed	1
convinced	1
controlling	1
controller	1
contrition	1
continued	1
contents	1
contempt	1
contains	1
constrained	1
constantly	1
constant	1
consolers	1
consoler	1
considering	1
consent	1
conscious	1
conscience	1
connors	1
confines	1
confidence	1
confess	1
conducive	1
conditions	1
condition	1
condiments	1
condenses	1
concerts	1
conceited	1
concealing	1
con	1
comrade	1
compliments	1
complaisant	1
compelled	1
compass	1
companion	1
commons	1
common-sense	1
committed	1
commenced	1
commence	1
coming	1
comforted	1
comer	1
columbus	1
colt	1
colours	1
colour	1
colloquy	1
college	1
collects	1
coldly	1
coins	1
coine	1
coicsm	1
coat	1
co?ifen/s	1
cnce	1
clutched	1
clung	1
cloys	1
cloudlets	1
clouded	1
closes	1
closely	1
clock	1
cloaked	1
clip	1
clings	1
clinging	1
clinching	1
climb	1
climax	1
cleaving	1
clean	1
clamour	1
clad	1
citizen	1
circus	1
cider	1
churchyard	1
chums	1
christiafi	1
chosen	1
chord	1
choicest	1
chiws	1
chivalry	1
chisels	1
chinks	1
chinese	1
chin	1
chime	1
chilling	1
chill	1
chilivs	1
chewed	1
cherub	1
cherish	1
cheerless	1
cheaply	1
chastising	1
chastening	1
chasing	1
chased	1
chart	1
charming	1
chariot	1
charge	1
chaplet	1
chanticleer	1
channel	1
changeful	1
changed	1
chance	1
chalice	1
chaffin	1
certain	1
central	1
censure	1
censors	1
cemented	1
cell	1
celestial	1
cautious	1
caustic	1
catch	1
casket	1
case	1
carries	1
carriers	1
carried	1
carriages	1
carols	1
caresses	1
caressed	1
career	1
cards	1
cap	1
cannon	1
candlelight	1
candies	1
callous	1
calling	1
caldron	1
caged	1
buyer	1
butter	1
bust	1
bundles	1
built	1
bugle	1
buffeted	1
budget	1
bud	1
buck	1
brutality	1
brutal	1
brushes	1
brushed	1
brooklet	1
brooding	1
brokenhearted	1
broiling	1
broadway	1
brink	1
bringer	1
brilliantly	1
brightener	1
brighten	1
bridegroom	1
bridal	1
bricks	1
breathes	1
breaking	1
breakfasted	1
breakfast	1
brand	1
boyhood	1
bowl	1
bowers	1
bower	1
bowea	1
bourbon	1
bounteous	1
bounds	1
bounding	1
bouncing	1
bosh	1
bores	1
bordeaux	1
booty	1
bootblack	1
booking	1
bonny	1
bonfire	1
bones	1
bondman	1
bolts	1
boldest	1
bold	1
boasts	1
boasted	1
blusters	1
blues	1
blubberin	1
blowing	1
blowin	1
bloodred	1
blocking	1
blocked	1
bloated	1
blithesome	1
blithe	1
blisters	1
blissful	1
blindly	1
blighted	1
blesses	1
blessbd	1
blench	1
blazed	1
blasted	1
blast	1
blameful	1
blame	1
blackbirds	1
bitterest	1
bits	1
bite	1
bissiness	1
bills	1
billows	1
big	1
bier	1
bids	1
bidding	1
beware	1
betray	1
betokens	1
bestows	1
bestow	1
besetting	1
beseech	1
bereft	1
bereavement	1
benefits	1
bends	1
belles	1
belle	1
believes	1
believer	1
behind	1
behest	1
beguiled	1
beguile	1
begins	1
begin	1
beg	1
befriend	1
befell	1
befall	1
beef	1
bedad	1
beauties	1
beauteous	1
beats	1
beast	1
bearship	1
beard	1
beams	1
beaming	1
beamed	1
battlefield	1
battled	1
battle	1
batters	1
bashful	1
base	1
barter	1
barrier	1
barn	1
barbed	1
bar	1
banquet	1
banner	1
banned	1
banished	1
balmy	1
balls	1
bade	1
backward	1
backed	1
b'heve	1
azure	1
axes	1
awe	1
awakes	1
awaken	1
awaiting	1
avretched	1
avarice	1
autumn	1
austrian	1
aught	1
attire	1
attention	1
attended	1
attend	1
atoning	1
astonished	1
assumes	1
assembled	1
assemble	1
aspiration	1
aspect	1
asleep	1
asks	1
ashore	1
arts	1
artisans	1
artificial	1
arrives	1
array	1
arranged	1
arm	1
arise	1
ardent	1
arched	1
approbation	1
approaches	1
approach	1
apple	1
appease	1
appearance	1
appal	1
apathy	1
apart	1
anywhere	1
anything	1
anthems	1
answered	1
annual	1
animates	1
animals	1
angliished	1
anew	1
analyse	1
america	1
amendment	1
amen	1
amazed	1
alter	1
also	1
aloof	1
aloft	1
almshouse	1
allure	1
allayer	1
aliment	1
alert	1
album	1
albion	1
alarm	1
alabaster	1
airs	1
aim	1
ailing	1
aiden	1
aided	1
ahead	1
agree	1
agonised	1
agonise	1
aglow	1
agleam	1
agin	1
afraid	1
afloat	1
affliction	1
affixed	1
affectionately	1
affection	1
affected	1
affairs	1
afar	1
adviser	1
adult	1
admittance	1
addresses	1
addressed	1
across	1
achievement	1
ache	1
accursed	1
accents	1
abstain	1
absolute	1
absent	1
abound	1
abne	1
able	1
abide	1
^vision	1
^burden	1
\vho	1
7i'entends	1
.,	1
.")	1
-	1
******	1
**	1
'^	1
';	1
'*	1
"^^^^	1
"/	1
!**	1
!'"	1
