the	632
,	430
.	386
and	267
of	230
to	222
a	195
'	171
in	125
i	111
an	105
that	92
;	83
for	82
from	81
with	78
my	76
his	74
where	66
their	66
he	66
|'s|	65
you	63
on	56
|arabic2digit|	55
—	54
they	51
all	49
who	46
as	42
by	40
at	37
was	35
but	35
is	34
your	31
while	31
we	31
through	31
i've	31
them	30
it	30
when	29
have	29
will	28
out	28
so	27
our	27
"	27
up	25
there	25
or	25
old	24
had	24
then	23
see	23
which	22
me	21
back	21
|arabic5+digit|	20
till	20
nome	20
men	20
never	19
god	19
come	19
are	19
?	19
this	18
has	18
one	17
like	17
him	17
dawson	17
now	16
long	16
i'm	16
gold	16
again	16
about	16
white	15
over	15
klondike	15
just	15
here	15
cold	15
|romannumeral|	14
what	14
some	14
sea	14
not	14
if	14
came	14
arctic	14
way	13
no	13
night	13
last	13
her	13
can	13
be	13
|arabic1digit|	12
were	12
trail	12
told	12
i'll	12
day	12
(	12
yukon	11
too	11
stood	11
land	11
how	11
heaven	11
!	11
say	10
light	10
get	10
us	9
those	9
sun	9
sky	9
other	9
labour	9
its	9
heart	9
got	9
found	9
far	9
down	9
upon	8
round	8
once	8
made	8
let	8
ice	8
high	8
heard	8
hand	8
golden	8
friends	8
claim	8
circle	8
children	8
away	8
yet	7
wrought	7
whose	7
want	7
seen	7
poor	7
people	7
only	7
most	7
man	7
little	7
know	7
home	7
hear	7
hast	7
great	7
good	7
full	7
friend	7
ever	7
climbed	7
city	7
:	7
."	7
years	6
washington	6
truth	6
took	6
today	6
times	6
time	6
things	6
stay	6
sour	6
snow	6
silent	6
set	6
sept	6
sent	6
same	6
read	6
pale	6
mountains	6
judge	6
hundred	6
hope	6
he's	6
hands	6
find	6
filled	6
don't	6
devil	6
could	6
built	6
been	6
am	6
always	6
you've	5
world	5
work	5
without	5
winter	5
wild	5
why	5
went	5
try	5
trails	5
these	5
than	5
street	5
straight	5
soon	5
sing	5
sight	5
shadows	5
sad	5
room	5
others	5
neath	5
name	5
mighty	5
makes	5
life	5
left	5
learn	5
laws	5
hell	5
half	5
go	5
ghostly	5
gave	5
first	5
few	5
felt	5
feet	5
every	5
door	5
do	5
brought	5
brain	5
black	5
before	5
bad	5
along	5
would	4
worst	4
working	4
worked	4
wide	4
whether	4
we're	4
watched	4
very	4
used	4
two	4
treasures	4
town	4
topkuk	4
thy	4
thousand	4
thought	4
swiftly	4
sweet	4
swede	4
stuff	4
staked	4
southward	4
soul	4
songs	4
smile	4
sit	4
silence	4
shining	4
shall	4
seemed	4
sands	4
right	4
rich	4
receiver	4
place	4
pioneers	4
peaks	4
pay	4
new	4
nature	4
morn	4
more	4
moon	4
mistake	4
miner	4
mine	4
mile	4
many	4
lie	4
led	4
lay	4
lawyer	4
hootch	4
heavy	4
ground	4
greatest	4
goin	4
forty	4
feb	4
eyes	4
enough	4
earth	4
drunk	4
dream	4
did	4
days	4
darkness	4
dark	4
d	4
cursed	4
court	4
country	4
coming	4
close	4
claims	4
chilkoot	4
care	4
brave	4
beneath	4
because	4
bear	4
barren	4
aurora	4
asked	4
around	4
any	4
air	4
ain't	4
ages	4
across	4
you'll	3
year	3
wouldn't	3
workers	3
women	3
woman	3
wines	3
who've	3
weirdly	3
wealth	3
waters	3
wasn't	3
wandered	3
walls	3
walked	3
walk	3
waiting	3
virtue	3
valleys	3
vain	3
true	3
trouble	3
tried	3
tinted	3
thoughts	3
though	3
thirty	3
thing	3
they're	3
they'll	3
taught	3
take	3
sweep	3
surprise	3
sure	3
sunlit	3
summer	3
such	3
strong	3
stretched	3
strange	3
staunch	3
stars	3
star	3
stand	3
stake	3
spirit	3
spain	3
southern	3
sound	3
soft	3
slender	3
sleeping	3
sleep	3
sin	3
silver	3
shore	3
shook	3
shelves	3
she	3
shame	3
shafts	3
settin	3
sense	3
seaward	3
seattle	3
scenes	3
sat	3
sailing	3
sagas	3
run	3
robbed	3
reward	3
rest	3
region	3
quite	3
private	3
prayer	3
pray	3
plain	3
pierced	3
pathway	3
pass	3
pallid	3
pain	3
order	3
nerve	3
nations	3
music	3
mournful	3
mountain	3
morning	3
miller	3
midnight	3
meet	3
make	3
maiden	3
low	3
looking	3
lightning	3
learned	3
lawyers	3
late	3
large	3
kind	3
killed	3
jan	3
it's	3
into	3
human	3
homeward	3
heathen	3
hearts	3
he'd	3
hard	3
happy	3
hanging	3
grief	3
glory	3
gloom	3
glacier	3
girls	3
gaze	3
gain	3
frozen	3
form	3
forget	3
forced	3
fine	3
fight	3
feel	3
feed	3
falsehood	3
faintly	3
fact	3
face	3
even	3
em	3
earthly	3
eagle	3
drive	3
doughs	3
dough	3
done	3
discovered	3
died	3
didn't	3
death	3
dead	3
dawn	3
cross	3
couldn't	3
champagne	3
chair	3
cent	3
ceased	3
call	3
burden	3
brothers	3
brilliant	3
breeze	3
breast	3
boys	3
bout	3
bound	3
born	3
boom	3
blue	3
blind	3
big	3
bering	3
below	3
behind	3
bay	3
bar	3
bacon	3
awful	3
april	3
also	3
almost	3
)	3
you're	2
yaller	2
written	2
writin	2
worn	2
words	2
wooded	2
woe	2
wished	2
wing	2
wine	2
wherever	2
whence	2
westward	2
west	2
well	2
welcome	2
weep	2
wearing	2
we'll	2
water	2
watch	2
warmer	2
warm	2
war	2
wander	2
waking	2
wages	2
voice	2
vision	2
victim	2
vales	2
vacation	2
unpaid	2
turned	2
trying	2
trip	2
trees	2
tree	2
treated	2
treat	2
treasure	2
travail	2
traffic	2
traders	2
trade	2
tones	2
thunder	2
throwing	2
throne	2
threw	2
three	2
think	2
thin	2
thief	2
they'd	2
terrors	2
terms	2
ten	2
temple	2
tears	2
talspike	2
tales	2
takes	2
swore	2
swept	2
swelling	2
swedes	2
sunshine	2
sunland	2
suit	2
suffer	2
submission	2
sub	2
style	2
stufc	2
struggle	2
struck	2
strife	2
stretching	2
streak	2
storm	2
stories	2
stop	2
stock	2
still	2
sticking	2
stern	2
steps	2
steerage	2
stateroom	2
state	2
stark	2
st	2
spring	2
sport	2
splendours	2
spite	2
spent	2
space	2
souls	2
sort	2
sorrow	2
something	2
sole	2
sober	2
smooth	2
small	2
sleeps	2
sixty	2
siwash	2
siren	2
sings	2
since	2
simply	2
simple	2
side	2
sick	2
show	2
should	2
short	2
shone	2
ship	2
seven	2
sermons	2
send	2
sell	2
secret	2
seas	2
search	2
schemers	2
scene	2
scattered	2
saw	2
sails	2
said	2
sadly	2
s	2
rushin	2
rough	2
roots	2
rock	2
rob	2
rivers	2
river	2
rise	2
rills	2
rights	2
righteous	2
richest	2
return	2
reply	2
reindeer	2
regions	2
realm	2
reached	2
rays	2
raw	2
rambled	2
quail	2
put	2
proud	2
proper	2
prom	2
projects	2
produced	2
priced	2
presence	2
prehistoric	2
prayed	2
prairies	2
powers	2
power	2
poverty	2
pole	2
poets	2
planted	2
plant	2
places	2
placed	2
pirates	2
perhaps	2
pathless	2
passed	2
pardner	2
papers	2
painted	2
outside	2
ourselves	2
ounce	2
opened	2
ones	2
off	2
oct	2
ocean	2
number	2
nov	2
northward	2
northern	2
nights	2
nick	2
next	2
news	2
nary	2
mumm	2
mosquitoes	2
moonlight	2
money	2
misled	2
miners	2
miles	2
midnights	2
message	2
may	2
marge	2
manner	2
mankind	2
making	2
magazines	2
lyre	2
lost	2
lonely	2
locked	2
located	2
locate	2
loaf	2
line	2
limpin	2
lights	2
lies	2
liberty	2
less	2
legs	2
leave	2
law	2
laughs	2
latchstring	2
landscape	2
lands	2
lamps	2
lain	2
ladies	2
laden	2
labours	2
knows	2
knock	2
kinds	2
kid	2
kick	2
keep	2
june	2
jumpers	2
jumped	2
job	2
joaquin	2
inside	2
imported	2
immortal	2
ills	2
ill	2
iceberg	2
hurled	2
hungry	2
hued	2
house	2
hour	2
hot	2
host	2
horrors	2
horn	2
hopes	2
hillsides	2
hills	2
highly	2
hidden	2
hero	2
help	2
heavens	2
heathens	2
health	2
head	2
hardships	2
handed	2
gulches	2
guitar	2
groan	2
grim	2
greets	2
green	2
grasp	2
government	2
gone	2
going	2
gleaming	2
gleam	2
glad	2
glacial	2
given	2
give	2
gift	2
gets	2
george	2
gazing	2
gate	2
garland	2
gang	2
galore	2
gainst	2
free	2
frank	2
fragile	2
former	2
forge	2
foreign	2
foam	2
fly	2
flowers	2
flight	2
five	2
fire	2
fills	2
fellow	2
fell	2
father	2
fatal	2
famished	2
familiar	2
facts	2
faced	2
eyed	2
extend	2
expect	2
exist	2
evil	2
everywhere	2
everybody	2
events	2
ere	2
entombed	2
ends	2
empty	2
emptiness	2
empire	2
efforts	2
effort	2
eats	2
dust	2
dry	2
drove	2
drink	2
dreaming	2
drank	2
dome	2
distant	2
distance	2
dim	2
declare	2
dauntless	2
cuss	2
crowned	2
crowds	2
crime	2
cried	2
creeks	2
creek	2
courts	2
course	2
countries	2
countless	2
corn	2
conscience	2
concluded	2
comrades	2
colour	2
collect	2
clouds	2
clients	2
christmas	2
chosen	2
chief	2
charges	2
change	2
chained	2
celebrate	2
cause	2
case	2
cards	2
can't	2
camp	2
burning	2
burdens	2
brow	2
broke	2
breed	2
breath	2
both	2
boss	2
books	2
bold	2
blow	2
blends	2
bleak	2
blazed	2
blaze	2
birthday	2
birds	2
best	2
beef	2
became	2
beans	2
beaming	2
beaches	2
bates	2
bars	2
bared	2
banners	2
banged	2
azure	2
aye	2
axe	2
assumed	2
apt	2
among	2
alone	2
alive	2
alaska	2
agents	2
age	2
against	2
afar	2
act	2
above	2
.,	2
.)	2
),	2
!)	2
!"	2
•m	1
|arabic4digit|	1
|arabic3digit|	1
zero	1
zenith	1
young	1
you'd	1
yonder	1
yoke	1
yielding	1
yellow	1
yell	1
yearning	1
yearned	1
yanked	1
wrong	1
write	1
writ	1
wretched	1
wrenchin	1
wrecked	1
wreck	1
wraiths	1
worse	1
word	1
wood	1
wont	1
wondrous	1
wonders	1
wondered	1
won't	1
won	1
woes	1
wives	1
witness	1
within	1
wither	1
wit	1
wisdom	1
winters	1
wintered	1
win	1
wilson	1
wiles	1
wilds	1
wigwam	1
wife	1
wield	1
widow	1
wider	1
wickedness	1
whom	1
wholesome	1
whole	1
whither	1
whites	1
whispers	1
whisper	1
whisky	1
whirled	1
whipped	1
wheaton	1
whalers	1
western	1
weren't	1
wept	1
well-known	1
weighed	1
week	1
weed	1
weather	1
weary	1
wears	1
wearily	1
weakness	1
weak	1
we've	1
wayside	1
ways	1
watching	1
waste	1
warmth	1
warmest	1
wanted	1
wan	1
wall	1
wake	1
waited	1
wail	1
wafted	1
wad	1
w.'s	1
w	1
volatile	1
voiceless	1
voiced	1
vll	1
visits	1
visions	1
visage	1
virgin	1
vineyard	1
vigils	1
vices	1
vessels	1
verses	1
vernal	1
verge	1
verdant	1
veiled	1
vehemence	1
vast	1
vanished	1
valets	1
vacant	1
uttered	1
usual	1
uses	1
upper	1
uplands	1
untrodden	1
untrod	1
until	1
untaxed	1
unsecretive	1
unrectified	1
unploughed	1
unpadded	1
unobtrusive	1
unlocked	1
unload	1
unless	1
unkissed	1
universe	1
universal	1
unfettered	1
unexpected	1
unearthed	1
undressed	1
understand	1
undermined	1
uncorked	1
uncle	1
unclad	1
uncertain	1
unbought	1
unable	1
un	1
ughtnksg	1
u	1
twisting	1
twilight	1
twere	1
tuning	1
tundra	1
tryin	1
truthful	1
trusting	1
trudged	1
trudge	1
tropics	1
tropic	1
trick	1
tribute	1
tremble	1
traversed	1
travelling	1
transported	1
transportation	1
transplendent	1
transfigured	1
transferred	1
tranced	1
trampin	1
tramped	1
train	1
trailing	1
traflficked	1
traduced	1
traditions	1
tracks	1
traced	1
tough	1
torture	1
torn	1
tore	1
tooth	1
tool	1
tonight	1
toiling	1
toil	1
toe	1
toast	1
tnat	1
tm	1
tireless	1
tired	1
tinting	1
tint	1
timers	1
timed	1
timberless	1
tideless	1
tide	1
thus	1
ths	1
thrust	1
thrown	1
throw	1
throughout	1
throbbing	1
thriving	1
thrifty	1
thousands	1
thorns	1
thong	1
thirst	1
thinking	1
thick	1
they've	1
thanks	1
thank	1
th	1
tested	1
terrible	1
tells	1
tellin	1
tell	1
team	1
tax	1
taste	1
tanks	1
tananas	1
tallow	1
talked	1
talk	1
taking	1
tailings	1
tail	1
tables	1
t	1
systematic	1
system	1
syndicate	1
sylvan	1
swung	1
sworn	1
swoop	1
swoon	1
switched	1
swishin	1
swirling	1
swipe	1
swing	1
swim	1
swill	1
sweethearts	1
swear	1
sway	1
swarming	1
swan	1
swag	1
surprises	1
surprised	1
suppose	1
supernal	1
superficial	1
sunward	1
sunset	1
sung	1
sundown	1
sunburnt	1
summits	1
summertime	1
sultry	1
sulphurous	1
sullen	1
suits	1
suicide	1
suggested	1
sugar	1
sufferers	1
suffered	1
successors	1
succeed	1
subtlety	1
subside	1
stupefy	1
stumblin	1
stumbled	1
struggling	1
strugglin	1
struggled	1
strike	1
strewn	1
stretches	1
streets	1
streams	1
stratum	1
strangers	1
strait	1
stove	1
store	1
storage	1
stool	1
stomach	1
stockin	1
stocked	1
sting	1
stifling	1
stiff	1
sticks	1
stick	1
steward	1
stems	1
steeps	1
steeped	1
steamer	1
steam	1
stealth	1
station	1
statesmen	1
states>j(ii	1
staterooms	1
stately	1
starving	1
starvin	1
starved	1
started	1
stands	1
standing	1
stampede	1
staking	1
stacks	1
square	1
spruce	1
spreads	1
spreading	1
spreadin	1
spread	1
spot	1
sports	1
sponge	1
spit	1
spirits	1
spends	1
spencer	1
speeds	1
speeding	1
speed	1
sped	1
spectral	1
spar	1
spanish	1
sow	1
south	1
source	1
souled	1
sought	1
soshul	1
sordid	1
soothing	1
soothin	1
soothe	1
sons	1
song	1
somewhat	1
somethin	1
sombre	1
soldiers	1
soldier	1
sold	1
solace	1
softened	1
sod	1
sobs	1
soared	1
soar	1
snowy	1
sneak	1
snares	1
snap	1
smuggling	1
smuggle	1
smoke	1
smack	1
slyly	1
sluices	1
sluice	1
slugged	1
slow	1
sloping	1
slopes	1
slob	1
slim	1
slid	1
slept	1
sleepless	1
slavin	1
slaves	1
slag	1
skin	1
skill	1
skies	1
size	1
six	1
sitting	1
sinwards	1
sinner	1
single	1
singer	1
sinful	1
similar	1
silvered	1
sigh	1
sideboards	1
siberian	1
siar	1
shy	1
shrouds	1
shrivelled	1
showing	1
shout	1
shortest	1
shores	1
shoot	1
shoon	1
shocks	1
shock	1
shiver	1
shirk	1
shipped	1
shelf	1
sheets	1
sheet	1
sheenless	1
she'll	1
sharp	1
shared	1
shapes	1
shamefully	1
shadow	1
shadeless	1
shack	1
sets	1
service	1
served	1
serve	1
serred	1
sergeant	1
serfs	1
seraphic	1
sentiments	1
sends	1
selling	1
selfish	1
self	1
selected	1
seized	1
sees	1
seems	1
seem	1
seeking	1
seek	1
seductive	1
section	1
secrets	1
season	1
searchlights	1
searchin	1
sealskins	1
sea-beach	1
scurvy	1
scribblers	1
scream	1
scourged	1
scourge	1
score	1
school	1
scheduled	1
schedule	1
scented	1
scenery	1
scatter	1
scared	1
scales	1
scaled	1
scale	1
saxon	1
saviour	1
saved	1
save	1
savannah	1
sank	1
sam	1
saltwater	1
saint	1
sailors	1
sailed	1
sail	1
saffron	1
sack	1
sabbath	1
rustled	1
russians	1
russian	1
rushed	1
rush	1
runnymede	1
rum	1
rules	1
rulers	1
rule	1
ruined	1
ruby	1
rubbed	1
roving	1
roused	1
rotting	1
root	1
rooms	1
roofed	1
rome	1
roll	1
rod	1
robbin	1
roamed	1
roam	1
riven	1
rivals	1
risin	1
rises	1
rimplin	1
rigidly	1
rigid	1
riffles	1
rife	1
riches	1
richer	1
rhymes	1
rhyme	1
revivin	1
review	1
returned	1
retire	1
restraint	1
restless	1
resting	1
resort	1
resign	1
reserve	1
rescued	1
represented	1
represent	1
reposed	1
repolarized	1
repined	1
repine	1
repi^y	1
repeatedly	1
rend	1
remotest	1
remain	1
relief	1
relentless	1
regular	1
regret	1
regard	1
refugees	1
reft	1
refrain	1
refinement	1
refined	1
red	1
recount	1
record	1
receptive	1
recent	1
receiving	1
received	1
receding	1
rebuked	1
reason	1
reared	1
reap	1
reading	1
readin	1
reach	1
raven	1
rassle	1
rascals	1
rare	1
rank	1
range	1
raised	1
raise	1
rainbow	1
raiment	1
railroad	1
raiher	1
racket	1
rack	1
race	1
quivering	1
quit	1
quickened	1
quick	1
question	1
quest	1
quart	1
quaffed	1
putting	1
puts	1
pursues	1
purser	1
purse	1
purple	1
purloined	1
purlin	1
punctuates	1
punch	1
provide	1
proudly	1
protection	1
protecting	1
prospected	1
prospect	1
properly	1
propelled	1
prone	1
promoters	1
promote	1
promise	1
progress	1
profits	1
product	1
produce	1
proclaiming	1
proceeded	1
procedure	1
printed	1
princely	1
primate	1
primal	1
primaeval	1
pride	1
prices	1
price	1
prey	1
prevail	1
presume	1
pressing	1
press	1
prepense	1
prepared	1
prelude	1
pre	1
praying	1
praising	1
praise	1
pour	1
pound	1
porterhouse	1
pool	1
pommery	1
political	1
politic	1
polar	1
point	1
poetical	1
plumage	1
plenty	1
plaything	1
playing	1
plats	1
plants	1
planets	1
plains	1
placers	1
placer	1
pity	1
pitfalls	1
pioneer	1
pinions	1
pile	1
piers	1
pictures	1
pictured	1
picture	1
picnics	1
photographin	1
philippines	1
philantliropist	1
petition	1
pet	1
pervaded	1
peru	1
persuaded	1
persistently	1
permission	1
perished	1
perfessers	1
perfectly	1
perfect	1
pen	1
peculiarly	1
pearl	1
paws	1
pates	1
past	1
passing	1
passes	1
parte	1
part	1
parlour	1
paris	1
paree	1
paradise	1
pantryman	1
panoramic	1
panned	1
palm	1
palls	1
painfully	1
paid	1
oysters	1
owns	1
own	1
outstretched	1
outfit	1
ought	1
orgaa	1
ordinance	1
orbits	1
oranges	1
oppressed	1
operate	1
open	1
opalescent	1
onward	1
onto	1
oklahoma	1
oil	1
offspring	1
offering	1
odours	1
occurred	1
occupy	1
occupied	1
observe	1
oaths	1
oath	1
o	1
nuts	1
numerous	1
nt	1
nough	1
nothing	1
northliglits	1
northlights	1
north	1
none	1
nomic	1
nineteen	1
nightwinds	1
nightcap	1
nighl	1
nickel	1
nib	1
needless	1
needed	1
necks	1
neck	1
nearly	1
near	1
natives	1
native	1
nation	1
natal	1
namesake	1
nails	1
nab	1
n	1
mystic	1
mystery	1
mysterious	1
mysteries	1
musters	1
must	1
mushers	1
mushed	1
muscles	1
murky	1
muckluc	1
muck	1
moves	1
mouthward	1
mouth	1
mourn	1
motley	1
mothers	1
mother	1
moss	1
mornin	1
moose	1
moonless	1
month	1
moments	1
modestly	1
mode	1
missionaries	1
mission	1
missed	1
misfortune	1
mirth	1
minute	1
minit	1
mingled	1
mines	1
mind	1
mils	1
millstones	1
millions	1
milk	1
might	1
mid	1
michakii	1
michael	1
met	1
memory	1
melt	1
means	1
meandered	1
meagre	1
maxim	1
matter	1
mastodon	1
masters	1
master	1
market	1
marked	1
marble	1
mantles	1
mansion	1
manila	1
manhood	1
mandolin	1
mammon	1
malice	1
maintain	1
mails	1
mail	1
maidens	1
magicians	1
magic	1
magazine	1
luxury	1
lust	1
lured	1
lulled	1
lucrative	1
luck	1
lucid	1
lowly	1
lowest	1
loving	1
loves	1
loved	1
loudly	1
loud	1
lot	1
loss	1
lorn	1
lord	1
loot	1
loosened	1
loosed	1
looked	1
look	1
lonesomer	1
loneliness	1
lone	1
logs	1
lofty	1
lock	1
locating	1
loafed	1
living	1
listened	1
liquor	1
lips	1
lion	1
lingerin	1
linger	1
lines	1
limbs	1
likely	1
liked	1
lightened	1
lighted	1
ligatures	1
lifted	1
lied	1
licking	1
lick	1
licence	1
lethe	1
lessons	1
length	1
legion	1
legal	1
legacy	1
leaving	1
leather	1
leased	1
leap	1
lean	1
leagues	1
leads	1
lead	1
lazy	1
laying	1
lawn	1
lavante	1
latter	1
latest	1
lately	1
lat	1
lapps	1
laplanders	1
lament	1
lakes	1
lake	1
laid	1
l.ofc	1
knocks	1
knocker	1
knocked	1
knew	1
knaves	1
kink	1
king	1
kindness	1
kill	1
kids	1
kicking	1
ki^ondike	1
kept	1
keepin	1
keenly	1
justice	1
jump	1
jt	1
joys	1
joyful	1
journals	1
journalistic	1
jour	1
join	1
jobs	1
joaquii^	1
jo	1
jesus	1
jest	1
jerkin	1
jealous	1
jays	1
jaw	1
ivory	1
isles	1
islands	1
island	1
irradiant	1
inwards	1
invaded	1
inured	1
intimate	1
interspace	1
intents	1
intention	1
intensified	1
intense	1
institoots	1
instigate	1
instead	1
inspired	1
insecks	1
inordinate	1
innocence	1
injun	1
inhabited	1
inhabitants	1
ingots	1
inflicted	1
infest	1
infernal	1
inert	1
indulges	1
indirect	1
incorporated	1
improvements	1
imposed	1
import	1
immutable	1
immeasurably	1
imbibed	1
imagined	1
idly	1
i'd	1
hypocrites	1
husband	1
hurnlshed	1
hurls	1
hunting	1
hung	1
hundreds	1
humboldt	1
humanity	1
hue	1
hudson	1
hrow	1
hours	1
hound	1
horned	1
horde	1
hopeless	1
hopeful	1
hootchinoo	1
honour	1
honest	1
homeland	1
holts	1
hold	1
hoary	1
hoarded	1
hoard	1
hlooded	1
hitherbound	1
hit	1
hind	1
hill	1
hihernatin	1
highway	1
hie	1
hide	1
hid	1
heritage	1
herd	1
helpless	1
helpin	1
helpful	1
helped	1
heights	1
height	1
heft	1
heen	1
heeled	1
heaters	1
headlands	1
headed	1
he'll	1
hazy	1
haze	1
hay	1
havoc	1
having	1
havin	1
haunts	1
haunted	1
hatless	1
hate	1
harmlessness	1
harm	1
hardy	1
hardworking	1
hardship	1
happened	1
hang	1
handsome	1
halls	1
hall	1
hairs	1
hair	1
hadn't	1
guts	1
gun	1
guise	1
guileless	1
guests	1
guess	1
guardian	1
grows	1
growling	1
growing	1
grow	1
grind	1
grey	1
grew	1
greevusly	1
greetings	1
greeting	1
greens	1
greed	1
greater	1
graves	1
grave	1
grass	1
graces	1
graceful	1
gorge	1
gor^dsmlth	1
goods	1
goldsmiths	1
goldsmith	1
goffin	1
gods	1
gobble	1
glow	1
glories	1
gloomed	1
glean	1
glazed	1
glassy	1
giv	1
girdle	1
gill	1
gilded	1
giants	1
ghost	1
ghastly	1
getting	1
gettin	1
gents	1
gently	1
gentle	1
generated	1
gemmed	1
gazed	1
gay	1
gathered	1
gates	1
gasped	1
gasp	1
garnered	1
garments	1
garment	1
galvanised	1
gallant	1
gall	1
furnish	1
fully	1
fullness	1
fullgrown	1
fruits	1
fruitful	1
front	1
fronded	1
frigid	1
frightful	1
fresh	1
frequents	1
frequently	1
freight	1
freely	1
fray	1
framed	1
frail	1
fragrant	1
fought	1
forty-two	1
forth	1
fort	1
forsaken	1
forsake	1
formulate	1
forms	1
fork	1
forgot	1
forest	1
forehead	1
fore	1
force	1
footsteps	1
food	1
followed	1
folks	1
folk	1
folded	1
fold	1
foamy	1
flung	1
flown	1
flowering	1
flower	1
floors	1
floor	1
floated	1
float	1
flits	1
flirtin	1
flippant	1
flat	1
flashes	1
flash	1
flap	1
flamin	1
flame	1
fitzsimmons	1
fisher	1
firmly	1
fires	1
fines	1
finding	1
financially	1
financial	1
files	1
figger	1
fifth	1
fiendish	1
fiction	1
festoons	1
festive	1
fertile	1
fellows	1
fellowmen	1
feller	1
feelin	1
feedin	1
feeble	1
fast	1
farther	1
famous	1
fame	1
faltering	1
fall	1
fakes	1
fake	1
faith	1
fair	1
fainted	1
failure	1
failing	1
fail	1
facing	1
faces	1
eyeballs	1
eye	1
extracted	1
extent	1
extended	1
explain	1
experts	1
expensive	1
expand	1
exists	1
exhibit	1
exhaled	1
excise	1
exceedingly	1
ex	1
everything	1
eve	1
evade	1
escaped	1
erstwhile	1
error	1
equally	1
episode	1
eo	1
enumerate	1
entitled	1
entered	1
enslaved	1
enjines	1
energetic	1
endured	1
ended	1
enchantress	1
emulate	1
empted	1
emerged	1
embracing	1
emancipate	1
elusive	1
elemental	1
elder	1
either	1
eighty	1
eggs	1
effects	1
edifice	1
eden	1
eat	1
east	1
earned	1
earliest	1
each	1
dye	1
dwelled	1
durst	1
durden	1
dumped	1
dump	1
duluth	1
dubbed	1
drunkard	1
drugged	1
drowsin	1
drought	1
dropped	1
drop	1
drooped	1
drinks	1
dressed	1
drenched	1
dreams	1
dreamin	1
dreamed	1
drawn	1
draught	1
drape	1
dragged	1
doors	1
doods	1
donated	1
dominion	1
dollars	1
dogs	1
dog	1
dizzy	1
distressing	1
distressed	1
distinguished	1
distend	1
dispute	1
dishonour	1
dishonest	1
dished	1
disdain	1
discount	1
disbarred	1
dirt	1
directed	1
dips	1
diplomats	1
dilute	1
dig	1
difference	1
diamonds	1
devour	1
despondent	1
despair	1
desire	1
design	1
deserve	1
derived	1
deplore	1
department	1
demanded	1
delights	1
defray	1
defrauded	1
deep	1
decree	1
decided	1
deceits	1
debut	1
debts	1
deathland	1
de	1
dazzling	1
davy	1
dastardly	1
dash	1
dared	1
dare	1
dank	1
dance	1
damned	1
damnation	1
dam	1
daily	1
dago	1
dagger	1
dad	1
cyclones	1
cutting	1
cute	1
customs	1
cussed	1
curtailed	1
curse	1
curdling	1
curb	1
cup	1
cunning	1
culture	1
cultivate	1
cub	1
ctrclb	1
cry	1
cruse	1
crusader	1
cruelly	1
crucify	1
crosswise	1
crossroads	1
crooks	1
criticise	1
criminal	1
cries	1
crick	1
crest	1
crescent	1
creep	1
creed	1
cravings	1
cravin	1
craved	1
cracked	1
crack	1
courage	1
coupons	1
counts	1
count	1
costs	1
corks	1
copartnership	1
coop	1
cooley	1
cool	1
convulsive	1
convenient	1
control	1
contents	1
contented	1
considerable	1
consider	1
conquest	1
congelations	1
congealed	1
confined	1
confessed	1
conduct	1
conditions	1
concoctor	1
concoct	1
concessioned	1
conceived	1
comrade	1
compound	1
complicated	1
completes	1
community	1
commissions	1
commerce	1
comfort	1
comes	1
columns	1
colt	1
colossal	1
coin	1
coffers	1
cod	1
coarse	1
coal	1
cloud	1
clothed	1
closing	1
closets	1
closet	1
clo	1
clinging	1
cling	1
climate	1
clearly	1
clay	1
classify	1
classes	1
class	1
clasp	1
civilised	1
civil	1
cities	1
citadels	1
circuit	1
circling	1
cinders	1
cigars	1
cider	1
church	1
chunks	1
chump	1
chuckled	1
christ	1
chop	1
choosing	1
choose	1
choked	1
choirs	1
chinamen	1
china	1
childhood	1
chiefs	1
cheering	1
cheered	1
cheapest	1
cheap	1
chaste	1
chart	1
charms	1
charming	1
charles	1
charge	1
chap	1
chants	1
changing	1
changin	1
changers	1
changed	1
centuries	1
censors	1
celestial	1
celerity	1
cavern	1
causin	1
caused	1
caught	1
catch	1
cast-off	1
cast	1
cash	1
cas	1
carry	1
carolled	1
caribou	1
cargo	1
careless	1
cape	1
canned	1
calm	1
called	1
caffay	1
cabin	1
byways	1
buzzards	1
buyers	1
butchers	1
butcher	1
busy	1
busted	1
bush	1
burst	1
burnished	1
burn	1
burdensome	1
bummest	1
building	1
build	1
brute	1
brunt	1
browned	1
brown	1
brother	1
brooks	1
brood	1
brooch	1
brokers	1
broad	1
british	1
brimming	1
brilliantly	1
brightly	1
bright	1
brick	1
breezy	1
breaking	1
breakers	1
brawny	1
brawn	1
bravely	1
brands	1
brand	1
bragged	1
bowels	1
bought	1
boughs	1
bottles	1
bothered	1
bosoms	1
bosom	1
bore	1
booze	1
boots	1
boomin	1
bookcase	1
bones	1
bone	1
bonanza	1
bolder	1
bog	1
boers	1
body	1
boarding	1
boardin	1
blurred	1
blundered	1
bluff	1
blown	1
blossoms	1
block	1
blend	1
bleeding	1
bleached	1
blade	1
birthright	1
birth	1
birch	1
bier	1
bides	1
bibles	1
beyond	1
better	1
beside	1
berries	1
bent	1
believe	1
bein	1
begun	1
began	1
beer	1
beefsteaks	1
beauty	1
beautiful	1
beauties	1
beats	1
beating	1
beaten	1
beasts	1
bearers	1
beaks	1
beacon	1
baulk	1
battlements	1
battled	1
battle	1
baths	1
bat	1
baste	1
basking	1
basement	1
barrow	1
barrens	1
barracks	1
barefoot	1
banquet	1
banks	1
bankin	1
banish	1
bangor	1
balmy	1
bagged	1
bag	1
badly	1
backward	1
backs	1
awaking	1
awake	1
autumn	1
attorney	1
attention	1
attempt	1
athwart	1
assessment	1
aslumher	1
asleep	1
ask	1
asia	1
ashore	1
ascertain	1
arts	1
artistically	1
articulate	1
art	1
arrogating	1
arrived	1
arranged	1
aroused	1
arms	1
arctics	1
arched	1
apprehends	1
appreciate	1
apples	1
apple	1
appears	1
appeared	1
anvil	1
anteek	1
answer	1
another	1
annex	1
anger	1
anew	1
ample	1
ambition	1
amber	1
already	1
alpen	1
alleys	1
aleck	1
alas	1
ajar	1
aimless	1
ail	1
agree	1
ago	1
aglow	1
affects	1
advice	1
adorn	1
admit	1
admirin	1
adead	1
adam	1
active	1
acknowledge	1
aching	1
according	1
absorbin	1
absent	1
absconding	1
abroad	1
abloom	1
able	1
ablaze	1
?,	1
?"	1
<	1
).	1
'.	1
!).	1
!")	1
