.	539
the	528
,	462
and	355
of	270
to	204
in	147
a	103
with	97
he	95
|'s|	83
his	83
for	79
they	74
their	73
that	67
but	65
;	65
life	57
on	54
as	53
which	52
men	50
its	49
we	47
all	47
her	45
man	44
so	43
|arabic2digit|	41
love	41
at	41
she	39
by	39
not	36
is	36
from	36
"	35
who	32
no	32
god	32
when	31
had	31
him	28
heart	28
day	28
where	27
was	27
then	27
our	27
like	27
way	25
strength	25
still	25
must	25
it	25
one	24
nor	24
will	23
are	23
make	22
sun	21
now	21
face	21
earth	21
through	20
this	20
joy	19
be	19
work	18
there	18
daily	18
came	18
thus	17
out	17
forth	17
fair	17
each	17
them	16
rest	16
has	16
do	16
can	16
above	16
'	16
though	15
some	15
race	15
know	15
good	15
give	15
care	15
up	14
thought	14
right	14
over	14
needs	14
may	14
made	14
gave	14
did	14
sought	13
more	13
light	13
here	13
grace	13
gives	13
down	13
close	13
wind	12
whose	12
well	12
true	12
those	12
oft	12
have	12
clear	12
air	12
?	12
—	11
you	11
yet	11
winds	11
strife	11
soon	11
rock	11
or	11
need	11
lay	11
great	11
go	11
felt	11
deeds	11
days	11
could	11
were	10
weary	10
walls	10
sure	10
since	10
see	10
quiet	10
power	10
new	10
near	10
most	10
mind	10
hearts	10
grew	10
found	10
force	10
call	10
beneath	10
beauty	10
trees	9
these	9
strong	9
stay	9
rare	9
place	9
land	9
lake	9
feel	9
fear	9
does	9
brought	9
another	9
."	9
|arabic1digit|	8
wrought	8
words	8
wings	8
upon	8
two	8
time	8
thoughts	8
summer	8
storm	8
song	8
round	8
reach	8
might	8
last	8
if	8
hold	8
hidden	8
heed	8
hear	8
full	8
feet	8
angel	8
youth	7
your	7
years	7
would	7
world	7
what	7
went	7
waves	7
vain	7
truth	7
sweet	7
stream	7
stone	7
show	7
share	7
seem	7
saw	7
mountain	7
measure	7
look	7
load	7
live	7
knew	7
hope	7
home	7
heavenly	7
grass	7
find	7
fields	7
far	7
fairest	7
constant	7
come	7
cause	7
bloom	7
bear	7
against	7
!	7
word	6
while	6
wall	6
taught	6
take	6
stood	6
stand	6
sing	6
sin	6
sight	6
sea	6
sad	6
run	6
peaceful	6
others	6
other	6
old	6
nought	6
never	6
mate	6
lot	6
lives	6
leaves	6
leader	6
intent	6
inner	6
how	6
heights	6
heard	6
grow	6
fill	6
faith	6
eyes	6
doubt	6
dare	6
courage	6
colours	6
clouds	6
cheer	6
calls	6
bright	6
bridge	6
brave	6
bent	6
arbutus	6
again	6
without	5
within	5
win	5
voices	5
view	5
us	5
took	5
too	5
told	5
shut	5
should	5
sent	5
seen	5
seemed	5
robe	5
road	5
righteousness	5
ranks	5
plan	5
onward	5
neath	5
makes	5
low	5
loss	5
little	5
lack	5
ill	5
i	5
hue	5
hopes	5
high	5
help	5
helmsman	5
green	5
gold	5
glory	5
glad	5
gain	5
friends	5
flew	5
filled	5
every	5
ears	5
content	5
confident	5
clothes	5
brook	5
blossoms	5
birds	5
below	5
before	5
art	5
around	5
along	5
alone	5
about	5
wrong	4
worth	4
winter	4
white	4
voice	4
views	4
very	4
turned	4
trust	4
troubles	4
tones	4
toil	4
till	4
things	4
themselves	4
tender	4
task	4
swept	4
success	4
stretched	4
straight	4
store	4
stones	4
star	4
spirits	4
spent	4
source	4
souls	4
soul	4
sore	4
snow	4
smooth	4
sides	4
showed	4
sheep	4
seek	4
school	4
river	4
rise	4
receives	4
ray	4
ran	4
pure	4
pressing	4
press	4
praise	4
poor	4
pleasure	4
people	4
passed	4
pass	4
pace	4
own	4
often	4
night	4
native	4
minds	4
lost	4
looked	4
long	4
let	4
less	4
left	4
lead	4
lands	4
knows	4
keep	4
july	4
joys	4
hills	4
hewn	4
heaven	4
hard	4
hand	4
greet	4
goes	4
gained	4
friend	4
free	4
foes	4
flowers	4
finds	4
fight	4
few	4
fame	4
evergreens	4
distant	4
deep	4
deed	4
course	4
companionship	4
comes	4
colour	4
circumstance	4
children	4
calm	4
burden	4
build	4
brings	4
bore	4
blue	4
blow	4
blood	4
birch	4
between	4
began	4
because	4
back	4
away	4
appear	4
an	4
after	4
zest	3
wounds	3
wound	3
worst	3
wore	3
woe	3
wing	3
willow	3
wave	3
watch	3
waste	3
war	3
wandered	3
waiting	3
vast	3
van	3
tis	3
tiny	3
thyself	3
throws	3
theirs	3
tell	3
tears	3
teach	3
sway	3
surely	3
storms	3
stirred	3
spring	3
spot	3
spirit	3
spends	3
sound	3
sky	3
sinuous	3
simple	3
side	3
shore	3
shifting	3
shepherds	3
shall	3
shades	3
service	3
seed	3
search	3
satisfied	3
sand	3
saints	3
safe	3
rue	3
rub	3
roses	3
rose	3
roots	3
rocky	3
rocks	3
rill	3
rich	3
results	3
relief	3
release	3
present	3
powers	3
plans	3
path	3
part	3
pain	3
outer	3
once	3
off	3
notes	3
none	3
nature	3
moon	3
mock	3
mirrored	3
midst	3
message	3
merry	3
meet	3
meadow	3
manhood	3
magic	3
loving	3
loved	3
lord	3
looks	3
living	3
line	3
lights	3
lessons	3
increase	3
ills	3
hungry	3
hours	3
holy	3
holds	3
henceforth	3
held	3
heavy	3
head	3
haste	3
harm	3
hands	3
guard	3
golden	3
glow	3
gift	3
gently	3
gay	3
garments	3
fun	3
fro	3
forward	3
formed	3
forest	3
follow	3
fit	3
first	3
fires	3
fast	3
fail	3
fade	3
ever	3
erect	3
end	3
else	3
elm	3
ease	3
early	3
eager	3
dwell	3
drives	3
drive	3
done	3
display	3
cross	3
common	3
cold	3
cisterns	3
child	3
changing	3
chance	3
burdens	3
bring	3
block	3
bliss	3
blew	3
blades	3
best	3
bells	3
became	3
bears	3
avis	3
aunt	3
appeared	3
appal	3
apart	3
answer	3
annoy	3
ancient	3
amid	3
alarm	3
aid	3
across	3
:	3
yield	2
wraith	2
works	2
wonted	2
wondrous	2
won	2
woman	2
woes	2
wish	2
wires	2
wine	2
wild	2
wife	2
whence	2
whatever	2
welcome	2
weight	2
weeps	2
wear	2
weakening	2
ways	2
wayfarers	2
waved	2
waters	2
watched	2
washed	2
warmed	2
warm	2
walled	2
walked	2
wake	2
vow	2
vision	2
vines	2
values	2
useless	2
use	2
untouched	2
until	2
ugliness	2
types	2
turn	2
tumult	2
truest	2
tree	2
tread	2
travellers	2
trained	2
trace	2
tot	2
tossed	2
tops	2
times	2
thy	2
throughout	2
three	2
thou	2
thinks	2
think	2
ten	2
tear	2
taste	2
tasks	2
tale	2
takes	2
sup	2
sunny	2
sudden	2
such	2
succour	2
sturdy	2
struggle	2
strove	2
stronger	2
strives	2
striking	2
stress	2
strange	2
story	2
stir	2
stern	2
steady	2
state	2
start	2
square	2
springtime	2
spread	2
spots	2
sport	2
spend	2
sparkling	2
sorrow	2
soothed	2
sod	2
smiling	2
small	2
slowly	2
slow	2
slopes	2
slept	2
slender	2
skill	2
size	2
sisters	2
sights	2
shown	2
shines	2
sheen	2
shame	2
shade	2
setting	2
set	2
sends	2
self	2
sees	2
seeing	2
season	2
scorn	2
say	2
saviour	2
save	2
sang	2
sands	2
same	2
ruth	2
rush	2
rout	2
rouse	2
roughened	2
rough	2
room	2
rolls	2
rode	2
robins	2
rival	2
ring	2
riches	2
reward	2
retold	2
restless	2
reddish	2
reckless	2
rays	2
rave	2
rain	2
quoth	2
quatrain	2
push	2
prove	2
prophet	2
promised	2
progress	2
prime	2
pride	2
pressed	2
presence	2
preached	2
prayer	2
praises	2
plumage	2
plot	2
play	2
plain	2
pinions	2
pines	2
piles	2
picture	2
peace	2
pause	2
patience	2
paths	2
page	2
open	2
ofttimes	2
ocean	2
nothing	2
nook	2
nigh	2
nearby	2
nave	2
nation	2
narrow	2
name	2
music	2
move	2
mourn	2
mountains	2
mount	2
mothers	2
morning	2
month	2
miss	2
mild	2
mid	2
means	2
mean	2
matter	2
massive	2
mart	2
marriage	2
mantle	2
lurk	2
lover	2
lived	2
lip	2
lilies	2
lies	2
lie	2
level	2
lest	2
length	2
laws	2
law	2
lacks	2
king	2
kindly	2
kind	2
keeps	2
joins	2
jesus	2
jerusalem	2
itself	2
intercourse	2
immortal	2
immanuel	2
house	2
hosts	2
hopped	2
homely	2
himself	2
hid	2
helped	2
height	2
heavens	2
heat	2
hail	2
gurgling	2
guest	2
grows	2
growing	2
groups	2
grief	2
gone	2
godlike	2
glowed	2
glittering	2
glided	2
gleam	2
glance	2
gentle	2
gathering	2
gash	2
gales	2
gaily	2
future	2
fury	2
frolic	2
friction	2
frequent	2
freedom	2
fought	2
fortune	2
forsooth	2
forces	2
food	2
foe	2
foam	2
fly	2
flows	2
flowing	2
flower	2
flowed	2
flow	2
flock	2
fleet	2
flee	2
flaw	2
fixed	2
ferns	2
fell	2
feed	2
fears	2
false	2
fall	2
eye	2
extra	2
except	2
evil	2
even	2
escape	2
endless	2
east	2
eagle	2
duty	2
dumb	2
dull	2
dreary	2
dreamed	2
draw	2
drank	2
door	2
doll	2
divine	2
dim	2
dig	2
despair	2
desert	2
deepest	2
dear	2
dash	2
darksome	2
darkness	2
daisies	2
dainty	2
current	2
crowded	2
crescent	2
covers	2
copy	2
commonplace	2
commands	2
command	2
chosen	2
chief	2
charms	2
charming	2
charm	2
centuries	2
caught	2
catch	2
cast	2
called	2
buttercups	2
bush	2
burdened	2
building	2
broken	2
broader	2
brilliant	2
bound	2
born	2
bold	2
boast	2
blossom	2
blessings	2
blast	2
bit	2
birth	2
bird	2
billows	2
beheld	2
begins	2
been	2
bed	2
become	2
beautify	2
beauties	2
beat	2
beam	2
band	2
attempt	2
artist	2
arch	2
angels	2
am	2
aloft	2
almost	2
alert	2
act	2
abode	2
abed	2
«	1
zeal	1
yy	1
youthful	1
young	1
yearn	1
yachts	1
wrongs	1
writ	1
wrapped	1
worthy	1
worn	1
worked	1
woods	1
womankind	1
woke	1
withdrawn	1
wiser	1
wise	1
wintergreen	1
winsome	1
willed	1
willard	1
wilderness	1
wider	1
wide	1
why	1
whither	1
whistled	1
whispered	1
whirled	1
whir	1
whips	1
wert	1
wend	1
wells	1
weep	1
weaves	1
wears	1
wearisome	1
weakest	1
weaker	1
weak	1
waving	1
water	1
warrior	1
warring	1
warmest	1
warblers	1
wants	1
waned	1
wandering	1
waits	1
wait	1
vnn	1
violets	1
vim	1
vigour	1
viewed	1
victory	1
victor	1
vex	1
vessels	1
verdure	1
velvet	1
vari	1
valorous	1
valley	1
v^^ho	1
utter	1
uses	1
used	1
urgent	1
urge	1
upward	1
uphold	1
unweariedly	1
unto	1
unsightly	1
unselfish	1
unseen	1
unnoticed	1
unlimited	1
unknown	1
universe	1
unfold	1
unfed	1
undulating	1
undertone	1
understood	1
unconnected	1
unceasingly	1
unbending	1
unbeautiful	1
ugly	1
tyre	1
type	1
twixt	1
twittered	1
twilight	1
twice	1
twas	1
twain	1
turns	1
turmoil	1
trying	1
try	1
trumpet	1
trouble	1
tropical	1
trod	1
trinkets	1
tries	1
trial	1
treasured	1
traveller	1
trampling	1
train	1
traffic	1
town	1
towers	1
tower	1
tourist	1
touched	1
totter	1
toss	1
top	1
tongue	1
tone	1
toils	1
toiler	1
toiled	1
together	1
tiryns	1
tired	1
timid	1
tilt	1
tilled	1
tight	1
throw	1
throngs	1
thronged	1
throng	1
throbbing	1
thrilling	1
thousand	1
thirsty	1
third	1
thinkcth	1
thanks	1
than	1
th	1
texture	1
test	1
tended	1
tempests	1
tempest	1
tells	1
tease	1
tansy	1
tall	1
tales	1
talent	1
taken	1
sympathy	1
symmetry	1
swollen	1
swinging	1
swing	1
swifter	1
sweetness	1
sweetly	1
sweetest	1
swaying	1
swallows	1
surpass	1
surging	1
surge	1
surface	1
surcharged	1
supplied	1
sunset	1
summers	1
suited	1
suffice	1
sue	1
study	1
studied	1
strung	1
strongly	1
stronghold	1
strongest	1
stroll	1
striving	1
strive	1
strewn	1
stretches	1
strengthening	1
street	1
streamlet	1
strand	1
straits	1
strain	1
straightway	1
stormy	1
storehouse	1
stony	1
stinging	1
steps	1
steers	1
steamer	1
staying	1
stately	1
starts	1
stars	1
stands	1
stalk	1
stain	1
spoil	1
split	1
splashing	1
spin	1
speeds	1
speed	1
speaks	1
spares	1
spared	1
spans	1
spanned	1
span	1
space	1
sorrowing	1
sonship	1
sonnets	1
somersaults	1
solid	1
soil	1
society	1
soared	1
soar	1
smiles	1
slothful	1
slope	1
slippery	1
slighted	1
sleeping	1
slain	1
skimming	1
skilful	1
skies	1
sister	1
sins	1
sinned	1
single	1
singer	1
sinai	1
sighs	1
shy	1
shuts	1
shred	1
shows	1
showing	1
showers	1
shot	1
shops	1
shone	1
ship	1
shining	1
shine	1
shield	1
shepherd	1
sheltered	1
sheer	1
shed	1
sharp	1
shared	1
shape	1
shady	1
shadows	1
sets	1
serving	1
serve	1
serried	1
sense	1
selfishness	1
selfish	1
seems	1
seeds	1
secures	1
secret	1
second	1
sec	1
searching	1
seam	1
sealed	1
sea-beach	1
scythe	1
scream	1
scratch	1
scientist	1
science	1
scenes	1
scene	1
scarlet	1
scarcely	1
scant	1
scan	1
says	1
saving	1
saves	1
saved	1
satisfaction	1
sandy	1
salt	1
said	1
sadly	1
saddest	1
saddened	1
sacred	1
sable	1
rustling	1
rustled	1
rustle	1
running	1
rule	1
ruined	1
rowed	1
roused	1
rope	1
rolled	1
roll	1
rod	1
robes	1
robed	1
robber	1
riven	1
ripples	1
ripening	1
rillet	1
rigour	1
rights	1
rife	1
ride	1
ribbed	1
rhymes	1
rhyme	1
rhododendron	1
revelry	1
revealed	1
return	1
retreat	1
resumed	1
restored	1
resting-place	1
rested	1
resource	1
resolve	1
resolute	1
resists	1
resistless	1
resemble	1
requires	1
reproduce	1
repose	1
repentance	1
rents	1
renewed	1
remains	1
remained	1
rejoice	1
reflects	1
reflected	1
red	1
received	1
recall	1
reached	1
rapid	1
rang	1
rainbow	1
railroad	1
raids	1
quite	1
quietness	1
quickly	1
quartz	1
put	1
pushed	1
purest	1
pulses	1
pulse	1
provides	1
proves	1
proud	1
protests	1
prophecy	1
prone	1
promise	1
projecting	1
proclaimed	1
prize	1
prixe	1
prints	1
printed	1
prince	1
primly	1
priceless	1
price	1
prey	1
prevails	1
prevail	1
pressure	1
prepared	1
prepare	1
powerful	1
pours	1
poured	1
poppies	1
polish	1
poised	1
pointed	1
poems	1
plenty	1
pleasures	1
pleasing	1
pleasant	1
plea	1
plants	1
planned	1
planet	1
plaints	1
plains	1
placed	1
piled	1
pewee	1
performed	1
perfect	1
perched	1
peeped	1
pealed	1
pay	1
patiently	1
passions	1
passing	1
passage	1
pansy	1
palled	1
pall	1
pair	1
paintings	1
paint	1
packed	1
p	1
overworn	1
overwhelm	1
overcast	1
outward	1
outside	1
order	1
orange	1
oracle	1
opening	1
opened	1
only	1
oh	1
odours	1
obstacles	1
obey	1
obedience	1
o'erleap	1
numbers	1
numb	1
note	1
notch	1
northern	1
noonday	1
nooks	1
noisy	1
nights	1
news	1
newer	1
nests	1
nest	1
neighbour	1
nehemiah	1
narrative	1
n	1
mystic	1
myriad	1
my	1
murmured	1
moveless	1
mournful	1
mountainsides	1
mountainside	1
mound	1
moths	1
mother	1
moses	1
mortal	1
morn	1
monarch	1
momentum	1
moment	1
modern	1
mocks	1
moan	1
mirth	1
minstrel	1
ministering	1
miles	1
mighty	1
messages	1
merrily	1
mere	1
merchants	1
merchant	1
melt	1
melodies	1
meets	1
meeting	1
meed	1
meat	1
meanwhile	1
meadowsweet	1
maturer	1
masts	1
master	1
massed	1
mass	1
mary	1
martyred	1
marsh	1
mars	1
march	1
marble	1
many	1
mansions	1
mankind	1
manifold	1
mandates	1
madly	1
mad	1
m	1
lying	1
lustre	1
lurking	1
lurid	1
lowest	1
lowering	1
lower	1
loves	1
lovely	1
loud	1
lose	1
loom	1
lonely	1
lo	1
livelong	1
listening	1
lips	1
lilac	1
lightning	1
lighthearted	1
lighted	1
lift	1
lets	1
lent	1
legend	1
learn	1
leaps	1
leap	1
leads	1
leadership	1
lays	1
lave	1
lasting	1
lashed	1
lash	1
larks	1
large	1
lanes	1
lair	1
laid	1
known	1
knowledge	1
kiss	1
kings	1
kindness	1
kept	1
ken	1
keeping	1
keen	1
justice	1
just	1
june	1
joyous	1
joyed	1
journeyed	1
journey	1
jordan	1
john	1
jews	1
jaded	1
isthmus	1
israel	1
isles	1
ire	1
inward	1
invites	1
invite	1
into	1
instead	1
instant	1
inspired	1
individual	1
increases	1
illumined	1
ignored	1
hydrangea	1
hushes	1
hush	1
hurrying	1
hunting	1
hunt	1
hundreds	1
hundred	1
hummed	1
humblest	1
humble	1
humanity	1
human	1
hugs	1
hugged	1
huge	1
hourly	1
hour	1
hottest	1
hot	1
host	1
honest	1
hole	1
hoary	1
hits	1
highest	1
higher	1
hew	1
heroes	1
heritage	1
helpless	1
helpful	1
heeding	1
heeded	1
heated	1
healing	1
heads	1
headlong	1
haunts	1
hate	1
harsh	1
harebells	1
hardest	1
harbinger	1
harassed	1
halts	1
hall	1
half	1
gust	1
guides	1
growth	1
grown	1
groves	1
ground	1
grip	1
grievous	1
greyish	1
grey	1
greeks	1
greed	1
greece	1
greatest	1
greater	1
graves	1
gravely	1
grassy	1
grasses	1
grape	1
grandeur	1
grade	1
gown	1
goodly	1
goldfinch	1
goldenrod	1
goal	1
glorious	1
gloomy	1
glistening	1
glimpse	1
gleams	1
gladness	1
gladly	1
glades	1
giving	1
given	1
girls	1
gird	1
gifts	1
get	1
gaze	1
gathered	1
gather	1
gateway	1
gates	1
garden	1
gaping	1
galleries	1
gale	1
gainst	1
gains	1
gabriel	1
fulfil	1
fruition	1
frost	1
fronds	1
friendly	1
fretting	1
fret	1
freshens	1
fresh'ning	1
freer	1
fray	1
frame	1
fragrant	1
fragrance	1
four	1
fortitude	1
forthwith	1
former	1
form	1
forceful	1
forbade	1
follows	1
followed	1
folk	1
fogs	1
flux	1
fluttering	1
flush	1
flurries	1
flung	1
floor	1
float	1
flits	1
flints	1
flight	1
fledglings	1
flashing	1
flaring	1
fix	1
fitting	1
firm	1
fired	1
fine	1
finding	1
fills	1
files	1
fierce	1
field	1
fevered	1
festive	1
fend	1
fellowmen	1
fellow	1
felled	1
feels	1
feeds	1
feeding	1
feathery	1
favoured	1
father	1
fate	1
faring	1
fares	1
fare	1
familiar	1
fairy	1
fairer	1
faintest	1
fainter	1
faint	1
failed	1
fades	1
f	1
exultant	1
extol	1
explorers	1
exert	1
exceeding	1
evening	1
eve	1
ere	1
envy	1
endure	1
employs	1
employ	1
elf	1
eggs	1
effort	1
edge	1
echoes	1
easy	1
eastern	1
easier	1
earthly	1
ear	1
dusty	1
dullest	1
dulled	1
dulcet	1
drooping	1
driving	1
drink	1
drifted	1
drew	1
dreams	1
draws	1
dove	1
doubts	1
doubtful	1
dome	1
dole	1
diverse	1
distance	1
displeasure	1
dismal	1
disease	1
discord	1
disciples	1
discern	1
dine	1
din	1
digs	1
dignity	1
different	1
died	1
dewdrop	1
dew	1
determined	1
despise	1
desires	1
desire	1
desecrated	1
demands	1
delves	1
delve	1
delphi	1
delay	1
dehght	1
degrees	1
defy	1
deeply	1
deepens	1
december	1
deceives	1
decades	1
death	1
dearth	1
dearly	1
dearest	1
deadliest	1
dead	1
dazzled	1
daughter	1
dart	1
darkened	1
dark	1
dared	1
dame	1
dalliance	1
cut	1
curving	1
curve	1
currents	1
cup	1
crushed	1
crush	1
cruelty	1
crown	1
crowds	1
crowd	1
crevice	1
creep	1
creative	1
crawford	1
crash	1
country	1
core	1
copes	1
cope	1
contest	1
consuming	1
consists	1
conscience	1
connecting	1
confidence	1
confess	1
conceals	1
con	1
complaint	1
coming	1
coloured	1
coal	1
clung	1
clumps	1
cling	1
climes	1
climbed	1
climb	1
clearly	1
clearest	1
clean	1
claw	1
clause	1
claims	1
claim	1
city	1
citadel	1
cistern	1
christ	1
choose	1
choice	1
chmate	1
chimes	1
chickadee	1
cheery	1
cheers	1
cheek	1
check	1
cheat	1
chastened	1
charity	1
character	1
channels	1
changed	1
change	1
central	1
ceaseless	1
cease	1
caused	1
cattle	1
cat	1
cart	1
cares	1
car	1
cap	1
cannot	1
cannon	1
calmly	1
calendar	1
buttons	1
busy	1
buoys	1
built	1
bruised	1
brow	1
brother	1
brooks	1
broke	1
broad	1
brisking	1
brightest	1
breeze	1
breathing	1
breathes	1
breathed	1
breathe	1
breaks	1
break	1
bravely	1
brand	1
branch	1
boy	1
bowlder	1
bowed	1
bounteous	1
bought	1
border	1
bobolinks	1
boathouse	1
boat	1
boarded	1
blot	1
blind	1
bless	1
blasts	1
blasted	1
blame	1
black	1
bite	1
bind	1
big	1
bids	1
beyond	1
better	1
betoken	1
betimes	1
bestirs	1
bespeak	1
beside	1
bereft	1
bending	1
bend	1
belt	1
beloved	1
belong	1
believed	1
belief	1
behind	1
begilt	1
becomes	1
beautiful	1
beats	1
bearing	1
bean	1
beams	1
beads	1
beach	1
battles	1
bastions	1
base	1
bare	1
baptist	1
ban	1
balls	1
bade	1
bad	1
background	1
bachelor	1
babylon	1
awaits	1
avails	1
authority	1
august	1
aught	1
attuned	1
attendant	1
attend	1
athwart	1
assuages	1
asked	1
ask	1
aroused	1
arnold	1
arno	1
armoured	1
armies	1
arise	1
arched	1
april	1
appropriate	1
applause	1
appears	1
appeal	1
ape	1
aortal	1
angry	1
anew	1
always	1
although	1
alive	1
alike	1
alas	1
aim	1
aids	1
aglow	1
age	1
afloat	1
aflame	1
afford	1
advocate	1
adversity	1
adverse	1
admiring	1
admiration	1
added	1
add	1
acts	1
abound	1
abate	1
**	1
)	1
(	1
''	1
