,	1998
the	952
and	669
!	618
.	470
to	403
—	383
of	357
in	326
a	273
;	220
his	199
?	190
is	162
|'s|	160
their	154
my	154
thy	145
all	138
with	132
i	131
they	126
that	124
nor	119
but	116
he	114
not	113
'	113
|arabic2digit|	104
or	104
be	102
it	100
love	99
are	99
who	93
will	92
from	91
for	91
your	90
as	88
:	84
you	82
on	82
god	82
we	81
though	81
what	80
thou	75
thee	75
our	74
o	74
this	73
shall	69
by	69
me	66
soul	63
may	63
truth	62
so	62
more	62
them	59
can	59
if	58
when	56
her	55
there	53
"	53
no	52
too	51
would	49
have	49
even	49
while	48
still	48
now	48
thus	47
say	47
day	47
some	45
see	44
do	44
how	43
heart	43
every	42
where	41
at	41
which	40
tis	40
make	40
was	39
here	39
one	38
him	37
|arabic3digit|	36
yet	36
fear	36
an	36
lord	35
should	34
light	34
earth	34
never	33
free	32
|arabic1digit|	31
s	31
its	31
such	30
life	30
whose	29
way	29
ah	29
spirit	28
name	28
let	28
own	27
has	27
over	26
must	26
like	26
those	25
peace	25
little	25
know	25
behold	25
ye	24
were	24
then	24
night	24
mind	24
hear	24
christian	24
brother	24
alas	24
these	23
than	23
nature	23
hence	23
grace	23
each	23
word	22
away	22
things	21
give	21
bear	21
pure	20
poor	20
nay	20
humble	20
eternal	20
."	20
she	19
home	19
holy	19
fair	19
upon	18
time	18
skies	18
saviour	18
hand	18
above	18
whom	17
part	17
man	17
first	17
ever	17
come	17
care	17
youth	16
why	16
true	16
think	16
teach	16
sweet	16
seek	16
reign	16
pride	16
much	16
meet	16
many	16
faith	16
been	16
alone	16
again	16
without	15
view	15
through	15
sin	15
into	15
heaven	15
friend	15
father	15
course	15
cause	15
cast	15
call	15
blood	15
)	15
(	15
virtue	14
thine	14
place	14
obey	14
move	14
hell	14
good	14
death	14
dear	14
believe	14
around	14
us	13
tear	13
sigh	13
reason	13
proclaim	13
go	13
art	13
arise	13
any	13
works	12
work	12
voice	12
vain	12
tears	12
rising	12
prove	12
parents	12
once	12
oft	12
nigh	12
mighty	12
living	12
glory	12
friends	12
flee	12
child	12
anguish	12
within	11
unto	11
trust	11
tell	11
sure	11
speak	11
sorrow	11
sea	11
oh	11
men	11
live	11
joy	11
human	11
hail	11
freely	11
forever	11
flow	11
find	11
few	11
eyes	11
ere	11
distant	11
did	11
country	11
cannot	11
brethren	11
bow	11
before	11
-	11
written	10
wise	10
waves	10
wait	10
up	10
triumph	10
till	10
therefore	10
swelling	10
sincere	10
race	10
out	10
only	10
native	10
most	10
mercy	10
law	10
justice	10
just	10
hate	10
happy	10
gentle	10
farewell	10
fallen	10
dread	10
done	10
common	10
cease	10
break	10
bloom	10
beauty	10
yes	9
wouldst	9
very	9
turn	9
throne	9
sun	9
suffer	9
shed	9
self	9
sad	9
rise	9
proud	9
presence	9
praise	9
path	9
obedience	9
mother	9
mingle	9
master	9
lowly	9
loves	9
look	9
least	9
lay	9
laws	9
labour	9
king	9
kindred	9
kind	9
high	9
heavenly	9
had	9
future	9
fold	9
flock	9
fall	9
faithful	9
face	9
eye	9
darkness	9
cross	9
clouds	9
clime	9
children	9
calm	9
breast	9
birth	9
bid	9
approve	9
!"	9
truly	8
triumphant	8
train	8
sweetly	8
souls	8
soon	8
shore	8
shame	8
scene	8
public	8
prayer	8
power	8
please	8
pity	8
people	8
other	8
new	8
nations	8
lost	8
liberty	8
leads	8
lead	8
land	8
jesus	8
j	8
isle	8
health	8
hark	8
guide	8
green	8
great	8
glowing	8
glorious	8
found	8
fatal	8
far	8
duty	8
does	8
despise	8
claim	8
bright	8
beneath	8
beauteous	8
awful	8
although	8
against	8
woe	7
wisdom	7
winds	7
wicked	7
weep	7
use	7
tremble	7
tender	7
take	7
sound	7
son	7
smile	7
sinner	7
school	7
save	7
saints	7
rich	7
rejoice	7
present	7
pensive	7
patience	7
near	7
morn	7
moral	7
might	7
lo	7
latent	7
keep	7
judgement	7
joys	7
hope	7
happiness	7
graces	7
forth	7
foes	7
flight	7
fire	7
fears	7
eternity	7
divine	7
delight	7
cruel	7
church	7
celestial	7
broken	7
blind	7
blame	7
billows	7
best	7
being	7
aright	7
another	7
am	7
alike	7
act	7
yours	6
you'll	6
worship	6
world	6
wind	6
well	6
vice	6
tread	6
thence	6
theirs	6
teacher	6
state	6
spread	6
spirits	6
slaves	6
slave	6
sight	6
shine	6
sacrifice	6
roll	6
right	6
return	6
reigns	6
receive	6
pleasure	6
others	6
often	6
none	6
need	6
minds	6
means	6
mark	6
long	6
knows	6
joyful	6
immortal	6
hast	6
ground	6
gone	6
fate	6
error	6
enter	6
embrace	6
despair	6
dearest	6
dead	6
days	6
dare	6
christ	6
chains	6
chain	6
brighter	6
better	6
because	6
awake	6
ask	6
appear	6
apace	6
anon	6
always	6
adieu	6
abound	6
?"	6
*	6
young	5
words	5
wont	5
wing	5
whole	5
wherever	5
waters	5
virtuous	5
twas	5
treasure	5
thought	5
sword	5
sustain	5
surely	5
supreme	5
stand	5
sphere	5
soar	5
sky	5
show	5
serene	5
same	5
said	5
round	5
risen	5
rest	5
redeemer	5
reach	5
purest	5
prompt	5
prison	5
pleasures	5
play	5
pious	5
perverse	5
perhaps	5
peaceful	5
pay	5
parting	5
old	5
ocean	5
neither	5
nation	5
narrow	5
mountains	5
mountain	5
matter	5
lust	5
loved	5
loss	5
linger	5
lie	5
less	5
leave	5
known	5
kill	5
john	5
infant	5
indeed	5
impart	5
higher	5
heavens	5
hearts	5
guilty	5
goodness	5
gold	5
globe	5
galling	5
freedom	5
forbid	5
flowers	5
fires	5
fight	5
feet	5
feeble	5
fade	5
evil	5
everlasting	5
entreat	5
endure	5
effort	5
earthly	5
dust	5
dreary	5
down	5
die	5
deny	5
deceive	5
dawn	5
dark	5
daily	5
curse	5
count	5
contempt	5
commands	5
charity	5
broke	5
born	5
body	5
blessed	5
bend	5
below	5
beam	5
air	5
after	5
absent	5
zeal	4
worm	4
wonder	4
wish	4
wild	4
wide	4
weal	4
wave	4
wants	4
voices	4
vile	4
unbelief	4
tuneful	4
truths	4
troubled	4
trod	4
tree	4
trample	4
tongue	4
tomb	4
times	4
tide	4
thyself	4
throughout	4
thrill	4
they're	4
tend	4
teachers	4
taste	4
t	4
sweetness	4
sustained	4
strange	4
stay	4
statutes	4
spring	4
sordid	4
slight	4
sins	4
sink	4
since	4
silent	4
side	4
shrink	4
sheep	4
shalt	4
shade	4
severe	4
sense	4
seem	4
sceptic	4
scarce	4
says	4
sake	4
rule	4
rude	4
rod	4
rock	4
righteousness	4
richest	4
respect	4
reproach	4
raised	4
quite	4
proclaims	4
pour	4
potent	4
pleasing	4
plead	4
plan	4
plaintive	4
pinions	4
pervade	4
perfect	4
pain	4
onward	4
moment	4
mild	4
mercies	4
main	4
lustre	4
loveliness	4
longer	4
letter	4
last	4
knowledge	4
knee	4
injured	4
india	4
ills	4
hue	4
hours	4
himself	4
haven	4
hath	4
hard	4
hands	4
hallowed	4
guile	4
grave	4
gospel	4
glories	4
glass	4
gives	4
gave	4
gainst	4
fury	4
full	4
forlorn	4
forgive	4
forget	4
force	4
flies	4
flame	4
fill	4
fetters	4
fellow	4
feel	4
favour	4
fathers	4
fancy	4
fainting	4
fail	4
evidence	4
esteem	4
end	4
employ	4
efforts	4
early	4
dies	4
desire	4
defend	4
deed	4
declare	4
cry	4
crown	4
crime	4
control	4
conscious	4
conscience	4
confide	4
confess	4
commend	4
comes	4
cloud	4
childhood	4
charms	4
changeless	4
case	4
carnal	4
captive	4
canst	4
bring	4
boundless	4
bound	4
bought	4
both	4
bonds	4
bliss	4
bleeding	4
beloved	4
beams	4
awakes	4
aught	4
appears	4
anything	4
agree	4
'.	4
years	3
yea	3
wrath	3
worth	3
worlds	3
wondrous	3
won't	3
womb	3
wo	3
witness	3
wings	3
wilt	3
widow	3
whence	3
weight	3
weed	3
weapons	3
wealth	3
weak	3
watered	3
walk	3
wake	3
vision	3
virtues	3
various	3
upward	3
until	3
universal	3
unite	3
unfold	3
unconscious	3
unclouded	3
two	3
tribute	3
tiie	3
thousands	3
thousand	3
thoughts	3
they'll	3
th	3
temple	3
temperance	3
tarry	3
swiftly	3
sway	3
surround	3
superstition	3
sufferings	3
sue	3
subject	3
strong	3
strength	3
streams	3
stood	3
steal	3
spray	3
speed	3
speaks	3
source	3
sought	3
soothe	3
sometimes	3
sober	3
soars	3
smite	3
smallest	3
slow	3
sits	3
sit	3
sinks	3
single	3
silence	3
sighs	3
shepherd	3
share	3
shake	3
services	3
serve	3
sent	3
send	3
seems	3
seed	3
secure	3
secret	3
seat	3
seal	3
schools	3
saw	3
saint	3
safely	3
sacred	3
rules	3
ruin	3
road	3
reward	3
reverence	3
reveal	3
respite	3
resound	3
repent	3
repay	3
repair	3
renew	3
remote	3
remain	3
regard	3
rebuke	3
realms	3
read	3
re	3
ray	3
rather	3
raise	3
purposes	3
proportion	3
prince	3
prevail	3
prepare	3
prejudice	3
powers	3
poet	3
plant	3
pilgrim	3
pieces	3
permit	3
perchance	3
peerless	3
pause	3
passed	3
party	3
parted	3
pains	3
owns	3
order	3
oppression	3
oppress	3
ones	3
numbers	3
nobler	3
next	3
neighbour	3
names	3
muse	3
mount	3
morals	3
mine	3
methinks	3
meek	3
mean	3
marks	3
margaret	3
manly	3
majesty	3
made	3
lower	3
loud	3
liquid	3
lies	3
legal	3
left	3
latter	3
late	3
languish	3
labours	3
kiss	3
kingdom	3
jehovah	3
jane	3
intemperance	3
inquiry	3
innocence	3
infinite	3
image	3
ignorance	3
hush	3
hundred	3
however	3
hour	3
hosts	3
hold	3
hills	3
hid	3
help	3
hellish	3
heed	3
heavy	3
head	3
guilt	3
groan	3
grew	3
grade	3
golden	3
godlike	3
gifts	3
gently	3
gay	3
gauge	3
gale	3
forthwith	3
former	3
follow	3
foe	3
flood	3
fleeting	3
filial	3
fierce	3
feels	3
features	3
favourite	3
fast	3
faints	3
faint	3
f	3
expansive	3
excellence	3
evils	3
eve	3
equal	3
envy	3
enthroned	3
employed	3
emotions	3
elements	3
eden	3
dumb	3
due	3
drive	3
drear	3
doubt	3
door	3
disobey	3
disobedience	3
died	3
didst	3
designed	3
depart	3
delightful	3
defer	3
deep	3
daughters	3
daughter	3
darkest	3
courage	3
couldst	3
could	3
corrupt	3
cor	3
conduct	3
condemn	3
concert	3
complete	3
compassion	3
clear	3
claims	3
choice	3
chattels	3
censure	3
cares	3
came	3
brave	3
boy	3
bodies	3
blow	3
bitter	3
bind	3
bigotry	3
bethlehem	3
bed	3
beauties	3
beach	3
bay	3
base	3
ball	3
attend	3
armour	3
april	3
approach	3
angels	3
aloud	3
aloft	3
almighty	3
affections	3
account	3
accord	3
acceptance	3
absurd	3
absence	3
/	3
''	3
•	2
|romannumeral|	2
|arabic4digit|	2
yoke	2
year	2
wrapped	2
wounded	2
workings	2
won	2
woman	2
wishes	2
winged	2
willing	2
wholly	2
whilst	2
whenever	2
weeping	2
ween	2
weary	2
we're	2
ways	2
water	2
wast	2
wash	2
warring	2
war	2
wandering	2
wakened	2
wakeful	2
wail	2
vigour	2
victory	2
victor	2
verdant	2
vapours	2
unknown	2
unjust	2
union	2
unhallowed	2
unfaithfulness	2
unerring	2
unearthly	2
undertake	2
understandings	2
underneath	2
unconfined	2
unclean	2
uncle	2
tyrants	2
tyranny	2
twenty	2
tumultuous	2
triumphs	2
triumphed	2
trials	2
tremblings	2
trembling	2
trembles	2
treat	2
treasures	2
transient	2
transcendant	2
tramples	2
torn	2
toils	2
toil	2
tliat	2
tittle	2
ties	2
thwart	2
throes	2
thrice	2
three	2
threatened	2
thing	2
thickest	2
theme	2
tenderness	2
temperate	2
talents	2
takes	2
sympathise	2
swift	2
swept	2
sweat	2
sustains	2
supplied	2
suppliant	2
sunshine	2
summer	2
succour	2
succession	2
stronger	2
stream	2
strangers	2
stranger	2
strangely	2
strains	2
straight	2
stop	2
steps	2
stayed	2
stable	2
spurns	2
springs	2
sorrows	2
soothing	2
sons	2
solemn	2
soft	2
smiles	2
sleep	2
slavery	2
sir	2
sinners	2
sinai	2
simple	2
sickness	2
shrinks	2
shrieks	2
shoot	2
shines	2
shepherds	2
shadows	2
shades	2
sequel	2
sensual	2
selfishness	2
self-love	2
sees	2
sectaries	2
sectarian	2
sect	2
sec	2
seas	2
search	2
scourge	2
sceptre	2
scenes	2
scattered	2
scans	2
satan	2
sand	2
salvation	2
sails	2
sail	2
sadness	2
sable	2
sabbath	2
run	2
rosy	2
rose	2
rooted	2
robe	2
rob	2
roar	2
rivers	2
riches	2
revere	2
rev	2
retire	2
restrain	2
restore	2
repentance	2
remove	2
release	2
reigned	2
refuse	2
refuge	2
redeem	2
reclaim	2
reasonable	2
ready	2
reader	2
rave	2
rational	2
quit	2
quick	2
quench	2
queen	2
purpose	2
purer	2
punish	2
proudest	2
progress	2
prize	2
priests	2
prepared	2
pray	2
pourm	2
poured	2
portentous	2
ponderous	2
points	2
point	2
planted	2
plaint	2
plain	2
pierce	2
pi	2
pharisees	2
pestilence	2
perish	2
perceive	2
patriots	2
patient	2
past	2
passions	2
passion	2
passing	2
passage	2
pass	2
parent	2
panting	2
painful	2
page	2
p.s	2
p	2
ours	2
ought	2
orphan	2
ordinance	2
oppressors	2
oppressor	2
oppose	2
opening	2
olive	2
oiage	2
office	2
off	2
obtain	2
objects	2
object	2
numbered	2
notes	2
noon	2
nightly	2
newton	2
needs	2
needful	2
neath	2
nameless	2
n	2
mysterious	2
myself	2
myriads	2
murmur	2
movement	2
mottalee	2
morning	2
mood	2
money	2
misery	2
mingled	2
midday	2
mid	2
merited	2
mend	2
memory	2
meekness	2
meat	2
meanwhile	2
marked	2
mar	2
mansions	2
mansion	2
manner	2
makes	2
maker	2
magnet	2
lusts	2
lovely	2
longed	2
lis	2
lips	2
licence	2
levied	2
legions	2
leaving	2
leaves	2
lea	2
lax	2
lawful	2
lark	2
large	2
lady	2
lacks	2
knew	2
kindling	2
kills	2
justly	2
judah	2
joyous	2
jordan	2
jewel	2
itself	2
issue	2
isles	2
intervals	2
intent	2
instinctively	2
inspires	2
increase	2
improve	2
imperfect	2
impatient	2
imparting	2
immanuel	2
images	2
ill	2
i've	2
hypocrisy	2
hymn	2
hundreds	2
humbling	2
huge	2
house	2
holiness	2
holds	2
hide	2
heavenward	2
healing	2
hatred	2
hates	2
hasten	2
harps	2
harp	2
habits	2
groans	2
grief	2
greater	2
gracious	2
gods	2
glow	2
gloom	2
glide	2
glances	2
gladly	2
glad	2
given	2
general	2
gaze	2
gather	2
garments	2
gain	2
fulfils	2
fruit	2
frown	2
fresh	2
freeborn	2
four	2
fountain	2
forms	2
forego	2
fool	2
food	2
fond	2
fly	2
flown	2
flowery	2
flaw	2
firm	2
fireside	2
final	2
fiery	2
fiendish	2
field	2
feigned	2
fearful	2
faithless	2
faithfulness	2
faithftil	2
fairer	2
exult	2
extended	2
everything	2
eventful	2
evening	2
eternally	2
escape	2
err	2
erase	2
enough	2
enjoy	2
energies	2
enemies	2
endless	2
emulate	2
emotion	2
embracing	2
elegy	2
elect	2
either	2
effulgence	2
education	2
ecstatic	2
eclipse	2
eat	2
eagle	2
dwelling	2
dwelleth	2
drop	2
drink	2
dream	2
draw	2
doubts	2
dost	2
don't	2
doctrines	2
divide	2
discord	2
disciple	2
direct	2
dignity	2
dewy	2
devour	2
detect	2
demands	2
demand	2
delay	2
degraded	2
deeps	2
deeply	2
deeds	2
deceitful	2
decay	2
debt	2
david	2
darts	2
darling	2
cursed	2
cup	2
crowd	2
crossed	2
crimson	2
creatures	2
creator	2
coward	2
courts	2
corruption	2
convulsive	2
contrite	2
contemn	2
consequence	2
confound	2
conflict	2
confidence	2
communion	2
columbia	2
cold	2
coast	2
cloudless	2
clothed	2
clothe	2
cleanse	2
clay	2
claimed	2
cities	2
circle	2
churches	2
childish	2
chew	2
chequered	2
cheerful	2
cheer	2
cheek	2
cheat	2
chastisement	2
chaste	2
charm	2
character	2
centre	2
casting	2
canaan	2
calls	2
called	2
burning	2
brought	2
brings	2
breezes	2
breathe	2
breath	2
bread	2
boon	2
boldly	2
blush	2
blooming	2
blindness	2
blessings	2
bless	2
birds	2
bird	2
billow	2
bier	2
beware	2
bewail	2
beside	2
beseech	2
believes	2
believed	2
beheld	2
begin	2
beget	2
beelzebub	2
become	2
baptised	2
bands	2
balm	2
babe	2
ay	2
awe	2
awakened	2
await	2
avarice	2
author	2
attends	2
attempt	2
attain	2
assailed	2
ascension	2
ascends	2
arm	2
ardour	2
ardent	2
apart	2
anxious	2
anticipate	2
answer	2
anger	2
angel	2
amount	2
amity	2
amends	2
amazement	2
altar	2
along	2
alloy	2
allay	2
aghast	2
afflictions	2
afar	2
adore	2
admiration	2
adam	2
acknowledge	2
accuse	2
accept	2
absorb	2
about	2
ability	2
^	2
]	2
..	2
♦	1
■	1
•'speaking	1
»incer	1
|arabic5+digit|	1
zephyrs	1
youthy	1
youths	1
youthi	1
youthful	1
yourve	1
yourself	1
youp	1
you're	1
yore	1
yon	1
yoar	1
yesterday	1
yc	1
xt	1
xand	1
x\wake	1
wrong	1
writhes	1
write	1
woven	1
worshipped	1
worldling	1
woos	1
woods	1
woodland	1
wonderland	1
wonderfully	1
women	1
woes	1
wlio	1
wlien	1
wlhing	1
wives	1
witnesses	1
withstand	1
wit	1
wistful	1
wished	1
wiped	1
winter	1
wins	1
winding	1
wills	1
wilderness	1
wife	1
wields	1
widowm	1
wholesome	1
whither	1
whitfield	1
white	1
whisper	1
wherefore	1
whereby	1
whelm	1
wha	1
western	1
west	1
wesley	1
wept	1
went	1
weighty	1
weeps	1
wear	1
wealthy	1
weakness	1
weakest	1
we've	1
we'll	1
wayward	1
watchmen	1
watch	1
wastes	1
warrant	1
warned	1
warmest	1
warlike	1
ward	1
warbling	1
wanting	1
wanes	1
wandered	1
wander	1
walls	1
wall	1
walkm	1
walking	1
waking	1
wakenm	1
waken	1
wafts	1
wafted	1
votaries	1
voluntary	1
volume	1
volcanoes	1
vocal	1
vital	1
visitant	1
visions	1
virgin	1
violet	1
violates	1
violated	1
vihon	1
viewm	1
viewing	1
vicious	1
vessel	1
vernal	1
verily	1
verge	1
ventured	1
vengeance	1
vender	1
veils	1
veiled	1
vast	1
varied	1
vanity	1
valley	1
vales	1
vale	1
vainly	1
usual	1
uses	1
upper	1
uphold	1
upbraid	1
unusual	1
untrue	1
unspotted	1
unskilled	1
unsheathed	1
unshaken	1
unshackled	1
unrivalled	1
unremitting	1
unquenchable	1
unnatural	1
unmoved	1
unmixed	1
unmeaningly	1
universe	1
unfolded	1
unfit	1
unfettered	1
unfathomed	1
unfaithful	1
unfailing	1
unduly	1
undone	1
undismayed	1
understand	1
under	1
uncreated	1
unconsciously	1
uncircumcised	1
unchanging	1
unceasing	1
unbelieving	1
tyrant	1
tyrannic	1
twill	1
twig	1
twelve	1
twain	1
tutor	1
turning	1
turned	1
tuning	1
tune	1
tumults	1
trumpet	1
trulli	1
trow	1
trite	1
trips	1
trifled	1
tried	1
tribulation	1
tribes	1
tribe	1
trembled	1
trees	1
treacherous	1
treach'ious	1
traverses	1
traverse	1
travellers	1
transports	1
transit	1
transcript	1
tranquil	1
trammels	1
training	1
traffic	1
tradition	1
track	1
trace	1
toy	1
tower	1
touch	1
torrid	1
tornado	1
torment	1
topgallant	1
tool	1
took	1
toof	1
tomorrow	1
told	1
together	1
today	1
tlve	1
tliec	1
tj	1
title	1
tithes	1
tints	1
tinges	1
tinged	1
tin	1
tie	1
tidings	1
thunders	1
thunderings	1
thunder	1
thrush	1
throng	1
throe	1
thrall	1
thraldom	1
thorny	1
thinks	1
thereof	1
thereby	1
themselves	1
thanks	1
texture	1
testimony	1
test	1
terrors	1
terror	1
terrific	1
terrestrial	1
terraqueous	1
tens	1
temptations	1
temptation	1
tempestuous	1
tempest	1
tells	1
teeth	1
teems	1
teem	1
teardrops	1
teaching	1
teaches	1
tdill	1
tcill	1
taxes	1
tax	1
tattered	1
tastes	1
taking	1
taken	1
taints	1
sympathies	1
sympathetic	1
swerve	1
sweets	1
sweetest	1
sweeter	1
swear	1
sutler	1
sustenance	1
sustaining	1
suspect	1
suppressed	1
supported	1
support	1
supplication	1
supplicate	1
sunny	1
sunder	1
summits	1
summit	1
suit	1
suggestions	1
suggest	1
suflfer	1
suffice	1
sufferm	1
suffering	1
sucklings	1
successive	1
success	1
succeeds	1
subsided	1
subserve	1
subsequent	1
submission	1
sublimely	1
sublime	1
subjects	1
subdue	1
stupify	1
stupid	1
stumbling	1
studies	1
stubborn	1
struggled	1
string	1
strike	1
strife	1
strictness	1
strictly	1
strict	1
strewm	1
streets	1
stray	1
straw	1
strain	1
story	1
storms	1
stoically	1
sting	1
stiff	1
step	1
stem	1
stated	1
starting	1
stars	1
stare	1
stanzas	1
stands	1
standeth	1
standard	1
stalk	1
stain	1
spurn	1
spreads	1
spreading	1
sportive	1
spoko	1
spoke	1
splendour	1
spiritual	1
spill	1
spheres	1
spending	1
special	1
speaking	1
spares	1
spangled	1
space	1
sovereign	1
soothed	1
sooner	1
sonnet	1
soliloquy	1
solid	1
soldier	1
sold	1
sol	1
sojourn	1
soho	1
snuff	1
snow	1
smote	1
smooth	1
smoke	1
smneifrom	1
smiled	1
smart	1
slumbers	1
slumber	1
slept	1
slays	1
slay	1
slavery^s	1
slaveholder	1
slain	1
skilled	1
skilful	1
sitt'st	1
sister	1
sire	1
sion	1
sing	1
sincerity	1
simply	1
simplicity	1
silvery	1
silver	1
sighing	1
sighed	1
shut	1
shun	1
shouldst	1
shortly	1
short	1
shock	1
ships	1
shield	1
sheds	1
shedding	1
sex	1
severity	1
severed	1
set	1
servile	1
serpents	1
serpent	1
separate	1
seoff^	1
sensibility	1
senses	1
senators	1
sell	1
selfsame	1
self-denial	1
seized	1
seize	1
seen	1
seemm	1
seemed	1
seel	1
seeks	1
seeking	1
seeds	1
secures	1
season	1
searching	1
sealing	1
scriptures	1
scribes	1
scribe	1
scourges	1
scorned	1
scorn	1
schoofy	1
scepticism	1
sceptical	1
scattering	1
scale	1
scaffold	1
savipr	1
satisfied	1
satiety	1
sang	1
salutary	1
salubrity	1
saintlike	1
sailing	1
sages	1
safety	1
safer	1
safe	1
sacrifices	1
sackcloth	1
rural	1
rupture	1
ruling	1
ruins	1
ruining	1
ruined	1
rubies	1
rove	1
roum	1
roughness	1
rough	1
roses	1
roots	1
rolling	1
robert	1
roams	1
rival	1
risest	1
riper	1
ring	1
rills	1
rill	1
rigour	1
rigid	1
rightly	1
rightful	1
righteous	1
richness	1
richly	1
richer	1
rewarded	1
revolutions	1
revive	1
reviled	1
revile	1
review	1
reversed	1
reverse	1
reverie	1
revered	1
revealed	1
returns	1
returning	1
retires	1
retirement	1
retching	1
retard	1
retain	1
resurrection	1
resume	1
rests	1
restraints	1
restrained	1
resting	1
responsive	1
responses	1
resort	1
resistance	1
resist	1
resides	1
rescue	1
requital	1
requisition	1
requireth	1
requires	1
require	1
repulsive	1
reptile	1
reprove	1
reproof	1
repine	1
repeats	1
rent	1
rendings	1
rend	1
removal	1
remorse	1
remnant	1
remark	1
remains	1
remaining	1
remainder	1
religion	1
relieve	1
relief	1
relaxation	1
rejoico	1
rejoiced	1
rejected	1
reigneth	1
regulates	1
regret	1
regions	1
regaling	1
refrain	1
refractory	1
reflections	1
reflect	1
redeeming	1
redeemed	1
rectitude	1
record	1
recommend	1
reclaimed	1
recess	1
recedes	1
rebellion	1
rebel	1
reasonings	1
real	1
reafd	1
reads	1
readers	1
rays	1
raves	1
rate	1
rarely	1
rapturous	1
rapine	1
ransomed	1
rank	1
ranging	1
ran	1
rama	1
raism	1
raercy	1
rack	1
r	1
quiet	1
quickened	1
quicken	1
question	1
query	1
quenched	1
pve	1
put	1
pusillanimous	1
pursues	1
pursue	1
purposed	1
purity	1
purify	1
purchase	1
pupils	1
puny	1
publishes	1
publicans	1
province	1
providence	1
proved	1
prov	1
proudly	1
protection	1
protect	1
propitious	1
property	1
propel	1
proof	1
pronounce	1
prompts	1
promote	1
promises	1
progressing	1
progeny	1
profound	1
professors	1
profess	1
profane	1
proceed	1
probationers	1
prized	1
pristine	1
prisoned	1
principles	1
principle	1
principal	1
primaeval	1
preventing	1
prevailed	1
pretended	1
presumptuous	1
presuming	1
presume	1
preside	1
preserved	1
presented	1
presaged	1
presage	1
prepares	1
precious	1
precincts	1
preachers	1
preach	1
prayers	1
prayerful	1
praises	1
praiie	1
practice	1
practically	1
pours	1
pouring	1
possibly	1
possess	1
portrayed	1
portion	1
portals	1
pore	1
popularity	1
popular	1
poorest	1
ponder	1
polite	1
poison	1
pm	1
plummet	1
plumage	1
plucked	1
pluck	1
plenty	1
pleads	1
pleading	1
pleaded	1
planter	1
plague	1
placm	1
placing	1
pit	1
pine	1
pilot	1
pillow	1
pillars	1
pill	1
pilgrims	1
piety	1
pierced	1
physic	1
phov	1
philistine	1
philadelphia	1
pharisee	1
petitioner	1
perverted	1
peru	1
pertness	1
pertain	1
pert	1
persuasion	1
persuaded	1
personified	1
person	1
persevere	1
persecuted	1
perisii	1
perishing	1
perishable	1
perfects	1
per	1
penitence	1
pending	1
pelf	1
peasant	1
paviliohj	1
patron	1
parts	1
partly	1
partition	1
particles	1
participate	1
partial	1
pari	1
pardon	1
pant	1
panoply	1
paltry	1
pallid	1
pale	1
paint	1
pained	1
pages	1
oxen	1
ox	1
owe	1
overwhelmed	1
overthrown	1
outlawed	1
outlaw	1
ordain	1
orbs	1
oppressive	1
oppressed	1
opposm	1
opm	1
opened	1
oneness	1
ol	1
offspring	1
offering	1
offensive	1
offendeth	1
oer	1
obvious	1
observer	1
observe	1
observation	1
obscenity	1
obeys	1
obeyed	1
obeisance	1
obedient	1
oath	1
nut	1
nusband	1
nurture	1
nursed	1
numerous	1
numberm	1
number	1
november	1
novelty	1
nought	1
noticed	1
nosegay	1
noonday	1
nonentity	1
noisome	1
nobly	1
nigh*	1
newel	1
nevermore	1
never-failing	1
nest	1
nerve	1
nephew	1
negro	1
neglected	1
neglect	1
neat	1
nausea	1
natal	1
my^arrival	1
mutual	1
mute	1
musulman	1
mussulmen	1
musings	1
murdered	1
movm	1
moves	1
movements	1
moved	1
mov'dl	1
mouths	1
mourner	1
mourn	1
mounts	1
moulds	1
mouldering	1
motives	1
mote	1
mortal	1
moreover	1
moon	1
monster	1
mongrel	1
monarch	1
moments	1
molest	1
moles	1
modest	1
mode	1
mockery	1
mocked	1
mock	1
moat	1
moan	1
mixed	1
mists	1
mistress	1
mistaken	1
mistake	1
mission	1
miss	1
miseries	1
miser	1
mischief	1
miry	1
minutes	1
mint	1
minstrelsy	1
ministered	1
minister	1
minions	1
mingling	1
minerals	1
milton	1
milk	1
miiid	1
miglity	1
midnight	1
mexico	1
meteors	1
meteor	1
mete	1
message	1
merriment	1
merit	1
meridian	1
mere	1
mental	1
menial	1
members	1
melt	1
meeting	1
meekly	1
measures	1
measure	1
meandering	1
mead	1
mayest	1
maxims	1
mavis	1
matt	1
maternal	1
masters	1
mass	1
mary	1
martyr	1
marty	1
march	1
manufacture	1
mantling	1
manners	1
mankind	1
manger	1
mandate	1
mammon	1
malign	1
malice	1
making	1
maketh	1
maid	1
magnify	1
magherafelt	1
mado	1
madly	1
machinery	1
m	1
lynching	1
luxuriate	1
lute	1
lusls	1
luke	1
lowest	1
lowering	1
low	1
lovm	1
lovelier	1
lovejoy	1
lovejot	1
louder	1
lotc	1
lose	1
looked	1
longs	1
longings	1
lonely	1
lol	1
loftiness	1
lodged	1
lodge	1
locke	1
loathes	1
loathe	1
lives	1
lived	1
list	1
lisp	1
lion	1
link	1
lingers	1
lingered	1
lines	1
limpid	1
limits	1
likewise	1
lifts	1
life'^s	1
licentiousness	1
lias	1
lest	1
lessons	1
lessen	1
leprous	1
leprosy	1
lepers	1
length	1
leer	1
lechery	1
leaven	1
learning	1
learn	1
leaning	1
lean	1
leader	1
lays	1
lava	1
latest	1
lap	1
languor	1
languishes	1
lamb	1
laid	1
ladies	1
laden	1
lack	1
la	1
knowest	1
knots	1
knock	1
knives	1
knell	1
knaves	1
kisses	1
kissed	1
kindness	1
kindled	1
kindle	1
keys	1
kept	1
juvenile	1
judson	1
judge	1
judas	1
joying	1
jot	1
join	1
jnust	1
jno	1
jirst	1
jire	1
jew	1
jealousies	1
jas	1
jarring	1
jar	1
jacob	1
iwe	1
ity	1
itj	1
itering	1
israel	1
islands	1
iron	1
invites	1
invitation	1
invincible	1
investigation	1
invades	1
intrude	1
introduction	1
intreats	1
intervene	1
interspersed	1
intermission	1
interfere	1
interesting	1
interest	1
intently	1
intelligence	1
intellect	1
insure	1
instrument	1
instruction	1
instruct	1
instinct	1
instance	1
inspired	1
inserted	1
inscrutable	1
inquirers	1
innocent	1
inmost	1
injunction	1
iniquity	1
influence	1
infidels	1
infidel	1
infernal	1
infallible	1
inexhausted	1
inebriate	1
industry	1
indulgent	1
indulged	1
indulge	1
indigent	1
indias	1
inclined	1
incarnate	1
impute	1
improved	1
impressions	1
impress	1
importunately	1
imports	1
important	1
implore	1
impiously	1
impious	1
impiety	1
impetus	1
impeach	1
impartial	1
impair	1
immutable	1
immoveably	1
immersion	1
immediately	1
immediate	1
imitate	1
imbibed	1
imbibe	1
illumine	1
illumes	1
illinois	1
ilim	1
iliis	1
ihcre'^s	1
ideas	1
icy	1
i'll	1
hypocrites	1
hypocrite	1
hut	1
hurt	1
hungry	1
humility	1
humbly	1
humbled	1
hum	1
hues	1
hrs	1
howling	1
hover	1
host	1
horror	1
horrid	1
hord	1
hoping	1
hopes	1
honours	1
honour	1
holier	1
hoist	1
hithei	1
hill	1
higherj	1
heroic	1
herod	1
herein	1
herds	1
herculean	1
herald	1
henry	1
held	1
heeds	1
heedless	1
heathen	1
hears	1
heard	1
healthful	1
heal	1
headlong	1
headache	1
he'll	1
hc\\\	1
haughty	1
haste	1
harmony	1
harm	1
hardly	1
harbingers	1
harbinger	1
happen	1
haply	1
hapless	1
hall	1
half	1
hailed	1
haggard	1
gurgling	1
guns	1
guiltless	1
guilfy	1
guidance	1
guest	1
guards	1
grown	1
growing	1
grow	1
gropest	1
groaned	1
grieve	1
griefs	1
greets	1
greet	1
grbat	1
gravely	1
gratitude	1
gratefully	1
grateful	1
grasp	1
governs	1
gossler	1
goldsmith	1
goldfinch	1
godown	1
goal	1
glowed	1
glorify	1
gloomy	1
glittering	1
glee	1
gleaming	1
gleam	1
glassy	1
glare	1
glance	1
gird	1
gilead	1
gilds	1
gift	1
ghre^	1
genuine	1
genius	1
gen	1
gazo	1
gazed	1
gaudy	1
gates	1
gate	1
garden	1
garb	1
gambling	1
gales	1
gainsay	1
gaily	1
fvery	1
furious	1
fullness	1
fulgence	1
fulfilled	1
frustrate	1
fruly	1
frowns	1
froward	1
frolic	1
friendship	1
frequent	1
frees	1
freemen	1
freeman	1
freed	1
fraudy	1
frame	1
fragrance	1
fragance	1
fount	1
foul	1
fought	1
forward	1
fortune	1
fortitude	1
fortify	1
forsook	1
forsake	1
forra'd	1
formed	1
forgotten	1
forgiveness	1
forgiven	1
forbidding	1
forbidden	1
foo	1
fondly	1
folly	1
follows	1
following	1
followers	1
followed	1
foetid	1
foesj	1
foam	1
flutter	1
flowj	1
flowing	1
flowed	1
flits	1
fliir	1
flesh	1
fleet	1
fled	1
five	1
fish	1
firmament	1
fired	1
finite	1
finishm	1
finger	1
fine	1
filthy	1
fills	1
fillm	1
filling	1
filled	1
fiercest	1
fiends	1
fields	1
fiee	1
fickle	1
fh	1
fervour	1
female	1
felon	1
fellows	1
fell	1
felicity	1
feelings	1
fed	1
feathered	1
fearless	1
fe	1
faxiien	1
favouring	1
fault	1
fatigue	1
fashions	1
fashioned	1
fashionable	1
fashion	1
fascinate	1
farej	1
fare	1
fame	1
faltering	1
falter	1
false	1
falls	1
falling	1
faithunfa	1
faintly	1
fails	1
failed	1
faculties	1
fact	1
fables	1
fa.\ot	1
exulted	1
extract	1
exquisite	1
expulsion	1
expression	1
expose	1
expiring	1
expert	1
experience	1
expansively	1
expanded	1
expand	1
exile	1
exercised	1
exemption	1
exempt	1
execute	1
excuse	1
exclaim	1
exceptions	1
exception	1
except	1
excelling	1
examine	1
examination	1
exalteth	1
exalted	1
everywhere	1
europe	1
etna	1
estimates	1
estimate	1
esteemed	1
estate	1
est	1
especially	1
erudite	1
erect	1
epitaph	1
envious	1
entwine	1
entreaties	1
enters	1
ensnaro	1
enslaving	1
enslaves	1
enslaved	1
enormous	1
enjoyments	1
enjoyed	1
enhances	1
engraver	1
england	1
engagm	1
engaged	1
engage	1
enemy	1
endures	1
endsj	1
ended	1
endears	1
endear	1
encouraged	1
encircle	1
enchanted	1
enchained	1
empty	1
employs	1
employment	1
emigrating	1
embraced	1
emblem	1
emancipate	1
emanations	1
eligible	1
elevate	1
element	1
election	1
egypt	1
effulgent	1
educate	1
echoes	1
eble	1
eating	1
easy	1
east	1
ease	1
easa	1
earthquake	1
earnest	1
earliest	1
ear	1
ea	1
e	1
dying	1
dwelled	1
duly	1
dull	1
duelling	1
dry	1
drunk	1
dross	1
droop	1
dromorl	1
driven	1
drinking	1
dreams	1
dragged	1
dozen	1
downward	1
dovelike	1
dove	1
doubted	1
double	1
doth	1
dormant	1
dominion	1
domiin	1
domain	1
doleful	1
doings	1
doing	1
divides	1
distressing	1
distressed	1
distress	1
distracts	1
distinctions	1
distillery	1
distilled	1
dissolved	1
dissolution	1
disregard	1
dispersed	1
disperse	1
dispensing	1
disorder	1
dismayed	1
disgusting	1
disease	1
discordant	1
discloses	1
disclose	1
disclaims	1
discerning	1
disc	1
disagree	1
directors	1
direction	1
dimpled	1
diligence	1
digression	1
diffused	1
dieth	1
dictates	1
diamonds	1
dews	1
dewdrops	1
dew	1
devoted	1
devious	1
detraction	1
dethroned	1
determined	1
destroy	1
destined	1
despots	1
despised	1
desires	1
design	1
deserved	1
desert	1
description	1
describe	1
descends	1
descended	1
descend	1
deride	1
depravm	1
deplore	1
departure	1
departing	1
departed	1
denies	1
demon	1
delusion	1
deliverer	1
deliver	1
delights	1
deliberate	1
delaware	1
deism	1
deigns	1
deifies	1
degrading	1
defile	1
defied	1
defects	1
deepis'd	1
deepest	1
decrepit	1
declines	1
decline	1
deck	1
decision	1
deceiver	1
deceived	1
deceit	1
decease	1
decayed	1
debased	1
deathlike	1
dearly	1
dealers	1
deaf	1
deadness	1
davis	1
darkened	1
danger	1
damp	1
damning	1
daisy	1
daisies	1
daggers	1
cut	1
current	1
curbs	1
cunning	1
cummin	1
cumc	1
cumbrous	1
crystal	1
crucify	1
crowds	1
crouch	1
crooked	1
crimes	1
creed	1
creature	1
creates	1
crawling	1
cravings	1
crave	1
cowper	1
cower	1
counts	1
counteract	1
countenances	1
counsels	1
counsel	1
couch	1
cottages	1
cost	1
corrupts	1
corruptions	1
corners	1
cordially	1
copiously	1
conversation	1
contrition	1
contrary	1
contradiction	1
continents	1
contentment	1
consuming	1
consume	1
constrain	1
consternation	1
constant	1
constancy	1
conspiring	1
console	1
consoience	1
consequent	1
consecrate	1
consciousness	1
conquered	1
confute	1
confusion	1
confounded	1
confirm	1
confined	1
confine	1
confiding	1
confessed	1
condescend	1
condemned	1
concerning	1
concentrate	1
conceived	1
concede	1
conceal	1
complexion	1
complex	1
complain	1
compel	1
compassionate	1
compassed	1
companions	1
companion	1
committed	1
commit	1
commence	1
command	1
comfort	1
combined	1
combine	1
colour	1
color'd	1
colleges	1
collect	1
cognizance	1
coffers	1
coeval	1
codes	1
code	1
clipse	1
climes	1
climax	1
cliildhood	1
clieekl	1
cleansm	1
cleansed	1
clean	1
clad	1
city	1
circumstances	1
circling	1
circled	1
chosen	1
choose	1
choir	1
choicest	1
chime	1
chilling	1
cherishm	1
cherish	1
cheered	1
check	1
chastising	1
chastisements	1
chasm	1
chasing	1
charmm	1
charged	1
charge	1
characters	1
chaotic	1
chaos	1
changeth	1
change	1
chance	1
chambers	1
cessation	1
certain	1
ceasing	1
ceased	1
causey	1
cattle	1
cat	1
carej	1
careful	1
career	1
captivate	1
captain	1
capt	1
candour	1
can't	1
calling	1
calif	1
calculated	1
byword	1
bye	1
buy	1
but.by	1
busy	1
bury	1
burst	1
burden	1
bunyan	1
buffetings	1
budding	1
bud	1
browsing	1
brooky	1
brooks	1
brook	1
broods	1
briny	1
brilliancy	1
brightest	1
bricks	1
breeze	1
breed	1
breathes	1
breaking	1
brand	1
branches	1
bows	1
bowed	1
bounties	1
bosom	1
borrows	1
books	1
book	1
bondman	1
bondage	1
bold	1
boasted	1
boards	1
blushing	1
blot	1
blossom	1
blooms	1
block	1
blindly	1
blight	1
blessing	1
blending	1
blend	1
bleeds	1
bleed	1
bled	1
blaze	1
blast	1
blaspheme	1
blank	1
bidding	1
bible	1
beyond	1
between	1
betrayed	1
betray	1
bespoke	1
bespeaks	1
bespeak	1
besides	1
bepent	1
bent	1
benignant	1
benevolence	1
belle	1
bell	1
belieye	1
believers	1
beholds	1
beholders	1
behind	1
begun	1
beguile	1
begins	1
began	1
befall	1
bees	1
bee	1
bedew	1
becoming	1
becomes	1
became	1
beau	1
beats	1
beaming	1
battle	1
bathe	1
basis	1
bashful	1
basest	1
baser	1
basely	1
bars	1
bark	1
baptism	1
banks	1
baneful	1
baits	1
bad	1
back	1
b	1
aye	1
awoke	1
awed	1
awaken	1
awaits	1
averse	1
avenues	1
avenge	1
authority	1
austere	1
aurora	1
august	1
aud	1
attractive	1
attractions	1
attested	1
attended	1
attempts	1
attack	1
atorra	1
atheist	1
atheism	1
astray	1
assume	1
assent	1
assembling	1
assail'dl	1
assail	1
aspirations	1
asleep	1
asks	1
ashamed	1
ascend	1
arts	1
artifice	1
arrow	1
arrives	1
arrived	1
arrest	1
arrangement	1
arranged	1
arose	1
arms	1
armies	1
arising	1
argues	1
archer	1
archangels	1
archangel	1
araen^	1
approves	1
approval	1
approbation	1
approbate	1
approaches	1
appendages	1
appeared	1
appeal	1
apparent	1
answered	1
annoy	1
announced	1
anise	1
angry	1
andjaugh	1
ancl	1
amply	1
amplest	1
ample	1
among	1
amidst	1
america	1
alton	1
alternately	1
also	1
allure	1
allegiance	1
alexander	1
album	1
ail	1
ahl	1
agony	1
age	1
ag^in	1
afraid	1
afl^icls	1
afford	1
affliction	1
afflicted	1
affectionate	1
affect	1
adverse	1
adorning	1
adoring	1
admire	1
adjusted	1
active	1
actions	1
action	1
acquaint	1
accountability	1
acclaims	1
accepted	1
abuser	1
abuse	1
abundance	1
absurdity	1
abstruse	1
abroad	1
abraham	1
abode	1
abidingly	1
abiding	1
abhors	1
abel	1
abba	1
abate	1
aa?e	1
^hhey	1
^^color'd	1
^^	1
\	1
7th	1
6tli	1
3ehold	1
.-	1
.,	1
******	1
'^	1
'-	1
',	1
!*	1
!''	1
!'	1
!!	1
