,	472
and	234
the	213
.	210
to	131
of	102
in	65
their	54
a	41
heaven	40
as	39
all	39
they	37
his	35
from	32
on	28
;	27
he	22
with	21
or	21
|'s|	20
its	20
high	17
who	16
were	16
where	15
earth	15
world	14
when	14
that	14
light	14
eternal	14
—	13
now	13
no	13
is	13
upon	12
through	12
long	12
thy	11
order	11
for	11
ever	11
at	11
whose	10
shall	10
nor	10
more	10
are	10
those	9
son	9
out	9
one	9
him	9
heavenly	9
face	9
day	9
by	9
beneath	9
be	9
angels	9
an	9
'	9
yet	8
worth	8
worlds	8
will	8
was	8
vast	8
this	8
such	8
sent	8
pure	8
power	8
mighty	8
them	7
spirit	7
sight	7
seat	7
place	7
her	7
had	7
great	7
full	7
far	7
eye	7
deep	7
but	7
:	7
!	7
|arabic2digit|	6
word	6
which	6
thus	6
soon	6
song	6
saw	6
race	6
praise	6
perfect	6
open	6
not	6
night	6
new	6
it	6
how	6
form	6
flight	6
first	6
exalted	6
everlasting	6
destined	6
came	6
bright	6
both	6
beyond	6
beings	6
before	6
bear	6
alone	6
works	5
train	5
time	5
throne	5
thought	5
there	5
spread	5
space	5
sound	5
skies	5
silent	5
shine	5
round	5
rise	5
right	5
omnipotence	5
o	5
joy	5
heard	5
hand	5
glory	5
fill	5
every	5
endless	5
each	5
do	5
creation	5
create	5
clear	5
against	5
about	5
without	4
within	4
we	4
way	4
waters	4
up	4
things	4
themselves	4
systems	4
suns	4
strict	4
stay	4
sphere	4
shade	4
secret	4
part	4
over	4
once	4
might	4
immensity	4
hold	4
grace	4
godlike	4
fixed	4
father	4
fall	4
ethereal	4
down	4
doth	4
divine	4
darkness	4
daring	4
course	4
complete	4
celestial	4
bound	4
born	4
birth	4
behold	4
away	4
art	4
around	4
angel	4
age	4
above	4
ye	3
worthy	3
work	3
wing	3
wilful	3
wide	3
whom	3
whence	3
wheel	3
what	3
well	3
vice	3
vacant	3
us	3
until	3
undertake	3
unbounded	3
tread	3
took	3
till	3
throng	3
though	3
then	3
themes	3
stood	3
state	3
stars	3
spheres	3
spake	3
sky	3
sing	3
since	3
show	3
shone	3
shines	3
seen	3
see	3
same	3
rolling	3
removed	3
ray	3
punishment	3
pole	3
plan	3
plain	3
ordained	3
only	3
oft	3
off	3
occasion	3
obedience	3
nought	3
nature	3
name	3
myriads	3
move	3
mortal	3
morn	3
mark	3
make	3
majestic	3
made	3
low	3
looks	3
lit	3
line	3
life	3
laws	3
last	3
king	3
innumerable	3
inhabitants	3
infinite	3
infernal	3
image	3
honour	3
home	3
highest	3
have	3
good	3
god	3
fled	3
find	3
feel	3
fair	3
eyes	3
expanse	3
eve	3
eternally	3
ere	3
end	3
did	3
dark	3
created	3
could	3
confusion	3
chaos	3
changed	3
cause	3
breathe	3
breath	3
boundless	3
behind	3
awe	3
attended	3
attendant	3
among	3
again	3
abroad	3
years	2
wrought	2
would'st	2
working	2
woke	2
wo	2
wisdom	2
wild	2
whole	2
wear	2
wave	2
watery	2
waste	2
walks	2
wait	2
view	2
verse	2
venturous	2
usual	2
upright	2
upper	2
upheld	2
untouched	2
unsought	2
unknown	2
universe	2
universal	2
unformed	2
unfold	2
understood	2
unchanged	2
twinkling	2
twas	2
try	2
trace	2
toward	2
thou	2
these	2
theme	2
taught	2
sway	2
surge	2
supreme	2
sunny	2
sunk	2
sung	2
sun	2
subject	2
strength	2
street	2
stationed	2
star	2
some	2
solemn	2
sole	2
so	2
smiles	2
sleep	2
sins	2
sink	2
single	2
side	2
shrouded	2
should	2
shoreless	2
set	2
serve	2
sense	2
second	2
sceptre	2
rule	2
roam	2
revered	2
retired	2
rest	2
reigns	2
reign	2
rehearse	2
regions	2
region	2
reason	2
realm	2
ranged	2
raised	2
quick	2
prove	2
profound	2
procession	2
polar	2
play	2
plains	2
perfection	2
pensive	2
peaceful	2
passing	2
own	2
our	2
other	2
omnipotent	2
obscure	2
oblivion	2
obedient	2
northern	2
newborn	2
never	2
naked	2
my	2
music	2
muse	2
multitudes	2
much	2
moved	2
mood	2
mong	2
minstrel	2
mind	2
men	2
measure	2
meanwhile	2
maze	2
matter	2
material	2
marked	2
maintained	2
love	2
looked	2
like	2
lend	2
left	2
led	2
lays	2
law	2
keep	2
joined	2
itself	2
instruments	2
inspiration	2
infant	2
increate	2
impressed	2
immortal	2
illume	2
if	2
i	2
human	2
hosts	2
horror	2
hope	2
holds	2
himself	2
held	2
has	2
harmony	2
happiness	2
handed	2
guise	2
ground	2
golden	2
gold	2
globe	2
given	2
gates	2
gainst	2
fulfilled	2
found	2
forms	2
foot	2
fit	2
fate	2
fame	2
fallen	2
fairest	2
essay	2
errands	2
equal	2
effulgent	2
dwell	2
domain	2
disobedience	2
descending	2
depths	2
deity	2
deign	2
deepening	2
days	2
crystal	2
countless	2
countenance	2
councils	2
concord	2
conceived	2
commenced	2
command	2
coming	2
clothed	2
claim	2
clad	2
circumference	2
chief	2
centre	2
calm	2
burst	2
breast	2
bold	2
blissful	2
bliss	2
blessed	2
bent	2
beams	2
band	2
awful	2
astonished	2
asks	2
ardour	2
appeared	2
another	2
annual	2
angelic	2
ancient	2
amid	2
amazed	2
almighty	2
alas	2
air	2
aim	2
adorn	2
acts	2
accessive	2
abyss	2
abode	2
?	2
*	2
(	2
•	1
»■	1
~	1
|romannumeral|	1
|arabic1digit|	1
{	1
yppr	1
youthful	1
youth	1
your	1
yields	1
wrapped	1
would	1
worked	1
words	1
wonted	1
wnngs	1
witnesses	1
witness	1
withering	1
withdraws	1
wink	1
why	1
while	1
wherever	1
wheresoever	1
wheels	1
weary	1
waves	1
wavering	1
watchful	1
wastes	1
warmth	1
war	1
wall	1
walked	1
walk	1
wake	1
voyage	1
votaries	1
void	1
voices	1
voice	1
vocal	1
vntnesses	1
vital	1
virtue	1
vigils	1
viewed	1
vi^ay	1
verk	1
verging	1
verge	1
vengeance	1
varying	1
variety	1
vans	1
vain	1
v^ho	1
uuc	1
utmost	1
upborne	1
unveiled	1
untrodden	1
untrod	1
unthought	1
unseen	1
united	1
unheard	1
unfelt	1
unfading	1
unerring	1
uncreated	1
unconstrained	1
unconfined	1
unclouded	1
unchanging	1
unceasing	1
unborn	1
uke	1
ujion	1
twain	1
turned	1
truth	1
true	1
triune	1
transient	1
transgression	1
transgress	1
tranquil	1
trackless	1
towering	1
torrent	1
tones	1
tn	1
tjie	1
tiie	1
thyself	1
throughout	1
thoughts	1
third	1
they've	1
they'll	1
thermophyla	1
thence	1
theircourse	1
theii*	1
thee	1
than	1
test	1
tend	1
temptation	1
te	1
taste	1
t^prpbilr.o	1
t^f	1
sweet	1
sustained	1
suspense	1
survived	1
survey	1
surpassing	1
surpasses	1
surges	1
sure	1
supine	1
superior	1
suffocating	1
sufficient	1
suffice	1
suffering	1
sudden	1
succession	1
submiss	1
sublime	1
struggling	1
struck	1
strong	1
strive	1
strife	1
stretched	1
stretch	1
streets	1
strange	1
strains	1
strain	1
still	1
stem	1
stays	1
stayed	1
stately	1
started	1
starry	1
stand	1
springs	1
spring	1
spotless	1
spot	1
sporting	1
spoke	1
splieres	1
splendent	1
spits	1
spite	1
spirits	1
spectacles	1
spectacle	1
speak	1
souls	1
sons	1
songster	1
solitary	1
solar	1
soft	1
social	1
smiling	1
slept	1
skill	1
skilful	1
skiea	1
sits	1
sit	1
silence	1
sights	1
sighs	1
shuts	1
shore	1
she	1
share	1
shame	1
shades	1
served	1
serene	1
seraphs	1
seraphim	1
seraphic	1
seraph	1
separate	1
semblance	1
select	1
seheme	1
sees	1
seek	1
secure	1
seats	1
seashore	1
sealed	1
scheme	1
sceptres	1
sceptred	1
scenes	1
scene	1
scarcely	1
save	1
sapphire	1
sand	1
saj	1
saints	1
s	1
run	1
ruling	1
ruled	1
royal	1
rove	1
rounds	1
rotation	1
rose	1
rolled	1
rode	1
roar	1
rising	1
risen	1
righteous	1
rietrifii	1
rier)f*f	1
riding	1
revolving	1
revolve	1
revisiting	1
reverent	1
reverence	1
revealed	1
return	1
resurrection	1
resting	1
respond	1
resounds	1
resounding	1
resides	1
resident	1
reserved	1
request	1
represent	1
repose	1
repeat	1
renowned	1
remorse	1
remnant	1
remains	1
remain	1
rejoined	1
rejoin	1
reflects	1
reel	1
reechoed	1
receiving	1
rebels	1
rebellion	1
rebelled	1
realms	1
real	1
re	1
rast	1
raptured	1
ranks	1
rank	1
radiant	1
radiance	1
quite	1
put	1
provoke	1
proved	1
prospect	1
proposition	1
propitious	1
prompt	1
prominent	1
prolong	1
projecting	1
projected	1
project	1
progression	1
profundity	1
probaton	1
prince	1
priest	1
preys	1
presiding	1
present	1
prerogative	1
prepared	1
preeminent	1
prcorf'irf	1
ppisfbirr	1
ppfc	1
powers	1
posterity	1
possessed	1
portion	1
portals	1
pond	1
poised	1
poet	1
pnnlshraent	1
pleasure	1
pleased	1
plaintive	1
pervades	1
persian	1
people	1
penetrating	1
peace	1
pay	1
pause	1
pass	1
partition	1
partake	1
paradise	1
pait	1
outspreading	1
outshine	1
outrageous	1
ours	1
orders	1
ordains	1
orbs	1
oppose	1
opening	1
opened	1
omplete	1
officers	1
offer	1
ofcopr.rcff	1
ocean	1
occupants	1
obscurity	1
numbers	1
numberless	1
number	1
note	1
next	1
nefk	1
near	1
native	1
natal	1
n	1
mystic	1
mystery	1
myself	1
mute	1
must	1
muss	1
musing	1
murmuring	1
moving	1
movest	1
moves	1
mould	1
most	1
moral	1
moons	1
moonlight	1
moon	1
months	1
monitory	1
moment	1
minds	1
mild	1
mien	1
mid	1
mete	1
messenger	1
message	1
merit	1
mere	1
mental	1
meets	1
meek	1
mature	1
matchless	1
mastery	1
many	1
manner	1
mankind	1
mandate	1
maintains	1
main	1
lyre	1
lowly	1
loud	1
lot	1
lost	1
lone	1
lo	1
living	1
lives	1
lived	1
live	1
listening	1
lies	1
lie	1
lesson	1
less	1
lent	1
least	1
lead	1
lay	1
landscape	1
land	1
known	1
knowledge	1
know	1
kingdom	1
justice	1
just	1
joys	1
join	1
jo	1
jmid	1
j&tk	1
invocation	1
into	1
interest	1
intent	1
intelligents	1
instant	1
inspiring	1
innocence	1
inhabited	1
inhabit	1
infused	1
infinity	1
incomprehensible	1
incessant	1
impiinted	1
impart	1
immense	1
illimitable	1
ill	1
ihe	1
icith	1
ic	1
hymn	1
hushed	1
hurled	1
humility	1
hours	1
hour	1
horn	1
honoured	1
holy	1
hoary	1
hills	1
highly	1
hides	1
hidden	1
hid	1
hf	1
heir	1
height	1
heaving	1
heavens	1
heart	1
hear	1
heads	1
having	1
havenly	1
haven	1
hath	1
harps	1
harmonising	1
harmonious	1
hack	1
habitation	1
habitable	1
guide	1
grows	1
groans	1
green	1
greatness	1
greatest	1
graven	1
grave	1
grant	1
grandeur	1
grand	1
gradations	1
gradation	1
graces	1
government	1
gorgeous	1
godhead	1
go	1
globous	1
glimpse	1
giver	1
ghosts	1
genial	1
general	1
gaze	1
gaudy	1
gate	1
gained	1
gain	1
frown	1
front	1
frighted	1
fretful	1
free	1
frame	1
forth	1
former	1
formed	1
formation	1
forlorn	1
foreheads	1
fore	1
force	1
fntftpd	1
flies	1
fj	1
fitted	1
finger	1
final	1
filled	1
fiends	1
fhf	1
felt	1
favoured	1
favour	1
fathom	1
fathers	1
farthest	1
fancy	1
famed	1
faint	1
f^r^ittt	1
f	1
extent	1
extending	1
expelled	1
expedition	1
existing	1
existence	1
exist	1
execute	1
except	1
exact	1
evil	1
eternity	1
esteemed	1
estate	1
enjoyed	1
endure	1
enchant	1
empyreal	1
employment	1
empire	1
eminence	1
emerged	1
else	1
effusion	1
ecstasy	1
econi>	1
earnest	1
earliest	1
ear	1
dust	1
dungeons	1
due	1
drove	1
driven	1
dressed	1
dreary	1
drear	1
dreams	1
draw	1
draught	1
downy	1
dovelike	1
doubtful	1
doom	1
done	1
dominions	1
diunial	1
district	1
distant	1
disposal	1
displayed	1
disperse	1
disorder	1
disobey	1
disobedient	1
discordant	1
discontent	1
disclose	1
discerning	1
disapproving	1
disappear	1
dire	1
dim	1
dignity	1
diffuse	1
devotees	1
dethroned	1
desire	1
deserved	1
deserve	1
deluge	1
delight	1
deigns	1
deepest	1
deeper	1
deem	1
deducing	1
decrees	1
death	1
dealing	1
dead	1
dazzle	1
darkest	1
dared	1
dare	1
cumbrous	1
crowned	1
creative	1
creaates	1
countenances	1
corresponding	1
converse	1
control	1
contract	1
consultation	1
conspicuous	1
conscience	1
congregating	1
confounded	1
conceiving	1
concave	1
complained	1
competent	1
compass	1
company	1
commotion	1
commissioned	1
commission	1
commences	1
commands	1
come	1
clothes	1
closing	1
closer	1
clay	1
circuitous	1
circuit	1
choir	1
child	1
chiefest	1
cherish	1
cheering	1
check	1
charmed	1
chant	1
chains	1
celebrate	1
caught	1
care	1
car	1
candidates	1
can	1
call	1
cadent	1
bv	1
burning	1
broad	1
bring	1
brigh	1
bred	1
breathing	1
brazen	1
brave	1
bounds	1
bond	1
blaze	1
blackening	1
billows	1
bidding	1
betook	1
betimes	1
betake	1
best	1
berefl	1
bending	1
below	1
behove	1
behest	1
begun	1
begmning	1
begin	1
beget	1
been	1
beds	1
beam	1
bat	1
banners	1
banish	1
bade	1
axis	1
awakening	1
awakened	1
awaken	1
avenging	1
autumn	1
authority	1
attire	1
attending	1
attend	1
asunder	1
astonishment	1
assigned	1
asserts	1
assembled	1
aspired	1
aspire	1
aspect	1
aside	1
articulating	1
arrived	1
array	1
arose	1
ariing	1
archangels	1
archangel	1
approving	1
appointed	1
appears	1
appear	1
apostate	1
apace	1
anticipating	1
anointed	1
amiss	1
ambition	1
always	1
although	1
allegiance	1
ail	1
aid	1
ah	1
aggravating	1
agents	1
after	1
afar	1
aethereal	1
aereal	1
aeon	1
advanced	1
adore	1
admittance	1
admire	1
addresses	1
adamant	1
adam	1
act	1
across	1
accustomed	1
accompanied	1
absent	1
[	1
>'\	1
/	1
..	1
-	1
*•■*,	1
*:	1
*.	1
'>\	1
",	1
"	1
