,	1205
the	761
.	723
and	572
of	390
to	259
in	213
|'s|	202
i	199
my	170
with	165
!	141
;	136
for	132
a	126
that	125
all	123
his	120
he	112
not	96
is	96
from	96
thy	95
life	89
but	83
on	82
god	78
we	76
me	76
heart	75
—	74
its	74
it	71
which	70
are	69
"	69
?	66
thou	65
as	65
by	64
our	62
be	58
heaven	56
lord	54
no	52
so	51
light	51
'	50
their	48
soul	48
this	47
!"	46
was	44
thee	44
him	44
had	44
then	42
there	39
or	39
yet	38
when	38
earth	38
one	37
have	37
at	37
will	36
what	36
day	36
how	35
upon	34
|arabic2digit|	33
o	33
can	33
us	32
love	32
away	32
work	31
who	30
they	30
sweet	30
she	30
shall	30
nor	30
know	30
her	30
''	30
over	29
like	29
hath	29
such	27
still	27
where	26
thine	26
joy	26
christ	26
|arabic1digit|	25
said	25
peace	25
long	25
would	24
through	24
night	24
far	24
blessed	24
angel	24
*'	24
could	23
."	23
these	22
strife	22
own	22
may	22
let	22
whose	21
up	21
those	21
if	21
glory	21
years	20
time	20
thought	20
rest	20
only	20
given	20
give	20
eyes	20
death	20
bright	20
while	19
were	19
see	19
more	19
into	19
heavenly	19
above	19
world	18
hope	18
come	18
calm	18
words	17
weary	17
voice	17
look	17
beyond	17
unto	16
till	16
sea	16
hands	16
hand	16
ever	16
before	16
again	16
word	15
though	15
than	15
tears	15
speak	15
sin	15
now	15
never	15
great	15
feet	15
deep	15
clouds	15
way	14
must	14
hear	14
dreary	14
care	14
trust	13
too	13
some	13
smile	13
prayer	13
pray	13
passing	13
out	13
man	13
live	13
little	13
leaves	13
lay	13
holy	13
hearts	13
full	13
field	13
each	13
bells	13
air	13
across	13
:	13
vain	12
toil	12
star	12
spirit	12
round	12
pure	12
none	12
loving	12
lo	12
ivy	12
flowers	12
even	12
down	12
celestial	12
an	12
alone	12
**	12
them	11
spring	11
souls	11
sky	11
river	11
poor	11
nought	11
music	11
mine	11
might	11
master	11
many	11
low	11
last	11
jesus	11
home	11
high	11
here	11
heavy	11
gone	11
gift	11
endless	11
earthly	11
door	11
do	11
divine	11
dark	11
bless	11
been	11
woe	10
utter	10
thus	10
sublime	10
strength	10
stand	10
sorrow	10
slow	10
skies	10
shut	10
should	10
set	10
sad	10
past	10
pain	10
near	10
heard	10
harvest	10
gold	10
face	10
every	10
dear	10
dawn	10
child	10
cannot	10
came	10
boundless	10
behold	10
bear	10
ah	10
wings	9
whom	9
whether	9
until	9
throne	9
think	9
take	9
stood	9
song	9
sight	9
sacred	9
ringing	9
radiance	9
prayed	9
place	9
most	9
morning	9
made	9
lost	9
golden	9
fair	9
dim	9
darkness	9
cloud	9
break	9
blue	9
beside	9
beneath	9
balm	9
art	9
answer	9
yield	8
white	8
waste	8
under	8
things	8
thank	8
tender	8
summer	8
spoke	8
sought	8
sleep	8
silent	8
shade	8
seen	8
saw	8
perfect	8
path	8
looked	8
longing	8
lonely	8
immortality	8
human	8
has	8
grew	8
green	8
good	8
glorious	8
found	8
forever	8
fall	8
despair	8
daily	8
bird	8
best	8
beauty	8
answered	8
am	8
after	8
?"	8
wrought	7
well	7
turned	7
touch	7
stars	7
sound	7
silence	7
shining	7
shadows	7
shadow	7
serene	7
seed	7
secret	7
praise	7
passed	7
other	7
need	7
much	7
morn	7
lowly	7
lies	7
lea	7
grief	7
grand	7
go	7
gladness	7
flight	7
fear	7
father	7
faith	7
faint	7
fain	7
evermore	7
eternal	7
distant	7
days	7
cried	7
ask	7
angels	7
yea	6
wondrous	6
wilt	6
watch	6
truth	6
thoughts	6
thorns	6
surely	6
sunshine	6
sunny	6
sun	6
strong	6
strange	6
stands	6
side	6
shore	6
self	6
sabbath	6
rose	6
rich	6
radiant	6
plan	6
narrow	6
mortal	6
message	6
loved	6
lips	6
lest	6
length	6
leave	6
labour	6
knows	6
head	6
happy	6
grow	6
grace	6
glad	6
gate	6
fell	6
feel	6
eternity	6
earnest	6
died	6
did	6
dewy	6
dead	6
crystal	6
crown	6
cool	6
clear	6
breast	6
born	6
blossoms	6
blessing	6
birds	6
better	6
beloved	6
barren	6
around	6
youth	5
woods	5
within	5
win	5
wide	5
went	5
welcome	5
weeds	5
wall	5
wake	5
victory	5
ves	5
twilight	5
trod	5
trees	5
tread	5
transient	5
today	5
thorn	5
task	5
swift	5
success	5
steady	5
solemn	5
small	5
sing	5
silver	5
shine	5
sent	5
seems	5
seem	5
saviour	5
prayers	5
patience	5
pathway	5
oft	5
mountain	5
lives	5
lie	5
liberty	5
led	5
knew	5
keep	5
just	5
house	5
hours	5
hence	5
hast	5
hark	5
hard	5
ground	5
grieve	5
grey	5
gives	5
free	5
fragrant	5
forth	5
fly	5
find	5
few	5
felt	5
fears	5
failed	5
early	5
eager	5
dull	5
done	5
die	5
cross	5
choose	5
children	5
cast	5
cares	5
brow	5
bring	5
breathe	5
between	5
below	5
aside	5
alas	5
|arabic3digit|	4
you	4
year	4
wood	4
wonder	4
whole	4
wait	4
vast	4
unseen	4
turn	4
trembling	4
tell	4
teach	4
tasks	4
sympathy	4
sure	4
sunset	4
sunrise	4
step	4
stem	4
spheres	4
smiled	4
slowly	4
singing	4
show	4
shines	4
sense	4
sees	4
seeking	4
seek	4
say	4
sat	4
sake	4
roses	4
roll	4
right	4
rejoice	4
question	4
priceless	4
precious	4
powers	4
power	4
poured	4
pass	4
part	4
palm	4
outer	4
ours	4
open	4
once	4
oh	4
new	4
name	4
mist	4
mild	4
make	4
m	4
loss	4
looks	4
lighted	4
lift	4
learned	4
leaf	4
laid	4
known	4
kind	4
joys	4
itself	4
infinite	4
idle	4
hopes	4
hoped	4
hold	4
hills	4
hermit	4
help	4
heat	4
happiness	4
growing	4
gracious	4
glowing	4
gloom	4
glimpse	4
giveth	4
gentle	4
gaze	4
fretting	4
form	4
flame	4
first	4
fill	4
faithful	4
failure	4
f	4
everlasting	4
ere	4
enter	4
end	4
duty	4
drop	4
dream	4
dread	4
doubts	4
doth	4
desmodia	4
desire	4
desert	4
dazzling	4
cup	4
cry	4
crept	4
control	4
command	4
comfort	4
cold	4
cloudy	4
closed	4
close	4
chime	4
change	4
canst	4
burden	4
brought	4
broad	4
bringing	4
brighter	4
breaks	4
bliss	4
blind	4
bitter	4
bid	4
barred	4
back	4
apart	4
among	4
always	4
along	4
against	4
accents	4
^'	4
|romannumeral|	3
y	3
wrong	3
wouldst	3
worth	3
worlds	3
wondering	3
won	3
woke	3
wise	3
winter	3
winged	3
winds	3
willing	3
why	3
wholly	3
wet	3
wept	3
weariness	3
ways	3
waves	3
watching	3
watched	3
wasted	3
waited	3
vision	3
veil	3
utterance	3
upper	3
unknown	3
twas	3
trouble	3
tried	3
tree	3
town	3
took	3
told	3
tis	3
tide	3
thrill	3
tempest	3
taught	3
talking	3
t	3
surprise	3
suffering	3
suddenly	3
sudden	3
stubborn	3
strive	3
stream	3
strand	3
strain	3
storm	3
steps	3
steep	3
startled	3
stain	3
splendours	3
sorrows	3
snow	3
slept	3
sings	3
since	3
sighing	3
shroud	3
short	3
shook	3
shed	3
service	3
sendeth	3
seemed	3
satisfied	3
safe	3
rust	3
rocky	3
rock	3
rise	3
reward	3
replied	3
reaping	3
realms	3
real	3
reach	3
ray	3
rain	3
purpose	3
purple	3
prove	3
proud	3
promise	3
prison	3
pressure	3
pleasant	3
plains	3
pearls	3
patient	3
paths	3
passion	3
off	3
ocean	3
noble	3
nightly	3
nest	3
neither	3
neath	3
multitude	3
misty	3
mirth	3
mind	3
mighty	3
men	3
memory	3
meet	3
meadow	3
longed	3
listen	3
land	3
lake	3
knowledge	3
kingdom	3
king	3
j	3
inward	3
inner	3
indeed	3
increase	3
incense	3
immortal	3
ill	3
himself	3
higher	3
hides	3
held	3
heights	3
height	3
healing	3
goodness	3
glow	3
glide	3
gladly	3
giver	3
gifts	3
gates	3
fruit	3
former	3
forest	3
food	3
follow	3
fog	3
floating	3
flee	3
fire	3
filled	3
falls	3
falling	3
fail	3
eye	3
except	3
ear	3
dwelled	3
doubt	3
dost	3
does	3
dies	3
destroy	3
deeper	3
decay	3
deathless	3
dare	3
countless	3
constant	3
climb	3
circumstance	3
cherubim	3
changeless	3
cease	3
burned	3
burn	3
broken	3
brightness	3
breaking	3
bound	3
boon	3
bloom	3
blade	3
birth	3
bent	3
began	3
beams	3
bay	3
bare	3
aye	3
availed	3
asking	3
any	3
aloud	3
ages	3
afar	3
ache	3
abide	3
.'	3
'^	3
%	3
yonder	2
yes	2
yearning	2
ye	2
worship	2
works	2
woes	2
without	2
wisest	2
winging	2
window	2
willow	2
wilderness	2
wild	2
whisper	2
whereon	2
whatever	2
weight	2
weighed	2
weeping	2
weather	2
weapons	2
waving	2
wavering	2
wash	2
warm	2
wandering	2
wandered	2
walls	2
walk	2
wakes	2
waiting	2
voices	2
victorious	2
victor	2
vexed	2
vanished	2
utterly	2
uttered	2
use	2
unrest	2
unless	2
universe	2
unfold	2
understand	2
two	2
try	2
trustfully	2
troubles	2
triumph	2
trembled	2
track	2
trace	2
tone	2
together	2
tired	2
tides	2
thrust	2
thousand	2
thorny	2
thence	2
temple	2
tear	2
taste	2
taken	2
sympathies	2
struggle	2
striven	2
strike	2
stretching	2
stress	2
street	2
stirred	2
stern	2
steadfast	2
sprite	2
springing	2
spread	2
sprang	2
spoken	2
spite	2
spirits	2
sphere	2
spark	2
spaces	2
sown	2
sowing	2
sorely	2
sore	2
sons	2
songs	2
soil	2
soft	2
snowy	2
snowflakes	2
snow-white	2
slumber	2
skill	2
sit	2
sink	2
sick	2
shun	2
shrinking	2
shrine	2
showers	2
showed	2
shone	2
sheaves	2
sharp	2
shalt	2
settled	2
seraphim	2
seeds	2
secure	2
sealed	2
school	2
scheme	2
scattered	2
scarce	2
sang	2
samuel	2
saith	2
sails	2
sadness	2
sadder	2
rude	2
rosy	2
rolled	2
riven	2
rising	2
ripen	2
ripe	2
richer	2
returned	2
resurrection	2
restful	2
repose	2
reply	2
remorse	2
remains	2
remain	2
reluctant	2
relief	2
rejoicing	2
reflection	2
recognise	2
reason	2
reap	2
rays	2
rapturous	2
rapture	2
rapt	2
range	2
rang	2
rainbow	2
raging	2
quiet	2
quickened	2
questioned	2
quest	2
purity	2
profound	2
pressing	2
present	2
presence	2
prepare	2
pour	2
poisoned	2
poet	2
plans	2
planned	2
plain	2
placed	2
pines	2
pilgrim	2
piercing	2
pierce	2
petty	2
perplexed	2
perfection	2
pensive	2
pencilled	2
peerless	2
peaceful	2
paused	2
pale	2
painful	2
others	2
order	2
opened	2
old	2
oak	2
noticed	2
nothingness	2
notes	2
note	2
noise	2
nobler	2
nearer	2
nay	2
n	2
myself	2
musical	2
murmurs	2
murmured	2
mountains	2
mossy	2
moments	2
messengers	2
melodies	2
meadows	2
mayest	2
march	2
mar	2
manna	2
manifold	2
makes	2
main	2
lower	2
loud	2
living	2
listening	2
listened	2
lingered	2
lines	2
lights	2
level	2
lessons	2
lesson	2
less	2
left	2
ledge	2
lays	2
lavished	2
large	2
lamp	2
knoweth	2
knelt	2
kneeling	2
kneel	2
key	2
joyous	2
intense	2
instead	2
inert	2
imploring	2
ideal	2
hymn	2
hung	2
hour	2
hosts	2
horror	2
honour	2
hide	2
herald	2
hell	2
heirs	2
hearing	2
heal	2
heads	2
haunted	2
hate	2
hastened	2
haste	2
harvests	2
harsh	2
harmony	2
hangs	2
grows	2
grim	2
grave	2
gratitude	2
grateful	2
grant	2
grain	2
going	2
glories	2
gloomy	2
gleams	2
gleaming	2
gleam	2
giant	2
get	2
gentians	2
gems	2
gazing	2
gave	2
gathering	2
gather	2
gain	2
future	2
furrows	2
fullest	2
fruitless	2
frost	2
frail	2
fountains	2
forgiving	2
forehead	2
flying	2
flowest	2
flower	2
flow	2
floats	2
flit	2
fleeting	2
fields	2
fetters	2
fes	2
fellowship	2
feeble	2
fed	2
fast	2
farther	2
fallen	2
fairy	2
fainting	2
fails	2
failing	2
eyelids	2
expanse	2
evil	2
everywhere	2
eremite	2
entereth	2
entered	2
enough	2
energy	2
endure	2
endeavours	2
endeavour	2
encouragement	2
encircled	2
employ	2
else	2
electric	2
ecstasy	2
echoes	2
echoed	2
eat	2
earthquake	2
ears	2
eagles	2
eagle	2
dwelling	2
dusky	2
dumb	2
duly	2
dropping	2
drew	2
dreams	2
dreamless	2
doors	2
doing	2
discord	2
didst	2
dews	2
destiny	2
depart	2
defiled	2
defeat	2
deeds	2
deaf	2
daylight	2
cursed	2
crowns	2
crossed	2
creation	2
courage	2
count	2
corn	2
cord	2
content	2
conquest	2
complete	2
coming	2
coloured	2
clung	2
clothed	2
claim	2
childhood	2
cherished	2
cheery	2
cheer	2
charm	2
changes	2
chains	2
central	2
ceasing	2
caught	2
catch	2
carmel	2
called	2
call	2
busy	2
burns	2
burning	2
buds	2
bubbles	2
brings	2
brightest	2
brightens	2
brighten	2
breath	2
brave	2
brain	2
bowed	2
bosom	2
bondage	2
blossoming	2
bloomed	2
blend	2
bend	2
bell	2
being	2
begun	2
because	2
became	2
bearded	2
beam	2
beacon	2
battlefield	2
battle	2
banner	2
awakes	2
awaiting	2
autumn	2
aspiration	2
ascend	2
arrows	2
arch	2
anthem	2
another	2
ancient	2
anchor	2
although	2
also	2
almost	2
alight	2
aid	2
ago	2
advent	2
adorn	2
aching	2
abides	2
/vv	2
*	2
)	2
(	2
'*	2
€mt%	1
•	1
»	1
})	1
|nb0tati0n	1
zl	1
zion	1
yrv	1
young	1
yore	1
yoke	1
yearned	1
yearn	1
writing	1
wrestle	1
wrest	1
wreath	1
wraps	1
wrapped	1
wounded	1
wound	1
worthy	1
worthless	1
worthier	1
worn	1
working	1
workers	1
wonders	1
wonderingly	1
wonderful	1
wondered	1
wmut	1
withdrew	1
withdrawn	1
wisdom	1
wires	1
wire	1
wipe	1
wing	1
wind	1
wilful	1
wield	1
wider	1
whither	1
whitely	1
whirring	1
whirling	1
whereby	1
whence	1
wheat	1
west	1
weights	1
weigh	1
weft	1
weep	1
weave	1
wearisome	1
wearing	1
wearest	1
wealth	1
weak	1
wave	1
waters	1
waterfall	1
water	1
watchword	1
wanting	1
want	1
wanderings	1
wander	1
waits	1
wailing	1
void	1
voiceless	1
visitedst	1
visit	1
vines	1
vigour	1
vie	1
vest	1
vessels	1
vessel	1
vesper	1
verse	1
verge	1
vengeful	1
veiling	1
varied	1
vapours	1
vanity	1
vanishes	1
valleys	1
valley	1
ushers	1
usher	1
useless	1
urgent	1
upturned	1
upsoar	1
uphold	1
upbuilding	1
uottntair	1
unwearied	1
unused	1
untrodden	1
untold	1
untiring	1
unstained	1
unshadowed	1
unpriced	1
unnumbered	1
unlock	1
unfurled	1
unfettered	1
unfathomed	1
unfading	1
unencumbered	1
unearned	1
underneath	1
underfoot	1
uncomforted	1
unbounded	1
unblest	1
unbarred	1
unasked	1
unaccepted	1
ui	1
u	1
twofold	1
twine	1
tus	1
turning	1
tuned	1
tumult	1
tt	1
trusted	1
trunks	1
truly	1
true	1
troubled	1
trodden	1
trivial	1
triumphing	1
triumphant	1
trills	1
trickling	1
trials	1
trenchant	1
tremulous	1
tremor	1
treasures	1
treasure	1
transforming	1
tranquil	1
trammeled	1
tracking	1
tracings	1
toward	1
touched	1
tossing	1
torrents	1
top	1
tonight	1
tongues	1
tongue	1
token	1
toilsome	1
toiled	1
togo	1
tliat	1
tl]e	1
tireless	1
tiny	1
tinkling	1
ties	1
ticked	1
thyself	1
thwarted	1
thunder	1
throngs	1
throng	1
throbbing	1
thrilling	1
three	1
threads	1
thirty	1
thirst	1
thing	1
thick	1
therein	1
thereby	1
thenceforth	1
thankless	1
thankfully	1
terror	1
tenacious	1
temptation	1
telegraphic	1
telegraph	1
teem	1
tearful	1
tapers	1
taper	1
taos	1
tangled	1
tall	1
talked	1
talk	1
taking	1
takes	1
sword	1
swinging	1
swept	1
sweetest	1
sweeter	1
sweep	1
survey	1
surrounding	1
surmounteth	1
surcharged	1
supply	1
superstitious	1
supernal	1
suns	1
sunned	1
sunlit	1
sunlight	1
sunk	1
sunbeams	1
summit	1
summertime	1
summers	1
suffused	1
sufferings	1
suffered	1
suffer	1
subtlest	1
subtle	1
substance	1
submission	1
sublimely	1
subject	1
study	1
struggled	1
strove	1
strivings	1
striving	1
strings	1
strewn	1
strengthened	1
streets	1
streams	1
stranger	1
strains	1
story	1
stormy	1
storms	1
store	1
stop	1
stooped	1
stoop	1
stony	1
stonehenge	1
stone	1
stole	1
stirring	1
sting	1
stillness	1
steer	1
steel	1
stealing	1
state	1
starry	1
stairway	1
st	1
spurned	1
springs	1
spreads	1
spreading	1
sprays	1
spray	1
spotless	1
spoil	1
splendour	1
spiral	1
spent	1
speed	1
speechless	1
sped	1
specious	1
speaks	1
sparkling	1
spanned	1
spacious	1
space	1
sowed	1
sow	1
sovereign	1
sours	1
sorry	1
sorrowful	1
sophist	1
soothing	1
soon	1
son	1
somewhere	1
sombre	1
solitary	1
solid	1
softly	1
sodden	1
sobbing	1
sno^v	1
snatch	1
smote	1
smoothed	1
smooth	1
smoky	1
smoke	1
smnmer	1
slumbering	1
slope	1
sljakto	1
slender	1
sleeping	1
slain	1
slackening	1
sj)ring	1
sitting	1
sinless	1
single	1
sinful	1
silently	1
silenced	1
signing	1
sighed	1
sigh	1
siber	1
shudders	1
shuddering	1
shrivel	1
shrink	1
shoulders	1
shoulder	1
shot	1
shores	1
shoot	1
shock	1
shineth	1
shelter	1
sheen	1
sheath	1
share	1
shape	1
shallow	1
shallop	1
shaken	1
shading	1
shades	1
sfettt	1
serving	1
served	1
servants	1
servant	1
seraphs	1
seraph	1
sentinel	1
send	1
selfsame	1
seeker	1
secrets	1
second	1
seas	1
search	1
sealing	1
seabirds	1
scornest	1
scorned	1
scope	1
science	1
scholars	1
schemes	1
scandinavia	1
scales	1
saved	1
save	1
saul	1
satisfy	1
sank	1
sandy	1
sand	1
same	1
saints	1
saint	1
sailed	1
safety	1
sadly	1
sacrifice	1
russet	1
rushing	1
runs	1
running	1
run	1
ruleth	1
roving	1
root	1
rolls	1
rod	1
robe	1
roar	1
roam	1
road	1
rivulet	1
rivalry	1
rises	1
ripened	1
rings	1
ringlets	1
rifts	1
rife	1
rides	1
richest	1
riches	1
rhythm	1
rhyme	1
review	1
reverent	1
revealing	1
revealed	1
return	1
retrieve	1
retrace	1
result	1
restless	1
restive	1
restfulness	1
responsive	1
responded	1
resplendent	1
resolute	1
resistless	1
rescue	1
requiem	1
repeating	1
repeat	1
rent	1
renew	1
rendered	1
removes	1
reminding	1
remember	1
remained	1
release	1
reject	1
reigns	1
reign	1
refusing	1
refused	1
refuse	1
refreshed	1
refrain	1
redeemer	1
red	1
record	1
reconciled	1
recollection	1
reclaim	1
receive	1
receding	1
recall	1
rebuked	1
reasoning	1
reapers	1
realm	1
reality	1
realities	1
read	1
reaching	1
rare	1
ransomed	1
ransom	1
raised	1
raise	1
rains	1
raiment	1
queenly	1
quays	1
puzzled	1
pursuing	1
purposes	1
purged	1
purest	1
purchased	1
pulsates	1
ptftning	1
ptf	1
psalm	1
providence	1
provide	1
prospect	1
prompted	1
promises	1
promised	1
projects	1
progress	1
proem	1
procession	1
privilege	1
prit	1
prismed	1
prime	1
primal	1
pride	1
price	1
prevails	1
prevailed	1
pretty	1
pressed	1
press	1
prepared	1
precepts	1
prays	1
praying	1
praises	1
pr	1
pouring	1
possible	1
porch	1
poppies	1
polluting	1
poisonous	1
poised	1
poem	1
pluck	1
ploughing	1
plough	1
pleasures	1
pleasure	1
pleaseth	1
pleading	1
pleaded	1
play	1
plants	1
planets	1
placid	1
pitying	1
pity	1
pinions	1
pinion	1
pillow	1
pillars	1
pile	1
pierced	1
picture	1
petulance	1
petition	1
perverts	1
permits	1
perish	1
perhaps	1
perfumed	1
performs	1
people	1
pent	1
pennons	1
peeping	1
pebbles	1
pearly	1
peaks	1
peak	1
peacefulness	1
pavilion	1
pauses	1
pause	1
patli	1
pasture	1
parting	1
pardon	1
paradise	1
pane	1
pallid	1
pall	1
paled	1
palace	1
paintings	1
pains	1
pained	1
paid	1
overwhelmed	1
overwhelm	1
overrule	1
overflowing	1
overflow	1
overcometh	1
overcomes	1
overcast	1
outward	1
outstretched	1
outline	1
ornament	1
organ	1
ordering	1
orderest	1
ordered	1
oppresses	1
oppressed	1
opportunities	1
oped	1
omniscient	1
oin*	1
oftentimes	1
often	1
offering	1
obtain	1
oblivion	1
obey	1
o'erwrought	1
o'ertasking	1
n«ath	1
nursery	1
nphis	1
nothing	1
northward	1
northern	1
noon	1
noisy	1
nobleness	1
nig^t	1
nice	1
nevermore	1
nests	1
nenth	1
needst	1
needs	1
naugfit	1
nature	1
native	1
nascent	1
narrowness	1
nameless	1
named	1
naked	1
mystic	1
mystery	1
mysterious	1
mysteries	1
myrtle	1
myriads	1
myriad	1
musings	1
musing	1
mused	1
multiply	1
muddy	1
mt	1
mr	1
moved	1
mourning	1
mournful	1
mourner	1
mount	1
motionless	1
moth	1
moss	1
moonlight	1
moon	1
monotonous	1
monarch	1
mocked	1
moans	1
moan	1
mm	1
mj	1
mittte	1
missing	1
miserere	1
mirrored	1
minor	1
mingle	1
minds	1
million	1
mill	1
midnight	1
mid	1
met	1
messages	1
mere	1
mercy	1
merciful	1
merchant	1
mental	1
memories	1
melted	1
melody	1
melancholy	1
meekly	1
meed	1
medicine	1
measure	1
meant	1
meaning	1
massive	1
mary	1
martha	1
marriage	1
marred	1
marking	1
mark	1
maples	1
mantles	1
manhood	1
maketh	1
mailed	1
maiden	1
madman	1
m\xk	1
m\	1
lyy	1
lyre	1
lustrous	1
luminous	1
luit	1
loz	1
loyalty	1
lowest	1
loves	1
lovely	1
loveliness	1
lotit	1
losing	1
lose	1
lore	1
lords	1
loo	1
longings	1
loneliness	1
loneliest	1
lone	1
lofty	1
loftiest	1
loaves	1
load	1
ll0uttt	1
ll	1
liveth	1
listens	1
list	1
liquid	1
links	1
link	1
lingering	1
line	1
lilv	1
lilies	1
lightning	1
lighten	1
lifting	1
lifted	1
lieth	1
letting	1
lets	1
leisure	1
legacy	1
ledges	1
leaving	1
learn	1
leaned	1
lean	1
leaflets	1
lead	1
law	1
laurels	1
laughed	1
late	1
lasting	1
languor	1
languid	1
language	1
lance	1
lan	1
lamps	1
lambent	1
lailwrt	1
ladder	1
lack	1
labourers	1
knowest	1
know'st	1
knoll	1
knock	1
knights	1
knight	1
kneels	1
knee	1
kissed	1
kings	1
kindness	1
kindly	1
kindle	1
keeping	1
k?iow	1
jutting	1
joyfully	1
joyful	1
journey	1
jordan	1
jealous	1
jar	1
j^yy	1
j^ea	1
j'hy	1
ivv	1
iron	1
io	1
invocation	1
invisible	1
intrude	1
interpreter	1
interests	1
interceding	1
intent	1
intelligence	1
inspiration	1
inj	1
inimitably	1
inheritance	1
inherit	1
infidel	1
inevitable	1
inconspicuous	1
inactive	1
impulse	1
impress	1
implored	1
ilflsscms	1
iletarn	1
il^y	1
iiris	1
iilrtlettelott	1
iij	1
ifv	1
ifli	1
idol	1
idly	1
icy	1
i)ulses	1
i)ity	1
i)ctty	1
i've	1
i'm	1
i'll	1
i'hen	1
i%fflrh	1
hushed	1
hurt	1
hungry	1
hungering	1
hunger	1
humbly	1
hue	1
however	1
hover	1
hot	1
hostile	1
horizon	1
hoping	1
hopeless	1
homes	1
homage	1
hollowness	1
holiest	1
holier	1
hoar	1
hither	1
hinnan	1
hillside	1
hied	1
hideth	1
hideous	1
hidden	1
hid	1
hesitate	1
herself	1
hereafter	1
hemlock	1
hem	1
helm	1
hedged	1
heavenward	1
heavens	1
heartsick	1
hearth	1
heareth	1
healed	1
haze	1
haven	1
haunt	1
harp	1
harmonies	1
hardly	1
harbour	1
handful	1
hallelujah	1
half	1
hair	1
hadst	1
gush	1
guilty	1
guilt	1
guided	1
guest	1
guess	1
guard	1
growths	1
grown	1
grovelling	1
grieved	1
greatest	1
greater	1
grassy	1
granted	1
gradual	1
gown	1
gorgeous	1
goodnight	1
goes	1
gods	1
glowed	1
glooms	1
globes	1
glimpses	1
glimmer	1
glides	1
glassy	1
glass	1
gladdest	1
gladden	1
giving	1
givest	1
girt	1
girl	1
gird	1
gilead	1
gilds	1
gilded	1
gethsemane	1
gently	1
generous	1
gemmed	1
gavest	1
gaton	1
gathers	1
gathered	1
gat^of	1
garment	1
galling	1
galled	1
g0or	1
futile	1
furled	1
fully	1
fullness	1
ftfje	1
fruits	1
fruitful	1
frozen	1
frosts	1
fro	1
friendships	1
friends	1
friend	1
friction	1
fretted	1
freighted	1
freer	1
freedom	1
frame	1
fragrance	1
founded	1
forsake	1
forms	1
formerly	1
forlorn	1
forgotten	1
forgot	1
forgiven	1
forgetful	1
foregone	1
forego	1
force	1
forbids	1
forbid	1
forbear	1
fool	1
fond	1
folly	1
folded	1
fold	1
foes	1
foe	1
foamy	1
foam	1
flute	1
flung	1
flows	1
floweret	1
floor	1
flooded	1
flood	1
flocking	1
floated	1
flitting	1
flinty	1
flinging	1
flew	1
flecked	1
flashing	1
flash	1
flags	1
fl	1
fixed	1
fitful	1
firmly	1
firm	1
finite	1
finger	1
fine	1
finding	1
fills	1
filling	1
fight	1
fierce	1
fiend	1
ff	1
fever	1
fetter	1
fervent	1
fern	1
fens	1
fenced	1
feeling	1
feast	1
fearful	1
faultless	1
fate	1
farthest	1
farewell	1
fame	1
faltered	1
fallow	1
falleth	1
faje	1
fairest	1
faints	1
faikire	1
fadeless	1
faded	1
fade	1
fabric	1
eyrie	1
eyed	1
exultant	1
exquisite	1
expression	1
expire	1
exiles	1
exiled	1
exalting	1
evolves	1
evidence	1
eves	1
evening	1
error	1
errands	1
epilogue	1
enshrouding	1
enrolled	1
enjoy	1
engaged	1
enfold	1
endured	1
endurance	1
ended	1
emotion	1
emerald	1
embrace	1
emblem	1
either	1
eggs	1
efforts	1
effort	1
efficient	1
edge	1
eclipse	1
echo	1
ebbing	1
ebbed	1
easy	1
east	1
ease	1
earthborn	1
earlier	1
eagerly	1
dying	1
dwells	1
dwelleth	1
dust	1
duck	1
druid	1
drowsy	1
drowned	1
drought	1
drops	1
drooping	1
droop	1
drink	1
drifted	1
dried	1
dressed	1
drearily	1
drear	1
draws	1
draw	1
drank	1
dove	1
doubtless	1
dotted	1
dormant	1
dome	1
divinest	1
divinely	1
distrustful	1
distressed	1
distress	1
distinct	1
distantly	1
distance	1
dissolved	1
disperse	1
dismiss	1
dismay	1
disheartened	1
disguise	1
disease	1
discouragement	1
discords	1
discordant	1
discontent	1
discipline	1
disappear	1
direction	1
dire	1
dipped	1
din	1
diamonds	1
diadem	1
dew	1
desponding	1
desolation	1
desolate	1
desires	1
describing	1
depths	1
depraved	1
departure	1
departing	1
deny	1
denizens	1
denied	1
demands	1
dell	1
deliverance	1
delight	1
defilement	1
deeply	1
deepening	1
deepened	1
decree	1
debars	1
deatliless	1
dazzled	1
dawning	1
dawned	1
david	1
darted	1
dart	1
darkening	1
darkened	1
curves	1
curtaining	1
curtain	1
curse	1
currents	1
current	1
cumbering	1
crowned	1
crowds	1
crowd	1
crop	1
crimson	1
crest	1
cressets	1
crescent	1
creeping	1
creep	1
craving	1
crags	1
crag	1
cr0ss	1
courts	1
course	1
costly	1
corrupts	1
corner	1
cope	1
converse	1
contemplation	1
consume	1
console	1
conquered	1
confirmed	1
confideth	1
confides	1
confidence	1
cone	1
conceptions	1
comprehend	1
competent	1
compare	1
communion	1
communings	1
commonplace	1
common	1
commenced	1
comforter	1
cometh	1
comes	1
cohorts	1
cod	1
cobwebs	1
coarse	1
cluster	1
closes	1
closely	1
cloistral	1
clods	1
clock	1
cling	1
clime	1
cliff	1
cleaving	1
clearer	1
clcgnii	1
clasp	1
claims	1
clad	1
city	1
circuit	1
circles	1
circled	1
circle	1
churlish	1
church	1
christmas	1
christian	1
chords	1
choirs	1
chirpings	1
chimed	1
chilly	1
childlike	1
childish	1
cherish	1
chemistry	1
cheerful	1
cheek	1
chaos	1
chant	1
changeful	1
changed	1
chance	1
chamber	1
chain	1
cerements	1
centuries	1
censers	1
cell	1
ceiling	1
cede	1
cecilia	1
ceaselessly	1
ceaseless	1
causes	1
cathedral	1
carvings	1
carven	1
carved	1
carmtl	1
caress	1
canopy	1
camping	1
camest	1
calyx	1
calvary	1
calls	1
calleth	1
callest	1
cadence	1
butterfly	1
burst	1
burial	1
builds	1
builders	1
bubble	1
brown	1
brotherhood	1
brooding	1
brooded	1
broke	1
broidery	1
broaden	1
brink	1
bringest	1
brilliant	1
brightening	1
brightened	1
brief	1
breezy	1
breeze	1
breathless	1
breathed	1
bread	1
bravely	1
branches	1
branch	1
brake	1
bowing	1
bow	1
bounds	1
boundary	1
bought	1
boughs	1
both	1
borrowed	1
books	1
boldly	1
bold	1
bmu	1
blurred	1
blown	1
blow	1
blossomy	1
blood	1
block	1
blithe	1
blindly	1
blinded	1
blight	1
blessest	1
blesseil	1
blessedness	1
blent	1
bleeds	1
bled	1
bleak	1
blazoned	1
blaze	1
blank	1
blades	1
birthright	1
bind	1
bidding	1
bewildered	1
bethought	1
bestow	1
beseeching	1
benignant	1
benign	1
benighted	1
benedictions	1
belongs	1
behest	1
begging	1
bee	1
bedew	1
bed	1
becomes	1
become	1
beautiful	1
beat	1
beaming	1
beak	1
battlement	1
bats	1
bathes	1
bars	1
bar	1
baptism	1
banners	1
balance	1
baffled	1
awe	1
aware	1
awake	1
aught	1
attune	1
atmosphere	1
athwart	1
athirst	1
asunder	1
aspires	1
aspire	1
asked	1
asi)iration	1
ashes	1
ascent	1
articulate	1
arms	1
armoury	1
arise	1
arching	1
arches	1
archangels	1
approach	1
appears	1
appeared	1
apparently	1
apittst	1
apathy	1
anxieties	1
antidote	1
answers	1
answering	1
annoy	1
anly	1
anguish	1
anger	1
angelic	1
amid	1
ambition	1
alternate	1
altered	1
altar	1
almighty	1
alighting	1
alert	1
albeit	1
alarms	1
aitd	1
aisle	1
airy	1
aims	1
aim	1
aglow	1
afraid	1
advance	1
adorning	1
adoring	1
admitted	1
admit	1
active	1
action	1
act	1
acquiescence	1
achieve	1
aches	1
accustomed	1
according	1
accord	1
accepts	1
accepted	1
acceptance	1
^yy	1
^nm)m	1
^m\	1
^	1
])	1
\	1
<sttn5l]ini^	1
9	1
/fv	1
.''	1
*^	1
)]].	1
'■	1
%uim	1
