,	3765
.	1696
the	1637
and	1487
of	896
;	676
to	663
in	603
a	454
|'s|	383
i	324
!	308
thy	300
his	287
that	256
is	245
—	244
for	230
my	201
with	199
from	194
as	194
thou	193
on	180
not	174
or	173
it	173
he	173
by	172
all	169
but	168
be	161
who	149
thee	147
our	137
|arabic5+digit|	136
|arabic2digit|	135
its	134
when	129
we	129
|romannumeral|	125
which	124
so	122
their	117
me	117
her	114
at	113
they	112
|arabic3digit|	108
was	108
now	107
heaven	107
are	107
?	107
god	106
|arabic1digit|	105
"	102
one	101
:	95
earth	94
day	91
this	90
love	83
shall	81
nor	80
heart	80
yet	78
holy	78
him	78
lord	77
will	75
soul	75
still	71
us	69
no	69
what	68
light	68
'	65
has	64
have	63
father	63
grace	62
may	61
man	59
there	56
then	56
life	55
spirit	54
where	52
praise	52
high	52
come	51
angel	50
son	49
home	49
each	49
though	48
sin	48
over	48
upon	44
time	44
o	44
such	43
see	43
night	43
name	43
might	43
had	43
would	42
world	42
till	42
own	42
bright	42
an	42
while	41
(	41
she	40
them	39
out	39
given	39
ever	39
were	38
power	38
place	38
more	38
fear	38
faith	38
can	38
thine	37
st	37
should	37
first	37
."	37
face	36
art	35
those	34
let	34
june	34
hast	34
hand	34
dear	34
blessed	34
thoughts	33
some	33
how	33
hope	33
here	33
whom	32
through	32
these	32
rest	32
pain	32
even	32
death	32
christ	32
came	32
word	31
truth	31
if	31
hour	31
eyes	31
didst	31
before	31
pray	30
am	30
.)	30
souls	29
never	29
within	28
once	28
men	28
fire	28
zeal	27
thus	27
made	27
foe	27
above	27
ye	26
way	26
sight	26
sea	26
pride	26
know	26
joy	26
go	26
every	26
thought	25
sweet	25
prayer	25
off	25
must	25
most	25
hear	25
flame	25
did	25
deep	25
away	25
voice	24
up	24
saint	24
round	24
long	24
jesu	24
hearts	24
glory	24
done	24
divine	24
december	24
without	23
tis	23
self	23
oxford	23
lest	23
fair	23
could	23
saints	22
sacred	22
pure	22
birth	22
work	21
well	21
three	21
sense	21
nature	21
grant	21
good	21
gifts	21
full	21
eternal	21
best	21
amid	21
very	20
true	20
throne	20
than	20
race	20
philip	20
mind	20
judgement	20
eye	20
die	20
days	20
child	20
angels	20
again	20
words	19
sun	19
sky	19
oratory	19
oh	19
many	19
length	19
keen	19
into	19
friends	19
dread	19
been	19
too	18
near	18
matins	18
make	18
lauds	18
ill	18
ha	18
end	18
down	18
amen	18
ah	18
your	17
sure	17
smile	17
rise	17
part	17
only	17
old	17
mine	17
like	17
heard	17
deeds	17
age	17
woe	16
whose	16
stand	16
sound	16
soft	16
sins	16
set	16
paul	16
mary	16
live	16
january	16
far	16
fall	16
cannot	16
blood	16
bear	16
save	15
presence	15
prayers	15
peace	15
lot	15
lost	15
keep	15
height	15
hath	15
gloom	15
gift	15
friend	15
found	15
ere	15
dead	15
cross	15
comes	15
call	15
around	15
why	14
tears	14
take	14
strong	14
say	14
rule	14
moses	14
last	14
guilt	14
gone	14
glorious	14
give	14
flesh	14
feel	14
dost	14
do	14
dim	14
deed	14
breast	14
bed	14
air	14
after	14
strength	13
strange	13
sign	13
saw	13
said	13
rare	13
lead	13
judge	13
hymn	13
holiest	13
great	13
free	13
cast	13
calm	13
bring	13
back	13
aid	13
years	12
wrought	12
wait	12
turn	12
trust	12
trial	12
things	12
sway	12
sudden	12
state	12
shine	12
sent	12
seek	12
rich	12
path	12
past	12
new	12
need	12
mother	12
lay	12
heathen	12
hate	12
green	12
fierce	12
feet	12
dearest	12
david	12
clear	12
brow	12
brother	12
beneath	12
below	12
alone	12
witness	11
ways	11
touch	11
stream	11
sons	11
song	11
since	11
shalt	11
seed	11
sardinia	11
safe	11
sad	11
penance	11
palermo	11
mortal	11
morn	11
meet	11
low	11
look	11
learn	11
king	11
hours	11
head	11
gracious	11
gaze	11
fruit	11
forth	11
form	11
flower	11
flow	11
find	11
fight	11
few	11
dust	11
dreams	11
course	11
cleanse	11
care	11
bound	11
born	11
ask	11
youth	10
you	10
wrath	10
waters	10
trace	10
toil	10
strife	10
stern	10
spring	10
silent	10
shame	10
shades	10
shade	10
same	10
pale	10
morning	10
martyr	10
loving	10
living	10
little	10
lady	10
history	10
help	10
hands	10
ground	10
grief	10
garden	10
gain	10
flowers	10
fill	10
fell	10
eve	10
earthly	10
ear	10
doom	10
depth	10
cry	10
close	10
clay	10
church	10
change	10
breath	10
because	10
arise	10
angelic	10
along	10
year	9
wilt	9
wealth	9
vision	9
view	9
vespers	9
vain	9
two	9
twilight	9
towards	9
told	9
tender	9
tend	9
tell	9
sunday	9
store	9
stay	9
spirits	9
speak	9
sinner	9
sing	9
side	9
secret	9
scene	9
saviour	9
run	9
reach	9
ray	9
raise	9
proud	9
prize	9
prison	9
peter	9
patient	9
pass	9
pains	9
november	9
none	9
nigh	9
next	9
move	9
mirth	9
mercy	9
memory	9
meek	9
master	9
malta	9
maker	9
loved	9
lights	9
leave	9
kind	9
hark	9
ghost	9
force	9
fain	9
everlasting	9
endless	9
creed	9
cold	9
claim	9
burn	9
blessings	9
being	9
awful	9
aught	9
agony	9
adam	9
wonderful	8
win	8
whole	8
weakness	8
watch	8
vow	8
use	8
twas	8
sword	8
spare	8
sorrow	8
solemn	8
small	8
service	8
seen	8
seasons	8
rose	8
restless	8
rear	8
raised	8
queen	8
purpose	8
present	8
people	8
nought	8
needs	8
moment	8
mid	8
lone	8
line	8
left	8
leaves	8
law	8
hues	8
house	8
himself	8
hid	8
hard	8
grave	8
golden	8
gave	8
freely	8
foes	8
february	8
faithful	8
faint	8
dwell	8
dark	8
crime	8
children	8
break	8
bore	8
bold	8
body	8
beauty	8
aye	8
awhile	8
altar	8
wounds	7
wise	7
wisdom	7
weary	7
weak	7
vast	7
until	7
tree	7
tongue	7
thyself	7
thousand	7
taught	7
taste	7
strain	7
stone	7
stain	7
spread	7
spent	7
spell	7
space	7
sounds	7
sloth	7
skill	7
skies	7
single	7
shore	7
serve	7
second	7
right	7
prey	7
powers	7
pilgrim	7
other	7
mount	7
mould	7
mood	7
monks	7
mark	7
lips	7
lift	7
land	7
knows	7
infinite	7
human	7
honour	7
highest	7
hence	7
hell	7
guide	7
frail	7
fount	7
forms	7
fever	7
eden	7
dull	7
due	7
doth	7
deus	7
dare	7
cost	7
christian	7
chill	7
chain	7
both	7
bloom	7
ancient	7
always	7
album	7
advent	7
§	6
young	6
yes	6
wouldst	6
willing	6
went	6
weight	6
wast	6
valentine	6
tuesday	6
troubled	6
triumph	6
tranquil	6
tomb	6
toils	6
tints	6
throng	6
think	6
theme	6
tale	6
summer	6
suffer	6
strive	6
storm	6
stirred	6
step	6
star	6
soothe	6
slow	6
sleep	6
sinful	6
sick	6
shrine	6
show	6
shed	6
servants	6
september	6
school	6
scenes	6
scattered	6
sacrifice	6
rite	6
rescue	6
red	6
prophet	6
prevail	6
pour	6
possessed	6
possess	6
plain	6
pierce	6
patience	6
passion	6
obey	6
nazianzen	6
nay	6
myself	6
music	6
met	6
marriage	6
makes	6
majesty	6
mad	6
loss	6
lived	6
limbs	6
lie	6
lazaret	6
just	6
john	6
image	6
hut	6
hide	6
heavenly	6
hearted	6
haunts	6
haughty	6
happy	6
hail	6
guest	6
grow	6
gleams	6
gives	6
gentle	6
gay	6
gained	6
fresh	6
foot	6
feom	6
fears	6
fearful	6
fail	6
fade	6
evil	6
else	6
dream	6
distant	6
deem	6
cried	6
content	6
complete	6
coming	6
city	6
cheer	6
brought	6
brief	6
bow	6
bless	6
bird	6
bid	6
begun	6
began	6
bears	6
beams	6
beam	6
battle	6
april	6
among	6
ages	6
about	6
-	6
)	6
yea	5
wrong	5
works	5
won	5
wings	5
wild	5
wide	5
wednesday	5
wave	5
waste	5
virgin	5
vespees	5
veil	5
varied	5
unto	5
unseen	5
trod	5
tongues	5
tones	5
together	5
te	5
surely	5
suns	5
substance	5
struggling	5
springs	5
spoke	5
speed	5
speech	5
sovereign	5
sought	5
sore	5
solitude	5
soil	5
smiles	5
smart	5
sit	5
sire	5
share	5
shadows	5
shadow	5
severe	5
serene	5
seem	5
season	5
satan	5
sanctus	5
sake	5
sage	5
rude	5
royal	5
rod	5
road	5
rising	5
repose	5
release	5
ready	5
read	5
prompt	5
promise	5
poured	5
pledged	5
pleasant	5
plead	5
plan	5
others	5
oft	5
modest	5
mien	5
messina	5
melt	5
meekness	5
lower	5
loves	5
load	5
lit	5
lingering	5
lies	5
lets	5
less	5
known	5
knelt	5
kept	5
joys	5
joseph	5
israel	5
host	5
hold	5
hidden	5
guilty	5
guileless	5
gold	5
gifted	5
geeontius	5
gate	5
frame	5
foreign	5
flock	5
fires	5
fallen	5
evening	5
etc	5
dying	5
duty	5
draw	5
doubt	5
door	5
dismay	5
died	5
despair	5
deny	5
demons	5
delay	5
decay	5
debt	5
crown	5
creator	5
court	5
couldst	5
control	5
common	5
chosen	5
chorus	5
choose	5
choice	5
chant	5
cell	5
cares	5
brothers	5
brightness	5
blessing	5
bind	5
between	5
better	5
behest	5
begins	5
bare	5
band	5
bade	5
awe	5
aspire	5
arms	5
angelicals	5
alas	5
against	5
across	5
accents	5
abraham	5
!"	5
|arabic4digit|	4
wound	4
worship	4
worse	4
wit	4
wish	4
white	4
whisper	4
whether	4
welcome	4
weep	4
wear	4
weapons	4
wash	4
warning	4
waiting	4
vouchsafe	4
voices	4
visions	4
vale	4
unite	4
under	4
type	4
triumphant	4
train	4
town	4
tower	4
tokens	4
tide	4
thrones	4
throned	4
thing	4
theee	4
th	4
temple	4
task	4
sweetness	4
stranger	4
stayed	4
start	4
starry	4
stands	4
spot	4
spite	4
softly	4
snow	4
smiled	4
sinless	4
sink	4
singing	4
silence	4
sigh	4
shrink	4
shrines	4
served	4
seeds	4
seal	4
scared	4
scant	4
saved	4
roll	4
risen	4
ring	4
rerum	4
renew	4
remain	4
redeemer	4
rebel	4
reason	4
reared	4
rays	4
ran	4
purgatory	4
prove	4
prophets	4
promised	4
prisoner	4
priest	4
price	4
precept	4
poor	4
poet	4
pledge	4
pleasure	4
pious	4
pine	4
piercing	4
perils	4
passed	4
pardon	4
paradise	4
pang	4
palace	4
page	4
p	4
ours	4
oppressed	4
ones	4
offspring	4
noble	4
musical	4
much	4
mountain	4
monday	4
miss	4
mingled	4
mild	4
mighty	4
michael	4
merciful	4
memories	4
martyrs	4
maiden	4
maid	4
m	4
lustre	4
lore	4
lo	4
list	4
lifts	4
learned	4
languor	4
languid	4
laid	4
ladies	4
knowledge	4
knew	4
kneel	4
kings	4
kindly	4
join	4
jesus	4
jam	4
isaac	4
impart	4
idol	4
hush	4
hopes	4
hopeless	4
holiness	4
holds	4
hill	4
hermit	4
heavenward	4
heat	4
health	4
healing	4
gushing	4
guiding	4
grove	4
grey	4
glowing	4
glance	4
glad	4
giant	4
gems	4
geegoey	4
future	4
fulfil	4
fragrant	4
forward	4
forget	4
fold	4
flood	4
flies	4
fleshly	4
fled	4
fiery	4
field	4
felt	4
feed	4
feast	4
favour	4
fathers	4
fast	4
fame	4
false	4
falls	4
failing	4
et	4
erst	4
elements	4
ease	4
early	4
eager	4
dwelling	4
duties	4
dress	4
dreary	4
drank	4
double	4
display	4
dimly	4
descend	4
depart	4
decreed	4
de	4
dawn	4
daily	4
crucified	4
count	4
converse	4
clean	4
circles	4
christmas	4
chose	4
choirs	4
choie	4
cheerful	4
chants	4
chance	4
cease	4
canst	4
cain	4
burning	4
brings	4
brighter	4
book	4
bliss	4
blind	4
blend	4
bland	4
blame	4
biethday	4
beaming	4
awake	4
autumn	4
attend	4
appear	4
apostles	4
apart	4
another	4
angry	4
although	4
alternate	4
aim	4
afresh	4
affection	4
afar	4
admire	4
abide	4
\	4
?"	4
...	4
•	3
zealous	3
youthful	3
yield	3
yearning	3
would'st	3
worlds	3
wood	3
winter	3
winning	3
wind	3
wills	3
willed	3
wife	3
whilst	3
whiles	3
whence	3
whatever	3
watchman	3
watching	3
warrior	3
wall	3
walk	3
wake	3
w	3
vows	3
viewless	3
viewed	3
victorious	3
victor	3
victim	3
vexed	3
valletta	3
urgent	3
urged	3
unveil	3
untrue	3
unpaid	3
unfailing	3
truths	3
tried	3
transparent	3
tracked	3
traced	3
today	3
tie	3
throes	3
thrilling	3
thrall	3
thirst	3
thin	3
theirs	3
ten	3
temptation	3
tells	3
tear	3
teach	3
takes	3
taken	3
taint	3
t	3
sympathy	3
suppliants	3
sullen	3
suffering	3
success	3
succeed	3
subvenite	3
subtle	3
sublime	3
streets	3
straight	3
stored	3
stood	3
stepped	3
stars	3
standing	3
spurn	3
sphere	3
sped	3
span	3
sort	3
soothing	3
soothes	3
solitary	3
sod	3
social	3
smiling	3
slumbers	3
slay	3
slave	3
slain	3
sister	3
sighs	3
sickness	3
shower	3
shouldst	3
sharp	3
shapes	3
severed	3
sever	3
servant	3
seraph	3
separate	3
seized	3
seest	3
seems	3
search	3
scourge	3
scorned	3
scorn	3
scarce	3
scanned	3
savage	3
saul	3
sat	3
sanctity	3
rove	3
rough	3
rome	3
robes	3
roam	3
righteous	3
reverence	3
reply	3
religion	3
regain	3
refuge	3
reft	3
refreshment	3
refreshed	3
rash	3
range	3
quickened	3
quick	3
quell	3
pursue	3
purge	3
purest	3
public	3
profundis	3
profane	3
princely	3
press	3
prepared	3
precious	3
preacher	3
porch	3
pomp	3
pleads	3
pleading	3
plants	3
plaint	3
perpetual	3
peaceful	3
pay	3
pattern	3
patriarch	3
parts	3
parisian	3
parent	3
paraclete	3
pagan	3
outward	3
oro	3
opening	3
onward	3
office	3
offeeing	3
ocean	3
nothing	3
note	3
nerve	3
natures	3
narrow	3
n	3
mysteries	3
musings	3
muse	3
morrow	3
moon	3
months	3
mocked	3
miserere	3
million	3
meus	3
melted	3
melchizedek	3
meets	3
meekest	3
measured	3
measure	3
means	3
meanest	3
mass	3
marvel	3
marks	3
manhood	3
making	3
magic	3
lucis	3
lowly	3
loud	3
lose	3
loose	3
lonely	3
loed	3
lives	3
lines	3
lightning	3
lighted	3
lifeless	3
lesson	3
led	3
least	3
lake	3
laden	3
lacks	3
labour	3
knowest	3
kindred	3
keys	3
judex	3
joyous	3
journey	3
job	3
itself	3
ire	3
inward	3
interval	3
intercession	3
instant	3
inspire	3
innocent	3
influence	3
imperial	3
immortal	3
hundred	3
humiliation	3
humblest	3
hue	3
hideous	3
henceforth	3
held	3
heir	3
heights	3
heavens	3
heal	3
harmony	3
hair	3
guise	3
guardian	3
guard	3
gross	3
grass	3
graceful	3
going	3
godless	3
glow	3
glories	3
glittering	3
gibraltar	3
ghostly	3
gentile	3
gazed	3
gather	3
garb'd	3
frown	3
frontier	3
fret	3
freshness	3
freedom	3
fragrance	3
fortis	3
formed	3
forfeit	3
fond	3
fly	3
floats	3
flee	3
flames	3
fix	3
filled	3
festive	3
fellowship	3
feelings	3
fathee	3
fancy	3
failed	3
f	3
evermore	3
essence	3
equal	3
envious	3
england	3
energy	3
encompassed	3
eleison	3
elect	3
echoing	3
easy	3
ears	3
e	3
dwelled	3
duly	3
drops	3
drew	3
draws	3
doubts	3
does	3
dizzy	3
divide	3
distress	3
disembodied	3
disciples	3
din	3
dies	3
destined	3
descent	3
depths	3
denied	3
delicate	3
defy	3
decked	3
deck	3
dazzling	3
date	3
dart	3
darkness	3
d	3
cure	3
crowds	3
creature	3
cousin	3
courts	3
countless	3
countenance	3
cool	3
conscience	3
confessed	3
conditor	3
comrade	3
communion	3
committed	3
comfort	3
coeli	3
coast	3
cloud	3
cloister	3
cleansing	3
clad	3
circling	3
choir	3
choicest	3
childhood	3
cherub	3
cherish	3
chastisement	3
charm	3
charge	3
centre	3
celestial	3
caught	3
case	3
canaan	3
calmly	3
calls	3
burst	3
burned	3
brute	3
brighton	3
brightly	3
bride	3
breviary	3
breathless	3
brave	3
branches	3
boy	3
bower	3
bosom	3
bondage	3
bond	3
blighted	3
blent	3
blameless	3
bitter	3
bishop	3
binds	3
beside	3
bent	3
beings	3
behind	3
beginning	3
begin	3
become	3
became	3
beatific	3
base	3
baal	3
austere	3
attain	3
assistants	3
aside	3
arm	3
ark	3
apostle	3
answer	3
also	3
almighty	3
alleluia	3
afraid	3
address	3
according	3
accord	3
accept	3
absent	3
abiding	3
younger	2
yon	2
yields	2
yesterday	2
y	2
xor	2
writ	2
wreck	2
worth	2
worldly	2
wondrous	2
wonder	2
women	2
woes	2
withering	2
withal	2
wished	2
winding	2
wilderness	2
widen	2
whispered	2
whirl	2
wherever	2
whenever	2
whene'ee	2
whelming	2
wheee'ee	2
welcomed	2
wedded	2
wearied	2
wealthy	2
weal	2
watches	2
watchers	2
watcher	2
wasting	2
warnings	2
warn	2
war	2
wane	2
wandering	2
wanderers	2
walls	2
walks	2
walked	2
waits	2
waited	2
vouchsafed	2
visible	2
virtue	2
virgins	2
viper	2
vineyard	2
vigour	2
vigils	2
vide	2
vice	2
vexations	2
vex	2
vest	2
vessel	2
verses	2
verse	2
vernal	2
verdant	2
ventures	2
veiled	2
vaunt	2
used	2
unwearied	2
unruffled	2
unmeet	2
unknown	2
universe	2
union	2
unhealthy	2
unearthly	2
undimmed	2
understood	2
undergo	2
undefiled	2
uncouth	2
unclean	2
unbelief	2
ulcombe	2
tyre	2
tyrant	2
twofold	2
twixt	2
twined	2
twill	2
twice	2
twelve	2
twain	2
turning	2
try	2
trusting	2
truest	2
trouble	2
trials	2
trespass	2
trees	2
tread	2
transport	2
tragic	2
trader	2
track	2
towers	2
tossed	2
torments	2
tormented	2
took	2
tone	2
token	2
toiled	2
tkansfiguration	2
times	2
ties	2
thwarting	2
thursday	2
thronging	2
thrills	2
thrilled	2
threats	2
threat	2
thread	2
thorn	2
third	2
themes	2
thanksgiving	2
thankful	2
terror	2
tempter	2
tempest	2
teeth	2
tearful	2
teansfigueation	2
taming	2
tamed	2
tame	2
tainted	2
symbols	2
swerve	2
sweetest	2
sweep	2
swage	2
surpassing	2
surge	2
supplied	2
sunshine	2
sunlit	2
sunk	2
summoned	2
summon	2
sum	2
sultry	2
suit	2
stubborn	2
streams	2
stray	2
stones	2
stock	2
stirrings	2
stir	2
stillness	2
sternness	2
sternly	2
steps	2
stem	2
stately	2
startled	2
stamped	2
stalk	2
stair	2
stains	2
stained	2
springtime	2
spoken	2
spice	2
spheres	2
spend	2
speechless	2
spear	2
speaks	2
speakest	2
sparks	2
spares	2
spared	2
sour	2
sorry	2
sooth	2
sooner	2
soon	2
solid	2
solely	2
sole	2
soldiers	2
soldier	2
sodom	2
sober	2
snare	2
smite	2
slumber	2
sluggish	2
slowly	2
slight	2
slept	2
slender	2
sleeplessness	2
slake	2
sits	2
sisters	2
sips	2
sinning	2
simply	2
simple	2
signs	2
sights	2
sickened	2
shun	2
shudder	2
shroud	2
shrinks	2
shrank	2
showed	2
shot	2
short	2
shone	2
shield	2
sheer	2
sheds	2
shared	2
sext	2
severance	2
sets	2
serves	2
serious	2
sentinel	2
sensitiveness	2
senses	2
sends	2
send	2
semita	2
selfish	2
sees	2
seeming	2
seemed	2
seeking	2
seeing	2
secure	2
searching	2
scorns	2
scholar	2
schemes	2
sceptre	2
scent	2
scars	2
scare	2
scarcely	2
scans	2
scan	2
saturday	2
satukday	2
satueday	2
sang	2
sane	2
sand	2
saintly	2
saddened	2
rushing	2
running	2
ruler	2
ruled	2
ruin	2
root	2
rocky	2
robe	2
river	2
rills	2
rightly	2
rhymesters	2
revive	2
reveal	2
return	2
restraint	2
responsive	2
reproach	2
rend	2
remnant	2
remember	2
relief	2
released	2
rejoice	2
reigns	2
reign	2
redeemed	2
reck'd	2
received	2
receive	2
reads	2
rapture	2
ransomed	2
random	2
rainbow	2
rain	2
quo	2
quitting	2
quit	2
quickening	2
question	2
quenched	2
quench	2
quake	2
quail	2
pursuit	2
purposed	2
purity	2
purer	2
pureness	2
punishment	2
psalmists	2
psalm	2
prudent	2
property	2
profound	2
proclaim	2
prized	2
private	2
prisoned	2
prime	2
primal	2
priestly	2
pressure	2
pressed	2
preside	2
prepare	2
preached	2
praises	2
pours	2
portion	2
portal	2
pool	2
polluted	2
points	2
plough	2
pleasures	2
pleased	2
plea	2
play	2
plains	2
plague	2
placed	2
pensive	2
peayee	2
pavement	2
patron	2
patriot	2
patiently	2
paths	2
passionate	2
passing	2
passage	2
particular	2
parents	2
parental	2
pardoned	2
pair	2
paint	2
paid	2
pageant	2
owner	2
overflowing	2
outcast	2
ou	2
optime	2
open	2
oped	2
omniscient	2
olive	2
oil	2
offer	2
offence	2
october	2
obtain	2
obeyed	2
obed	2
nurse	2
numbers	2
notes	2
north	2
noon	2
nobler	2
nights	2
niggard	2
neighbouring	2
neath	2
natural	2
natuke	2
mystic	2
mystery	2
mysterious	2
mute	2
multitude	2
moved	2
mouth	2
mourner	2
moulds	2
motionless	2
moor	2
moods	2
monk	2
mists	2
mission	2
ministry	2
minister	2
mimic	2
miles	2
mete	2
messengers	2
merry	2
mercies	2
melita	2
meekly	2
maze	2
matter	2
match	2
mastering	2
masterful	2
mart	2
marseilles	2
married	2
marked	2
march	2
mansion	2
malign	2
main	2
lux	2
lurk	2
lure	2
lull	2
lowest	2
loveliness	2
loth	2
lordly	2
looking	2
looked	2
longing	2
loneliness	2
loitering	2
lodging	2
littlemore	2
liquid	2
linked	2
linger	2
liest	2
liberalism	2
letter	2
leaf	2
lavish	2
latest	2
languish	2
language	2
lair	2
lack	2
laboured	2
kyrie	2
knights	2
knave	2
kingdom	2
kindness	2
kindled	2
kindle	2
kin	2
keenness	2
keenly	2
k	2
justice	2
july	2
judgments	2
judged	2
judaism	2
jonathan	2
jonas	2
jesse	2
jeroboam	2
jeremiah	2
jehu	2
james	2
ithaca	2
isles	2
iron	2
insect	2
ing	2
indolence	2
increate	2
incessant	2
incarnate	2
impure	2
impress	2
impatience	2
immaterial	2
iffley	2
ideas	2
ice	2
i'm	2
hymns	2
hurrying	2
hungry	2
humble	2
huge	2
household	2
hot	2
hosts	2
horsepath	2
horror	2
hopeful	2
honours	2
honoured	2
holier	2
hoar	2
hither	2
hist	2
hire	2
hills	2
higher	2
highborn	2
hero	2
hermits	2
heretofore	2
herald	2
heirs	2
heathenism	2
heartless	2
hearth	2
hearing	2
having	2
haunted	2
haunt	2
hates	2
hasten	2
haste	2
harmless	2
hang	2
halve	2
hallowed	2
half	2
hadst	2
h	2
guides	2
guidance	2
guerdon	2
grudge	2
growth	2
grows	2
grown	2
groves	2
gropes	2
gregory	2
greece	2
greatest	2
greater	2
gratitude	2
grain	2
gospel	2
goes	2
goal	2
glorified	2
gloria	2
glitters	2
glen	2
glee	2
gleam	2
glass	2
gladness	2
gladden	2
girt	2
girdle	2
girding	2
giants	2
ghosts	2
ghastly	2
gently	2
gentlest	2
gear	2
gayest	2
gathered	2
gates	2
garb	2
gale	2
furnace	2
funeral	2
fully	2
fullness	2
froward	2
fro	2
fright	2
fretted	2
freed	2
frank	2
framed	2
former	2
forlorn	2
forgiven	2
food	2
flowed	2
flocks	2
fling	2
fkiday	2
fixed	2
fitted	2
fits	2
firm	2
finished	2
figure	2
fig	2
feverish	2
fetters	2
fen	2
feiday	2
feebleness	2
feeble	2
fate	2
fashion	2
family	2
falling	2
fairy	2
fainting	2
fainter	2
fades	2
faces	2
eyed	2
expand	2
exhale	2
evangelists	2
ethereal	2
ethelwald	2
eternity	2
est	2
epiphany	2
enshrined	2
engage	2
encircling	2
emblems	2
elias	2
eldest	2
either	2
effluence	2
edom	2
edge	2
ecstatic	2
echoes	2
ecce	2
earlier	2
dross	2
drop	2
draught	2
downcast	2
doomed	2
domine	2
dome	2
doctrine	2
dizzied	2
divinely	2
distressed	2
distance	2
dispensing	2
disclose	2
dire	2
diligence	2
different	2
dewy	2
dew	2
despite	2
desolate	2
desires	2
desire	2
design	2
desert	2
departed	2
deliver	2
delight	2
defilement	2
defiled	2
deemed	2
deeam	2
decline	2
declension	2
deathless	2
dearth	2
daylight	2
dawned	2
daughters	2
darts	2
dance	2
dan	2
cycles	2
cut	2
curse	2
crumble	2
crowd	2
crouched	2
crippled	2
crimes	2
cries	2
crept	2
creative	2
creation	2
created	2
create	2
craft	2
courteous	2
countries	2
counting	2
counsels	2
convert	2
continually	2
consuming	2
consolation	2
consigned	2
conqueror	2
confessors	2
confer	2
con	2
compline	2
complaint	2
complaining	2
company	2
command	2
comforter	2
comest	2
comely	2
co	2
cm	2
clothes	2
clods	2
cloak	2
clasped	2
claimed	2
circled	2
chuech	2
chief	2
cherished	2
champion	2
chamber	2
chains	2
cause	2
catholic	2
catch	2
cape	2
candlemas	2
busy	2
bundle	2
brook	2
broken	2
brink	2
brightening	2
brethren	2
bread	2
brand	2
brain	2
boyhood	2
bounteous	2
bounds	2
boundless	2
boon	2
books	2
bones	2
bodies	2
boast	2
blue	2
blot	2
bloodless	2
blithe	2
blindness	2
blight	2
bled	2
blaze	2
blast	2
black	2
bitterness	2
bier	2
bide	2
bidding	2
beyond	2
bethel	2
bestow	2
bend	2
believe	2
beautiful	2
beating	2
beasts	2
barren	2
baptist	2
baptism	2
bank	2
ban	2
balm	2
balance	2
babel	2
b	2
azure	2
averted	2
avenging	2
avenge	2
author	2
august	2
attire	2
atone	2
aspect	2
asked	2
arts	2
armed	2
aright	2
appal	2
apostasy	2
any	2
anxious	2
ante	2
answering	2
anoint	2
anger	2
ample	2
altered	2
already	2
almost	2
alme	2
alive	2
aims	2
aged	2
adore	2
admiring	2
addressed	2
act	2
accursed	2
abyss	2
absolution	2
abound	2
abode	2
aaron	2
....	2
.,	2
*	2
).	2
'.	2
!)	2
zion	1
zante	1
z	1
yoke	1
yearns	1
yearn	1
yawning	1
xxxin	1
xow	1
xoiseless	1
wtiitchurcti	1
wronged	1
written	1
writing	1
wreath	1
wraps	1
wrapped	1
wranglers	1
wove	1
wounded	1
worthy	1
worthier	1
worst	1
worshipped	1
worms	1
worm	1
working	1
worjs	1
wore	1
woods	1
wooded	1
wont	1
wonders	1
woman	1
woelds	1
woeds	1
woed	1
wnr	1
witnesses	1
witnessed	1
withhold	1
wither	1
wistful	1
wisest	1
wires	1
wipes	1
wintery	1
wintee	1
wine	1
winds	1
wiling	1
wilful	1
wildly	1
wielding	1
wider	1
widening	1
whoso	1
wholly	1
wholesome	1
whither	1
whitest	1
whispers	1
whispering	1
whirling	1
whereas	1
wheel	1
wheee	1
wheat	1
western	1
west	1
welkin	1
weighing	1
weighed	1
weeks	1
weeds	1
weed	1
weds	1
wedlock	1
weaves	1
weath	1
weapon	1
wean	1
wealthier	1
wax	1
waves	1
water	1
watchword	1
watchfulness	1
watchful	1
watched	1
warring	1
warnest	1
warned	1
warmth	1
warlike	1
warfare	1
wares	1
warder	1
want	1
waning	1
wander	1
wandekings	1
wandeeings	1
wan	1
walking	1
waking	1
wakfake	1
wakes	1
wail	1
wages	1
waged	1
wage	1
wafted	1
waft	1
waenings	1
voyage	1
vox	1
vowed	1
voucher	1
volume	1
vol	1
void	1
vocal	1
visitings	1
visitant	1
visioni	1
virtuous	1
virginal	1
violent	1
vincent	1
vilely	1
vile	1
vigorous	1
vigil	1
vid	1
victors	1
viceroy	1
vibrating	1
vestured	1
vesture	1
vestment	1
vestibule	1
vessels	1
veritable	1
veriest	1
verbum	1
verax	1
ventur'st	1
vent	1
venomous	1
veneration	1
veils	1
veey	1
vaunts	1
vaulted	1
vasty	1
vassals	1
varying	1
variety	1
vanish	1
valiantly	1
vainly	1
vagrant	1
v'ry	1
uzzah	1
utters	1
uttermost	1
utterance	1
utter	1
ushered	1
urge	1
upwelling	1
upwards	1
uprising	1
upright	1
uprears	1
uphold	1
upbraid	1
unwrought	1
unwittingly	1
unweaeied	1
unvexed	1
unvenerable	1
unveils	1
unveiled	1
unutterable	1
unusual	1
untrimm'd	1
untired	1
untimely	1
unthwarted	1
unthankful	1
unsubdued	1
unstrung	1
unspent	1
unsound	1
unsoiled	1
unsetting	1
unscared	1
unruly	1
unrolled	1
unripe	1
unrepose	1
unrefined	1
unprized	1
unopened	1
unmannered	1
unlocked	1
unlock	1
unkind	1
unjust	1
universal	1
united	1
unitas	1
uniform	1
unhoped	1
unheralded	1
unheard	1
unguarded	1
unforgiven	1
unfolded	1
unfold	1
unfit	1
unfelt	1
unfed	1
unfathomable	1
unennobled	1
unending	1
undying	1
undivided	1
undismayed	1
undecayed	1
uncreated	1
unconscious	1
uncloak	1
unchangeable	1
uncertified	1
unburthen	1
unbounded	1
unbound	1
unbought	1
unborn	1
unbent	1
unbeguiled	1
unawares	1
unaverted	1
unattached	1
unasked	1
unanswered	1
unadorned	1
un	1
uleomle	1
ulcomfo	1
ue	1
u	1
tzzah	1
tyrannic	1
types	1
tyee	1
twos	1
twisted	1
twin	1
twigs	1
twere	1
tutorings	1
tutored	1
tutelage	1
turrets	1
turned	1
turf	1
tuorum	1
tuneful	1
tu	1
trusted	1
trumpet	1
truly	1
truant	1
troubles	1
triumphed	1
trinity	1
trinitatis	1
trinitas	1
trims	1
trim	1
trifles	1
trickling	1
tribute	1
tribunal	1
tribes	1
trembling	1
treatise	1
treasures	1
treasure	1
treacherous	1
tre	1
traversing	1
traverse	1
travellers	1
traveller	1
travelled	1
transports	1
transmute	1
translations	1
translation	1
transitory	1
transgress	1
transform	1
transfiguration	1
trance	1
traitors	1
traitor	1
trained	1
trafalgar	1
traek'd	1
trade	1
tracks	1
tracing	1
toys	1
toward	1
touched	1
totters	1
torrent	1
torn	1
torch	1
tor	1
top	1
tools	1
tongueless	1
tongued	1
toll	1
tnor	1
tlecember	1
tjnquench'd	1
tj	1
tisi	1
tishbite	1
tiny	1
tinted	1
tinge	1
tin	1
timidly	1
timid	1
timely	1
tiis	1
tig	1
thv	1
thundercloud	1
thuksday	1
thuesday	1
thtosday	1
thrusts	1
thrust	1
thrown	1
throwing	1
throughout	1
throbs	1
throbbing	1
throb	1
thriving	1
thrives	1
thrill	1
thrice	1
threshold	1
threatened	1
threads	1
thralling	1
thraldom	1
thousandth	1
thoughtless	1
thoughful	1
thorns	1
thomas	1
thirsts	1
thinkest	1
thied	1
thickest	1
thereon	1
therei	1
therefore	1
theodore	1
thenceforth	1
theice	1
thecla	1
thanks	1
thank	1
teuth	1
tetrarch	1
tet	1
tests	1
tespees	1
terrible	1
terms	1
terminum	1
term	1
terce	1
tent	1
tenebrae	1
tenders	1
tenderness	1
tenderer	1
tended	1
tenax	1
tenant	1
tempting	1
temples	1
tempering	1
telluris	1
telling	1
tell'st	1
teeseveeajfce	1
teece	1
teaspoon	1
teance	1
teachings	1
teachers	1
teacher	1
tauris	1
tasked	1
tarshish	1
tapers	1
taormini	1
taoemini	1
tangles	1
tangle	1
tames	1
talk	1
talisman	1
tales	1
taking	1
tainting	1
table	1
t.yytv	1
syrian	1
sympathies	1
sympathetic	1
symmetry	1
symbol	1
sx	1
swords	1
swing	1
swiftly	1
swift	1
swept	1
swells	1
swelling	1
swell	1
sweets	1
sweetly	1
sways	1
swathed	1
swarmed	1
sward	1
svorld	1
sustained	1
sustain	1
suspended	1
susanna	1
surveys	1
survey	1
surround	1
surrender	1
surgit	1
surgentes	1
surface	1
supremely	1
supreme	1
supplies	1
suppliantly	1
suppliant	1
supernum	1
superne	1
supernal	1
supeenal	1
sunbeam	1
summse	1
summons	1
suitable	1
suffice	1
sufferer	1
sued	1
sue	1
suddenly	1
succouring	1
successive	1
succession	1
substajs'ce	1
subject	1
subjecit	1
subduing	1
subdue	1
subdivision	1
stunning	1
stun	1
stumble	1
studious	1
studied	1
stud	1
strung	1
struggle	1
strongholds	1
stroke	1
strives	1
stripped	1
string	1
strike	1
stricter	1
stricken	1
stretched	1
stress	1
strepitumque	1
strenuous	1
strengthened	1
strengthen	1
streamlet	1
streaming	1
streaks	1
streaked	1
strayed	1
strangers	1
strangely	1
straits	1
straiter	1
strait	1
stout	1
stoops	1
stolen	1
stirs	1
stirring	1
stink	1
stings	1
stifling	1
stifled	1
sticks	1
stemming	1
steep	1
steam	1
stealth	1
steals	1
steadfast	1
stead	1
statesmen	1
statesman	1
states	1
starved	1
startling	1
startle	1
stanza	1
standards	1
standard	1
stairs	1
staie	1
staid	1
stage	1
spurning	1
spun	1
sprung	1
sprinkled	1
springing	1
sprightlier	1
spout	1
spots	1
spotless	1
sport	1
sponsor	1
splendour	1
splendid	1
spited	1
spiritus	1
spire	1
spill	1
spending	1
spells	1
speeds	1
spectres	1
spectre	1
special	1
speaking	1
sparrow	1
sparkle	1
spark	1
spargit	1
sparest	1
spar	1
spake	1
sows	1
source	1
sounding	1
sotix	1
sotil	1
sorrowing	1
sores	1
sorer	1
sordid	1
sophocles	1
sophist	1
soothed	1
sony	1
songsters	1
songs	1
sonff	1
somno	1
something	1
som'd	1
solved	1
solve	1
solitariness	1
solace	1
sol	1
sojourner	1
soften	1
sobs	1
sobering	1
sob	1
soars	1
soar	1
snatch	1
snares	1
snapped	1
snapdragon	1
snapdeagoif	1
smouldering	1
smote	1
smitest	1
smites	1
smarting	1
smallest	1
slumbering	1
slumberers	1
sluggard	1
slipped	1
slink	1
slim	1
slightest	1
sleet	1
sleepless	1
sleepcth	1
slaves	1
slander	1
skirts	1
skirt	1
skills	1
skilled	1
sjtapdeagon	1
size	1
sixth	1
six	1
sires	1
sirens	1
siren	1
sir	1
sion	1
sinners	1
sinned	1
sinks	1
sinking	1
singular	1
sings	1
singleness	1
simplicity	1
simpler	1
simon	1
similitude	1
simeon	1
silks	1
silken	1
silk	1
sift	1
sieens	1
siderum	1
sidere	1
siddim	1
sickly	1
sickening	1
sibyl	1
siam	1
shy	1
shut	1
shudders	1
shuddering	1
shrouded	1
shrivels	1
shrivelling	1
shrivelled	1
shrivel	1
shrinking	1
shrinkest	1
shrined	1
shrill	1
shrieked	1
shrewd	1
shows	1
shown	1
showers	1
shortly	1
short-lived	1
shoot	1
shiver	1
shined	1
shifting	1
shepherds	1
shepherd	1
sheltering	1
shell	1
shelf	1
sheep	1
sheen	1
sheathes	1
shawls	1
shattered	1
sharpest	1
shaping	1
shapeless	1
shaped	1
shamed	1
shafts	1
severing	1
severely	1
seven	1
settled	1
setting	1
services	1
serpent	1
serenest	1
seraphs	1
seraphim	1
separation	1
sepaeation	1
sentiments	1
senseless	1
seminibns	1
selves	1
self-denial	1
selects	1
seldom	1
seer	1
seemly	1
seeks	1
seductive	1
sede	1
sedate	1
sed	1
secures	1
securely	1
secuee	1
secrets	1
secretly	1
secluded	1
seats	1
seat	1
seaside	1
seas	1
sears	1
searcher	1
sear	1
seance	1
seamen	1
seamed	1
seaman	1
seals	1
scud	1
scourged	1
score	1
scorched	1
scopeless	1
scope	1
scoffs	1
scoffings	1
scoff	1
science	1
schools	1
scholars	1
scentless	1
scatter	1
scarring	1
scarfs	1
scar	1
scanty	1
scantness	1
scanning	1
scaled	1
scale	1
scaes	1
says	1
saving	1
satiteday	1
sated	1
sapped	1
sap	1
sanetus	1
sandals	1
sanctissime	1
sanctify	1
sanctified	1
sancte	1
samuel	1
sameness	1
samaritan	1
saintliness	1
sainted	1
sail	1
sages	1
safety	1
safer	1
sadder	1
sackilege	1
saceilege	1
saceed	1
sac	1
s	1
rxv	1
rustling	1
runs	1
rules	1
rulers	1
rugged	1
rudiments	1
ruby	1
row	1
roving	1
rouse	1
rope	1
rooted	1
room	1
rolls	1
rolling	1
rock	1
robing	1
robed	1
robbed	1
roams	1
roaming	1
rivers	1
rival	1
rites	1
ripe	1
rill	1
rifled	1
rife	1
ridge	1
riddle	1
rid	1
richer	1
rhyme	1
revolves	1
reviving	1
revives	1
reverses	1
reverential	1
reverent	1
revel	1
reveals	1
returning	1
retreats	1
retreat	1
retouching	1
retire	1
retain	1
resurrection	1
restrains	1
restore	1
resting-place	1
resting	1
respect	1
resources	1
resolved	1
resolute	1
resistance	1
resigned	1
resignation	1
resign	1
rescuing	1
rescued	1
repute	1
repurchased	1
repress	1
report	1
replies	1
replenished	1
repenting	1
repentance	1
repair	1
rent	1
renowned	1
renown	1
renounce	1
renews	1
removed	1
remove	1
remorseful	1
remembrances	1
remains	1
remained	1
relying	1
relics	1
relentless	1
relenting	1
relax	1
rekindling	1
rejoicing	1
rejoices	1
rejoiced	1
reject	1
reignest	1
reigned	1
rehearsed	1
regret	1
region	1
refulgent	1
refrigekium	1
refrain	1
reflected	1
refines	1
refined	1
refine	1
refectis	1
reel	1
redarguit	1
recurring	1
rector	1
recreant	1
record	1
recompense	1
recognise	1
recluse	1
reclined	1
recline	1
reclaim	1
reckoned	1
reckon	1
recklessness	1
reckless	1
reck	1
recent	1
recedit	1
recedes	1
recall	1
rebukes	1
reasoning	1
reasoners	1
rears	1
reaped	1
reap	1
realms	1
realm	1
real	1
reaching	1
reached	1
ravens	1
rattle	1
rather	1
rapturous	1
rapt	1
rapid	1
ranks	1
rankles	1
rank	1
ranging	1
ranges	1
raises	1
raiment	1
rail	1
raid	1
rage	1
radiant	1
radiance	1
quoddam	1
quivering	1
quitted	1
quits	1
quite	1
quicunque	1
qui	1
questioning	1
quelling	1
queens	1
quasi	1
quarrel	1
quaking	1
quafpd	1
quaffed	1
quaeritis	1
qeeek	1
q	1
puts	1
puto	1
put	1
pusillanimity	1
pusillanimitr	1
pursues	1
pursued	1
purposes	1
purify	1
purchased	1
puppet	1
puny	1
punctual	1
pun	1
pulse	1
pueity	1
puegatoey	1
pueest	1
prying	1
provoke	1
proving	1
providential	1
providences	1
providence	1
provide	1
prospect	1
propped	1
prophetic	1
proper	1
proofs	1
prompts	1
promethean	1
progress	1
progeny	1
profitless	1
profit	1
proficiscere	1
proffer	1
prodigal	1
prodiens	1
proceeding	1
prizing	1
privilege	1
prints	1
print	1
princedoms	1
prince	1
primo	1
primaeval	1
priests	1
priestlings	1
priceless	1
prevents	1
prevent	1
prevailed	1
pretence	1
presumptuous	1
presentiment	1
presentations	1
presage	1
precise	1
precedent	1
preach	1
prayed	1
pratum	1
prattler	1
prate	1
pranks	1
practice	1
powerful	1
powek	1
powee	1
potuit	1
potter	1
potion	1
potentiae	1
potens	1
posted	1
post	1
portions	1
portent	1
port	1
popes	1
poorly	1
pools	1
pooe	1
pondering	1
polum	1
pole	1
poitiers	1
poisonous	1
poise	1
pointed	1
poesy	1
poems	1
poe	1
po	1
plunges	1
plunged	1
plenty	1
plentifully	1
please	1
pleadings	1
pleader	1
plantest	1
planted	1
plant	1
planned	1
plaintive	1
plagues	1
pkison	1
pitying	1
pity	1
piteous	1
piously	1
pines	1
pillar	1
pillak	1
pilgrimage	1
pilgkim	1
pilgeim	1
piled	1
piercingly	1
pierced	1
picturesque	1
pictures	1
pictured	1
pictttee	1
phlegethon	1
philosophic	1
phantoms	1
peune	1
pet	1
perverse	1
pervades	1
persuasive	1
persuades	1
personal	1
person	1
perseverance	1
persecution	1
perplexed	1
perplex	1
permitted	1
perish	1
periods	1
peril	1
perfumes	1
perfumed	1
perforce	1
perfected	1
perfect	1
peremptory	1
perchance	1
perception	1
peophet	1
peoghess	1
pentecostal	1
pentecost	1
penitential	1
penitent	1
penitence	1
peneus	1
penalty	1
penal	1
pelt	1
peized	1
peivate	1
peevish	1
peep	1
pedibus	1
pedant	1
pear	1
pe.iestly	1
pceatum	1
pbiest	1
paused	1
pause	1
patterns	1
patrons	1
patriarchs	1
patiebantur	1
paternse	1
paterni	1
pastorumj	1
pastorum	1
pastor	1
passive	1
passions	1
parting	1
parti	1
parted	1
partake	1
parks	1
parens	1
pardoning	1
parce	1
paraphkase	1
panting	1
panniers	1
pangs	1
paly	1
palmy	1
palm	1
paling	1
palgrave	1
palee	1
palate	1
palaces	1
pageants	1
paeaphease	1
pacing	1
oxxvir	1
owners	1
owed	1
ovissima	1
overtures	1
overthrow	1
outwearied	1
outstripping	1
outstrip	1
outshone	1
outrings	1
outlive	1
outlines	1
ourselves	1
ought	1
orto	1
ortegal	1
origo	1
originally	1
origen	1
organ	1
ore	1
ordinances	1
order	1
orbs	1
oppress	1
opens	1
openly	1
opened	1
op	1
ootoler	1
onwards	1
onofrio	1
oneself	1
omnipotent	1
omnipotence	1
omnes	1
ollis	1
olives	1
oldest	1
older	1
olden	1
oifce	1
often	1
offzante	1
offers	1
offerings	1
offering	1
offending	1
offend	1
odours	1
odour	1
obtains	1
obscure	1
oblivion	1
oauta	1
oaks	1
o'ertaken	1
o'ershadow	1
o'ercharged	1
nursed	1
nuptial	1
nuntius	1
nunc	1
numbering	1
number	1
nubila	1
nox	1
novissima	1
nothingness	1
norman	1
nondum	1
noctis	1
nocte	1
noblest	1
nobles	1
nobis	1
nil	1
nihil	1
nightly	1
nightingale	1
news	1
newfound	1
newborn	1
nethermost	1
nestling	1
nest	1
nerves	1
nerveless	1
nerved	1
neri	1
neither	1
neighbour	1
negation	1
needful	1
nebo	1
nearer	1
nazarite	1
natuee	1
natheless	1
nathaniel	1
names	1
named	1
myrrh	1
mutual	1
musing	1
murmurs	1
murder	1
munificent	1
mundo	1
multitudinous	1
multitudes	1
multiply	1
multiform	1
moving	1
moves	1
mounts	1
mounting	1
moulded	1
motive	1
motion	1
moss	1
mortis	1
mortar	1
mortals	1
mortality	1
moonbeams	1
monument	1
month	1
monster	1
moist	1
moetal	1
moening	1
mockery	1
moat	1
mix	1
mitigating	1
mistreat	1
misspent	1
misjudged	1
miserable	1
miser	1
mischiefs	1
mischief	1
mirror	1
mire	1
minute	1
minstrel	1
ministers	1
mini	1
mingle	1
minds	1
millionth	1
millions	1
militum	1
mihi	1
midway	1
midnight	1
middle	1
midday	1
michaelmas	1
metus	1
metrical	1
methought	1
methinks	1
message	1
merriest	1
merits	1
mental	1
memorable	1
memoey	1
mementos	1
member	1
melts	1
melody	1
meetly	1
meeting	1
meditators	1
meditative	1
meditate	1
medicine	1
measures	1
measurements	1
meanwhile	1
meant	1
meanness	1
meads	1
meadow	1
max	1
maurice	1
matures	1
mature	1
matkts	1
material	1
matched	1
masses	1
marvels	1
marvelling	1
martyrdom	1
martin	1
marshalled	1
mars	1
marking	1
market	1
marie	1
margin	1
marble	1
mantles	1
mantle	1
mankind	1
manebant	1
mandates	1
majestical	1
majestic	1
maintenance	1
magnse	1
magnisi	1
maeia	1
maeeied	1
madest	1
lysyllabical	1
lyrics	1
lyrical	1
lxxxtii	1
lxxvit	1
lxti	1
lxsxiv	1
luxurious	1
lusts	1
lustrous	1
lustral	1
lures	1
luminis	1
lucifer	1
loyal	1
lowered	1
lowborn	1
loveth	1
lover	1
lovely	1
loveliest	1
lovedst	1
lour	1
loses	1
lords	1
loosening	1
longs	1
lokd	1
loiterest	1
lofty	1
loftiest	1
lodgement	1
lodged	1
lock	1
loathsome	1
loathe	1
lizard	1
livest	1
liver	1
livelong	1
litttemore	1
lisbon	1
lions	1
lion	1
lintels	1
link	1
lingered	1
ling	1
lineage	1
limitless	1
limb	1
lily	1
lilac	1
likeness	1
liken	1
lightnings	1
lightness	1
lightly	1
lighting	1
lighter	1
lifelong	1
lied	1
licked	1
letters	1
lessons	1
lengthening	1
lends	1
lemn	1
legions	1
legend	1
leaving	1
leaven	1
learning	1
lean	1
leagued	1
leads	1
laws	1
lawns	1
lawn	1
lawlessness	1
laver	1
laughs	1
laughing	1
laugh	1
latlds	1
latin	1
lasts	1
larger	1
largely	1
lapdog	1
lanes	1
lamp	1
lamb	1
lain	1
laggart	1
lacked	1
labyrinth	1
laburnum	1
labouring	1
laboureks	1
laboueees	1
la	1
kuling	1
kose	1
korne	1
koman	1
kobbers	1
knowing	1
knocking	1
knock	1
knit	1
knife	1
knees	1
knee	1
kiss	1
kises	1
kinsman	1
kingly	1
kindling	1
kindles	1
kindest	1
ken	1
keeps	1
keeping	1
keeper	1
keenest	1
keener	1
ked	1
kecks	1
kch	1
katuee	1
k"ot	1
jvly	1
justorum	1
justoeum	1
juoe	1
juite	1
juice	1
judges	1
jtazianzen	1
joyousness	1
joyful	1
journeying	1
joshua	1
jonathak	1
jonah	1
joints	1
joins	1
jibes	1
jeterna	1
jesuit	1
jest	1
jerusalem	1
jeremias	1
jeiday	1
jegu	1
jealous	1
jane	1
jacob	1
j	1
ivy	1
italy	1
issues	1
isle	1
islands	1
io	1
invites	1
invisible	1
invade	1
introversion	1
introduction	1
introduce	1
intoxicate	1
intonation	1
intervals	1
interpreter	1
interest	1
intercede	1
inteoduction	1
intensity	1
intemperate	1
integrity	1
inteecession	1
instinct	1
instead	1
instantaneous	1
inspirings	1
inspiring	1
inspired	1
inquiry	1
innumerous	1
innocents	1
innocence	1
innermost	1
inner	1
inly	1
inherit	1
ingulfing	1
infusing	1
infra	1
informed	1
inflexible	1
inflamed	1
infinity	1
infinitesimal	1
infidel	1
infants	1
infant	1
infancy	1
inexpressive	1
inexorabile	1
inexhaustive	1
indulgent	1
independent	1
incorrupt	1
inclement	1
inadequate	1
imprisoned	1
imprinted	1
impressed	1
impotent	1
implore	1
impious	1
impel	1
imparted	1
immovable	1
immense	1
immaui	1
immaculate	1
imbrute	1
im	1
illustrate	1
illumined	1
illuminate	1
ills	1
igneus	1
ignens	1
idonese	1
idly	1
idleness	1
idle	1
hymtt	1
huts	1
hushed	1
husbandman	1
hurries	1
hurried	1
hurrell	1
hurl	1
humbling	1
humankind	1
hubbub	1
hows	1
howling	1
howl	1
howbeit	1
hover	1
houses	1
hound	1
hostile	1
horn	1
hora	1
hoped	1
homo	1
hominis	1
homesick	1
homeless	1
holiday	1
hoea	1
hoc	1
hoary	1
hoard	1
hitherto	1
hit	1
hinges	1
hinge	1
hinds	1
hindrance	1
highwood	1
highway	1
highly	1
hides	1
hi	1
heroic	1
hermitage	1
heritage	1
heretic	1
heresy	1
hereafter	1
herbs	1
herbage	1
heralded	1
helplessness	1
hellfire	1
heeo	1
heedless	1
heed	1
hee	1
hebrew	1
heavy	1
heaviest	1
heavfn	1
heathens	1
heathenesse	1
heath	1
heartstrings	1
hears	1
hearers	1
healed	1
heaet	1
he's	1
he'll	1
hawthorn	1
haven	1
hatred	1
hatnrritfg	1
hateful	1
hasty	1
hastes	1
harsh	1
harp	1
harmonise	1
harmoniously	1
harm	1
harbour	1
happier	1
haply	1
handling	1
halt	1
halls	1
hallow	1
hall	1
hailstorm	1
hails	1
haek	1
habitual	1
habit	1
gusty	1
guiling	1
guile	1
guided	1
guests	1
guessing	1
guards	1
guarded	1
grovelling	1
grots	1
grotesque	1
grope	1
groaners	1
grieving	1
grieves	1
grenevese	1
greeted	1
greek	1
greed	1
greatness	1
grateful	1
grasps	1
grasped	1
grasp	1
grants	1
granting	1
granted	1
grand	1
gradual	1
graces	1
gracefully	1
gourds	1
gorse	1
gorgeous	1
goodwill	1
goods	1
goodness	1
goliah	1
goeth	1
gods	1
godhead	1
goad	1
gnat	1
gnashed	1
glows	1
glorying	1
glorifies	1
glorias	1
gloomy	1
gloey	1
glitter	1
glistening	1
glimpse	1
glimmers	1
glimmer	1
glides	1
glide	1
glib	1
glebe	1
glancing	1
gladsome	1
gitaedian	1
girl	1
girdled	1
gikoxtits	1
geroxtius	1
germ	1
gerizim	1
gerar	1
george	1
gentler	1
gentleness	1
generous	1
generation	1
gen	1
geeontirs	1
geeohtius	1
geegouy	1
geeen	1
geeek	1
gaunt	1
gauge	1
gaudy	1
gathering	1
gath	1
gas	1
garments	1
garlands	1
garish	1
gardens	1
garbs	1
gallio	1
galleries	1
gains	1
gaiety	1
futitee	1
fulfilled	1
fuiends	1
ft	1
fruits	1
frozen	1
frowns	1
froude	1
frost	1
front	1
fringe	1
frighted	1
frieze	1
friendless	1
friday	1
friction	1
friars	1
friar	1
fretful	1
freshen	1
frenzy	1
french	1
freeze	1
freeman	1
fray	1
fraught	1
frauds	1
fraudful	1
frascati	1
frantic	1
frankincense	1
francis	1
framework	1
fourth	1
fourteen	1
fourfold	1
four	1
fountain	1
founder	1
foul	1
foueth	1
forty	1
fortune	1
forthwith	1
forthj	1
fort	1
forgot	1
forged	1
forfeiture	1
forfeited	1
foretold	1
foretaste	1
forestalled	1
foresight	1
forerun	1
foreknew	1
forcing	1
forced	1
forbid	1
footprints	1
fools	1
fonts	1
fontane	1
font	1
fondness	1
fondest	1
folly	1
followers	1
follow	1
fluttering	1
flushed	1
flung	1
flowrets	1
flowing	1
floweks	1
floweh	1
flowees	1
flowee	1
floor	1
floods	1
flitting	1
flittest	1
flitted	1
flits	1
flit	1
flinging	1
fleetingness	1
fleet	1
flaunt	1
flatter	1
flash	1
flaps	1
flamo	1
fkom	1
fixing	1
fixedly	1
fitly	1
fitful	1
fit	1
fish	1
firmly	1
fireside	1
firebrands	1
finite	1
fingers	1
finer	1
fine	1
finds	1
findest	1
final	1
filling	1
figures	1
fifth	1
fiest	1
fiercely	1
fiend	1
fields	1
fiction	1
ffiterne	1
feuit	1
feud	1
fetter	1
festal	1
fervid	1
fervent	1
fertile	1
fenced	1
fence	1
fellows	1
felix	1
feeling	1
fee	1
fed	1
febrifuge	1
feb	1
fearless	1
fearing	1
fearfullest	1
feared	1
feamee	1
feagment	1
fchee	1
favours	1
favoured	1
fault	1
fatum	1
fatherless	1
fatherland	1
fates	1
fated	1
fat	1
fasts	1
fastings	1
fashioned	1
fashionable	1
fascination	1
faroe	1
faring	1
farewell	1
fare	1
fantellaria	1
fantasies	1
fanning	1
fancyings	1
fancying	1
famous	1
famished	1
faltering	1
falmouth	1
faithfulness	1
fairer	1
faints	1
fainted	1
fading	1
faded	1
facing	1
eyelid	1
eyeless	1
extremity	1
extremest	1
extra	1
external	1
extenuate	1
extension	1
extends	1
exteenal	1
expressive	1
explore	1
explicate	1
explaining	1
expire	1
expelling	1
expanded	1
exhaust	1
exclamation	1
excited	1
excess	1
except	1
excelsis	1
excelling	1
evolving	1
eventful	1
euaedian	1
ethelwalt	1
esteem	1
estate	1
establish	1
essene	1
escape	1
erred	1
err	1
eondemn'd	1
eome	1
envy	1
environed	1
envied	1
entreated	1
entreat	1
enters	1
enter	1
enslaved	1
enshrouding	1
enrolled	1
enrich	1
enough	1
enoch	1
ennobling	1
enlighten	1
enjoy	1
enigmatical	1
english	1
enfold	1
endure	1
endued	1
ends	1
endlessly	1
ending	1
encompass	1
encluster'd	1
enclose	1
encage	1
en	1
emptying	1
employ	1
empirics	1
empire	1
emmaus	1
emmanuel	1
emerge	1
embrown	1
embrace	1
emblem	1
elysian	1
eloquence	1
eli	1
elevate	1
elephant	1
elemental	1
elder	1
eld	1
elate	1
elaborated	1
eise	1
eight	1
egean	1
effort	1
eeveiises	1
eeveeses	1
eesign'd	1
eerum	1
eemembeances	1
eelioion	1
eeligion	1
eelics	1
eefeigeetuh	1
eefeigeeium	1
eee	1
eeak	1
edward	1
edwaed	1
editions	1
edipus	1
edifice	1
edged	1
eddying	1
ecstasy	1
eclipse	1
echo	1
ebbing	1
eathees	1
eaten	1
east	1
easily	1
earthborn	1
earnests	1
earnestness	1
earnest	1
earned	1
earn	1
earliest	1
eagle	1
eagerly	1
dwarf	1
duteously	1
duteous	1
dusk	1
durst	1
dumb	1
dubious	1
dry	1
drunk	1
drowsiness	1
drown	1
dropping	1
droners	1
drives	1
driven	1
dreed	1
drear	1
dreamy	1
dreading	1
dreadful	1
drawn	1
drain	1
dragon	1
doubtful	1
doubters	1
doublings	1
dooming	1
dook	1
dominic	1
dominations	1
domain	1
doings	1
doff	1
dlsdpiis	1
diviner	1
dividing	1
dissonance	1
dissolves	1
dissolve	1
dissolute	1
dispossessed	1
dispose	1
displays	1
displayed	1
dispel	1
disowns	1
disfigurement	1
disengage	1
disease	1
discrimine	1
discriminant	1
discoursing	1
discipline	1
discerned	1
discern	1
discarding	1
discard	1
disburden'd	1
disagree	1
disadvantage	1
direct	1
dip	1
dionysius	1
dint	1
dims	1
dimmed	1
diffuse	1
differ	1
diei	1
df	1
dews	1
devotion	1
devise	1
devils	1
devil	1
destroyed	1
destroy	1
destiny	1
despot	1
despoiler	1
despised	1
despise	1
desolation	1
deserts	1
desecrate	1
descry	1
describe	1
descends	1
denys	1
denying	1
dens	1
demon	1
demiurge	1
dementias	1
demas	1
deluge	1
delayed	1
deign	1
degree	1
degrade	1
deft	1
defiles	1
defied	1
defend	1
defence	1
defaced	1
deer	1
deeper	1
deepening	1
deeams	1
deeam'd	1
decree	1
declining	1
declare	1
deciding	1
decent	1
deceit	1
deca\	1
dearly	1
deadliest	1
deab	1
dazzles	1
dawning	1
dauntless	1
daunt	1
daughtees	1
dat	1
dashed	1
dartington	1
darted	1
darlington	1
darling	1
darkly	1
daring	1
daniel	1
danger	1
dancing	1
dancers	1
damps	1
dampness	1
dame	1
daintiest	1
dahlia	1
cxxx1x	1
cxxcx	1
cutting	1
cuthlert	1
cursing	1
curses	1
current	1
curiousness	1
curious	1
cup	1
cunning	1
culture	1
crxxv	1
crueller	1
crucifix	1
crowning	1
crowded	1
crosiers	1
crocus	1
crisped	1
crimson	1
cresset	1
creeping	1
creepers	1
creep	1
creating	1
crawling	1
craving	1
cravens	1
craved	1
cramped	1
crags	1
craggy	1
crag	1
crafty	1
cozens	1
cowled	1
cower	1
cowards	1
coward	1
covetous	1
coveted	1
covenanted	1
courtly	1
courtesy	1
courted	1
courses	1
courage	1
coupled	1
country	1
counter	1
counsel	1
council	1
couese	1
couditor	1
cot	1
costly	1
corruption	1
corrupt	1
correlative	1
corrective	1
corpses	1
cornice	1
corfu	1
corcyra	1
copy	1
cope	1
conveyed	1
convey	1
converting	1
convent	1
convalescent	1
continuous	1
contegit	1
contain	1
consummation	1
consummated	1
consumes	1
consumed	1
constituent	1
constancy	1
consolatory	1
consolations	1
considerate	1
conservatory	1
consecrate	1
conscious	1
conquest	1
conquering	1
conplaint	1
connatural	1
conforms	1
confines	1
confident	1
confidence	1
confessor	1
confessoe	1
confess	1
conferred	1
conducts	1
condense	1
conceivable	1
conceals	1
concealing	1
concealed	1
comrades	1
comprehend	1
compositions	1
composite	1
complying	1
compel	1
compassion	1
compass	1
companied	1
commune	1
commerce	1
comfortable	1
comets	1
comeade	1
combining	1
combine	1
columns	1
coloured	1
colour	1
coloneus	1
college	1
collected	1
collapse	1
coiled	1
cognoscere	1
coffin	1
coffers	1
coelestis	1
coecyea	1
coat	1
cluster	1
cloy	1
cloudy	1
clouds	1
closing	1
closet	1
closest	1
closed	1
clomb	1
cloking	1
clings	1
climes	1
climb	1
cliit	1
cliffs	1
cliff'd	1
clement	1
cleared	1
cleansed	1
clara	1
claims	1
claiming	1
ck	1
civil	1
cih	1
churns	1
chukch	1
chuek'd	1
chronology	1
christum	1
christiana	1
christened	1
chords	1
chord	1
choke	1
choicer	1
cho1e	1
chiswiclc	1
chilling	1
childlike	1
childish	1
chiding	1
chides	1
chide	1
chid	1
chestnut	1
cherubim	1
cheist	1
cheers	1
cheerfulness	1
cheek	1
checkering	1
cheating	1
cheat	1
cheapest	1
chattering	1
chastity	1
chastised	1
chastens	1
chastened	1
chaste	1
chasing	1
chased	1
chase	1
chary	1
charms	1
charmed	1
charity	1
characters	1
chapel	1
chantings	1
chanticleer	1
channels	1
changing	1
changeful	1
chanced	1
champions	1
chambers	1
chalice	1
chained	1
chaff	1
chafed	1
cf	1
certain	1
ceoss	1
centuries	1
censors	1
celibate	1
ceeatoe	1
ceased	1
cave	1
causas	1
cattle	1
catching	1
cataract	1
catacombs	1
caswall	1
cased	1
carry	1
carnal	1
carmel	1
caressing	1
careless	1
carefully	1
captured	1
capable	1
canting	1
canker	1
candle	1
camp	1
calves	1
calms	1
calmed	1
calling	1
called	1
calfdtejfas	1
calatajimi	1
caijf	1
caged	1
cafe	1
ca8wall	1
c3xii	1
buys	1
buy	1
buttress'd	1
bursting	1
burns	1
burial	1
burdened	1
buns	1
build	1
buffet	1
budding	1
buckle	1
brutes	1
brown	1
brooding	1
brooded	1
brood	1
broidered	1
brisk	1
brimming	1
brightest	1
brightens	1
brighten	1
breezes	1
breeze	1
breathing	1
breathes	1
breathe	1
breadth	1
bravo	1
braves	1
braver	1
bravely	1
branching	1
bracing	1
braced	1
brace	1
bows	1
bowers	1
bounty	1
bough	1
bosoms	1
borns	1
boots	1
bondsman	1
bonds	1
bolder	1
bodily	1
boaster	1
board	1
blunts	1
blunted	1
blow	1
blossoms	1
blossom	1
bloodstained	1
block	1
blithest	1
blithesome	1
blithely	1
blisters	1
blissful	1
blended	1
bleed	1
blazed	1
blasphemy	1
blasphemed	1
blank	1
blandishment	1
blanched	1
blade	1
bkand	1
bitterest	1
biscay	1
births	1
birthright	1
bigot	1
bids	1
bewilderment	1
bewildered	1
beware	1
betoken	1
bethink	1
bespeak	1
besides	1
besets	1
beseems	1
beseemingly	1
berries	1
bereft	1
bereavement	1
bequest	1
benign	1
benighted	1
bemired	1
belt	1
beloved	1
belongings	1
belong	1
believed	1
beleaguered	1
behold	1
beguiled	1
bedewed	1
bede	1
becomes	1
beatse	1
beat	1
beast	1
bearing	1
beand	1
beacon	1
beach	1
bays	1
bay	1
bat	1
basil	1
bashful	1
baseness	1
barter	1
bars	1
bark	1
baptised	1
bandit	1
balustrade	1
balmy	1
balak	1
baitings	1
baffles	1
baffle	1
badest	1
bad'st	1
bad	1
backward	1
babes	1
babe	1
ba!osh'i>	1
axe	1
awestruck	1
awakes	1
awaken	1
awaits	1
avuence	1
avari	1
avail	1
autumnal	1
austereness	1
aurora	1
aurea	1
augury	1
attributes	1
attitude	1
attest	1
atra	1
atque	1
atoning	1
atones	1
athanase	1
asunder	1
assure	1
assort	1
associate	1
assigned	1
assemble	1
assails	1
asks	1
asking	1
ashes	1
ashamed	1
ascetic	1
ascends	1
ascending	1
ascended	1
ascendant	1
artubus	1
artless	1
artifice	1
arrived	1
arrest	1
arrays	1
arrayed	1
arraigned	1
argument	1
argued	1
architect	1
archangels	1
arch	1
arbitrate	1
arab	1
aptness	1
approving	1
approaching	1
approach	1
apprehensive	1
appointed	1
applies	1
appeared	1
apostolic	1
aping	1
anything	1
anticipate	1
antic	1
antedate	1
answers	1
answered	1
anothee	1
annoy	1
announcing	1
annie	1
annealing	1
animal	1
animae	1
anima	1
anguish	1
anglo	1
angelical	1
anew	1
andrew	1
amplest	1
ammon	1
amiss	1
ambitious	1
altogether	1
alternating	1
alterations	1
aloud	1
alma	1
allures	1
allowed	1
alleys	1
alleluias	1
allaying	1
alienum	1
algiers	1
ales	1
albion	1
albeit	1
akd	1
ajfgel	1
aisle	1
ain	1
aiming	1
ailing	1
aik	1
aids	1
aided	1
ahitophel	1
ague	1
agre	1
agonised	1
aggravate	1
afric	1
afflicted	1
affectionate	1
affect	1
aether	1
aee	1
advancing	1
adulterer	1
adtent	1
adorn	1
adoring	1
adores	1
adoration	1
adopted	1
added	1
add	1
actions	1
acted	1
acknowledge	1
achieved	1
achieve	1
aches	1
acherontis	1
ache	1
account	1
accosted	1
abstinent	1
abstinence	1
absolvo	1
absolving	1
absoi/ction	1
absence	1
abounding	1
abominate	1
abideth	1
abides	1
abidance	1
abeaham	1
abased	1
abandonment	1
abandon	1
^	1
[	1
?"-	1
5tet	1
1st	1
.]	1
..."	1
..	1
.''	1
'.)	1
',	1
'!	1
&	1
".	1
"'	1
