,	1140
the	766
and	461
.	360
of	350
;	314
in	226
a	194
to	187
|'s|	185
that	153
with	125
as	115
on	90
i	89
where	82
is	81
for	81
his	80
which	79
all	79
but	76
—	73
from	73
'	71
it	69
:	66
or	63
by	63
they	62
their	59
are	57
?	55
when	53
one	52
gold	52
no	51
not	50
he	48
old	45
life	45
we	44
there	43
who	42
at	42
my	41
like	40
thou	39
through	38
what	37
some	36
more	36
was	35
still	33
me	33
its	33
her	33
dead	33
you	32
upon	31
long	31
have	30
|arabic2digit|	29
round	29
ever	29
day	29
be	29
while	28
were	28
thy	28
then	26
has	26
now	25
last	25
each	25
so	24
sea	24
once	24
him	24
great	24
can	24
this	23
night	23
will	22
time	22
them	22
soul	22
every	22
into	21
whose	20
nor	20
never	20
men	20
light	20
years	19
up	19
man	19
an	19
those	18
than	18
made	18
if	18
head	18
earth	18
death	18
bed	18
too	17
thee	17
said	17
out	17
beneath	17
.'	17
world	16
went	16
sweet	16
sun	16
may	16
young	15
silent	15
hand	15
fate	15
would	14
us	14
till	14
see	14
heaven	14
eyes	14
down	14
though	13
such	13
stone	13
our	13
lost	13
little	13
let	13
grain	13
god	13
face	13
away	13
yet	12
souls	12
shall	12
rolled	12
make	12
lie	12
hold	12
hear	12
grow	12
green	12
bright	12
above	12
!	12
winter	11
white	11
strong	11
stand	11
self	11
past	11
own	11
must	11
love	11
lay	11
had	11
flame	11
find	11
fast	11
fair	11
dim	11
dark	11
art	11
your	10
year	10
she	10
pale	10
only	10
none	10
lips	10
know	10
heart	10
golden	10
go	10
fold	10
dusk	10
black	10
air	10
|romannumeral|	9
wings	9
think	9
strange	9
should	9
shell	9
shadow	9
saw	9
play	9
pain	9
over	9
look	9
how	9
high	9
eternal	9
dull	9
deep	9
breath	9
berries	9
angel	9
youth	8
wood	8
within	8
whom	8
walls	8
trees	8
today	8
thought	8
song	8
snow	8
small	8
say	8
run	8
red	8
puck	8
lies	8
leaf	8
land	8
hope	8
hands	8
grey	8
greek	8
faint	8
depths	8
dawn	8
could	8
clay	8
blue	8
bitter	8
bell	8
?'	8
wrought	7
woe	7
wild	7
wet	7
well	7
wave	7
vague	7
things	7
these	7
since	7
sight	7
shattered	7
shadowy	7
sand	7
ring	7
pure	7
pass	7
other	7
oh	7
near	7
n	7
live	7
limbs	7
keep	7
instead	7
hours	7
hard	7
grave	7
goes	7
glow	7
gave	7
fly	7
first	7
far	7
dream	7
call	7
brought	7
bound	7
book	7
body	7
angels	7
again	7
|arabic3digit|	6
wreck	6
winged	6
wine	6
wheeled	6
wheat	6
way	6
waves	6
wall	6
walk	6
summer	6
slowly	6
skate	6
shore	6
shapes	6
set	6
same	6
rose	6
room	6
poet	6
plain	6
others	6
nothing	6
mind	6
mere	6
meet	6
loved	6
left	6
leaves	6
leave	6
kiss	6
king	6
just	6
here	6
hell	6
half	6
grass	6
good	6
garden	6
free	6
found	6
filled	6
feet	6
faith	6
eyed	6
elf	6
earthly	6
dust	6
die	6
countless	6
breeze	6
before	6
ball	6
back	6
|arabic1digit|	5
woods	5
wingless	5
watch	5
venus	5
vain	5
until	5
two	5
twilight	5
turn	5
tortoise	5
tis	5
times	5
thing	5
tell	5
tears	5
sudden	5
street	5
stream	5
steel	5
sound	5
sonnet	5
sky	5
sing	5
share	5
shade	5
seems	5
rod	5
river	5
ocean	5
o	5
low	5
lone	5
lo	5
lives	5
line	5
lead	5
late	5
knew	5
hour	5
held	5
heard	5
hast	5
grew	5
give	5
ghost	5
fumes	5
fruit	5
forest	5
fire	5
few	5
fear	5
fall	5
even	5
elves	5
dumb	5
dread	5
dazzling	5
dante	5
cup	5
crimson	5
close	5
came	5
bread	5
born	5
blind	5
beside	5
bare	5
arms	5
am	5
alone	5
yellow	4
wrong	4
writ	4
word	4
wind	4
wide	4
west	4
wee	4
waters	4
watching	4
wasted	4
wake	4
waif	4
virgin	4
vast	4
under	4
tuscan	4
true	4
tread	4
thunder	4
thread	4
ten	4
takes	4
take	4
swift	4
sweep	4
stretch	4
stood	4
spring	4
space	4
sought	4
snails	4
slow	4
silver	4
ship	4
shape	4
seemed	4
seek	4
scarcely	4
save	4
restless	4
rack	4
prison	4
present	4
place	4
olive	4
oft	4
obol	4
new	4
need	4
move	4
mouse	4
mourn	4
midas	4
mark	4
marble	4
magic	4
locked	4
livid	4
lime	4
letting	4
leap	4
known	4
iron	4
human	4
house	4
horror	4
heap	4
gone	4
glory	4
gleam	4
game	4
future	4
full	4
frost	4
freedom	4
fool	4
flesh	4
fill	4
fight	4
faster	4
fairies	4
fading	4
eve	4
empty	4
drink	4
dreams	4
done	4
died	4
diamond	4
darkness	4
dance	4
cut	4
cross	4
creep	4
create	4
command	4
comes	4
cold	4
circles	4
christmas	4
children	4
cheek	4
charon	4
cast	4
brown	4
brow	4
broad	4
both	4
beyond	4
behold	4
bear	4
battle	4
bars	4
around	4
anon	4
ago	4
across	4
about	4
yes	3
wreathed	3
wreathe	3
work	3
wonder	3
without	3
wise	3
wing	3
window	3
wilt	3
whole	3
weight	3
wavy	3
watched	3
wan	3
waiting	3
waifs	3
vine	3
very	3
veil	3
used	3
unfurled	3
trout	3
tree	3
trace	3
touch	3
tongue	3
titan	3
tiny	3
tide	3
thrown	3
throng	3
thrice	3
thoughts	3
tells	3
surface	3
sunset	3
sunlit	3
sunken	3
sundial	3
suddenly	3
strings	3
strewn	3
stray	3
storm	3
stony	3
stay	3
stars	3
stands	3
stained	3
square	3
spread	3
spite	3
spirit	3
speed	3
spear	3
sparkling	3
spanish	3
sonnets	3
snakes	3
smile	3
sleep	3
sledge	3
skates	3
sit	3
sick	3
shrine	3
ships	3
shelf	3
shadows	3
seem	3
scarce	3
sapphire	3
sank	3
sands	3
salt	3
sail	3
roses	3
roots	3
root	3
rolls	3
rocks	3
rock	3
ripe	3
right	3
rich	3
rest	3
remove	3
remain	3
reap	3
read	3
reach	3
radiant	3
race	3
quite	3
prometheus	3
pool	3
plan	3
phantom	3
pearls	3
pay	3
part	3
pace	3
ours	3
op	3
nought	3
note	3
nero	3
nature	3
name	3
mummy	3
mud	3
motionless	3
morn	3
minster	3
might	3
met	3
march	3
many	3
lonely	3
living	3
lit	3
lethe	3
led	3
leaps	3
laugh	3
laid	3
knows	3
judith	3
isles	3
indians	3
image	3
ill	3
hymns	3
huge	3
hue	3
hopping	3
hollow	3
holding	3
hidden	3
help	3
height	3
hearts	3
health	3
heads	3
harvest	3
grows	3
growing	3
ground	3
gods	3
glows	3
glittering	3
glass	3
glare	3
girl	3
giotto	3
gifts	3
gems	3
friend	3
fresh	3
fourteen	3
forth	3
flowers	3
flower	3
florence	3
floats	3
fled	3
fills	3
fields	3
ferry	3
fell	3
faustus	3
faun	3
fairy	3
evil	3
evermore	3
ere	3
endless	3
eagles	3
eagle	3
dying	3
dusty	3
dusky	3
dungeon	3
dry	3
drowned	3
drop	3
door	3
dolphins	3
do	3
dies	3
dew	3
desperate	3
despair	3
decay	3
darker	3
dare	3
curled	3
cry	3
crowd	3
creeps	3
creeping	3
crawl	3
crave	3
come	3
colour	3
coins	3
coin	3
coils	3
clad	3
chances	3
chains	3
centuries	3
care	3
called	3
caesar	3
buried	3
brother	3
brink	3
brings	3
brighter	3
breeds	3
brazen	3
bold	3
blood	3
birds	3
bid	3
between	3
behind	3
begins	3
been	3
because	3
became	3
beauty	3
bay	3
bark	3
band	3
backs	3
ay	3
awhile	3
ask	3
april	3
any	3
another	3
amid	3
alas	3
ages	3
against	3
after	3
*	3
|arabic5+digit|	2
yonder	2
yea	2
ye	2
writhing	2
wrinkle	2
wreath	2
woodland	2
wondrous	2
wolves	2
wistful	2
wintery	2
winds	2
why	2
whether	2
wheel	2
weights	2
weeks	2
water	2
waste	2
wast	2
washed	2
warm	2
wanes	2
wand	2
wakes	2
wait	2
wail	2
wade	2
voice	2
victory	2
victim	2
vent	2
vaguely	2
utter	2
use	2
unutterable	2
unused	2
unseen	2
unrolled	2
unknown	2
underground	2
twins	2
twelves	2
turning	2
turf	2
truth	2
trumpets	2
trembling	2
treasure	2
towers	2
tower	2
towards	2
topaz	2
tooth	2
tombs	2
told	2
titian	2
tightened	2
tight	2
tiberius	2
thyself	2
thunders	2
thrushes	2
throw	2
throngs	2
throat	2
thinking	2
thine	2
thin	2
tent	2
tempest	2
tear	2
tardy	2
tall	2
tale	2
taken	2
swung	2
swept	2
sway	2
surrounds	2
surf	2
sunrise	2
sunlight	2
sunless	2
suffering	2
struggles	2
strolled	2
stricken	2
strength	2
streak	2
strangling	2
strangled	2
strand	2
straightway	2
straight	2
stowed	2
stones	2
stiffened	2
stern	2
step	2
stem	2
steep	2
steed	2
stamped	2
stagnant	2
st	2
squirrel	2
sprites	2
springs	2
spray	2
spell	2
sparks	2
sower	2
sowed	2
soundless	2
soulac	2
son	2
soared	2
snows	2
snail	2
smiled	2
sluggish	2
sloes	2
slept	2
sleeping	2
slaves	2
skater	2
sinks	2
sinking	2
sink	2
single	2
sighs	2
sigh	2
shrink	2
shows	2
showers	2
show	2
shores	2
shook	2
shipwreck	2
shelves	2
shed	2
shame	2
shakespeare	2
shake	2
shades	2
send	2
selves	2
seized	2
seen	2
seeded	2
seed	2
section	2
seaweed	2
search	2
scrolls	2
screws	2
scorn	2
scenting	2
sat	2
saints	2
sad	2
ruth	2
rushes	2
running	2
ruby	2
rosy	2
rossetti	2
rosebuds	2
roman	2
rocky	2
robin	2
robes	2
rise	2
ripples	2
rhymes	2
rhyme	2
return	2
replace	2
reed	2
received	2
recall	2
rebel	2
ray	2
rash	2
ransom	2
raise	2
racers	2
quick	2
quenched	2
quail	2
put	2
proud	2
prophet	2
proclaims	2
prize	2
power	2
poor	2
pools	2
pompilia	2
plunged	2
pleasures	2
please	2
playing	2
played	2
planned	2
pizarro	2
pines	2
phials	2
perish	2
perhaps	2
pent	2
pen	2
peep	2
peace	2
pawns	2
passing	2
passes	2
pang	2
pall	2
paint	2
pains	2
packed	2
opened	2
omar	2
off	2
oblivion	2
oberon	2
oar	2
numb	2
notes	2
noble	2
nestled	2
nest	2
neither	2
nearer	2
nave	2
nations	2
narrow	2
myself	2
music	2
mushroom	2
muse	2
murmur	2
mouth	2
mountain	2
mound	2
mould	2
motley	2
motion	2
morning	2
mood	2
monstrous	2
mocking	2
mix	2
milo	2
millions	2
miles	2
mighty	2
midnight	2
marston	2
marathon	2
mantegna	2
makes	2
mail	2
magdalen	2
lying	2
lust	2
lurid	2
lose	2
looms	2
lock	2
list	2
links	2
link	2
lights	2
lest	2
less	2
legend	2
leapt	2
later	2
lap	2
lanes	2
lands	2
lain	2
laden	2
lack	2
knell	2
kisses	2
khayyam	2
keeps	2
justice	2
juliet	2
italic	2
instincts	2
ingots	2
inexorable	2
impulse	2
immortal	2
idle	2
ice	2
hunted	2
hung	2
hundred	2
humming	2
hum	2
huddled	2
howls	2
hounds	2
hosts	2
hoped	2
hoar	2
hip	2
hill	2
hides	2
hid	2
helped	2
heel	2
heat	2
heaps	2
hath	2
hark	2
happy	2
halls	2
hair	2
grudge	2
grown	2
groping	2
gory	2
gleamed	2
girls	2
gilt	2
gift	2
ghosts	2
ghostly	2
genius	2
gem	2
gall	2
funeral	2
frosty	2
frightened	2
fresco	2
freeze	2
four	2
forsake	2
former	2
form	2
forced	2
foot	2
folly	2
folk	2
flung	2
flow	2
flood	2
flits	2
flies	2
flash	2
flare	2
fir	2
figure	2
fiery	2
fierce	2
felt	2
fancy	2
false	2
falls	2
fain	2
fades	2
eye	2
evening	2
europe	2
eternally	2
else	2
elfin	2
echoes	2
ear	2
dwell	2
dwarf	2
drops	2
dropped	2
draught	2
dragon	2
drag	2
dove	2
doubtful	2
doth	2
doors	2
doomed	2
distinct	2
distant	2
display	2
did	2
desert	2
degrees	2
deem	2
deeds	2
days	2
dart	2
dared	2
crown	2
crouched	2
crossing	2
crippled	2
crew	2
craved	2
crag	2
courts	2
couch	2
corn	2
common	2
columbus	2
clustered	2
clods	2
cling	2
clear	2
circe	2
chisel	2
chill	2
cheat	2
chase	2
charcoal	2
changed	2
change	2
chance	2
chained	2
ceaseless	2
ceased	2
caves	2
caverns	2
cave	2
cause	2
caucasus	2
carved	2
captive	2
cap	2
cage	2
bygone	2
bulbul	2
build	2
brows	2
bring	2
breed	2
breathing	2
breathe	2
break	2
branch	2
bracing	2
bosom	2
bore	2
boom	2
books	2
bones	2
boat	2
blossoms	2
bleak	2
bit	2
binding	2
beryl	2
bent	2
below	2
beatrice	2
bearded	2
beard	2
beach	2
baths	2
azrael	2
awoke	2
autumn	2
aureoles	2
aureoled	2
ate	2
asleep	2
ash	2
armour	2
armless	2
archangel	2
arch	2
appears	2
appeared	2
anguish	2
among	2
amaranth	2
along	2
alchemist	2
aisle	2
aim	2
afterlife	2
acheron	2
abyss	2
/	2
-	2
"	2
•"there	1
zones	1
zigzags	1
zephyrs	1
younger	1
yore	1
yields	1
yew	1
yesterday	1
yard	1
xx•	1
wrote	1
writhes	1
wrinkles	1
wring	1
wretch	1
wren	1
wrecked	1
wreathing	1
wrapped	1
wrap	1
wove	1
wound	1
wouldst	1
worth	1
worse	1
worn	1
worked	1
wore	1
wordless	1
wooed	1
wooden	1
woo	1
wont	1
wonders	1
won	1
women	1
woes	1
wniten	1
withhold	1
wished	1
winters	1
winning	1
winner	1
winglets	1
winding	1
windfall	1
wildly	1
wilder	1
wight	1
widowhood	1
widow	1
wider	1
wicked	1
whortle	1
whort	1
whither	1
whistle	1
whirled	1
whirl	1
whips	1
whipped	1
whining	1
whiles	1
whence	1
wheels	1
weltering	1
weighed	1
weigh	1
weeds	1
weed	1
weary	1
weariness	1
wearily	1
wear	1
wealth	1
weak	1
wayward	1
ways	1
waxen	1
wax	1
waving	1
watermark	1
wassail	1
wash	1
wars	1
warrior	1
warning	1
warms	1
warlike	1
warbles	1
war	1
wanton	1
wane	1
wander	1
waltz	1
walking	1
waking	1
waits	1
voyage	1
vowel	1
voices	1
vita	1
visor	1
vision	1
vipers	1
vintage	1
vineyard	1
viking	1
views	1
viewless	1
victorious	1
victor	1
vibrating	1
vibrate	1
vestige	1
vessel	1
vesper	1
verona	1
verdure	1
venturous	1
venture	1
venice	1
venetian	1
velvet	1
veins	1
vecchio	1
vault	1
vapour	1
vanish	1
van	1
valley	1
vainly	1
utterly	1
utmost	1
useless	1
urn	1
urge	1
upthrown	1
upsoars	1
uprising	1
uphold	1
upgoes	1
unwritten	1
unwept	1
unutterably	1
untrodden	1
untie	1
unsubstantial	1
unstarr'd	1
unsay	1
unsailed	1
unreal	1
unpeopling	1
unlocks	1
unloads	1
universe	1
unguessed	1
unfathomable	1
unendingness	1
uneatable	1
undone	1
underthought	1
underneath	1
undecayed	1
uncomfortable	1
unclouded	1
unclose	1
unchanged	1
unchain	1
unbloody	1
tyre	1
twined	1
twigs	1
twenty	1
turns	1
turned	1
turkish	1
tufts	1
try	1
trunk	1
trumpeters	1
trump	1
troy	1
trow	1
tropic	1
triumphal	1
tritons	1
tripow	1
trifle	1
tries	1
tried	1
trickles	1
tricked	1
trick	1
tremor	1
trembles	1
treasures	1
trappings	1
transmuted	1
transferred	1
transept	1
transcendent	1
trample	1
trained	1
train	1
tragic	1
tracts	1
track	1
toys	1
town	1
touches	1
touched	1
tottering	1
tortured	1
torture	1
torso	1
torrent	1
torn	1
tormentors	1
topple	1
topless	1
took	1
tomb	1
toll	1
toad	1
tips	1
tintless	1
tinsel	1
tilled	1
tiles	1
tigress	1
tightening	1
tick	1
thus	1
thund'ringly	1
thule	1
thrust	1
throned	1
throbbing	1
thrives	1
thrills	1
thrift	1
threw	1
three	1
thousand	1
thou'rt	1
thorn	1
thongs	1
thickness	1
thick	1
thermopylae	1
themselves	1
thb	1
tethered	1
terrors	1
terrible	1
tens	1
temples	1
temple	1
templar	1
teeth	1
tec	1
tawny	1
tatters	1
tattered	1
task	1
targe	1
tannhauser	1
tankards	1
tankard	1
tangle	1
talons	1
taking	1
taints	1
t7ourteen	1
t'wards	1
t	1
sword	1
swimmers	1
swelled	1
swell	1
sweeps	1
sweat	1
swear	1
swamps	1
swallows	1
suspended	1
surviving	1
surveyed	1
surround	1
surprise	1
superbly	1
superb	1
sunshine	1
sunny	1
sunburnt	1
sunbeams	1
summoning	1
sum	1
suit	1
sucked	1
successive	1
success	1
succeed	1
subtler	1
subtle	1
substance	1
styx	1
strumming	1
struggling	1
struggled	1
structure	1
stronger	1
stroke	1
striped	1
string	1
strikes	1
strike	1
stretcher	1
stretched	1
streets	1
streamed	1
streaks	1
stranger	1
strained^to	1
strained	1
strain	1
stout	1
story	1
stormy	1
store	1
stops	1
stop	1
stolen	1
stoled	1
stirred	1
stillness	1
sticks	1
sterile	1
steeled	1
steams	1
stealthy	1
steals	1
steal	1
stately	1
starving	1
starved	1
startling	1
started	1
standing	1
stallions	1
staining	1
spurns	1
spurned	1
spun	1
sprung	1
spreads	1
sprang	1
spoused	1
spot	1
sports	1
spnng	1
splendour	1
spire	1
spilled	1
spiked	1
spielberg	1
spheres	1
spent	1
spectres	1
speckled	1
speck	1
speak	1
sparse	1
sparkles	1
spare	1
spanned	1
spaniards	1
spaniard	1
sown	1
sow	1
sovereign	1
sounds	1
sorrows	1
sore	1
soothe	1
sooner	1
sons	1
somewhere	1
sometimes	1
solitary	1
solid	1
soldier	1
sold	1
soft	1
sobs	1
sober	1
soar	1
so-called	1
snowballs	1
snaky	1
smaller	1
slums	1
slumber	1
sluggishly	1
sloth	1
slimes	1
slight	1
sleighs	1
sleeps	1
sleeper	1
slayers	1
slavish	1
slave	1
slain	1
skyward	1
skirt	1
skill	1
skies	1
skeletons	1
skating	1
skaters	1
six	1
sitting	1
sits	1
sins	1
sings	1
sin	1
silk	1
silence	1
signs	1
signorelli	1
sign	1
side	1
sickly	1
siamese	1
shuddering	1
shudder	1
shrouded	1
shrivel	1
shrined	1
shriller	1
shrilled	1
shrill	1
shower	1
showed	1
shouted	1
shout	1
shot	1
shoot	1
shoal	1
shivered	1
shining	1
shingle	1
shine	1
shifting	1
shield	1
shelters	1
shelter	1
shells	1
sheet	1
sheaves	1
sharp	1
shamble	1
shakes	1
shackled	1
setting	1
sets	1
serve	1
seraphs	1
seraphim	1
september	1
sentries	1
sense	1
selfsame	1
sees	1
seeming	1
seeks	1
seeking	1
sedgy	1
secret	1
seated	1
seas	1
searching	1
searches	1
searched	1
scroll'd	1
screw	1
screaming	1
scour	1
scorned	1
scimitar	1
scholars	1
scents	1
scented	1
scattering	1
scattered	1
scathing	1
scare	1
scanned	1
scan	1
scaly	1
scale	1
scaffold	1
saws	1
savage	1
satan	1
sardius	1
sap	1
sang	1
salamis	1
saint	1
sails	1
safely	1
safe	1
sadness	1
rutty	1
rustling	1
rustles	1
rust	1
russian	1
rush	1
rung	1
rumours	1
rumour	1
ruined	1
ruin	1
rouse	1
rouge	1
rot	1
rope	1
rooms	1
roofless	1
roncevaux	1
rome	1
rolling	1
roll	1
rode	1
robins	1
robber	1
roars	1
roar	1
roamed	1
roam	1
rival	1
rising	1
rippling	1
ripple	1
ripeness	1
rings	1
rigid	1
ride	1
riddle	1
rid	1
ribs	1
rhymed	1
rhine	1
reverse	1
revellers	1
reveller	1
revel	1
reveal	1
returning	1
restricts	1
repressed	1
replied	1
replaced	1
repentant	1
rent	1
renew	1
remorse	1
remember	1
remains	1
regret	1
reflect	1
referred	1
reel	1
reefy	1
redeems	1
redbreast	1
recumbent	1
records	1
recollect	1
reappears	1
reapers	1
realms	1
reality	1
real	1
reaching	1
reached	1
rays	1
rayless	1
ravaged	1
rather	1
rashness	1
rapture	1
raphael	1
rang	1
ran	1
rain	1
racks	1
racing	1
quoth	1
quivered	1
quit	1
quench	1
quarrels	1
quaking	1
quaffed	1
quadrilles	1
pyramid	1
puts	1
putrescent	1
pursuit	1
purple	1
purging	1
pulses	1
pudding	1
prying	1
prostrate	1
prospero	1
prong	1
promethean	1
profitable	1
procrustes	1
prisons	1
prisoned	1
prigioni	1
priceless	1
price	1
prey	1
precious	1
prayers	1
prayer	1
prayed	1
pray	1
powers	1
pours	1
poured	1
pounded	1
potter	1
pottage	1
pots	1
posture	1
posts	1
portion	1
port	1
pored	1
pony	1
pontiffs	1
ponderous	1
pond	1
pomp	1
poisonous	1
pointing	1
poets	1
poetry	1
poesy	1
poems	1
plunging	1
plucked	1
pluck	1
ploughshare	1
plough	1
plight	1
plash	1
planets	1
plaints	1
placed	1
pixies	1
pixie	1
pinions	1
pinches	1
pillars	1
piles	1
pile	1
pike	1
pigeons	1
pies	1
piece	1
pick	1
phryne	1
phosphorescence	1
philip	1
phial	1
phantoms	1
petrarch	1
petals	1
peru	1
persian	1
permitted	1
perilous	1
perchance	1
peopled	1
pence	1
pelasgi	1
pedestal	1
pecks	1
peas	1
pearly	1
pearl	1
paves	1
pavements	1
pave	1
pause	1
patted	1
patriot	1
patient	1
path	1
pate	1
passions	1
passed	1
parts	1
paris	1
parent	1
parapet	1
paper	1
pant	1
panic	1
panelled	1
panel	1
palsy	1
pallid	1
paler	1
paints	1
pageantry	1
pagan	1
paean	1
pack	1
paced	1
oxford	1
oxen	1
owners	1
overthrown	1
overtakes	1
overspread	1
overshadowed	1
overnight	1
overhead	1
overgrown	1
oval	1
outside	1
outrace	1
outlives	1
outliv'st	1
outlined	1
ourselves	1
ost	1
organ	1
ophir	1
open	1
oozings	1
ong	1
ones	1
omened	1
omen	1
older	1
oiolos	1
of.venus	1
odds	1
obtained	1
obol.*	1
obey	1
oaken	1
oak	1
o'ercreep	1
nurse	1
nuova	1
numbing	1
number	1
nugget	1
norman	1
nooses	1
noon	1
noisy	1
noise	1
nocturnal	1
nobler	1
nine	1
nimbus	1
nike	1
nights	1
nigh	1
nibbling	1
nibbles	1
network	1
nestle	1
neck	1
naiad	1
mystic	1
myrtles	1
myrtle	1
myrrh	1
myriads	1
myriad	1
mutter	1
mutilated	1
mute	1
mutability	1
musset	1
musk	1
mused	1
murmurs	1
murderous	1
murdered	1
multitude	1
multiply	1
much	1
mown	1
moves	1
mouths	1
mounded	1
moulders	1
mother	1
most	1
moss	1
mortar	1
mortals	1
morrow	1
moonlight	1
moon	1
months	1
moment	1
mole	1
modern	1
mocks	1
moans	1
moan	1
mitred	1
mistress	1
mistletoe	1
mistake	1
misspent	1
misspends	1
missals	1
misfreights	1
misery	1
miserable	1
miscreated	1
miscellaneous	1
mirth	1
mirrors	1
mire	1
minutes	1
mingled	1
mine	1
mince	1
mimicked	1
millet	1
mildew	1
mightst	1
midway	1
middle	1
michael	1
mice	1
meting	1
metal	1
mess	1
mermaids	1
merge	1
memory	1
memoriam	1
melted	1
meeting	1
meed	1
medusa	1
medea	1
measured	1
means	1
meadows	1
maze	1
mayest	1
massive	1
mass	1
maskers	1
marvellous	1
marshals	1
marred	1
margin	1
marching	1
marched	1
mar	1
mantle	1
manhood	1
maned	1
mane	1
maimed	1
maddened	1
lyre	1
lydian	1
lurks	1
lurk	1
luminous	1
lumber	1
lucretia	1
luckless	1
lowest	1
lowers	1
lower	1
loves	1
lovely	1
loveless	1
louis	1
loud	1
loss	1
loosened	1
looming	1
looks	1
looking	1
longer	1
longed	1
loneliness	1
lonelier	1
log	1
loft	1
locusta	1
locks	1
loathed	1
loathe	1
load	1
littered	1
listless	1
lined	1
limb	1
lightest	1
lift	1
lifeblood	1
liest	1
lid	1
licked	1
lethargy	1
lepta	1
leopardi	1
leonardo	1
legions	1
lebanon	1
leaving	1
leather	1
least	1
learn	1
leafy	1
leafless	1
le	1
lbaf	1
laws	1
lawns	1
lawn	1
laura	1
laughter	1
laughed	1
latest	1
latent	1
lashed	1
lascivious	1
large	1
language	1
lane	1
lake	1
labour	1
knowing	1
knives	1
knight	1
knewest	1
kneel	1
kissed	1
kings	1
kind	1
killed	1
kept	1
keeping	1
keen	1
keats	1
kansas	1
jungfrau	1
june	1
juggle	1
jug	1
judiths	1
joys	1
joyous	1
jove	1
jockeys	1
jewels	1
jewellery	1
jewelled	1
jasper	1
jackets	1
jacinth	1
j	1
ivy	1
italy	1
italian	1
islam	1
isaiah	1
irrecoverable	1
iridescence	1
invades	1
inland	1
ingot	1
infinity	1
infinite	1
inez	1
inexterminable	1
indian	1
india	1
inches	1
inch	1
incandescent	1
inca	1
imps	1
imprisoned	1
impious	1
impetuous	1
imperious	1
imp	1
immortals	1
immense	1
illustration	1
il	1
ifs	1
ie	1
identity	1
icy	1
i/ike	1
i.ay	1
i'll	1
hymn	1
hybrid	1
huts	1
husk	1
hushed	1
hurries	1
hunt	1
hungry	1
hunger	1
hundreds	1
hunchback	1
humble	1
hug	1
however	1
hove	1
household	1
hound	1
hot	1
host	1
hospitable	1
hosanna	1
horses	1
horse	1
horrible	1
horizon	1
hops	1
hopes	1
hopeful	1
hook	1
hoofs	1
hood	1
homeward	1
home	1
holly	1
hole	1
holds	1
hoary	1
hoarded	1
hoard	1
hissing	1
hips	1
himalay	1
hilt	1
hillocks	1
highest	1
higher	1
hiding	1
hide	1
hewed	1
herself	1
hereafter	1
herds	1
hemmed	1
hem	1
helplessness	1
helpless	1
helping	1
hells	1
heeding	1
heedest	1
heed	1
heavn	1
heaving	1
heavier	1
heavens	1
heave	1
heath	1
heartless	1
heartache	1
hears	1
heal	1
heai/th	1
headers	1
hazels	1
hazel	1
hay	1
haws	1
having	1
haunts	1
haunt	1
hate	1
haste	1
harshness	1
harp	1
harness	1
happier	1
haply	1
hanging	1
hanged	1
hang	1
handful	1
hammered	1
hall	1
halfpenny	1
hail	1
haggard	1
gutter	1
gun	1
gummy	1
gulls	1
guilty	1
guilt	1
guessed	1
guardian	1
grudged	1
growth	1
groups	1
group	1
gropes	1
grope	1
grin	1
grimly	1
grime	1
grim	1
grieves	1
graybeards	1
grates	1
grasses	1
grasp	1
grapples	1
grapple	1
grape	1
grant	1
grains	1
gradual	1
gown	1
gorges	1
gorgeous	1
goodnight	1
goodly	1
goodbye	1
goldsmith	1
golconda	1
godmothers	1
goddess	1
gnomes	1
gnome	1
gnawing	1
glowing	1
gloved	1
glories	1
glitter	1
glimpses	1
glimpse	1
glides	1
gleaner	1
gleams	1
gleaming	1
glassy	1
glaring	1
glad	1
glacier	1
girt	1
girding	1
gigantic	1
ghostlike	1
get	1
gently	1
genseric	1
gazed	1
gathers	1
gathering	1
gathered	1
gates	1
gate	1
gascon	1
garners	1
garner	1
garments	1
games	1
galleys	1
galleries	1
gale	1
gagged	1
fury	1
furthest	1
furrows	1
furious	1
fur	1
fruits	1
frozen	1
froth	1
frosts	1
fro	1
fringes	1
fringe	1
friends	1
fretted	1
freshness	1
fresher	1
frescoes	1
frescoed	1
freighted	1
freer	1
freed	1
fray	1
frame	1
frail	1
fragrant	1
fragments	1
fra	1
fount	1
foul	1
forsakes	1
forgotten	1
forgot	1
forgiveness	1
forget	1
foretold	1
forests	1
forecasts	1
force	1
footstool	1
footsteps	1
footing	1
food	1
fond	1
followed	1
foetid	1
flying	1
flushes	1
flows	1
flowery	1
floor	1
flocks	1
float	1
flit	1
flings	1
fling	1
flight	1
flickering	1
fleeting	1
fleet	1
flecks	1
flames	1
flameless	1
flakes	1
flagship	1
fixed	1
fix	1
five	1
fitted	1
fits	1
fit	1
fisher	1
fish	1
firs	1
firm	1
fireflies	1
fired	1
fiori	1
fingers	1
finger	1
fine	1
finds	1
final	1
film	1
figures	1
fights	1
fiercely	1
fiends	1
fiend	1
fibrous	1
feudal	1
fertile	1
fellow	1
feelings	1
feeds	1
fed	1
feathering	1
feasting	1
feasted	1
fearful	1
fauns	1
fathoms	1
fates	1
fatal	1
fashion	1
fare	1
fantastic	1
fanned	1
fancies	1
fan	1
famed	1
faliero	1
falchion	1
faints	1
faggots	1
faded	1
fade	1
faces	1
exultant	1
exult	1
extinction	1
expire	1
expect	1
expand	1
exile	1
evokes	1
everywhere	1
etruscans	1
etruscan	1
etnbraceless	1
ethereal	1
eternity	1
escapes	1
escape	1
error	1
equivalent	1
equal	1
epilogue	1
envious	1
envied	1
enrolled	1
enough	1
engulfs	1
english	1
england	1
engine	1
ends	1
ending	1
end	1
encounter	1
emptiness	1
emerald	1
embrace	1
embossed	1
embers	1
elsewhere	1
elm	1
elfdom	1
eject	1
eiserne	1
eights	1
eight	1
egypt	1
effect	1
eclectic	1
echo	1
eat	1
easter	1
early	1
eared	1
eager	1
dwindles	1
dun	1
due	1
dryad	1
drunken	1
drunk	1
drowsy	1
drown	1
drove	1
drips	1
dripping	1
drifts	1
drew	1
dreamy	1
drawing	1
draw	1
drapes	1
draped	1
doves	1
doubloons	1
dost	1
dormice	1
domed	1
does	1
dizzy	1
divested	1
diver	1
dissyllable	1
dissolving	1
displayed	1
dislodged	1
disease	1
discoverer	1
discovered	1
disavow	1
dirge	1
dire	1
dims	1
dig	1
dewy	1
dewdrop	1
device	1
destroy	1
despite	1
desk	1
desire	1
descent	1
derided	1
derby	1
departs	1
den	1
delves	1
dell	1
defy	1
defies	1
deer	1
deeper	1
deemed	1
deed	1
decrees	1
decreed	1
decreasing	1
deck	1
dealt	1
deadlier	1
deadening	1
de	1
dazzles	1
daylight	1
dashed	1
darkening	1
darken	1
daring	1
darics	1
dances	1
danced	1
dame	1
daily	1
daggers	1
da	1
d'or	1
cymbals	1
cyclopean	1
cushioned	1
cursed	1
current	1
curbing	1
cups	1
cuban	1
crystal	1
crying	1
crust	1
crushed	1
crush	1
crusader	1
crumbling	1
crumbles	1
crumbled	1
cruelly	1
cruel	1
crucible	1
croziered	1
crowded	1
crouching	1
crouch	1
crossed	1
crone	1
crocus	1
crisp	1
cripple	1
crimes	1
cries	1
crests	1
crest	1
cresset	1
creep'st	1
creed	1
credit	1
creates	1
creak	1
crawler	1
crashed	1
crash	1
crans	1
craft	1
crack	1
cow	1
covers	1
covered	1
cover	1
cousin	1
courser	1
courage	1
counted	1
count	1
council	1
couldst	1
corso	1
corpse	1
coronation	1
cornfield	1
corners	1
core	1
cord	1
copses	1
cool	1
coo	1
control	1
contracts	1
continues	1
continent	1
content	1
contain	1
consigned	1
consciousness	1
conscious	1
conquered	1
condensed	1
conceal	1
comrades	1
complete	1
complains	1
compelled	1
compared	1
commands	1
columns	1
coloured	1
colleges	1
coercing	1
coat	1
coasts	1
coast	1
coarse	1
coagulate	1
coach	1
clung	1
clumps	1
clue	1
club	1
cloudy	1
clouds	1
clothe	1
closed	1
cloisters	1
clogs	1
clod	1
cloak	1
clip	1
clings	1
climes	1
clime	1
climbed	1
climb	1
cleave	1
cleared	1
clayey	1
clash	1
clankless	1
clambered	1
citherns	1
circuses	1
chuckling	1
chrysolite	1
chronos	1
christian	1
christening	1
choked	1
choke	1
chiselled	1
chirped	1
chinks	1
chilled	1
child	1
chiefly	1
chest	1
chessboard	1
cherub	1
cherished	1
cheerless	1
cheerers	1
check	1
cheated	1
chaste	1
chasms	1
charm	1
chanced	1
chair	1
cesar	1
century	1
censer	1
cell	1
caught	1
catch	1
casts	1
cassius	1
carves	1
carried	1
carriage	1
carousing	1
capri	1
capped	1
capes	1
canvas	1
canst	1
canoes	1
cannot	1
canals	1
camp	1
calypso	1
calling	1
cabins	1
butcher	1
burst	1
buoy	1
built	1
builds	1
buds	1
brute	1
brushwood	1
brush	1
bruised	1
broom	1
brook	1
bronze	1
broken	1
broidered	1
briny	1
brine	1
brilliants	1
brick	1
breezy	1
breezes	1
breathless	1
breast	1
breaking	1
breakers	1
brazier	1
bravely	1
braved	1
brave	1
boys	1
boyhood	1
boundless	1
bough	1
booty	1
booming	1
bolt	1
bodiless	1
boatman	1
blow	1
bloom	1
bloodred	1
bloodless	1
bloodhounds	1
blond	1
blindly	1
blessing	1
blent	1
blends	1
blasted	1
blast	1
bladed	1
blade	1
bitterer	1
birthright	1
birth	1
bigger	1
big	1
bier	1
better	1
best	1
besought	1
beseech	1
bereft	1
bepebbled	1
benumbed	1
bends	1
belt	1
bells	1
beings	1
beginning	1
beggar	1
began	1
beetling	1
bees	1
beef	1
bedressed	1
beck	1
beautiful	1
beats	1
beat	1
bearing	1
beam	1
bead	1
baudelaire	1
battling	1
battlements	1
battered	1
bats	1
bathed	1
bat	1
bastard	1
barons	1
barges	1
bard	1
bands	1
ballroom	1
baleful	1
baked	1
baghdad	1
badge	1
background	1
babble	1
azure	1
axe	1
awe	1
awake	1
avernus	1
author	1
austrians	1
auriferous	1
aught	1
auburn	1
attic	1
attests	1
athwart	1
assembly	1
asia	1
arrives	1
armlets	1
arise	1
apse	1
approach	1
appear	1
appealing	1
appeal	1
apathy	1
antiquity	1
antiquit3t	1
antique	1
answered	1
annihilation	1
angelico	1
ananke	1
amy	1
ample	1
amorously	1
amorous	1
although	1
alternate	1
altering	1
alterer	1
already	1
allowed	1
alighieri	1
alarm	1
alack	1
ajsop	1
ahaz	1
aghast	1
age	1
afraid	1
aether	1
aerial	1
adorned	1
adonis	1
ache	1
acclaimed	1
abysses	1
abreast	1
abound	1
3touth	1
/.	1
."	1
),	1
)	1
(;	1
(	1
';	1
"*••*	1
!'	1
