,	2041
the	1560
and	1050
.	663
of	643
in	478
to	460
that	409
a	320
with	276
i	216
|'s|	213
;	194
on	177
from	166
my	157
where	149
—	147
as	146
for	145
his	141
their	126
all	123
not	111
when	107
it	104
have	104
you	99
so	99
but	99
they	97
love	92
by	92
he	91
sweet	89
through	83
at	83
there	80
be	80
or	79
its	79
her	78
was	73
like	72
|arabic3digit|	71
are	69
one	68
|arabic2digit|	66
what	64
whose	62
were	62
some	61
beauty	60
more	59
is	59
:	59
me	58
no	55
our	54
this	52
over	52
shall	51
fair	51
down	51
!	51
world	50
here	50
far	50
who	49
heart	47
those	45
life	45
has	45
thy	43
would	42
than	42
your	41
we	41
them	41
now	41
nor	41
out	40
eyes	40
blue	40
"	39
had	38
each	38
night	37
if	37
round	36
come	36
only	35
old	35
how	35
rose	34
him	34
then	33
still	33
once	33
green	33
deep	33
arms	33
youth	32
clouds	32
back	32
an	32
yet	31
too	31
summer	31
light	31
into	31
flowers	31
thou	30
these	30
joy	30
earth	30
desire	30
see	29
may	29
made	29
long	29
'	29
white	28
dear	28
sea	27
above	27
will	26
she	26
lips	26
great	26
can	26
which	25
up	25
men	25
nature	24
face	24
every	24
city	24
while	23
many	23
know	23
flower	23
day	23
came	23
been	23
upon	22
most	22
moon	22
might	22
less	22
days	22
?	22
under	21
things	21
oft	21
make	21
little	21
last	21
high	21
bright	21
sun	20
such	20
stars	20
loved	20
gold	20
even	20
breast	20
before	20
air	20
again	20
across	20
place	19
man	19
fire	19
wind	18
till	18
thing	18
sunset	18
should	18
past	18
leaves	18
flesh	18
first	18
death	18
behind	18
well	17
trees	17
thought	17
think	17
sky	17
hand	17
golden	17
fields	17
could	17
years	16
ways	16
war	16
walls	16
tender	16
spring	16
spirit	16
soft	16
seemed	16
saw	16
hearts	16
hands	16
found	16
fell	16
beyond	16
beneath	16
art	16
among	16
within	15
warm	15
us	15
soul	15
song	15
sometimes	15
skies	15
red	15
new	15
never	15
lies	15
lay	15
hour	15
hills	15
feet	15
dreams	15
dream	15
dawn	15
bliss	15
winds	14
whom	14
turn	14
time	14
though	14
thine	14
set	14
loveliness	14
leave	14
heaven	14
good	14
garden	14
faint	14
evening	14
dim	14
cloud	14
close	14
being	14
around	14
thee	13
stood	13
star	13
romance	13
proud	13
own	13
need	13
near	13
mountain	13
horizons	13
hear	13
find	13
fall	13
ever	13
bloom	13
blood	13
away	13
wonder	12
woman	12
wide	12
waits	12
sunny	12
sound	12
sought	12
sense	12
seas	12
rise	12
pass	12
part	12
oh	12
off	12
ocean	12
height	12
happy	12
gone	12
delight	12
country	12
born	12
blessed	12
beside	12
any	12
(	12
west	11
way	11
towers	11
tears	11
seen	11
pleasure	11
perfumed	11
pale	11
orient	11
name	11
mine	11
memory	11
lovers	11
look	11
let	11
laid	11
hours	11
held	11
happiness	11
half	11
gentle	11
full	11
forth	11
bed	11
bare	11
amid	11
along	11
."	11
|arabic1digit|	10
without	10
wall	10
tis	10
showers	10
shores	10
shade	10
seeing	10
pure	10
o	10
morning	10
mist	10
lie	10
land	10
joys	10
forever	10
boughs	10
between	10
beloved	10
beautiful	10
another	10
alone	10
against	10
yield	9
wine	9
voice	9
unto	9
turned	9
toward	9
space	9
sleep	9
seem	9
scented	9
path	9
pain	9
other	9
music	9
lovely	9
heard	9
head	9
hair	9
grove	9
grey	9
frame	9
flame	9
east	9
ease	9
drink	9
drew	9
divine	9
comes	9
clear	9
below	9
aught	9
about	9
!"	9
|romannumeral|	8
whether	8
waters	8
town	8
tower	8
take	8
sunshine	8
street	8
silent	8
side	8
seek	8
rainbow	8
radiant	8
plain	8
people	8
paths	8
paris	8
low	8
lost	8
left	8
image	8
human	8
hue	8
honour	8
holy	8
haze	8
grass	8
go	8
france	8
fond	8
follow	8
feel	8
eye	8
eternity	8
early	8
dusk	8
doors	8
crown	8
comrades	8
caught	8
brow	8
broceliande	8
brave	8
blow	8
birds	8
azure	8
antique	8
afar	8
)	8
young	7
year	7
winter	7
wings	7
waves	7
wake	7
vine	7
true	7
tinted	7
streets	7
splendour	7
shone	7
shed	7
shades	7
scarce	7
said	7
rolled	7
rings	7
right	7
rest	7
rendezvous	7
remote	7
pulse	7
pride	7
power	7
peace	7
palace	7
open	7
nights	7
must	7
moved	7
morn	7
lives	7
live	7
limbs	7
lesser	7
laden	7
isles	7
hot	7
home	7
hill	7
heads	7
hath	7
ground	7
grace	7
glow	7
glory	7
friends	7
free	7
floor	7
flaming	7
fear	7
eternal	7
empty	7
embrace	7
earthly	7
ears	7
do	7
dew	7
depths	7
crowds	7
cool	7
cities	7
calm	7
bring	7
brief	7
breath	7
boy	7
birth	7
afternoon	7
|arabic5+digit|	6
yours	6
ye	6
worth	6
word	6
windows	6
watched	6
watch	6
wait	6
vines	6
times	6
thus	6
swift	6
strove	6
strong	6
stream	6
strange	6
stands	6
spread	6
spray	6
spell	6
south	6
snow	6
smile	6
singing	6
sing	6
silver	6
shore	6
same	6
saint	6
rosy	6
ring	6
returning	6
rays	6
rain	6
purple	6
praise	6
perfect	6
passionate	6
paradise	6
outspread	6
orchard	6
murmuring	6
much	6
makes	6
loves	6
loveliest	6
lilies	6
laughing	6
known	6
knew	6
hung	6
hide	6
having	6
harmonies	6
hall	6
grew	6
glorious	6
glad	6
give	6
gave	6
friend	6
fragrant	6
forms	6
flowery	6
flag	6
filled	6
few	6
felt	6
fancy	6
fame	6
fallen	6
evenings	6
ere	6
enamoured	6
else	6
doubt	6
done	6
die	6
delicate	6
dark	6
crowned	6
cried	6
coming	6
cold	6
coast	6
clad	6
childhood	6
brought	6
blown	6
blossom	6
best	6
beams	6
banquet	6
attitude	6
altar	6
after	6
yellow	5
worship	5
woods	5
wood	5
winged	5
whence	5
wealth	5
voices	5
vision	5
veil	5
vanished	5
valleys	5
vain	5
unfurled	5
two	5
twilight	5
trembled	5
towering	5
tomb	5
toil	5
thousand	5
success	5
strife	5
stretched	5
start	5
stand	5
speak	5
something	5
soldier	5
since	5
silken	5
shrine	5
share	5
seems	5
secret	5
scorn	5
say	5
sail	5
ruggiero	5
roads	5
road	5
rising	5
realm	5
rare	5
prayer	5
plains	5
pity	5
pious	5
pink	5
pilgrim	5
pearly	5
passion	5
passing	5
passed	5
overhead	5
ours	5
opening	5
often	5
nought	5
noon	5
noise	5
nay	5
mountains	5
mind	5
midsummer	5
lust	5
lover	5
loom	5
looked	5
locks	5
lo	5
lived	5
line	5
lifts	5
lift	5
led	5
least	5
lead	5
late	5
lake	5
infinite	5
hushed	5
hues	5
house	5
hold	5
helpless	5
glare	5
glance	5
given	5
gates	5
gardens	5
fruit	5
fresh	5
fragments	5
folded	5
foe	5
fly	5
flows	5
fill	5
fierce	5
field	5
fervid	5
fade	5
ends	5
enchantment	5
door	5
distant	5
died	5
did	5
delicious	5
deeper	5
decay	5
curled	5
cries	5
courts	5
clothes	5
cease	5
cathedral	5
calls	5
call	5
brown	5
break	5
bower	5
bowed	5
bound	5
bells	5
autumn	5
ardent	5
apple	5
appear	5
am	5
...	5
yea	4
wore	4
wondrous	4
woe	4
window	4
wild	4
whole	4
wet	4
western	4
welled	4
wave	4
watching	4
wandered	4
walks	4
walked	4
waking	4
waken	4
waited	4
voluptuous	4
visionary	4
valley	4
utterly	4
utmost	4
used	4
upland	4
universal	4
twas	4
turning	4
tropic	4
tread	4
train	4
towns	4
touch	4
tide	4
thunder	4
thither	4
thin	4
therein	4
tangled	4
surf	4
strewn	4
streams	4
strayed	4
strain	4
storied	4
steps	4
stately	4
startle	4
starlit	4
spires	4
sphere	4
sometime	4
solitude	4
small	4
sink	4
sinews	4
simple	4
silks	4
shows	4
show	4
shield	4
shell	4
shame	4
sees	4
save	4
sad	4
sacrifice	4
rustling	4
row	4
robes	4
robbed	4
rim	4
rich	4
reviving	4
resplendent	4
regret	4
recompense	4
ranges	4
race	4
queen	4
pursued	4
priest	4
pretty	4
prayers	4
powers	4
possessed	4
poor	4
plumes	4
pleasant	4
pillowed	4
petals	4
perfume	4
pause	4
pathway	4
orange	4
nude	4
north	4
none	4
names	4
myriad	4
moving	4
move	4
mouth	4
mortal	4
moment	4
mingled	4
merit	4
menace	4
master	4
making	4
magic	4
lyonesse	4
luminous	4
lovelier	4
lone	4
load	4
lines	4
liberty	4
length	4
leaving	4
law	4
laughs	4
lamps	4
knows	4
islands	4
intolerable	4
incense	4
impassioned	4
ill	4
huntsman	4
hopes	4
hope	4
hangs	4
halls	4
guide	4
grow	4
groves	4
grandeur	4
god	4
gleamed	4
gifts	4
gaze	4
gain	4
freedom	4
fortune	4
force	4
foot	4
foliage	4
fold	4
floors	4
flood	4
float	4
fit	4
fingers	4
fiery	4
fate	4
faith	4
faced	4
enough	4
end	4
enchanted	4
emerald	4
dull	4
drowsy	4
drawn	4
dove	4
divinity	4
dewy	4
desert	4
depth	4
delightful	4
dead	4
darkness	4
dance	4
curious	4
croon	4
crimson	4
crest	4
course	4
core	4
content	4
common	4
colour	4
cling	4
clasp	4
choir	4
charms	4
charge	4
chance	4
chamber	4
chain	4
cast	4
cannot	4
cannon	4
butterfly	4
burned	4
burn	4
broidered	4
brim	4
breezes	4
branches	4
bounds	4
bosom	4
bore	4
body	4
blossoms	4
blast	4
big	4
better	4
beckoned	4
bayonets	4
bade	4
ay	4
arches	4
answered	4
anguish	4
ample	4
amorous	4
amber	4
always	4
alas	4
agony	4
|arabic4digit|	3
yearned	3
written	3
wrapped	3
worlds	3
words	3
wondering	3
wonderful	3
won	3
withered	3
withdrawn	3
wistful	3
whereof	3
whatever	3
warmth	3
wanted	3
wandering	3
wander	3
walk	3
vistas	3
virtue	3
very	3
verse	3
verge	3
verdurous	3
veins	3
veiled	3
vast	3
vapours	3
vale	3
uprose	3
untroubled	3
untrod	3
ultimate	3
turns	3
tune	3
triumph	3
tribute	3
trembling	3
tremble	3
treetops	3
treasure	3
traveller	3
trace	3
torture	3
tops	3
tongues	3
today	3
tides	3
thundering	3
throng	3
throbs	3
three	3
thoughts	3
thick	3
therefore	3
theme	3
theirs	3
tenderness	3
ten	3
temple	3
taught	3
swept	3
swells	3
swell	3
sway	3
surge	3
sunk	3
sunder	3
summits	3
sudden	3
stricken	3
strength	3
storm	3
store	3
stern	3
steals	3
starry	3
stair	3
stain	3
sport	3
soon	3
sons	3
solitudes	3
soar	3
smooth	3
smoke	3
slopes	3
sit	3
sinks	3
single	3
sill	3
sign	3
sighs	3
sides	3
sick	3
shrill	3
shines	3
shapes	3
setting	3
serene	3
sensual	3
self	3
season	3
search	3
sands	3
salutations	3
sails	3
rustic	3
rule	3
ruin	3
roses	3
rocks	3
rockets	3
risen	3
remember	3
rejoice	3
refuge	3
refrain	3
reeking	3
real	3
read	3
ray	3
rather	3
quivering	3
put	3
pursuit	3
purpose	3
provoking	3
profane	3
prize	3
private	3
prison	3
prince	3
present	3
poverty	3
pour	3
pose	3
poplar	3
pool	3
point	3
pleading	3
plead	3
played	3
planned	3
placid	3
piteous	3
pines	3
pillow	3
piled	3
perished	3
perils	3
perilous	3
perhaps	3
peasant	3
paused	3
passes	3
panes	3
palms	3
outside	3
opportunity	3
ode	3
note	3
nigh	3
natural	3
narrow	3
n	3
mystic	3
myself	3
mute	3
musing	3
multitude	3
muffled	3
mould	3
moonlit	3
moments	3
mingle	3
mighty	3
met	3
meet	3
measures	3
mean	3
meadow	3
maze	3
matters	3
mating	3
marvellous	3
mark	3
mantled	3
manhood	3
maktoob	3
lustrous	3
lose	3
lords	3
lord	3
loose	3
looks	3
looking	3
loiterer	3
linger	3
lily	3
lest	3
learn	3
lawn	3
lady	3
la	3
kneel	3
kisses	3
kiss	3
kings	3
killed	3
key	3
kept	3
just	3
joyful	3
jewel	3
ivory	3
itself	3
iron	3
intent	3
inspiration	3
insatiate	3
inland	3
influence	3
illumined	3
idle	3
ideals	3
hued	3
hosts	3
horizon	3
hollow	3
holds	3
higher	3
hidden	3
hid	3
heroes	3
heights	3
harbours	3
happier	3
hail	3
guns	3
gulf	3
guest	3
grows	3
grief	3
greet	3
grave	3
goes	3
goal	3
glowing	3
glories	3
gloom	3
glimmering	3
gleaming	3
gleam	3
generous	3
gazing	3
further	3
fumes	3
frontiers	3
fragrance	3
forsaken	3
form	3
forlorn	3
foam	3
flushed	3
flush	3
flowing	3
flowerlike	3
flowering	3
florid	3
floods	3
flooded	3
fled	3
flames	3
five	3
fills	3
fight	3
fewer	3
ferny	3
fellowship	3
fed	3
farewell	3
fared	3
fantastic	3
falls	3
fairyland	3
fain	3
fail	3
fading	3
fades	3
fabulous	3
eyed	3
exalted	3
enter	3
england	3
endless	3
enchanting	3
emerge	3
elbow	3
either	3
echoes	3
easy	3
eastward	3
dying	3
dyes	3
dwell	3
drops	3
drop	3
drift	3
draw	3
drank	3
drained	3
domes	3
disillusion	3
devotion	3
dense	3
debt	3
dearth	3
daylight	3
curving	3
currents	3
cups	3
cup	3
cry	3
crowning	3
crowded	3
crowd	3
crossed	3
cover	3
cosmic	3
conscious	3
conquer	3
comment	3
clustering	3
closed	3
clinging	3
clean	3
clamour	3
claim	3
choose	3
cheered	3
cheeks	3
change	3
champagne	3
chains	3
chained	3
ceased	3
cause	3
care	3
burden	3
brotherhood	3
bridal	3
breeze	3
breathes	3
bordered	3
bloody	3
blessing	3
blank	3
blanched	3
black	3
bell	3
began	3
because	3
bearded	3
beam	3
bay	3
banners	3
band	3
balcony	3
awhile	3
attic	3
ask	3
appeal	3
angelic	3
ancient	3
ancestral	3
american	3
america	3
aisne	3
ah	3
age	3
adore	3
adolescent	3
accents	3
abandoned	3
-	3
),	3
•	2
zeal	2
yields	2
yielding	2
wrought	2
write	2
writ	2
wrecked	2
wreck	2
wrath	2
worthy	2
worshipped	2
work	2
wonders	2
wondered	2
women	2
woke	2
witness	2
withheld	2
wire	2
wintery	2
winsome	2
windy	2
willed	2
wicker	2
wholly	2
whirls	2
weight	2
weeks	2
weeds	2
wearing	2
wear	2
weak	2
wavy	2
water	2
warriors	2
wanton	2
want	2
walled	2
walking	2
wafted	2
vow	2
votive	2
volume	2
vivien	2
visited	2
visions	2
visage	2
virtues	2
vineyard	2
village	2
view	2
victory	2
victorious	2
verdure	2
veils	2
vault	2
vanishing	2
vacant	2
use	2
upturned	2
upper	2
unworshipped	2
unseen	2
unsatisfied	2
unmindful	2
unknown	2
universe	2
unfold	2
underneath	2
uncertain	2
twines	2
twigs	2
twelvemonth	2
turf	2
tumultuous	2
truth	2
trumpet	2
trials	2
tree	2
trays	2
transported	2
trail	2
tragic	2
tortured	2
torn	2
tonight	2
tomorrow	2
tithonus	2
tints	2
tiled	2
thrown	2
thrilled	2
thrill	2
thrice	2
threshold	2
thread	2
thirsting	2
thirsted	2
thirst	2
thence	2
themselves	2
thanked	2
terrace	2
tenderest	2
tempest	2
tell	2
taste	2
tall	2
talk	2
tale	2
taking	2
taken	2
tables	2
swelling	2
sweetly	2
swallows	2
surrounds	2
surround	2
supplicate	2
superb	2
sunrise	2
sundown	2
sultan	2
suitor	2
suggest	2
sufficient	2
suffering	2
suddenly	2
struck	2
stroll	2
stripped	2
strip	2
stray	2
strait	2
strains	2
strained	2
straight	2
stops	2
stirs	2
stir	2
step	2
stem	2
steep	2
steadfast	2
statue	2
state	2
starlight	2
staked	2
stained	2
springs	2
spreads	2
sprang	2
spot	2
spoke	2
splintered	2
splendours	2
spirits	2
spilled	2
spice	2
spheres	2
spent	2
speech	2
spectacle	2
spake	2
spain	2
sovereign	2
southern	2
source	2
souls	2
sort	2
somewhere	2
somewhat	2
sold	2
sojourn	2
softness	2
sobeit	2
soaring	2
snowy	2
snare	2
smote	2
smoking	2
slumber	2
sloping	2
slave	2
slant	2
slain	2
sits	2
sin	2
silence	2
shut	2
shrink	2
showing	2
shine	2
shimmer	2
shepherd	2
shells	2
shared	2
shakespeare	2
shafts	2
shadows	2
seville	2
settling	2
settles	2
service	2
served	2
sere	2
sentient	2
sensible	2
seeking	2
seat	2
scent	2
scene	2
scarred	2
scalloped	2
saying	2
sat	2
sapphire	2
sanguine	2
salt	2
sailing	2
sailed	2
run	2
rumours	2
ruined	2
rugs	2
rubric	2
room	2
roofs	2
roof	2
rome	2
roll	2
rock	2
robed	2
robe	2
roadside	2
rites	2
rippling	2
ripened	2
ringed	2
rifts	2
richer	2
rhythm	2
revealed	2
return	2
resume	2
respite	2
rescued	2
repose	2
relic	2
relaxed	2
reft	2
reclining	2
ready	2
reach	2
ravening	2
ravaged	2
rapture	2
rapt	2
ranks	2
range	2
ran	2
raised	2
rag	2
radiance	2
quiet	2
quickening	2
question	2
quench	2
quarter	2
puts	2
pursue	2
purse	2
purpled	2
purged	2
public	2
prospect	2
prophet	2
proof	2
promise	2
promenades	2
profusion	2
privilege	2
prey	2
press	2
presence	2
precious	2
prayed	2
pray	2
prate	2
powdered	2
poured	2
potentialities	2
portals	2
poppy	2
poplars	2
ponderous	2
poem	2
pleiades	2
pleased	2
play	2
plaster	2
plane	2
plan	2
plaintive	2
places	2
pinnacles	2
pillows	2
piles	2
perish	2
periods	2
peopled	2
pendent	2
peers	2
pearls	2
pearl	2
peaks	2
peacock	2
pays	2
pausing	2
parts	2
paltry	2
palpable	2
pall	2
paid	2
paced	2
outworn	2
outward	2
ounce	2
others	2
organ	2
oreads	2
orbed	2
opened	2
opaline	2
opalescent	2
ofttimes	2
offshore	2
offerings	2
odorous	2
obscurely	2
obscured	2
oblivious	2
oblivion	2
obedient	2
o'erlay	2
nympholept	2
nursed	2
notre	2
nothing	2
northward	2
northern	2
noontide	2
nod	2
news	2
nerves	2
neither	2
needed	2
nearest	2
nave	2
nations	2
nation	2
natal	2
nameless	2
naked	2
myriads	2
murmur	2
multiple	2
mounts	2
mottled	2
moths	2
mossy	2
moss	2
month	2
monster	2
mon	2
moaning	2
moan	2
mists	2
mistress	2
milk	2
mile	2
midnight	2
midland	2
merry	2
mentioned	2
memories	2
melted	2
melody	2
melodious	2
melancholy	2
means	2
mass	2
martyrdom	2
market	2
marble	2
mankind	2
majestic	2
maddened	2
mad	2
lyre	2
lurid	2
lure	2
lowlands	2
lovable	2
lonesome	2
living	2
liveliest	2
lithe	2
lined	2
limb	2
lilac	2
lights	2
lightly	2
lightens	2
lighted	2
lichened	2
level	2
learned	2
leafy	2
lays	2
launched	2
laughter	2
latter	2
lascivious	2
large	2
lanes	2
lamplit	2
lamp	2
lafayette	2
lad	2
lace	2
knight	2
knees	2
kneels	2
kneeling	2
king	2
kind	2
jungle	2
journey	2
join	2
jewelled	2
jealous	2
j	2
ivied	2
isle	2
island	2
inwrought	2
inviting	2
invitation	2
intrepid	2
intensely	2
innocent	2
indistinct	2
incandescent	2
impulses	2
impulse	2
impatient	2
immense	2
immanence	2
imaginary	2
ideal	2
hymn	2
hundred	2
humid	2
huge	2
hover	2
host	2
horse	2
horror	2
horn	2
hopeless	2
honey	2
homing	2
holding	2
himself	2
hilltops	2
hiding	2
heyday	2
heroic	2
hero	2
heritage	2
hence	2
hedge	2
heavens	2
heavenly	2
heat	2
hears	2
heaped	2
haunts	2
hast	2
harmony	2
handed	2
hamlet	2
grim	2
greening	2
greek	2
greatness	2
greaser	2
graves	2
grassy	2
grain	2
gothic	2
gods	2
goddess	2
glows	2
glistening	2
glen	2
gleams	2
glassy	2
glasses	2
gladdening	2
girls	2
girl	2
girdled	2
gilded	2
generations	2
gazes	2
gay	2
gauzes	2
gatherings	2
gather	2
gate	2
garlanded	2
fusillade	2
furthest	2
furled	2
fume	2
fulgent	2
fulfilment	2
fulfilled	2
fronts	2
fronting	2
front	2
fro	2
fringed	2
framed	2
fragile	2
four	2
fountains	2
fountain	2
fortunes	2
forgotten	2
forgot	2
forests	2
forest	2
footsteps	2
foothills	2
fools	2
follows	2
followed	2
folk	2
flux	2
flushing	2
flung	2
flowered	2
flowed	2
flow	2
flocks	2
flight	2
flew	2
fleeting	2
flee	2
flaunting	2
flamelike	2
flakes	2
flags	2
fireflies	2
fine	2
finds	2
filling	2
fifth	2
fetes	2
festival	2
fervent	2
ferns	2
fern	2
ferment	2
feeling	2
feed	2
feast	2
faultless	2
fastened	2
fast	2
fashion	2
fanned	2
fancied	2
faltering	2
faded	2
faces	2
fabric	2
fabled	2
expanses	2
exiled	2
excess	2
everywhere	2
eve	2
euxine	2
europe	2
erred	2
ermine	2
epithalamium	2
enterprise	2
entered	2
embroidered	2
embodied	2
elite	2
el	2
ecstasy	2
echoing	2
echo	2
eaves	2
eastern	2
easing	2
earliest	2
dry	2
drunk	2
drowned	2
drove	2
dressed	2
dread	2
drama	2
doves	2
domed	2
does	2
disturbed	2
distress	2
disputed	2
discovered	2
discord	2
discipline	2
disband	2
disarrayed	2
disappear	2
dies	2
destiny	2
desolate	2
dells	2
delights	2
deity	2
deepened	2
dedicative	2
decked	2
deception	2
dearest	2
dancing	2
damp	2
dame	2
dales	2
cyprus	2
curve	2
cuckoos	2
crumbling	2
cruel	2
craved	2
craonne	2
cramped	2
coveted	2
covered	2
courtiers	2
court	2
courser	2
couched	2
cost	2
coral	2
constellations	2
consciousness	2
conceived	2
conceive	2
companion	2
coastline	2
clusters	2
climb	2
circling	2
circles	2
circle	2
church	2
christ	2
chorus	2
choice	2
chimney	2
chill	2
childish	2
chide	2
chests	2
chestnut	2
cherished	2
cheer	2
cheek	2
charm	2
charged	2
character	2
changing	2
chalk	2
certain	2
centuries	2
centre	2
cave	2
causes	2
carven	2
caress	2
cares	2
careless	2
capricious	2
canto	2
candle	2
calling	2
called	2
cafe	2
butterflies	2
burning	2
burdened	2
bullier	2
built	2
brows	2
brothers	2
broke	2
brocades	2
brings	2
brilliant	2
breed	2
breathed	2
breathe	2
breasted	2
breaking	2
breadth	2
brakes	2
bowl	2
bowers	2
bow	2
boundless	2
bougainvillaea	2
both	2
borrow	2
book	2
board	2
blushing	2
blushed	2
blossoming	2
blonde	2
blissful	2
blind	2
bless	2
blend	2
blemishless	2
bleak	2
blazing	2
bind	2
billows	2
betray	2
bent	2
benediction	2
bend	2
bellinglise	2
belfry	2
belfries	2
behold	2
begun	2
begin	2
bees	2
bee	2
beats	2
bears	2
bearing	2
beaded	2
banks	2
banked	2
banished	2
baffling	2
backward	2
avenues	2
aureoled	2
aureole	2
attain	2
atrocious	2
astir	2
assault	2
aspect	2
asked	2
arose	2
arm	2
arcturus	2
arched	2
apart	2
antinous	2
answer	2
ankles	2
angelica	2
amplitude	2
alter	2
altars	2
already	2
allies	2
aisle	2
airy	2
airs	2
aim	2
ahead	2
agitations	2
afternoons	2
advance	2
adorning	2
adoring	2
adores	2
adorable	2
achieved	2
abound	2
abbey	2
?"	2
.'	2
•••••*•	1
zoroastrian	1
zone	1
you've	1
yore	1
yoke	1
yes	1
yellowing	1
yards	1
yard	1
wtiereon	1
wrongs	1
wrong	1
writhing	1
wrists	1
wretchedness	1
wreathing	1
wreathed	1
wreath	1
woven	1
wounded	1
wound	1
wouldst	1
worshippers	1
worshipper	1
worshipful	1
worse	1
works	1
worked	1
woos	1
wooing	1
wooed	1
woody	1
woodland	1
wont	1
wonderland	1
wonderfully	1
womanhood	1
wolf	1
woidd	1
woes	1
wives	1
withal	1
wit	1
wistaria	1
wished	1
wish	1
wise	1
wisdom	1
wires	1
windless	1
winding	1
willows	1
willingly	1
willing	1
willful	1
wildest	1
wilderness	1
wider	1
why	1
whoso	1
whorls	1
whomsoe'er	1
whoever	1
whitest	1
whiteness	1
whistling	1
whistles	1
whispering	1
whispered	1
whisper	1
whirlwind	1
whirling	1
whirled	1
whirl	1
whippoorwills	1
whim	1
wherewith	1
wherein	1
whensoe'er	1
wheels	1
wert	1
wept	1
welsh	1
wells	1
welcome	1
weighing	1
weighed	1
weigh	1
weedy	1
wed	1
weatherworn	1
weary	1
weaned	1
weakened	1
weaken	1
we've	1
waved	1
watershed	1
waterfall	1
watchlights	1
wasted	1
washington	1
warmths	1
warmed	1
wares	1
ware	1
warblers	1
wanes	1
wanderers	1
wanderer	1
wan	1
wakes	1
wakeful	1
waked	1
waist	1
wain	1
wail	1
vultures	1
vulgar	1
voyagers	1
voyager	1
vows	1
votary	1
votaries	1
volunteers	1
volleyed	1
void	1
vocal	1
vital	1
vista	1
visitor	1
visitations	1
visible	1
virile	1
virginity	1
virginibus	1
violets	1
violent	1
violence	1
vintage	1
vindicated	1
vimy	1
vigils	1
vigil	1
viewed	1
vieux	1
victor	1
victim	1
vic	1
vestments	1
vespers	1
vesperal	1
verve	1
verses	1
vernal	1
verdant	1
vera	1
venus	1
ventures	1
venture	1
vent	1
venice	1
vengeful	1
venerates	1
velvet	1
veered	1
vaulted	1
vastly	1
vases	1
vase	1
varying	1
variant	1
vaporous	1
vapid	1
valuable	1
valiant	1
vales	1
vailly	1
vague	1
vacancy	1
vaast	1
v&pa	1
uttermost	1
utterance	1
utter	1
using	1
ushered	1
usher	1
usages	1
urns	1
urged	1
upward	1
uprears	1
uprear	1
uppermost	1
uplifting	1
uplifted	1
upbears	1
unyielding	1
unwrit	1
unwonted	1
unveiled	1
unveil	1
unuttered	1
untrounced	1
untravelled	1
untouched	1
untopped	1
until	1
untied	1
untamed	1
unsuspected	1
unsung	1
unsuccess	1
unsubstantial	1
unsoothed	1
unset	1
unsealed	1
unscanned	1
unrolled	1
unroll	1
unrevealed	1
unrest	1
unrepressed	1
unreplied	1
unrepelled	1
unrecorded	1
unrealized	1
unpushed	1
unpunished	1
unploughed	1
unpaired	1
unnerve	1
unnatural	1
unmown	1
unmoved	1
unloved	1
unloosened	1
unlit	1
unkindness	1
unheard	1
unfondled	1
unfolded	1
unfitting	1
unfilled	1
unfelt	1
unfeigned	1
unfaltering	1
unexpressive	1
unexplored	1
uneasy	1
undying	1
undulating	1
undulated	1
undivided	1
undisturbed	1
undistinction	1
undismayed	1
undishonored	1
undertones	1
undertone	1
understood	1
understand	1
uncut	1
uncorseted	1
unconsuming	1
unclouded	1
unchaste	1
unchanged	1
unceasingly	1
unburdened	1
unbroken	1
unbridled	1
unbound	1
unblessed	1
unblanched	1
unawares	1
unapparent	1
unachieved	1
umbrage	1
ulysses	1
tyrtseus	1
tyre	1
tyranny	1
types	1
twofold	1
twixt	1
twins	1
twinkling	1
twinged	1
twined	1
twine	1
twin	1
twilit	1
twice	1
twere	1
twenty	1
twain	1
turrets	1
turk	1
turco	1
turbulent	1
turban	1
tumult	1
tumid	1
tumbling	1
tulip	1
tufted	1
tuberose	1
tryst	1
try	1
trunks	1
trunk	1
truly	1
truant	1
trough	1
troubled	1
troop	1
trodden	1
trod	1
triumphed	1
trips	1
tripods	1
triple	1
trim	1
trill	1
trickle	1
trial	1
trenches	1
trembles	1
trellises	1
trellis	1
treble	1
treat	1
treasures	1
tray	1
travailed	1
transports	1
transport	1
transpire	1
transparent	1
translucent	1
translations	1
transit	1
transient	1
transfired	1
transfigured	1
tranquillity	1
tranquil	1
tranced	1
trance	1
trampled	1
trample	1
tramping	1
tram	1
traits	1
trains	1
trailed	1
trafficked	1
traffic	1
tracts	1
traced	1
toy	1
townward	1
tourneyed	1
tourmaline	1
tossing	1
toss	1
tosca	1
torturers	1
torrid	1
torrents	1
torrent	1
torments	1
torment	1
topple	1
topmost	1
topaz	1
tooth	1
tools	1
took	1
tone	1
tolls	1
toll	1
tolerate	1
toilsome	1
toils	1
toast	1
tliat	1
titanic	1
tireless	1
tips	1
tipped	1
tinsel	1
tinging	1
tingeing	1
tinged	1
tinctured	1
timid	1
tilth	1
tiller	1
tillage	1
tightly	1
tightening	1
tight	1
tiger	1
ties	1
tidings	1
thursday	1
thunders	1
thunderheads	1
thundercrest	1
thumb	1
throughout	1
throngs	1
thronged	1
throned	1
throes	1
throbbing	1
throbbed	1
throat	1
threads	1
threadbare	1
thracian	1
thorny	1
thonged	1
third	1
thinking	1
thighs	1
thessalian	1
thereof	1
thenceforth	1
thanks	1
tezcotzinco	1
tezans	1
text	1
testimonials	1
tessellated	1
terrible	1
terraces	1
terminates	1
terminate	1
term	1
ter	1
tension	1
tense	1
tenor	1
tenochtitlan	1
tends	1
tendrils	1
tenderly	1
tend	1
tenanted	1
tempt	1
temperate	1
temper	1
tells	1
teems	1
teeming	1
teemed	1
teem	1
tearing	1
teardrop	1
team	1
teaching	1
teach	1
tawny	1
taurant	1
tasted	1
tassel	1
task	1
tarnish	1
tares	1
tardy	1
tango	1
tangle	1
tan	1
tampico	1
takes	1
tablet	1
syrups	1
syracuse	1
sympathy	1
sylvan	1
swiss	1
swinish	1
swims	1
swimmer	1
swim	1
swifter	1
swerved	1
swelled	1
sweetness	1
sweetest	1
sweeter	1
sweeps	1
sweep	1
swathed	1
swarthy	1
swart	1
swarms	1
survive	1
surveyed	1
survey	1
surrounding	1
surrender	1
surprised	1
surprise	1
surpassed	1
surging	1
surged	1
surface	1
surely	1
sure	1
supreme	1
supposed	1
suppose	1
suppliant	1
supple	1
suns	1
sunlit	1
sunken	1
sundering	1
sundered	1
sunday	1
summons	1
summoning	1
summit	1
summering	1
sum	1
sultry	1
suitors	1
suggestive	1
sugared	1
sufficed	1
sufferers	1
sufferer	1
suffered	1
suffer	1
succour	1
suburban	1
substantial	1
submits	1
sublimer	1
subject	1
subdued	1
sub	1
sturdy	1
stung	1
stuffs	1
studio	1
studies	1
studied	1
student	1
stubborn	1
struggling	1
strown	1
strolled	1
stroke	1
strode	1
strives	1
stripes	1
strings	1
string	1
strikes	1
strike	1
strides	1
stride	1
stricture	1
strict	1
strews	1
strewed	1
strew	1
streaming	1
streamed	1
streak	1
stratagem	1
strangers	1
strands	1
stranded	1
strand	1
straining	1
straightway	1
story	1
stores	1
stored	1
stop	1
stones	1
stone	1
stole	1
stoic	1
stitched	1
stirred	1
stilled	1
stiff	1
stick	1
stella	1
steered	1
steer	1
steeds	1
steaming	1
stealthy	1
steal	1
steady	1
steadfastness	1
steadfastly	1
stay	1
staunch	1
stations	1
staten	1
starting	1
stark	1
standing	1
stalagmite	1
stake	1
stairway	1
staggers	1
squares	1
square	1
spurs	1
spurn	1
sprung	1
springtime	1
springlike	1
springing	1
spreading	1
spread'st	1
sprays	1
spoils	1
spin	1
spills	1
sped	1
spectator	1
speckled	1
spears	1
speaking	1
spat	1
sparrows	1
sparkling	1
sparkle	1
spark	1
spanish	1
spaniards	1
spangly	1
spacious	1
southward	1
southeast	1
sous	1
soupir	1
sounds	1
sounding	1
sorrowfully	1
sorrowful	1
sorrow	1
sore	1
sooty	1
soothing	1
soot	1
sooner	1
sonnets	1
songs	1
son	1
sombre	1
solitary	1
solemn	1
sole	1
solace	1
soil	1
softnesses	1
softly	1
sod	1
sobs	1
sober	1
soars	1
snows	1
snowpeaks	1
sneering	1
sneerers	1
smouldering	1
smoothness	1
smokers	1
smiling	1
smiles	1
smiled	1
smell	1
slung	1
slow	1
sloped	1
slope	1
slips	1
slipped	1
slim	1
slight	1
slender	1
sleeved	1
sleeping	1
slavs	1
slaves	1
slanting	1
slanderers	1
skull	1
skimmed	1
skilled	1
sites	1
site	1
sisters	1
siren	1
sip	1
sinuous	1
singly	1
singer	1
sinful	1
silvery	1
silled	1
silk	1
signs	1
sight	1
sigh	1
sierra	1
sidney	1
sickly	1
shunned	1
shuddering	1
shrouding	1
shreds	1
shrapnel	1
shower	1
showed	1
shoulders	1
shot	1
shortest	1
short	1
shorn	1
shoots	1
shook	1
shoed	1
shoddy	1
shock	1
shoals	1
shoal	1
ship	1
shiny	1
shining	1
shiner	1
shimmered	1
shiloh	1
sheltering	1
shelled	1
sheet	1
sheath	1
sharper	1
sharp	1
shapely	1
shaped	1
shape	1
shams	1
shallow	1
shaking	1
shaft	1
shady	1
shadowy	1
shadow	1
shaded	1
severin	1
sevenfold	1
settled	1
settle	1
sesame	1
serving	1
servile	1
serviceable	1
serves	1
serve	1
serried	1
serpentines	1
serious	1
serener	1
seraph	1
seraglio	1
sequestered	1
sequent	1
sepulchre	1
september	1
separate	1
sentinel	1
sentiment	1
sent	1
selfsame	1
seizes	1
seize	1
seine	1
seething	1
seest	1
seed	1
second	1
seats	1
seated	1
searching	1
searched	1
sear	1
seams	1
sealed	1
seal	1
sculptured	1
sculptor	1
screened	1
screen	1
scorpions	1
score	1
scintillate	1
scintillant	1
school	1
scenes	1
scecula	1
scattered	1
scarcely	1
scans	1
scan	1
scale	1
savoured	1
savour	1
savage	1
saunterer	1
saunter	1
satisfied	1
satin	1
satanic	1
sardinia	1
sappho	1
sapphires	1
sank	1
sang	1
sane	1
sample	1
sake	1
sailor	1
safety	1
safe	1
sacrificing	1
sacrificed	1
sacrament	1
sabot	1
runs	1
rumour	1
rumble	1
rules	1
ruins	1
rugged	1
rude	1
ruddy	1
rows	1
roving	1
roves	1
routine	1
roused	1
rouse	1
roundelays	1
rounded	1
roumanian	1
rough	1
rotting	1
rotonde	1
roseate	1
rooted	1
roosevelt	1
rooks	1
rood	1
romanticist	1
romantic	1
rolls	1
rolling	1
role	1
roams	1
roamed	1
rivers	1
river	1
riven	1
rivals	1
risking	1
ripples	1
ripens	1
riots	1
rims	1
rimmed	1
righteousness	1
rifted	1
rifles	1
riding	1
ridges	1
ridge	1
ride	1
richest	1
rhyme	1
revolving	1
revolves	1
revived	1
revive	1
reveries	1
reverence	1
reverberate	1
reverberant	1
revenue	1
revels	1
revelry	1
revelries	1
revel	1
returned	1
retreating	1
retreat	1
retraced	1
retrace	1
retire	1
resurrection	1
resurgam	1
rests	1
responsive	1
respond	1
respect	1
resolve	1
resigns	1
resignation	1
residence	1
res	1
represent	1
report	1
replies	1
replenished	1
replace	1
rent	1
renouncing	1
renewing	1
renewed	1
rendered	1
rend	1
remounting	1
remotest	1
reminiscence	1
remembrance	1
remembered	1
remains	1
remained	1
religion	1
relics	1
released	1
relax	1
rejoiced	1
reiterates	1
reins	1
reine	1
reincarnate	1
rein	1
rehearse	1
regress	1
refreshment	1
reflect	1
reef	1
reed	1
reddens	1
reddening	1
recurs	1
recur	1
recreates	1
record	1
reconquered	1
reconcilement	1
recoil	1
reckon	1
reckless	1
recked	1
recessional	1
recesses	1
recess	1
receive	1
receding	1
recede	1
recall	1
rebuke	1
rebuffs	1
reason	1
rear	1
reaped	1
realms	1
really	1
reading	1
reaches	1
reached	1
re	1
rd	1
ravished	1
ravish	1
ravine	1
ravels	1
raped	1
ransomed	1
rank	1
ranged	1
rang	1
ramparts	1
rampart	1
rambles	1
rally	1
raked	1
raises	1
raise	1
rainy	1
rainbows	1
railing	1
rail	1
rags	1
ragged	1
raftered	1
radiate	1
racked	1
rack	1
quiverest	1
quivered	1
quietude	1
quieting	1
quickly	1
queens	1
quavers	1
quarters	1
quarrel	1
quando	1
quais	1
pyrrho	1
pyre	1
pyramids	1
putting	1
pushed	1
purified	1
purge	1
purest	1
punishment	1
pulsing	1
pulsate	1
puerisque	1
psyche	1
psalm	1
prying	1
prow	1
provoke	1
prove	1
proudly	1
prospers	1
prosper	1
prospects	1
proserpine	1
propriety	1
propped	1
prophetic	1
prophecies	1
proper	1
projected	1
profited	1
proffered	1
procession	1
processes	1
privileged	1
privations	1
prisoning	1
prisoner	1
principle	1
princess	1
priming	1
prime	1
prieve	1
priests	1
priceless	1
pressed	1
preserved	1
preserve	1
presences	1
prescience	1
prepares	1
prepared	1
prepare	1
preludes	1
prejudice	1
predestined	1
precepture	1
precepts	1
prato	1
praised	1
pours	1
potted	1
potential	1
postpone	1
posters	1
postern	1
post	1
possess	1
portal	1
pore	1
porch	1
poop	1
pools	1
ponder	1
pond	1
pompelle	1
pomp	1
polychrome	1
polished	1
pole	1
poked	1
poised	1
poise	1
points	1
pointing	1
poignantly	1
poets	1
poet	1
poesy	1
poems	1
plunging	1
plunged	1
plunge	1
plume	1
plumbago	1
pluck	1
ploughman	1
plots	1
plot	1
plenitude	1
pledged	1
pleasures	1
plateau	1
plashed	1
plants	1
planted	1
planets	1
planet	1
plagued	1
plague	1
placed	1
pitying	1
pitiful	1
pit	1
pistil	1
pis	1
piping	1
pinions	1
pillage	1
pilgrimage	1
pile	1
piercing	1
pied	1
piddling	1
pictures	1
pickers	1
picardie	1
phrase	1
phosphorescent	1
phoenix	1
pharisaic	1
phantoms	1
phallic	1
pew	1
petrarca	1
pete	1
petalled	1
petal	1
pestilence	1
perverted	1
pervasive	1
persuade	1
personified	1
persistent	1
perseus	1
peristyles	1
peril	1
performed	1
perfection	1
percipient	1
perchance	1
peopling	1
peoples	1
pennoned	1
penetrates	1
penelope	1
pendant	1
penance	1
penalty	1
peer	1
peeped	1
peddlers	1
pearled	1
peak	1
peacocks	1
peach	1
pcurs	1
payment	1
pay	1
pavilions	1
pavilion	1
pavements	1
pave	1
patterns	1
patterning	1
patterned	1
pattern	1
pattering	1
patrimony	1
patri	1
patmian	1
pathways	1
pathetic	1
patched	1
pastures	1
pastry	1
passersby	1
passers	1
parting	1
particle	1
participants	1
parted	1
partakes	1
parliament	1
parks	1
paraphrase	1
paralleled	1
parade	1
paphian	1
pants	1
panted	1
panoply	1
panniers	1
panic	1
pangs	1
palmed	1
palm	1
pallid	1
palladium	1
palely	1
palatial	1
palaces	1
pair	1
paints	1
painters	1
paint	1
pains	1
page	1
paddle	1
packs	1
packed	1
pacifist	1
pace	1
ows	1
owning	1
owl	1
owe	1
overrun	1
overpast	1
overhanging	1
overgrown	1
overblown	1
outmost	1
outlives	1
outlined	1
outer	1
outcast	1
outbreak	1
outbound	1
ourselves	1
ought	1
otherwise	1
orlando	1
orion	1
orioles	1
oriental	1
orgies	1
ore	1
order	1
orchids	1
orchards	1
orcharded	1
orbs	1
oracle	1
oppressed	1
opposite	1
opposed	1
opens	1
opal	1
onward	1
onto	1
onslaught	1
onset	1
ones	1
oneata	1
olive	1
older	1
olden	1
officer	1
offers	1
offering	1
offer	1
odours	1
odds	1
october	1
ochre	1
occasion	1
observing	1
obloquy	1
obey	1
oars	1
nurture	1
nunc	1
numberless	1
nue	1
nubile	1
ntffaai	1
novitiate	1
november	1
notion	1
noises	1
nobly	1
noble	1
noailles	1
nipping	1
nimbus	1
nimbly	1
nile	1
nightfall	1
nigher	1
niggardly	1
niche	1
nibbling	1
newport	1
nevermore	1
neuville	1
nested	1
nest	1
ness	1
nervules	1
nerve	1
neighbour	1
needs	1
necessities	1
nebulous	1
nebula	1
neatly	1
nearer	1
naturally	1
native	1
napoleon	1
named	1
nal	1
nail	1
m£lee	1
mystical	1
mystery	1
myrtle	1
mutual	1
muttered	1
musical	1
muse	1
muscat	1
murmured	1
murderous	1
multitudinous	1
multicoloured	1
mouthed	1
mourning	1
mournful	1
mounting	1
mounds	1
mound	1
mouldering	1
motley	1
motive	1
motions	1
mosque	1
mosaic	1
morocco	1
moorish	1
moonlight	1
moonbeams	1
monument	1
montparnasse	1
months	1
montezuma	1
monotonous	1
monotone	1
monks	1
momentary	1
mom	1
moistened	1
modes	1
modern	1
model	1
mode	1
mock	1
mob	1
moat	1
mix	1
misty	1
missolonghi	1
mission	1
missed	1
miserable	1
mirrors	1
mirrored	1
mire	1
miracles	1
miracle	1
minstrels	1
ministration	1
mingling	1
mindful	1
minaret	1
mimic	1
mimi	1
million	1
mild	1
mignonette	1
midway	1
midday	1
mid	1
michel	1
miasmal	1
mexico	1
meuse	1
metropolis	1
metal	1
message	1
meshes	1
mesh	1
mermaid	1
merited	1
merida	1
mere	1
merciless	1
merchant	1
merchandise	1
menu	1
menacing	1
menaced	1
memorial	1
melt	1
meditates	1
meaning	1
meaner	1
meads	1
meadows	1
mead	1
may'st	1
maturing	1
mature	1
matter	1
matins	1
maternal	1
mated	1
mate	1
mat	1
masterpieces	1
massive	1
massed	1
masonry	1
marvels	1
marvelling	1
martial	1
marshalled	1
marshal	1
marseillaise	1
marrow	1
marred	1
marot	1
marks	1
marked	1
marge	1
marched	1
march	1
manx	1
mantles	1
mantle	1
manse	1
manon	1
manly	1
manlihead	1
manhattan	1
manacled	1
majesty	1
main	1
maims	1
maidens	1
maiden	1
maid	1
magnified	1
magnetic	1
madder	1
m	1
lyric	1
lyres	1
luxury	1
luxurious	1
luxuriant	1
lute	1
lusty	1
lustrum	1
lustres	1
lustration	1
lustful	1
lurks	1
lurking	1
lurked	1
luring	1
lucile	1
lucent	1
loyal	1
lowly	1
lowers	1
lowered	1
lower	1
lovelinessj	1
loveless	1
lovably	1
loungers	1
lounger	1
louise	1
lotus	1
losing	1
loser	1
lopped	1
loosened	1
loosed	1
lookout	1
longing	1
longer	1
loneliness	1
london	1
lofty	1
loading	1
loaded	1
lizards	1
livid	1
littler	1
litany	1
lit	1
lists	1
listless	1
listen	1
lisping	1
liquid	1
liqueurs	1
lip	1
links	1
lingering	1
lingered	1
linden	1
limit	1
likewise	1
lightnings	1
lightless	1
lightened	1
lifetimes	1
life's.fair	1
liebestod	1
lid	1
levantine	1
letting	1
lets	1
lethean	1
lessens	1
lessening	1
leprous	1
lengthening	1
lengthened	1
lends	1
lend	1
leftovers	1
leaps	1
leap	1
lean	1
leaf	1
leads	1
leader	1
lazy	1
lazuli	1
layers	1
lawns	1
lavender	1
lave	1
laughingstock	1
laugh	1
latin	1
later	1
lasting	1
lassitude	1
lashes	1
lapis	1
lane	1
lands	1
lance	1
lair	1
lain	1
ladies	1
lack	1
laborious	1
l'intransigeant	1
kyrenaikos	1
koo	1
knowledge	1
knowing	1
knocking	1
knights	1
knee	1
kites	1
kissed	1
kinship	1
kingdoms	1
kindly	1
kin	1
kills	1
keys	1
keeps	1
keep	1
keen	1
keel	1
k<5/ct«	1
justice	1
july	1
jove	1
journeyed	1
jot	1
jostle	1
jilt	1
jeering	1
jealousy	1
ivy	1
issue	1
irresolute	1
irresistible	1
ironical	1
iridescent	1
ionian	1
involving	1
invoked	1
invoke	1
invocation	1
inverted	1
invade	1
intrude	1
introduction	1
intones	1
intersect	1
interpretings	1
intermittent	1
interminable	1
interlaced	1
interknit	1
interfused	1
intercurled	1
intercept	1
intends	1
intemperate	1
integument	1
intact	1
insure	1
insult	1
instruments	1
instinct	1
instead	1
instant	1
insensible	1
innumerable	1
innocence	1
innermost	1
inhospitable	1
inheritance	1
inheres	1
ing	1
informed	1
inflame	1
inferno	1
infection	1
infancy	1
inevitable	1
inebriating	1
indwell	1
industrious	1
indulgences	1
individual	1
indifference	1
indian	1
incur	1
incontestably	1
incomparable	1
include	1
incline	1
inclement	1
inches	1
incessant	1
incensed	1
incarnate	1
incarnadine	1
impulsive	1
impulsion	1
improbable	1
impress	1
impoverished	1
importunity	1
importuning	1
importunate	1
importing	1
implied	1
implicated	1
impious	1
impetuous	1
impersonal	1
imperilled	1
imperial	1
impending	1
impelled	1
impassive	1
imparts	1
impart	1
immortality	1
immobile	1
immeasurable	1
immaterial	1
imbue	1
imbeciles	1
imaginings	1
imagine	1
imagination	1
illustrious	1
illusion	1
illuminings	1
illumining	1
illumination	1
illumes	1
illumed	1
illimitably	1
ignores	1
ignored	1
ignobler	1
ignoble	1
idols	1
idol	1
idlers	1
i've	1
i'll	1
i'altre	1
hypocrites	1
hyperion	1
hyacinths	1
husbandry	1
hurtebise	1
hurrying	1
hurricane	1
hurled	1
hungered	1
hunger	1
humming	1
humanity	1
huddled	1
howl	1
however	1
hovering	1
hottest	1
horses	1
horrors	1
horns	1
horned	1
horizontal	1
hoped	1
hoot	1
hoofs	1
honeysuckle	1
homeward	1
holiday	1
holdings	1
hoary	1
hoarder	1
hoard	1
hitherto	1
hither	1
hitchy	1
hit	1
history	1
hissed	1
hints	1
hindustan	1
hilltop	1
highways	1
highway	1
highroad	1
highland	1
hides	1
hibernia	1
hi	1
hesperian	1
hesitates	1
hesitate	1
hers	1
hermes	1
herdsman	1
hercules	1
herald	1
helped	1
helmed	1
hell	1
heliotrope	1
heightened	1
heedless	1
heb	1
heavy	1
heave	1
hearths	1
heartaches	1
healths	1
headland	1
hazard	1
hawthorn	1
haunted	1
haunt	1
haubergeoned	1
hateful	1
hated	1
hate	1
hat	1
harvests	1
harvesting	1
harvest	1
harsh	1
harried	1
hark	1
hare	1
hardy	1
hardly	1
hard	1
harbour	1
harborage	1
haply	1
hang	1
halt	1
hallows	1
hallowed	1
hallooing	1
halberds	1
haired	1
hah	1
h\i]la8ei	1
guts	1
gules	1
guise	1
guiding	1
guessing	1
guessed	1
guerdonless	1
guarded	1
guard	1
grudge	1
grown	1
growl	1
growing	1
grounds	1
gross	1
groans	1
groaning	1
grit	1
gringo	1
grinder	1
grieve	1
greeting	1
greetest	1
greenwood	1
greens	1
greeks	1
greed	1
greatest	1
greater	1
greasers	1
grasses	1
grasped	1
grasp	1
grappling	1
grape	1
grants	1
grant	1
granite	1
grand	1
graced	1
gown	1
gorse	1
gorges	1
gorgeous	1
gore	1
goldfish	1
gnat	1
gloria	1
globe	1
gloated	1
gloaming	1
glittered	1
glistens	1
glistened	1
glints	1
glinting	1
glimpse	1
glimmers	1
glimmer	1
glides	1
glide	1
glass	1
glamours	1
gladness	1
gladly	1
gladiator	1
glade	1
giving	1
gives	1
girt	1
girlhood	1
girdle	1
gilt	1
gigantic	1
gifted	1
gestes	1
gervais	1
germain	1
geraniums	1
gently	1
gentlest	1
gentler	1
gentleness	1
genius	1
gems	1
gem	1
gear	1
gazed	1
gauzy	1
gauze	1
gathers	1
gathering	1
gathered	1
gasping	1
garret	1
garnered	1
garland	1
gaps	1
gaping	1
game	1
galley	1
gallant	1
gales	1
gale	1
galaxy	1
gaeta	1
gadfly	1
gaby	1
gables	1
futile	1
furry	1
furnished	1
furls	1
furious	1
furioso	1
fur	1
funeral	1
fully	1
fugitive	1
frustrated	1
fruits	1
frozen	1
froze	1
frowning	1
froth	1
frosty	1
frolicked	1
frolic	1
fris	1
fringe	1
frightened	1
friendly	1
fretting	1
freshening	1
frequently	1
frequent	1
french	1
freaked	1
frayed	1
fray	1
framing	1
frames	1
frailty	1
frail	1
fragmentary	1
fragment	1
fra	1
fourth	1
foursquare	1
foundation	1
fought	1
fortunate	1
fortuitous	1
fortitude	1
fortify	1
forthcoming	1
formidable	1
forlorner	1
forked	1
forgetfulness	1
forget	1
forfeited	1
forfeit	1
foremost	1
forehead	1
forego	1
footfalls	1
foods	1
food	1
fomalhaut	1
folly	1
following	1
folds	1
foiled	1
fog	1
foes	1
foemen	1
foaming	1
flying	1
flutterings	1
fluttering	1
flutes	1
fluid	1
flowerless	1
florence	1
floral	1
flooding	1
flood-tide	1
flocked	1
floats	1
floating	1
floated	1
flinty	1
flies	1
flickered	1
flecked	1
flaw	1
flare	1
flanks	1
flammulate	1
flaked	1
flake	1
fitting	1
fitly	1
fitfully	1
fists	1
fisherman	1
firm	1
fires	1
firelight	1
finny	1
finger	1
finding	1
filtering	1
filial	1
fifty	1
fifteen	1
fiercer	1
fiercely	1
fibres	1
fibre	1
fevers	1
feverous	1
fevered	1
fever	1
festoon	1
festal	1
fervour	1
fertile	1
ferme	1
feminine	1
fellows	1
felicity	1
feigns	1
feels	1
feeding	1
fecundity	1
fecundate	1
featured	1
feathered	1
fears	1
fay	1
fawning	1
favours	1
favorers	1
favoredness	1
faustine	1
faults	1
fatigue	1
fathers	1
fatal	1
fat	1
fasten	1
fascinating	1
farthest	1
farms	1
fares	1
fare	1
fane	1
fancies	1
famous	1
famish	1
famine	1
familiar	1
famed	1
faltered	1
falter	1
faithful	1
fairy	1
fairest	1
fairer	1
faints	1
fainting	1
faculties	1
facts	1
factitious	1
exultation	1
exult	1
extremes	1
extreme	1
extraviado	1
extol	1
extent	1
expires	1
experience	1
expected	1
expectant	1
expand	1
existence	1
exist	1
exhale	1
exhalations	1
excuse	1
except	1
excellent	1
excellence	1
excel	1
examples	1
evolving	1
evoked	1
evidence	1
eves	1
evermore	1
everlasting	1
event	1
eud^mon	1
eucalyptus	1
ethic	1
eteocles	1
etched	1
et	1
esteeming	1
esteemed	1
essential	1
essence	1
erubescent	1
erring	1
errand	1
erin	1
erect	1
equalled	1
epitaph	1
epigram	1
envenomed	1
entwined	1
entwine	1
entry	1
entrenchments	1
entombed	1
entirely	1
entire	1
enthusiastic	1
enthralments	1
enthralment	1
enthralled	1
enters	1
enslaves	1
enriched	1
enlarged	1
enjoyment	1
enjoyed	1
enigmatic	1
engage	1
enforms	1
enformed	1
enfolded	1
enflames	1
enemies	1
endears	1
endeared	1
endear	1
encompassing	1
enclosed	1
encircled	1
enchanter	1
enchain	1
emulative	1
emulating	1
empire	1
emperor	1
emotion	1
eminence	1
emerging	1
emerged	1
embraces	1
embower	1
embossed	1
elysian	1
elsewhere	1
eloquence	1
elijah	1
elfin	1
elemental	1
elections	1
elected	1
elder	1
elbows	1
eighth	1
eight	1
effulgent	1
edifice	1
edged	1
edge	1
eddying	1
eddy	1
eburnean	1
ebon	1
ebbed	1
ebb	1
eaten	1
eat	1
ear	1
eager	1
d£but	1
dyed	1
dwelled	1
dwarfed	1
duty	1
dust	1
duped	1
dunes	1
dug	1
dues	1
due	1
dryad	1
drunken	1
drowsing	1
drowse	1
drowning	1
droves	1
drive	1
drinks	1
drinker	1
drifting	1
drifted	1
dress	1
drenched	1
drear	1
dreamless	1
dreamings	1
dreadful	1
draws	1
drawing	1
draught	1
draped	1
drab	1
dozen	1
downpour	1
downed	1
double	1
doth	1
dot	1
donors	1
donned	1
donne	1
dominant	1
dome	1
dolphin	1
dole	1
doctrine	1
docked	1
dividing	1
divides	1
divide	1
divan	1
ditch	1
disturbing	1
disturb	1
distract	1
distortion	1
distills	1
distances	1
dissolving	1
dissolve	1
disrespect	1
dispossessed	1
displays	1
dismayed	1
dismay	1
dismantled	1
disintegrate	1
disdainful	1
disdain	1
discover	1
discourse	1
disclose	1
disastrous	1
disappointment	1
dirt	1
dips	1
diomed	1
diners	1
dine	1
din	1
dimmed	1
dilates	1
dignity	1
dignified	1
dig	1
diffused	1
difficulter	1
diaphanous	1
devotees	1
devotee	1
devoted	1
devise	1
destinies	1
despoiled	1
despised	1
desperate	1
despairing	1
despair	1
desolating	1
desk	1
desires	1
desirable	1
designed	1
deserves	1
deserted	1
descent	1
deprived	1
depressed	1
deploys	1
deplore	1
depend	1
deny	1
demands	1
delusion	1
delirium	1
delirious	1
deidamia	1
deflecting	1
deferred	1
defeat	1
deeply	1
deepest	1
deepening	1
dedication	1
decree	1
decreased	1
decoration	1
decks	1
decision	1
deceives	1
deceived	1
debauch	1
deathless	1
dearly	1
dealt	1
deal	1
deadly	1
de	1
dazzling	1
david	1
dauntless	1
daunted	1
daughter	1
dates	1
dash	1
dart	1
darling	1
darkens	1
darkening	1
darkened	1
darien	1
dared	1
dardanian	1
dante	1
danger	1
dandelions	1
dances	1
damsel	1
dallied	1
daisy	1
dainty	1
dainties	1
daily	1
d'aiger	1
cyrene	1
cypress	1
cynthia	1
cynic	1
cygnus	1
cydnus	1
cushions	1
cushion	1
curse	1
curling	1
curl	1
curb	1
cunningest	1
cunning	1
cumuli	1
cumulates	1
cumbrous	1
culture	1
cuauhtemotzin	1
cuauhtemoc	1
crystal	1
cruz	1
crumbles	1
crumbled	1
crudded	1
crucifix	1
crowns	1
crow	1
crossroads	1
crosses	1
cross	1
cringing	1
crime	1
cressets	1
crescent	1
crepuscular	1
crept	1
creed	1
credit	1
credhe	1
creatures	1
creature	1
creations	1
creamiest	1
creamier	1
cream	1
crawling	1
crawled	1
craves	1
cravens	1
crates	1
crater	1
craggy	1
craft	1
cradled	1
cr<	1
cowbells	1
cowards	1
cowardice	1
covets	1
coveting	1
covet	1
covers	1
courteous	1
courted	1
courses	1
courage	1
cour	1
couples	1
counts	1
countrymen	1
countless	1
counting	1
countered	1
counter	1
countenance	1
counsel	1
coucy	1
couch	1
costume	1
corroding	1
corridors	1
corpses	1
coronal	1
cornfields	1
corners	1
corinth	1
corduroys	1
copy	1
copse	1
copious	1
convulsed	1
conversing	1
converse	1
contours	1
contest	1
contends	1
contained	1
consumes	1
constrain	1
constellated	1
consider	1
consecrates	1
conqueror	1
conjure	1
congregated	1
congregate	1
conflagration	1
confined	1
confident	1
confess	1
condemns	1
conclusion	1
concert	1
concentrates	1
concealing	1
con	1
comtesse	1
comrade	1
comprise	1
comprehends	1
compose	1
complaint	1
complains	1
compassionless	1
compass	1
company	1
communion	1
commentary	1
commend	1
commence	1
commemorative	1
comfort	1
comer	1
combative	1
com	1
columns	1
column	1
columbia	1
coloured	1
colossal	1
colonnades	1
colonnade	1
college	1
coining	1
coin	1
coils	1
cock	1
coated	1
coat	1
coasted	1
coals	1
clutches	1
clutched	1
cluny	1
clung	1
cloudy	1
cloudless	1
clouded	1
clothed	1
clothe	1
cloth	1
closerie	1
closely	1
cloisters	1
cloister	1
clock	1
climbing	1
climbed	1
cliffs	1
clement	1
clematis	1
cleaving	1
cleaved	1
clearly	1
clasped	1
clash	1
clarion	1
clarified	1
clapped	1
clanging	1
clambering	1
clambered	1
clairvaux	1
claimed	1
cirrus	1
circumstance	1
circe	1
cinemas	1
cicadas	1
churning	1
chosen	1
chose	1
chords	1
choral	1
choking	1
choirs	1
chimneys	1
chimes	1
chime	1
children	1
child	1
chieftains	1
chic	1
chested	1
cherry	1
cher	1
cheers	1
cheerless	1
cheerful	1
checked	1
cheated	1
cheap	1
chatting	1
chateau	1
chastened	1
charmingly	1
charming	1
charity	1
chariot	1
chant	1
changes	1
changed	1
chanced	1
champions	1
championing	1
chambers	1
chambered	1
challenge	1
chairs	1
chair	1
ceuta	1
cenotaph	1
cells	1
cellar	1
celebrates	1
celebrant	1
cedars	1
cavern	1
catcher	1
catch	1
casual	1
casts	1
casting	1
casket	1
casements	1
casement	1
carved	1
cars	1
carpets	1
carmine	1
cargo	1
caressing	1
caresses	1
caressed	1
carefullest	1
cards	1
caravel	1
caravans	1
capped	1
capital	1
capes	1
caper	1
capella	1
canyons	1
candles	1
candid	1
canals	1
can't	1
campeche	1
camp	1
calyces	1
calumny	1
callas	1
caliphs	1
cafes	1
cabinets	1
buys	1
buy	1
buttercup	1
busy	1
bushes	1
bus	1
bury	1
burnt	1
burns	1
burnished	1
bulwark	1
bulging	1
builder	1
build	1
bugles	1
bugler	1
buff	1
budded	1
bud	1
bucklers	1
brutes	1
brush	1
brunhilde	1
brune	1
bruising	1
brother	1
broods	1
brooding	1
bronze	1
broken	1
broad	1
brittany	1
british	1
bringst	1
bringing	1
brighter	1
brighten	1
bridle	1
bridges	1
bridge	1
bridegroom	1
bride	1
brick	1
brevity	1
bred	1
breathless	1
breasts	1
breaks	1
braziers	1
bravely	1
brasserie	1
branch	1
brake	1
brains	1
brain	1
braided	1
braid	1
boyhood	1
box	1
bows	1
bowls	1
bowery	1
bowered	1
bounty	1
bounden	1
boulevards	1
boule	1
bough	1
boston	1
bosomed	1
borders	1
border	1
booty	1
booth	1
bootblack	1
bonds	1
bolt	1
bole	1
boisterous	1
bois	1
bohemia	1
boheme	1
bodies	1
boasted	1
boast	1
boadicea	1
blush	1
blurred	1
bluest	1
bluebirds	1
blossomy	1
blooms	1
bloomed	1
blond	1
blithe	1
blink	1
blinding	1
blighted	1
blew	1
blent	1
blends	1
bleeding	1
bleed	1
bled	1
blazoned	1
blaze	1
blaspheme	1
bland	1
blanche	1
blanch	1
blade	1
bitterer	1
bits	1
bithynian	1
bit	1
bis	1
bird	1
billowy	1
bigger	1
biding	1
bid	1
biabbitz	1
betwixt	1
bettered	1
betrays	1
betrayed	1
bestead	1
bespeaking	1
besides	1
beryl	1
benignant	1
belvedere	1
belled	1
belize	1
bejewelled	1
beings	1
beheld	1
befell	1
befalls	1
beer	1
beechen	1
bedewed	1
becomes	1
beckoning	1
beckon	1
becking	1
beautify	1
beautifuller	1
beatitude	1
beast	1
bear	1
beaming	1
beamed	1
bazars	1
bayadere	1
battling	1
battles	1
battlements	1
battled	1
battered	1
baths	1
bath	1
bask	1
baseball	1
base	1
bars	1
barricade	1
barren	1
barred	1
barker	1
bark	1
barge	1
bared	1
barcarole	1
banter	1
banquets	1
banqueted	1
bank	1
banged	1
balmy	1
balm	1
ball	1
balkan	1
bales	1
balefire	1
balconies	1
bad	1
backs	1
azalea	1
awoke	1
awe	1
awards	1
awakenings	1
awakening	1
avenged	1
availed	1
ava	1
autumnal	1
author	1
austral	1
auroral	1
aurora	1
aural	1
august	1
attitudes	1
attire	1
attainment	1
attained	1
attacks	1
attack	1
atremble	1
atom	1
atmosphere	1
astray	1
astonished	1
assured	1
assurance	1
assumed	1
asserts	1
assembled	1
assaulting	1
assailed	1
assail	1
asking	1
aside	1
asian	1
ascending	1
ascalon	1
artificer	1
artifice	1
arteries	1
arrived	1
array	1
armies	1
aristippus	1
ariosto	1
aright	1
arid	1
argue	1
argosy	1
arduous	1
arcs	1
architraves	1
arch	1
arcades	1
arcade	1
arbours	1
arbour	1
araby	1
arabic	1
arabian	1
arabesque	1
april	1
approaching	1
appointed	1
applaud	1
appetite	1
appal	1
aphides	1
apace	1
antiphones	1
antietam	1
anthology	1
anthems	1
antares	1
answers	1
answering	1
anj	1
angry	1
angels	1
amidst	1
ambush	1
ambitious	1
ambitions	1
ambition	1
ambient	1
amaze	1
aluminium	1
altitude	1
although	1
also	1
aloud	1
aloof	1
allurements	1
allows	1
allied	1
alleys	1
alive	1
algiers	1
alcoves	1
alchemy	1
alabaster	1
aims	1
agonise	1
aglow	1
aghast	1
afraid	1
afoot	1
afloat	1
aflame	1
afield	1
affronts	1
affrayed	1
affray	1
afford	1
affirms	1
affection	1
aeons	1
aeolian	1
aeneas	1
adventure	1
advances	1
adored	1
adorably	1
admits	1
adjourns	1
adept	1
addressed	1
address	1
adding	1
action	1
act	1
acres	1
acreage	1
aclamor	1
acknowledge	1
aching	1
achilles	1
ached	1
accrues	1
acclaim	1
acclaii	1
access	1
accent	1
abysses	1
abysmal	1
abundant	1
absorbed	1
absolute	1
abroad	1
abounding	1
abodt	1
abode	1
ablossom	1
ablaze	1
abjured	1
abide	1
abhor	1
abandonment	1
\di>i>a	1
>	1
/	1
*	1
