,	1761
the	964
and	873
'	710
.	566
to	468
of	460
i	391
a	379
in	348
that	307
;	285
my	204
as	204
for	193
:	183
—	172
with	170
he	166
it	155
all	155
his	151
on	147
an	142
me	140
|'s|	131
is	130
you	116
!	110
when	100
so	100
not	99
from	97
but	96
they	90
by	88
their	81
be	77
no	75
are	72
was	71
there	70
or	66
|romannumeral|	63
like	63
o	62
them	61
see	61
at	61
more	59
fair	55
one	54
love	54
sweet	53
heart	53
have	53
then	52
thy	51
had	51
we	49
go	49
oh	48
man	48
if	48
did	48
would	47
?	47
well	45
now	45
life	45
him	45
where	44
may	44
say	42
yet	41
she	41
ye	40
how	40
her	40
good	40
what	39
still	39
its	39
who	38
this	38
our	38
can	38
ever	37
never	36
little	36
do	36
will	35
nor	35
men	35
light	35
your	34
know	33
clear	33
though	32
such	32
could	32
some	31
.'	31
way	30
over	30
too	29
round	29
again	29
which	28
upon	28
till	28
shall	28
down	28
true	27
through	27
than	27
wi	26
make	26
long	26
come	26
thee	25
song	25
many	25
day	25
within	24
thou	24
sun	24
should	24
old	24
made	24
fain	24
eyes	24
time	23
lad	23
free	23
up	22
look	22
gay	22
gal	22
far	22
even	22
days	22
art	22
tis	21
t	21
out	21
others	21
once	21
oft	21
might	21
part	20
nature	20
here	20
full	20
before	20
us	19
joy	19
hath	19
has	19
great	19
death	19
went	18
set	18
rise	18
just	18
jes	18
high	18
first	18
been	18
air	18
were	17
thought	17
right	17
other	17
loike	17
lay	17
hear	17
friend	17
found	17
find	17
every	17
words	16
think	16
tell	16
soldier	16
soft	16
place	16
only	16
notes	16
mullater	16
i've	16
give	16
fall	16
comes	16
back	16
world	15
word	15
read	15
poor	15
own	15
most	15
face	15
about	15
wish	14
thus	14
take	14
said	14
rose	14
must	14
let	14
last	14
heard	14
grace	14
earth	14
close	14
birds	14
ah	14
?'	14
*	14
|arabic2digit|	13
these	13
soul	13
rest	13
rare	13
much	13
indeed	13
hope	13
gone	13
eye	13
alone	13
yer	12
year	12
without	12
werry	12
ways	12
thoughts	12
sound	12
seek	12
praise	12
night	12
new	12
music	12
makes	12
knows	12
hold	12
hand	12
friends	12
dream	12
clean	12
call	12
bird	12
beard	12
yes	11
while	11
tree	11
those	11
things	11
sing	11
sense	11
roight	11
play	11
name	11
keep	11
i'm	11
feel	11
fancy	11
church	11
came	11
bring	11
boy	11
blue	11
(	11
why	10
wait	10
voice	10
took	10
stream	10
stood	10
shaven	10
off	10
need	10
low	10
line	10
lie	10
fine	10
fear	10
er	10
dear	10
child	10
book	10
beauty	10
around	10
any	10
am	10
years	9
work	9
wonder	9
very	9
tender	9
spirit	9
sit	9
show	9
power	9
pain	9
live	9
land	9
into	9
i'll	9
half	9
goes	9
glow	9
forth	9
flowers	9
faith	9
each	9
doth	9
dew	9
country	9
brought	9
bright	9
breast	9
bit	9
better	9
away	9
ant	9
"	9
!'	9
walked	8
walk	8
unto	8
two	8
twas	8
turn	8
tells	8
tears	8
stand	8
sight	8
share	8
seemed	8
rises	8
rich	8
past	8
passed	8
pass	8
nought	8
myself	8
mine	8
master	8
mark	8
lost	8
law	8
laid	8
knew	8
human	8
honour	8
he'd	8
hard	8
grows	8
green	8
god	8
garden	8
fur	8
folks	8
fire	8
few	8
fellow	8
end	8
em	8
ear	8
drink	8
comfort	8
cheer	8
black	8
above	8
.)	8
|arabic5+digit|	7
vain	7
truth	7
thet	7
tale	7
strain	7
state	7
spread	7
souls	7
sought	7
soon	7
sleep	7
since	7
shine	7
shadow	7
seems	7
seem	7
saw	7
save	7
red	7
prize	7
pleasure	7
passon	7
mother	7
morning	7
lies	7
left	7
leaves	7
leave	7
later	7
it's	7
intent	7
im	7
himself	7
head	7
hands	7
ground	7
got	7
golden	7
gentle	7
follow	7
feller	7
fell	7
fate	7
fare	7
familiar	7
fail	7
children	7
change	7
caught	7
care	7
can't	7
brave	7
beneath	7
bell	7
another	7
ain't	7
against	7
\	7
young	6
wood	6
wondrous	6
wise	6
wings	6
wife	6
white	6
west	6
water	6
town	6
touch	6
themselves	6
theer	6
surely	6
strong	6
sore	6
softly	6
slow	6
sir	6
sent	6
seen	6
sea	6
says	6
sad	6
radiance	6
promise	6
powers	6
plain	6
page	6
ow	6
note	6
niver	6
move	6
morn	6
matter	6
magic	6
lot	6
looks	6
looked	6
listen	6
lights	6
less	6
lays	6
lands	6
keen	6
joys	6
hymns	6
horses	6
holds	6
hills	6
hill	6
held	6
hearts	6
happy	6
guess	6
grief	6
grew	6
gracious	6
gives	6
given	6
gets	6
get	6
flies	6
finds	6
filled	6
felt	6
fellers	6
fame	6
else	6
done	6
don't	6
delight	6
deep	6
dead	6
dark	6
crown	6
crew	6
cold	6
circle	6
bound	6
bishop	6
best	6
below	6
being	6
because	6
bear	6
aye	6
ave	6
among	6
always	6
allus	6
aid	6
|arabic1digit|	5
yield	5
winter	5
whom	5
wall	5
walkin	5
varied	5
tweet	5
trees	5
tommy	5
told	5
thomas	5
thing	5
thank	5
tha	5
sweetest	5
sunlight	5
summer	5
strife	5
strange	5
store	5
stars	5
spring	5
south	5
sonnets	5
sometimes	5
soldiers	5
smart	5
small	5
showed	5
shelter	5
shaved	5
shave	5
service	5
scace	5
sake	5
render	5
remain	5
rain	5
radiant	5
put	5
pounds	5
poetry	5
peace	5
oop	5
oo	5
olden	5
nothing	5
near	5
miss	5
mind	5
mighty	5
mid	5
memory	5
memories	5
mate	5
loving	5
loved	5
looking	5
lookin	5
lives	5
led	5
lady	5
kiss	5
kingdom	5
kindly	5
image	5
ill	5
i'd	5
house	5
home	5
heaven	5
grow	5
grey	5
grass	5
gave	5
gather	5
gals	5
gain	5
fresh	5
fly	5
fellows	5
faint	5
eternal	5
dreams	5
dim	5
died	5
danger	5
cut	5
cum	5
course	5
cool	5
common	5
cannot	5
burns	5
brings	5
bosom	5
bore	5
blows	5
blessed	5
birdies	5
big	5
ancient	5
amid	5
across	5
',	5
you've	4
you'd	4
yonder	4
worst	4
women	4
witness	4
wing	4
wind	4
wild	4
whose	4
wherever	4
welcome	4
weep	4
waves	4
warbler	4
vision	4
vil	4
until	4
turns	4
turned	4
triple	4
tried	4
track	4
trace	4
towers	4
tongue	4
thrill	4
thinks	4
they're	4
tear	4
surprise	4
sung	4
sugar	4
sudden	4
streams	4
stir	4
starve	4
stands	4
st	4
spend	4
spark	4
spain	4
sorrow	4
snakes	4
sky	4
skies	4
singing	4
sighs	4
shows	4
shadows	4
send	4
secret	4
scene	4
sat	4
same	4
saints	4
rule	4
rocks	4
risen	4
repose	4
repeated	4
raise	4
quick	4
puts	4
pure	4
pretty	4
prate	4
poet	4
played	4
plan	4
pity	4
perhaps	4
perfect	4
pay	4
pansies	4
palace	4
onct	4
often	4
nowt	4
next	4
muse	4
mrs	4
mignonette	4
met	4
mellow	4
meet	4
marvel	4
marked	4
marjoram	4
march	4
magazine	4
loves	4
longer	4
lonely	4
london	4
living	4
late	4
large	4
knaw	4
kind	4
jones	4
hours	4
horse	4
help	4
height	4
heavy	4
he's	4
hardly	4
greater	4
glows	4
gift	4
fuller	4
fro	4
freely	4
fool	4
fond	4
flows	4
flight	4
fill	4
fever	4
father	4
farmer	4
falls	4
exhort	4
ere	4
equal	4
drop	4
draw	4
dote	4
door	4
does	4
die	4
cup	4
cry	4
crowds	4
cries	4
cot	4
coffee	4
cloud	4
claims	4
claim	4
chap	4
ceaseless	4
case	4
card	4
called	4
cabul	4
british	4
breath	4
both	4
born	4
border	4
blow	4
blame	4
bin	4
beside	4
behind	4
beat	4
bare	4
band	4
autumn	4
also	4
alas	4
agin	4
age	4
after	4
ad	4
zahara	3
youthful	3
youth	3
you're	3
yead	3
wrought	3
wrong	3
written	3
worthy	3
worldly	3
works	3
wondering	3
won	3
woide	3
wished	3
wine	3
winds	3
wide	3
whoy	3
week	3
weed	3
wealth	3
weak	3
wasted	3
warm	3
war	3
wander	3
waken	3
waiting	3
volume	3
virtue	3
vigour	3
view	3
upward	3
unrest	3
tune	3
truly	3
troy	3
trouble	3
top	3
together	3
times	3
thin	3
thick	3
tall	3
symbol	3
swell	3
sweetness	3
sweetly	3
sunday	3
summat	3
studious	3
struck	3
stronger	3
strength	3
stranger	3
story	3
stirs	3
stirred	3
springs	3
spoke	3
sphere	3
spell	3
speaks	3
speak	3
sparrows	3
something	3
solace	3
smiling	3
smile	3
sigh	3
side	3
shining	3
shade	3
servants	3
serene	3
self	3
seat	3
seas	3
scorn	3
scarce	3
sacraments	3
run	3
rough	3
root	3
room	3
roar	3
rick	3
richly	3
reverent	3
reunion	3
returning	3
relief	3
record	3
recall	3
real	3
reading	3
reach	3
ran	3
rahman	3
quite	3
quickly	3
purty	3
purpose	3
promised	3
profit	3
prayer	3
pluck	3
pinnies	3
pick	3
perilous	3
peak	3
pause	3
paul	3
patient	3
pathos	3
passing	3
parts	3
pale	3
paid	3
owt	3
orf	3
ordered	3
onward	3
ones	3
oar	3
north	3
noble	3
neither	3
neglect	3
nay	3
n	3
moved	3
mourn	3
moon	3
monk	3
moight	3
misty	3
mists	3
miles	3
melody	3
meets	3
maules	3
maiden	3
maid	3
lovers	3
lovely	3
lose	3
lone	3
lo	3
lived	3
lightly	3
lighten	3
lift	3
lesson	3
least	3
leaf	3
lea	3
laws	3
laura	3
larger	3
lambs	3
lamb	3
ladies	3
lack	3
known	3
king	3
jumps	3
jove	3
john	3
jesus	3
january	3
j	3
inmost	3
humble	3
heavenly	3
heat	3
hair	3
ha	3
h	3
guides	3
grateful	3
glory	3
glorious	3
gifts	3
generous	3
gathered	3
game	3
fruit	3
freedom	3
four	3
forms	3
forgotten	3
food	3
folk	3
foine	3
foinds	3
foight	3
flame	3
fir	3
finger	3
fight	3
feed	3
favour	3
falling	3
faithful	3
failed	3
fact	3
faces	3
ezackly	3
ez	3
exhorting	3
erst	3
enough	3
enjoy	3
engage	3
emprise	3
eildon	3
earthly	3
early	3
drinks	3
dreaming	3
double	3
divine	3
didn	3
despite	3
desire	3
dart	3
dance	3
daily	3
current	3
curates	3
cuckoo	3
cross	3
cousin	3
courage	3
corner	3
coom	3
content	3
constant	3
complete	3
company	3
colours	3
colour	3
coarse	3
circling	3
christian	3
chew	3
cheerful	3
charm	3
changes	3
chair	3
cause	3
cathedral	3
castle	3
cares	3
calls	3
burn	3
burden	3
brighten	3
breathe	3
break	3
brain	3
bow	3
bought	3
boldly	3
boat	3
boast	3
blossom	3
bliss	3
beyond	3
between	3
believe	3
beauteous	3
bats	3
babes	3
arter	3
arms	3
arise	3
ard	3
apostles	3
answer	3
along	3
alien	3
alice	3
afghanistan	3
afar	3
act	3
accents	3
abd	3
[	3
.]	3
.']	3
.')	3
."	3
•	2
yields	2
yielded	2
ye're	2
yarrow	2
writ	2
wounded	2
wound	2
wouldst	2
wouldn't	2
working	2
worked	2
woods	2
woodland	2
won't	2
wolseley	2
wizard	2
wives	2
winged	2
winding	2
whole	2
whitethroat	2
whirl	2
whereby	2
wheat	2
weeks	2
wedge	2
webster	2
weary	2
wave	2
waters	2
watching	2
watch	2
waste	2
wasn't	2
warrm	2
warmest	2
wants	2
want	2
wandering	2
walls	2
walks	2
waits	2
wage	2
vow	2
voices	2
vl	2
viil	2
verse	2
vengeance	2
veitch	2
vanity	2
utter	2
use	2
uplift	2
unseen	2
unity	2
unexpected	2
unconscious	2
uncommon	2
unclouded	2
ud	2
type	2
twixt	2
twill	2
twilight	2
tum	2
trying	2
try	2
trickster	2
trick	2
tribute	2
treat	2
treasure	2
transformed	2
tower	2
token	2
toile	2
today	2
tiny	2
tie	2
tidy	2
tide	2
throng	2
throne	2
throat	2
three	2
thousand	2
thistles	2
they'd	2
theme	2
theirselves	2
test	2
taunt	2
talk	2
tales	2
tact	2
swells	2
swear	2
swamps	2
surprises	2
sure	2
sunshine	2
sunset	2
suns	2
sunny	2
summers	2
success	2
su'proise	2
strive	2
street	2
stray	2
straight	2
storm	2
stoppages	2
stones	2
stone	2
steep	2
stay	2
states	2
stately	2
star	2
spreads	2
spray	2
spent	2
space	2
southesk	2
sounds	2
soothing	2
sonnet	2
songs	2
soide	2
softer	2
social	2
so-called	2
slightest	2
skittles	2
skins	2
skin	2
skill	2
singer	2
silver	2
silent	2
sides	2
sickness	2
shown	2
shook	2
shipton	2
ship	2
shillings	2
shedding	2
shaving	2
sharp	2
shame	2
shairp	2
served	2
serenade	2
sees	2
seeks	2
seeking	2
seeing	2
secure	2
seasons	2
scottish	2
scotland	2
scorns	2
scholar	2
sceptre	2
scattered	2
saintly	2
sage	2
safe	2
sadly	2
s	2
rush	2
rural	2
rung	2
rules	2
rue	2
row	2
roselet	2
rope	2
romance	2
robin	2
roamed	2
roam	2
rivals	2
rispetti	2
ride	2
richer	2
rhymer	2
rhyme	2
rew	2
reveals	2
return	2
requiem	2
report	2
repeat	2
renew	2
reins	2
refrain	2
refinement	2
rector	2
records	2
rebellious	2
reason	2
really	2
ready	2
razor	2
rats	2
rapt	2
range	2
rang	2
railway	2
race	2
quoite	2
quest	2
quenched	2
queen	2
quaint	2
pursue	2
purse	2
purer	2
pulses	2
public	2
proud	2
profound	2
professor	2
proclaim	2
print	2
principal	2
priest	2
prevail	2
pressed	2
presence	2
precious	2
prayers	2
pray	2
pours	2
pointed	2
point	2
poets	2
planet	2
plains	2
pipe	2
pinny	2
piercing	2
pictures	2
peter	2
perverse	2
personal	2
perchance	2
pence	2
pen	2
pearls	2
path	2
pastor	2
passion	2
parched	2
paper	2
pane	2
palm	2
pages	2
pace	2
overhead	2
outside	2
ought	2
opinions	2
open	2
ome	2
oil	2
ocean	2
nowise	2
northern	2
none	2
noise	2
nobler	2
nightingale	2
nigh	2
nice	2
nex	2
nest	2
neck	2
native	2
nation	2
mystery	2
mute	2
movements	2
mouths	2
mournful	2
mourners	2
mountain	2
mount	2
morsels	2
monks	2
monkish	2
mocking	2
moan	2
mistress	2
mist	2
mirror	2
midst	2
merlin	2
merely	2
meed	2
measure	2
meant	2
means	2
meadows	2
matters	2
mathematics	2
mates	2
mary	2
martyr	2
manhood	2
making	2
magnanimous	2
ludship	2
lowly	2
lover	2
lots	2
losses	2
loss	2
lord	2
longside	2
longing	2
loine	2
loikes	2
lofty	2
load	2
lit	2
listening	2
listened	2
list	2
liquid	2
lips	2
link	2
lindsays	2
likely	2
lichtsome	2
lets	2
leighton	2
legs	2
learn	2
leaps	2
lead	2
laurel	2
laughter	2
lass	2
lain	2
labours	2
laboured	2
knowledge	2
knives	2
knights	2
knife	2
knees	2
knaves	2
kept	2
keeps	2
keener	2
k	2
june	2
judge	2
journey	2
job	2
jew	2
iver	2
ittle	2
itself	2
iron	2
inward	2
invite	2
inside	2
indians	2
incline	2
in's	2
imagination	2
il	2
iil	2
igh	2
ice	2
husband	2
hurried	2
humankind	2
hounds	2
horror	2
hopes	2
honoured	2
hoigh	2
hoary	2
hoar	2
history	2
hisself	2
hires	2
hint	2
higher	2
higgie	2
hidden	2
hers	2
hence	2
hempen	2
heel	2
haunts	2
hats	2
harvests	2
hark	2
hang	2
hall	2
grown	2
grog	2
grave	2
grand	2
goodwill	2
goodbye	2
goal	2
gleam	2
glass	2
glad	2
george	2
gently	2
gentleman	2
genius	2
gaze	2
gains	2
ga	2
future	2
fust	2
further	2
fun	2
fruits	2
fruitful	2
friendly	2
friars	2
france	2
fragrance	2
former	2
formal	2
forget	2
forever	2
force	2
follows	2
followers	2
foighten	2
flow	2
floating	2
flee	2
flash	2
fit	2
fish	2
finest	2
fields	2
field	2
fetch	2
fervour	2
feels	2
fast	2
fashion	2
fared	2
farce	2
fancies	2
fairyland	2
fairy	2
faintly	2
f	2
expert	2
expec	2
exile	2
everywhere	2
eve	2
etc	2
essex	2
enny	2
english	2
england	2
encouragement	2
employ	2
embrace	2
emblems	2
elfinland	2
elfin	2
either	2
ee	2
eaves	2
easy	2
ears	2
eagles	2
ead	2
e	2
duty	2
dun	2
dull	2
due	2
dry	2
drownded	2
drinking	2
drew	2
dress	2
drawn	2
drain	2
dr	2
downroight	2
dost	2
dooty	2
doomed	2
domes	2
divinity	2
divil	2
disgrace	2
dirge	2
dies	2
dialect	2
dettin	2
despise	2
despair	2
design	2
deny	2
denizen	2
defy	2
deemed	2
declared	2
dean	2
darkened	2
dare	2
dapper	2
daisied	2
cur'ous	2
cums	2
crowd	2
crockleford	2
critics	2
cried	2
crests	2
creeps	2
corn	2
converse	2
constancy	2
conscious	2
confessed	2
coldly	2
coat	2
cloy	2
climbin	2
cleanly	2
clap	2
city	2
cities	2
circles	2
chosen	2
choir	2
choice	2
chin	2
childish	2
childhood	2
chief	2
cheered	2
cheek	2
cheap	2
chattered	2
chaste	2
charges	2
changeful	2
chain	2
ceased	2
catch	2
cat	2
cast	2
carved	2
captain	2
canes	2
butterfly	2
busy	2
bush	2
burned	2
buried	2
brow	2
brother	2
broke	2
broight	2
broad	2
brisk	2
brighter	2
brief	2
bride	2
breasts	2
bread	2
brains	2
bowie	2
bowers	2
bounds	2
bold	2
blowin	2
blossoms	2
bloomin	2
bloom	2
blood	2
blissful	2
blindly	2
blind	2
bless	2
blend	2
bleeve	2
blackbird	2
birk	2
bids	2
bid	2
bent	2
bend	2
belong	2
bells	2
begins	2
beauties	2
beats	2
beards	2
bar	2
bald	2
bad	2
backward	2
awe	2
augusta	2
atkins	2
asleep	2
aside	2
arf	2
appears	2
appear	2
ape	2
apart	2
angel	2
anderson	2
although	2
alive	2
alike	2
agree	2
afternoon	2
adds	2
addressed	2
added	2
acts	2
['	2
-	2
|arabic4digit|	1
|arabic3digit|	1
|	1
zephyr	1
zealot	1
yours	1
you'll	1
yorksheerman	1
yorksheer	1
yetchaphetell	1
yeller	1
yearns	1
yearnings	1
yearnin	1
yearn	1
ye'll	1
xvil	1
xil	1
xiil	1
wrote	1
writes	1
write	1
wrinkled	1
wrigglin	1
wretchedness	1
wretched	1
wren	1
wreck	1
wrapped	1
wranglers	1
wove	1
wouldn	1
worthier	1
worth	1
worse	1
worn	1
workin	1
worker	1
wooing	1
wooin	1
wont	1
wonderful	1
woman'ood	1
wittles	1
withstood	1
witchery	1
wist	1
wishing	1
wisely	1
wisdom	1
windy	1
windowless	1
window	1
win	1
willing	1
willed	1
wiles	1
wildest	1
wider	1
wi'out	1
wholly	1
whoites	1
whoile	1
whiter	1
whitely	1
whistles	1
whisper	1
whisky	1
whiskin	1
whiskers	1
whilst	1
whether	1
wherewith	1
whereon	1
whence	1
wheer	1
wettest	1
western	1
wellin'ton	1
weights	1
weighed	1
weeping	1
weeds	1
wee	1
wed	1
weave	1
wearied	1
wear	1
weapons	1
weapon	1
wealthy	1
weal	1
weakness	1
weakling	1
weaker	1
we've	1
we're	1
we'll	1
wayside	1
waxed	1
waving	1
wavin	1
wavers	1
waver	1
waterside	1
watched	1
wassail	1
wars	1
warmth	1
warms	1
warlike	1
warder	1
warblers	1
wanders	1
walter	1
wakes	1
wakened	1
wake	1
waitin	1
waited	1
wails	1
wail	1
wager	1
waged	1
wafted	1
waft	1
vulgar	1
vows	1
vote	1
void	1
voiced	1
vivid	1
visits	1
visitor	1
virtuous	1
virile	1
violets	1
violet	1
views	1
victory	1
victoria	1
vice	1
vexed	1
vex	1
vest	1
venom	1
veiling	1
veiled	1
vaunting	1
vaunt	1
vast	1
various	1
variety	1
vantage	1
vanities	1
vanished	1
van	1
valleys	1
valley	1
vale	1
vainer	1
vaguely	1
vagrant	1
utters	1
utterance	1
utmost	1
used	1
urgent	1
urge	1
upsprings	1
upraised	1
upholds	1
upborne	1
unworthy	1
unwilling	1
unvexed	1
untouched	1
unsuspecting	1
unsung	1
unregenerate	1
unmeasured	1
unmarred	1
unless	1
unknowing	1
unkind	1
unison	1
unendin	1
undistrest	1
understanding	1
under	1
uncertain	1
unburdened	1
unbidden	1
unbaptized	1
umberella	1
u	1
tyre	1
twould	1
twitterings	1
twittering	1
twins	1
twinkling	1
twinklin	1
twine	1
twigs	1
twig	1
twice	1
twenty	1
tween	1
turret	1
turneth	1
tulloch	1
trustful	1
trust	1
trumb	1
truest	1
troublous	1
troubles	1
troubled	1
trooping	1
trim	1
tricks	1
trembling	1
trellised	1
treatment	1
treasuries	1
travelling	1
travellin	1
travellers	1
traveller	1
travelled	1
traquair	1
trap	1
translations	1
trance	1
trail	1
trade	1
traced	1
tr	1
towering	1
touches	1
touched	1
tore	1
topping	1
tools	1
tones	1
tomb	1
tokens	1
toimes	1
toime	1
toiling	1
toil	1
toight	1
toggery	1
toggerie	1
toed	1
title	1
tit	1
tisn	1
tipsy	1
tile	1
tidbits	1
thyself	1
thwarted	1
thursty	1
thrush	1
thrown	1
throw	1
throes	1
throbbing	1
thrilled	1
threats	1
thralls	1
thrall	1
thoughted	1
third	1
thinly	1
thinking	1
thine	1
thieves	1
thereafter	1
theology	1
theirs	1
theatre	1
thanks	1
thankee	1
tha'lt	1
terror	1
territory	1
terms	1
ter	1
tenderness	1
tenderer	1
tender.'earts	1
tend	1
tempting	1
temple	1
telling	1
tellee	1
tearful	1
teapot	1
teaching	1
teaches	1
tea	1
taurus	1
taught	1
tastes	1
taste	1
task	1
tarry	1
tarnal	1
tame	1
talks	1
talanta	1
takin	1
takes	1
tails	1
tablets	1
tablet	1
table	1
syrian	1
sympathy	1
sympathiser	1
sympathies	1
sympathetic	1
sylph	1
swore	1
sword	1
swindle	1
swims	1
swiftly	1
swiftest	1
swerved	1
swept	1
sweets	1
sweetlier	1
sweetens	1
sweet'art	1
sweeping	1
swayed	1
swallow	1
suspicion	1
surprised	1
support	1
supplies	1
supplied	1
superiors	1
sunrise	1
sunrays	1
sunlit	1
sunlights	1
sunflowers	1
sunflower	1
summoning	1
summits	1
sum	1
suit	1
suffolk	1
suffice	1
suffer	1
suddenly	1
sudden/y	1
sud	1
successful	1
succeed	1
subtlest	1
subsides	1
sublime	1
subject	1
subdues	1
subdued	1
style	1
sty	1
stumps	1
strives	1
strifes	1
stricken	1
strew	1
stretch	1
streets	1
strangest	1
strands	1
straightened	1
stoyle	1
storms	1
stores	1
stored	1
stop	1
stoops	1
stomach	1
stock	1
stirrings	1
stirring	1
stirrin	1
stillness	1
steeps	1
steely	1
steek	1
steady	1
steadily	1
stayed	1
staves	1
staunch	1
start	1
starlings	1
starling	1
starch	1
standin	1
stan	1
stake	1
stabbed	1
squirrel	1
squeezes	1
square	1
spurn	1
spur	1
springtime	1
sprang	1
spotless	1
spot	1
sportsman	1
sportive	1
sport	1
spoil	1
splendour	1
splendid	1
spirits	1
spires	1
spire	1
spiders	1
speed	1
speechless	1
sparklin	1
sparkle	1
spare	1
spaniards	1
spaced	1
sown	1
sowl	1
sovereign	1
southward	1
source	1
soundest	1
sort	1
sorry	1
soothe	1
sooner	1
soom	1
sons	1
somethin	1
sombre	1
solitary	1
solemn	1
sole	1
soil	1
soight	1
softened	1
soar	1
snug	1
snows	1
snowdrift	1
snow	1
snatches	1
snappin	1
smug	1
smooth	1
smoky	1
smoke	1
smoiled	1
smith	1
smite	1
smiles	1
smiled	1
smelling	1
smell	1
smack	1
slumbers	1
slumber	1
slowly	1
slothful	1
slipped	1
slime	1
slim	1
slide	1
slept	1
sleeping	1
slaves	1
slave	1
skittle	1
skipsey	1
skeetos	1
six	1
sits	1
sister	1
sink	1
sings	1
singers	1
sincere	1
sin	1
simply	1
simple	1
sill	1
silk	1
silently	1
silenced	1
silence	1
signify	1
signal	1
sign	1
sieges	1
siege	1
sidlin	1
sich	1
shy	1
shrill	1
shreds	1
showin	1
showers	1
shower	1
shot	1
short-lived	1
short	1
shore	1
shop	1
shoot	1
shoe	1
shocked	1
shoals	1
shinin	1
shines	1
shimmer	1
shifting	1
shield	1
sheltering	1
shell	1
she'd	1
shattered	1
shared	1
shaped	1
shape	1
shakes	1
shafts	1
shaft	1
shadowed	1
shadders	1
severe	1
several	1
settles	1
settle	1
servin	1
serveth	1
serves	1
sergeant	1
sepulchral	1
september	1
sell	1
selfsame	1
seldom	1
seize	1
seest	1
seekin	1
sedge	1
secured	1
seal	1
scroll	1
scrip	1
screen	1
screamed	1
scrape	1
scottie	1
scotsman	1
scots	1
scotch	1
scorned	1
scope	1
science	1
schriptures	1
school	1
scent	1
scenes	1
scattering	1
scarcely	1
scan	1
scale	1
saviour	1
satisfying	1
sang'st	1
sang	1
sand	1
sanctions	1
sammy	1
sakes	1
saith	1
sailin	1
sailed	1
sail	1
sagacious	1
safety	1
safer	1
sae	1
saddened	1
sacrifice	1
sacred	1
rv	1
runs	1
runneth	1
rummiest	1
ruled	1
ruin	1
roving	1
roved	1
rove	1
roused	1
rounds	1
rotting	1
rosy	1
rosin	1
roses	1
roorkee	1
rome	1
rolls	1
rolling	1
rollin	1
rolled	1
roise	1
roden	1
rock	1
roberts	1
robed	1
robber	1
robbed	1
rob	1
road	1
risky	1
risks	1
rising	1
ringin	1
rigours	1
rights	1
rightful	1
righteousness	1
rifle	1
richual	1
rhymes	1
rhoymin	1
rhoymes	1
rewarded	1
revolt	1
reviving	1
revised	1
reverence	1
revere	1
revenge	1
reveal	1
returnest	1
returned	1
retreat	1
rests	1
restore	1
restoration	1
resting-place	1
respict	1
resources	1
requiring	1
required	1
reply	1
repair	1
renown	1
removed	1
remotest	1
remembering	1
remembered	1
remarks	1
remarkable	1
religious	1
religion	1
rejoice	1
reinstalment	1
rein	1
reign	1
regiment	1
regal	1
reforming	1
reflective	1
reflecting	1
refined	1
reference	1
recommendin	1
reckon	1
recipients	1
receiving	1
recalls	1
reaches	1
rayther	1
rays	1
ray	1
ravish	1
ravin	1
rave	1
ration	1
rather	1
rascals	1
rapture	1
ranks	1
ranged	1
random	1
ramsays	1
ramsay	1
raised	1
rains	1
raiment	1
rail	1
rage	1
racy	1
quiver	1
quiet	1
quickness	1
quickening	1
questioned	1
question	1
queenly	1
quality	1
q	1
pursuin	1
purpled	1
purity	1
purifies	1
purely	1
punish	1
pulsings	1
prudence	1
providence	1
proved	1
prove	1
proudly	1
protesting	1
prospect	1
prose	1
prophets	1
prophet	1
prophecies	1
proper	1
prolonged	1
progress	1
proem	1
printers	1
princess	1
primroses	1
primrose	1
prime	1
priestly	1
pride	1
prey	1
prevailing	1
pretending	1
president	1
present	1
preparin	1
prepare	1
preface	1
preaches	1
prankish	1
praises	1
prairies	1
prairie	1
practice	1
powerful	1
poverty	1
pound	1
pots	1
pot	1
portion	1
pope	1
poorly	1
poorest	1
pools	1
pon	1
poised	1
pointing	1
poines	1
poetical	1
poetic	1
poems	1
poem	1
pocketbook	1
plunges	1
plucked	1
ploight	1
plied	1
pledged	1
pleased	1
please	1
pleadings	1
playing	1
planned	1
plaintive	1
plainly	1
plague	1
piteously	1
piteous	1
piping	1
pioneering	1
pints	1
pins	1
pine	1
pin	1
pillared	1
pilgrims	1
pierced	1
pieces	1
piece	1
picture	1
piano	1
philosophy	1
philosophers	1
phaugh	1
petrarch	1
pestilence	1
pert	1
perish	1
perfunctory	1
people	1
penultimate	1
pensive	1
penitence	1
penetrating	1
peers	1
peer	1
peeping	1
peaks	1
peaceful	1
pays	1
pay'st	1
pawn	1
patriarchs	1
paths	1
passons	1
passes	1
passages	1
park	1
parish	1
pardon	1
paradox	1
papists	1
panmure	1
pampas	1
palls	1
pall	1
palaces	1
painter	1
pains	1
pails	1
p.m	1
oyes	1
oye	1
owns	1
owls	1
owl	1
owes	1
ower	1
overthrown	1
overpower	1
overcome	1
outright	1
outlines	1
outhouse	1
ousels	1
ousel	1
ourselves	1
ours	1
oughter	1
oud	1
ot	1
ornaments	1
ornamental	1
ornament	1
origin	1
oriental	1
ordination	1
orders	1
order	1
oppressed	1
opening	1
opened	1
onset	1
olrig	1
older	1
oirish	1
oilskms	1
officers	1
offerings	1
odours	1
odour	1
october	1
occurred	1
occasion	1
observe	1
observation	1
obeyed	1
oaks	1
o'dowd	1
nursling	1
nurse	1
numbered	1
nowadays	1
november	1
notion	1
notice	1
nothin	1
noted	1
noses	1
normal	1
noonday	1
nonce	1
noighttime	1
noight	1
noigh	1
noel	1
nod	1
nobility	1
nineteenth	1
nimble	1
nightly	1
niggers	1
nick	1
niche	1
nicest	1
nicely	1
newark	1
nevermore	1
neidpath	1
needn	1
necks	1
necessity	1
neath	1
neat	1
nearest	1
natural	1
natur	1
nativity	1
natheless	1
narrowing	1
narrative	1
names	1
named	1
naked	1
nairy	1
nailed	1
mystic	1
myrtle	1
mustard	1
musings	1
muses	1
mused	1
murmurs	1
murmurous	1
murmured	1
murderer	1
munney	1
multitude	1
multiplied	1
muffled	1
mudder	1
muckle	1
mr	1
moving	1
moveth	1
movesh	1
moves	1
moveless	1
moustache	1
mouse	1
mourned	1
mounts	1
mounted	1
moulded	1
motto	1
mothers	1
moss	1
mosque	1
moses	1
mosaics	1
mosaic	1
mortal	1
mornings	1
mornin	1
more'n	1
moors	1
moorish	1
moor	1
moons	1
moonlit	1
moojis	1
mood	1
months	1
month	1
montclar	1
monkwise	1
mong	1
moments	1
moment	1
molest	1
moisture	1
moist	1
moinds	1
moind	1
mocks	1
mixed	1
mitre	1
missive	1
mississippi	1
mischief	1
minute	1
minstrelsy	1
minstrel	1
minkish	1
ministries	1
minister	1
mingled	1
millennium	1
milk	1
mild	1
middle	1
midday	1
mickle	1
mexico	1
message	1
merit	1
mere	1
mercy	1
mendicant	1
mend	1
memorial	1
members	1
melt	1
melodious	1
mellowy	1
mellowing	1
melancholy	1
meeting	1
meek	1
measures	1
meanings	1
meals	1
mead	1
mb	1
mazy	1
mazed	1
maybe	1
maxims	1
maxim	1
mawkish	1
maule	1
matins	1
mashallah	1
mars	1
marriage	1
marks	1
marking	1
market	1
margins	1
marble	1
mar	1
mantle	1
manned	1
manlike	1
man'ood	1
male	1
maks	1
makin	1
maker	1
maintained	1
mai	1
magnify	1
magician	1
mad	1
m.d	1
lyrical	1
lyric	1
luxury	1
luther	1
lute	1
lurid	1
lucky	1
lucknow	1
luck	1
lowland	1
lower	1
loveliest	1
loud	1
lore	1
lords	1
loomed	1
lookest	1
longsoide	1
lonest	1
lonesome	1
loiterer	1
loight	1
loife	1
ll	1
liza	1
lively	1
livelong	1
listin	1
lions	1
lion	1
linnet	1
lingered	1
lines	1
limping	1
limes	1
limbs	1
likewise	1
lightsomely	1
lightnings	1
lighting	1
lifts	1
lief	1
library	1
liberty	1
liberties	1
level	1
letting	1
letters	1
lesser	1
lessening	1
lengths	1
lend	1
legends	1
leetle	1
leer	1
leaving	1
leavin	1
learned	1
leapt	1
league	1
leafy	1
leafless	1
leads	1
leadin	1
lawn	1
lave	1
laugh	1
laudlike	1
laud	1
latin	1
latest	1
lately	1
lash	1
lark	1
largesse	1
lapse	1
lang	1
lanes	1
lane	1
landscape	1
lamps	1
laggin	1
lads	1
lacework	1
labour	1
knox	1
knowing	1
knock	1
knelt	1
knell	1
kneel	1
kisses	1
kissed	1
kindling	1
kindlest	1
kindest	1
kilmeny	1
kill	1
kids	1
khalif	1
key	1
kep	1
kempenfeldt	1
keepin	1
keenest	1
justice	1
juggling	1
judging	1
judea	1
joyously	1
joyous	1
joseph	1
joomp	1
jolly	1
jokes	1
joke	1
joined	1
jo	1
jews	1
jewel	1
jests	1
jest	1
jerome	1
jealous	1
jawring	1
jawr	1
jawing	1
jarring	1
japp	1
jamaicar	1
ivy	1
ivory	1
issue	1
irony	1
invading	1
intrude	1
interested	1
intensest	1
intense	1
intemperance	1
instruct	1
inspired	1
insist	1
insight	1
innocence	1
inheritance	1
infuse	1
infinite	1
indifferently	1
indies	1
indiar	1
indecorums	1
increase	1
includes	1
inch	1
incessant	1
in'dingy	1
impulse	1
improve	1
impress	1
imposing	1
imping	1
imperfect	1
impart	1
images	1
imaged	1
illustrate	1
idea	1
hypocrites	1
hypocrite	1
hymn	1
husky	1
hup	1
hunting	1
hungry	1
hunger	1
humorous	1
humbleness	1
hue	1
howard	1
hour	1
hottest	1
hot	1
horoscope	1
horn	1
horizons	1
hopeless	1
honey	1
honest	1
hon	1
homeward	1
homestead	1
holy	1
hollyhocks	1
hollow	1
hollies	1
holding	1
hold'st	1
hoighland	1
hoarfrost	1
hit	1
hirsute	1
hips	1
hind	1
highest	1
hide	1
hi	1
herself	1
herring	1
heroic	1
hermit	1
herbs	1
heraldic	1
hemisphere	1
helpmate	1
helpfulness	1
hell	1
helicon	1
heir	1
heigho	1
hegg	1
hedges	1
hedgerow	1
heavier	1
heathery	1
hearing	1
healing	1
heads	1
haws	1
having	1
hate	1
hat	1
hast	1
hart	1
harry	1
harps	1
harmonious	1
harmed	1
hardest	1
harder	1
happiness	1
haply	1
handy	1
handwriting	1
handkerchief	1
hamlet	1
halted	1
halls	1
halfway	1
hairy	1
hairs	1
habit	1
ha'pence	1
gurgoyle	1
guineas	1
guildfokd	1
guiding	1
guessed	1
guard	1
grudge	1
grub	1
growin	1
grovel	1
grove	1
groping	1
grim	1
grievin	1
grieve	1
griefs	1
greeny	1
greenwood	1
greens	1
greatly	1
graze	1
grasps	1
grasped	1
grange	1
graciousness	1
graces	1
graced	1
governs	1
goodnight	1
goldfinch	1
goldcrest	1
gold	1
going	1
goin	1
goeth	1
godly	1
goats	1
goat	1
glowed	1
gloom	1
glittering	1
glimpse	1
glimmers	1
glen	1
glassy	1
glancin	1
glamour	1
gladness	1
gladly	1
gladden	1
giving	1
git	1
girl	1
gineral	1
gill	1
gilded	1
gifted	1
giants	1
gettin	1
genial	1
generations	1
general	1
gear	1
gazing	1
gazer	1
gathers	1
gathering	1
gates	1
gate	1
gardens	1
gape	1
gam	1
galleries	1
gallantry	1
gall	1
gale	1
gainst	1
gained	1
furze	1
funeral	1
function	1
fumes	1
fumed	1
fullest	1
fulfilled	1
fruitless	1
frozen	1
froze	1
frown	1
frost	1
front	1
frond	1
frock	1
friendship	1
frequent	1
frederick	1
frame	1
frail	1
fragments	1
fox	1
fourteen	1
fountains	1
fought	1
forward	1
fortune	1
fortunate	1
fortress	1
forrard	1
form	1
forerunner	1
foreign	1
forefelt	1
fore	1
forced	1
forbs	1
forbes	1
for'the	1
foot	1
fools	1
folly	1
folds	1
fold	1
foire	1
foinest	1
foes	1
foe	1
flying	1
fluttering	1
flutter	1
flute	1
flung	1
floy	1
flowing	1
flowin	1
flowerets	1
flower	1
flowed	1
flourishes	1
floor	1
floods	1
flooding	1
flood	1
flocks	1
float	1
flittest	1
flights	1
flew	1
flesh	1
fled	1
flax	1
flat	1
flaming	1
flames	1
fixin	1
fixed	1
five	1
fitting	1
fitness	1
fitly	1
fishers	1
firstling	1
firs	1
firm	1
fires	1
fines	1
finding	1
finches	1
figure	1
fiery	1
fiercer	1
fie	1
feverish	1
fetched	1
fervid	1
fervent	1
ferns	1
fern	1
fence	1
felts	1
fellowship	1
feet	1
feelings	1
feeling	1
feeble	1
fee	1
feature	1
feathered	1
feat	1
feast	1
fears	1
favours	1
favourite	1
favouring	1
faults	1
farewells	1
farest	1
fares	1
fantasy	1
fanned	1
fanes	1
fanciful	1
faltering	1
fallen	1
fairer	1
fainted	1
fails	1
faggots	1
fading	1
faculty	1
fabric	1
ezactly	1
ezact	1
ezack	1
extremity	1
expressing	1
expressed	1
exposed	1
expires	1
expire	1
experiences	1
exhortation	1
exhausted	1
excuse	1
exchanged	1
exchange	1
examples	1
exactly	1
evils	1
evil	1
evidence	1
evermore	1
evelyn	1
europe	1
esteem	1
esq	1
esh	1
escapeth	1
escape	1
erskines	1
erskine	1
errors	1
error	1
ercildoune	1
eppidemics	1
envy	1
envoi	1
entrance	1
entoire	1
enticing	1
entice	1
enthral	1
enshrined	1
enrich	1
enlarging	1
enjoyed	1
enemies	1
ends	1
endowed	1
enchanted	1
empty	1
emptied	1
empire	1
emirs	1
elsewhere	1
elevation	1
elect	1
elders	1
eighty	1
egypt	1
egotistic	1
eggs	1
efforts	1
effort	1
effect	1
edzell	1
edition	1
edinburgh	1
edge	1
ed	1
echoes	1
echo	1
ebullient	1
eave	1
eastern	1
east	1
easing	1
ease	1
earts	1
earten	1
earns	1
eard	1
eap	1
eager	1
dwells	1
dwell	1
dust	1
durty	1
dunblane	1
dumb	1
dullness	1
duff	1
dubious	1
dual	1
drunkards	1
drum	1
drudge	1
drowsy	1
drops	1
dropping	1
droplets	1
drives	1
dressed	1
drear	1
dreamin	1
dream'st	1
dreadful	1
dread	1
drdme	1
dramatic	1
drains	1
drained	1
dozen	1
doy	1
downtrode	1
downfallen	1
dowers	1
dove	1
doubts	1
doubting	1
doubles	1
doors	1
doom	1
don	1
dog	1
doesn't	1
dizzy	1
divinest	1
divils	1
diversh	1
dive	1
distress	1
distinctly	1
distant	1
distance	1
dissuaded	1
disdain	1
discovery	1
discoursing	1
disarmed	1
dirty	1
directed	1
direct	1
dinna	1
dingy	1
dimly	1
different	1
difference	1
dick	1
dial	1
dews	1
devote	1
device	1
determined	1
detect	1
destiny	1
desprit	1
desiderated	1
deserted	1
descriptive	1
descriptions	1
derives	1
depths	1
dependence	1
denied	1
demme	1
dem	1
delusions	1
delights	1
delighting	1
delightful	1
delhi	1
delay	1
degree	1
deformed	1
defiled	1
defiance	1
deferred	1
defence	1
defeat	1
defamed	1
deepens	1
deepen	1
deems	1
deed	1
dedicatory	1
dedicate	1
decreed	1
decree	1
decoy	1
decline	1
declarin	1
declare	1
decks	1
december	1
debt	1
deathblow	1
dearer	1
deal	1
deadly	1
deadliest	1
de	1
dawn	1
dashes	1
darwin	1
darn	1
darkie	1
darkens	1
darkening	1
darken	1
darbysheer	1
dangers	1
dang	1
dagon	1
cyprian	1
cutting	1
cuts	1
cute	1
custom	1
curse	1
curling	1
curiously	1
curbs	1
cups	1
cupids	1
cudn	1
cud	1
cruellest	1
cruel	1
crowned	1
crowded	1
crossed	1
crops	1
cropped	1
crooks	1
crimson	1
crescent	1
creole	1
creepin	1
creel	1
creek	1
creature	1
creation	1
crawlin	1
crawl	1
cravings	1
crave	1
crack	1
courts	1
countenance	1
count	1
counsel	1
council	1
couldn't	1
cottage	1
cotched	1
core	1
cooms	1
cooler	1
convinced	1
converted	1
convene	1
control	1
contained	1
consumes	1
consumed	1
consent	1
conquered	1
conned	1
congress	1
confidence	1
confession	1
condensed	1
condemns	1
comrades	1
compass	1
companions	1
compact	1
comp'ny	1
communings	1
commissions	1
comment	1
coming	1
comforteth	1
comforted	1
column	1
colonna	1
colleges	1
collared	1
coldest	1
coarser	1
coarseness	1
clutch	1
clouds	1
cloudless	1
clothing	1
clothes	1
clothed	1
clothe	1
closing.hint	1
closing	1
closely	1
cloister	1
cloak	1
clipped	1
clings	1
cling	1
climate	1
cleave	1
clears	1
clearly	1
clearest	1
class	1
clasp	1
claimed	1
clad	1
civilizin	1
churchman	1
chrysalis	1
christians	1
christ	1
chose	1
choose	1
choicest	1
chivalry	1
chirping	1
chimneys	1
childlike	1
cherished	1
cherish	1
cheers	1
cheeks	1
chased	1
chart	1
charms	1
charged	1
charge	1
changed	1
chances	1
chaffinch	1
certainly	1
century	1
centred	1
cellars	1
cellar	1
celibate	1
ccxxvl	1
cawnpore	1
cautious	1
casts	1
castaway	1
cases	1
carven	1
carry	1
careless	1
carefully	1
careful	1
captured	1
capped	1
canst	1
cans	1
canny	1
cannes	1
calmly	1
calling	1
calklate	1
caine	1
buzzin	1
buzz	1
buy	1
butter	1
butlers	1
butler	1
bustle	1
burst	1
burning	1
burnin	1
burnett	1
burmar	1
burdon	1
burdens	1
buoy	1
bundle	1
bum	1
bullfinch	1
built	1
buds	1
bud	1
brutes	1
brushes	1
brush	1
brothers	1
broom	1
brooklet	1
brook	1
broadening	1
bringing	1
brightest	1
brigand	1
breeze	1
bred	1
brechin	1
breasted	1
breaks	1
breakin	1
breakfast	1
braves	1
bravery	1
brands	1
branches	1
branch	1
bowing	1
bower	1
bowed	1
bounty	1
bounteous	1
boundless	1
boundaries	1
boughs	1
bottom	1
bottle	1
borders	1
booze	1
books	1
bonnie	1
bones	1
bond	1
bolt	1
bolognese	1
boles	1
bolder	1
boilin	1
body	1
boats	1
blunted	1
blud	1
blown	1
blowed	1
blocks	1
blesses	1
blending	1
blazon	1
blast	1
blank	1
blameless	1
blackguard	1
blacker	1
blackcap	1
bitter	1
bits	1
bitin	1
bite	1
bishops	1
birth	1
birkenhead	1
birdseller	1
birdie	1
binch	1
billing	1
bill	1
bigot	1
bier	1
betokening	1
bethlehem	1
bet	1
bestows	1
bestow	1
bespoke	1
besides	1
bes	1
benison	1
benevolent	1
beloved	1
belated	1
bein	1
behoves	1
beheld	1
begin	1
beggar	1
beg	1
befalls	1
beetles	1
beef	1
beech	1
beds	1
bed	1
become	1
beck	1
became	1
beautify	1
beautiful	1
beating	1
beaten	1
bearest	1
beams	1
beam	1
battles	1
battlement	1
bathe	1
bat	1
bastions	1
barefoot	1
bards	1
barbers	1
banks	1
banished	1
banish	1
balmy	1
ballads	1
bait	1
bailey	1
bags	1
baffled	1
bade	1
azan	1
awoke	1
awks	1
awhile	1
awakes	1
awaked	1
avin	1
avhile	1
author	1
aurora	1
aunt	1
aught	1
attunings	1
attempt	1
attack	1
atoned	1
atone	1
atmosphere	1
assured	1
asserts	1
assailed	1
ashiestiel	1
ashes	1
ascent	1
ascend	1
arts	1
artistic	1
artist	1
arthur	1
arternoon	1
arrow	1
arrogate	1
arrayed	1
arose	1
armed	1
arm	1
aright	1
argentine	1
arduous	1
ardour	1
archie	1
arc	1
arab	1
aptest	1
appy	1
approve	1
appointed	1
applaud	1
appendage	1
apollo	1
apace	1
aouste	1
ants	1
anta	1
answering	1
anon	1
annuitant	1
annoy	1
angry	1
angels	1
angelo	1
angelico	1
anew	1
andrews	1
ance	1
amurrica	1
amplest	1
ample	1
amidst	1
america	1
amain	1
already	1
aloive	1
almost	1
allow	1
allan	1
allah	1
alder	1
alchemy	1
albeit	1
airs	1
aims	1
aim	1
ails	1
ail	1
aids	1
agreement	1
agony	1
ages	1
africa	1
aforetime	1
afore	1
afield	1
affliction	1
affect	1
aerial	1
advowson	1
adversity	1
adventures	1
adrift	1
adorned	1
adn't	1
admit	1
admirable	1
acquaintance	1
acknowledge	1
accord	1
accepted	1
abundance	1
absent	1
aboon	1
abode	1
abe	1
abb	1
^yorld	1
/.	1
..	1
.,	1
****#*	1
';	1
':	1
'!'	1
'!	1
!*	1
