,	1228
the	986
and	681
.	452
of	368
i	294
to	281
a	253
in	238
my	228
—	200
you	195
that	188
for	183
!	150
|'s|	133
all	128
was	126
is	122
:	118
they	116
not	114
?	114
have	111
"	109
with	107
we	103
;	102
her	99
from	99
are	98
me	97
where	96
shall	95
she	91
or	88
your	83
little	79
heart	78
there	72
it	71
when	70
be	70
on	66
as	64
who	63
but	63
old	62
world	61
love	61
what	60
our	60
|arabic2digit|	58
through	58
still	55
god	55
he	52
at	52
were	50
by	50
their	47
(	47
this	46
so	45
only	45
will	44
them	44
long	44
his	43
day	41
now	40
could	40
'	40
us	39
may	38
man	38
like	38
how	38
gold	38
go	38
no	37
life	36
down	36
wind	35
one	34
o	34
more	34
dead	34
light	33
feet	33
eyes	33
know	32
had	32
must	31
night	30
some	29
white	28
strong	28
should	28
out	28
men	28
made	28
let	28
far	28
can	28
|arabic3digit|	27
sun	27
soul	27
nor	27
song	26
oh	26
him	26
great	26
turn	25
till	25
these	25
hands	25
come	25
youth	24
yet	24
woman	24
if	24
do	24
things	23
said	23
rose	23
give	23
folk	23
earth	23
dark	23
an	23
!"	23
young	22
wild	22
never	22
hand	22
good	22
way	21
souls	21
over	21
lie	21
high	21
dream	21
time	20
once	20
has	20
green	20
gave	20
too	19
see	19
last	19
gone	19
follow	19
days	19
any	19
!)	19
years	18
tired	18
sleep	18
pain	18
lord	18
its	18
free	18
find	18
cry	18
country	18
again	18
would	17
mother	17
joy	17
heaven	17
heartbreak	17
forest	17
did	17
children	17
child	17
away	17
up	16
town	16
thought	16
then	16
take	16
sweet	16
since	16
fair	16
dreams	16
death	16
ye	15
women	15
winds	15
while	15
people	15
pass	15
moon	15
leaves	15
king	15
birds	15
ay	15
am	15
along	15
across	15
upon	14
than	14
say	14
saw	14
red	14
new	14
mirth	14
mine	14
laughter	14
here	14
hearts	14
golden	14
glad	14
fire	14
face	14
dusk	14
done	14
above	14
voice	13
true	13
swift	13
silver	13
sake	13
peace	13
knew	13
came	13
break	13
bird	13
been	13
."	13
)	13
wheels	12
thy	12
sky	12
singing	12
place	12
make	12
lovers	12
hair	12
evil	12
brothers	12
blind	12
against	12
wide	11
though	11
thou	11
thing	11
thee	11
sweetheart	11
speak	11
songs	11
sang	11
poor	11
own	11
lover	11
left	11
house	11
hour	11
hold	11
held	11
heard	11
gate	11
forgotten	11
fast	11
ere	11
die	11
blue	11
alone	11
wreath	10
ways	10
watch	10
very	10
unto	10
such	10
star	10
smile	10
sister	10
sing	10
seen	10
round	10
ones	10
known	10
keep	10
hill	10
friend	10
faces	10
end	10
care	10
call	10
broke	10
beyond	10
beside	10
back	10
ago	10
year	9
work	9
whose	9
went	9
water	9
those	9
strength	9
spring	9
silence	9
seek	9
sea	9
passed	9
other	9
nothing	9
morning	9
might	9
many	9
loving	9
loved	9
lass	9
into	9
home	9
grief	9
grey	9
going	9
gods	9
forgetful	9
flame	9
first	9
ever	9
each	9
door	9
does	9
city	9
christ	9
brown	9
beat	9
bear	9
air	9
ah	9
|arabic1digit|	8
words	8
word	8
woodland	8
within	8
wise	8
wings	8
wet	8
walls	8
trees	8
tread	8
today	8
stars	8
spinning	8
sorrow	8
shadow	8
set	8
saith	8
saint	8
past	8
need	8
lips	8
lest	8
laughing	8
just	8
hear	8
head	8
gay	8
fall	8
dust	8
dim	8
cried	8
close	8
brave	8
beneath	8
before	8
avilion	8
arthur	8
apart	8
angels	8
about	8
wood	7
without	7
wish	7
whisper	7
weary	7
war	7
wait	7
voices	7
twas	7
tell	7
swung	7
strange	7
smiled	7
shut	7
saints	7
ring	7
rest	7
rain	7
praise	7
path	7
passing	7
mary	7
low	7
locked	7
lives	7
live	7
lights	7
heavy	7
grass	7
given	7
girl	7
gift	7
foolish	7
followed	7
flower	7
fled	7
fields	7
fame	7
echo	7
dawn	7
clear	7
clean	7
clad	7
carnations	7
cannot	7
brother	7
breath	7
bound	7
...	7
whom	6
weave	6
warm	6
used	6
told	6
thoughts	6
think	6
tears	6
tear	6
swept	6
surely	6
stood	6
stand	6
soon	6
smiling	6
small	6
slow	6
sleepy	6
sleepeth	6
sad	6
rise	6
ride	6
perhaps	6
none	6
name	6
merry	6
memory	6
lost	6
land	6
hard	6
happy	6
half	6
guarded	6
greet	6
gown	6
gives	6
forget	6
field	6
feel	6
fear	6
dreamer	6
died	6
dear	6
dancing	6
cross	6
cloak	6
christmas	6
calling	6
bright	6
brief	6
born	6
black	6
beauty	6
battle	6
?"	6
),	6
yellow	5
woods	5
wonderful	5
weak	5
until	5
under	5
truth	5
track	5
thread	5
teresina	5
tale	5
taken	5
sword	5
sought	5
sorrows	5
son	5
singer	5
sight	5
sigh	5
seeking	5
perfect	5
off	5
morn	5
mock	5
mist	5
mind	5
lies	5
leaf	5
lad	5
knowing	5
kiss	5
kind	5
june	5
joys	5
jewelled	5
hearth	5
grave	5
grace	5
girls	5
friends	5
found	5
flying	5
fare	5
even	5
endless	5
dew	5
desire	5
deep	5
dance	5
cold	5
chain	5
burning	5
build	5
broken	5
blew	5
between	5
bent	5
art	5
another	5
always	5
after	5
yours	4
wrong	4
won	4
withered	4
wife	4
why	4
weep	4
wed	4
waves	4
wavering	4
wall	4
waking	4
wakened	4
waken	4
waiting	4
twisted	4
trample	4
torn	4
tonight	4
tongue	4
toiling	4
thousand	4
thick	4
sunset	4
stone	4
stay	4
spun	4
spin	4
sons	4
sobbing	4
smoke	4
slept	4
skies	4
silent	4
side	4
show	4
shining	4
sense	4
send	4
seems	4
sat	4
rulers	4
roads	4
right	4
quiet	4
purple	4
pure	4
prison	4
prayer	4
pleasant	4
play	4
pity	4
peasant	4
pause	4
part	4
painted	4
pace	4
open	4
neither	4
needs	4
near	4
much	4
mould	4
motherhood	4
mocking	4
maid	4
litany	4
lift	4
lay	4
lawn	4
lands	4
lake	4
laid	4
knows	4
knee	4
kings	4
kept	4
hush	4
hurt	4
horror	4
hope	4
holy	4
holds	4
hide	4
heed	4
guides	4
goes	4
glimmering	4
gifts	4
ghosts	4
france	4
footsteps	4
flesh	4
falling	4
every	4
empty	4
elder	4
echoes	4
drum	4
dolly	4
deeds	4
daughters	4
daughter	4
darkness	4
crying	4
crushed	4
cruel	4
crowned	4
crossed	4
cool	4
century	4
careless	4
bread	4
bore	4
bodies	4
blow	4
blood	4
bind	4
beggars	4
bed	4
asleep	4
around	4
among	4
afar	4
.)	4
worn	3
wonder	3
wistful	3
wished	3
wisdom	3
win	3
willed	3
whirling	3
weeping	3
weariness	3
wave	3
watching	3
wanderer	3
wandered	3
wander	3
walked	3
walk	3
vision	3
unknown	3
turns	3
truths	3
trod	3
tried	3
toward	3
touch	3
toss	3
toil	3
times	3
thrones	3
taught	3
sweets	3
sweep	3
sway	3
sure	3
sunny	3
sunlight	3
summer	3
suffering	3
streets	3
stray	3
straight	3
stories	3
starved	3
spirit	3
spark	3
sorrowings	3
soft	3
smooth	3
smiles	3
sit	3
sill	3
silken	3
sighing	3
short	3
shines	3
shine	3
shaped	3
shame	3
shaken	3
shadows	3
shade	3
sent	3
self	3
seed	3
scorn	3
scented	3
scarlet	3
same	3
ruthless	3
run	3
room	3
robes	3
roadways	3
road	3
river	3
restless	3
remembering	3
remember	3
raised	3
pulse	3
paused	3
paths	3
passions	3
passion	3
palace	3
noon	3
nigh	3
net	3
narrow	3
most	3
moment	3
merciful	3
maybe	3
matter	3
marching	3
lovely	3
lords	3
looked	3
loneliness	3
living	3
lines	3
lets	3
less	3
led	3
learn	3
laugh	3
late	3
lashing	3
lady	3
lace	3
knight	3
kissed	3
italy	3
intent	3
instant	3
hushed	3
hung	3
human	3
horn	3
honour	3
holding	3
hideously	3
hid	3
help	3
hearing	3
heap	3
guide	3
guarding	3
guard	3
grown	3
grow	3
grieved	3
grant	3
gracious	3
glow	3
gleam	3
freed	3
follows	3
fly	3
flung	3
flowing	3
flowered	3
floor	3
fleet	3
fife	3
fierce	3
faith	3
ending	3
enchanted	3
easy	3
ease	3
dull	3
drums	3
drugged	3
dreaming	3
dreamed	3
divine	3
darkened	3
curtain	3
curled	3
content	3
common	3
comforters	3
cling	3
clasp	3
chill	3
cheap	3
changeless	3
changed	3
chains	3
captive	3
cap	3
burned	3
builded	3
bugles	3
brought	3
breeze	3
breast	3
bow	3
bought	3
blowing	3
blithe	3
bleak	3
bells	3
behind	3
began	3
beckoning	3
bare	3
arms	3
aloud	3
?)	3
you're	2
yield	2
yea	2
write	2
woven	2
wove	2
wound	2
worth	2
working	2
worker	2
wore	2
winged	2
window	2
winding	2
whole	2
whither	2
whispering	2
whispered	2
whirl	2
which	2
wheat	2
wept	2
welcoming	2
wedding	2
weaving	2
wear	2
waving	2
waters	2
watched	2
wars	2
warped	2
warmth	2
wandering	2
wake	2
waits	2
wail	2
vines	2
veil	2
vault	2
useless	2
upward	2
uplift	2
understand	2
underneath	2
unchangingly	2
tyre	2
two	2
turned	2
triumph	2
tree	2
trampled	2
townland	2
towers	2
tomorrow	2
tis	2
throbs	2
thrillingly	2
thrilling	2
thorn	2
thine	2
thin	2
thank	2
tense	2
tasks	2
task	2
tangled	2
tall	2
taking	2
takes	2
swinging	2
swiftly	2
swifter	2
sunken	2
sultry	2
suddenly	2
strung	2
strove	2
strive	2
stripped	2
street	2
stream	2
stranger	2
stir	2
steps	2
steel	2
stealing	2
steady	2
state	2
starving	2
starry	2
spread	2
spoil	2
spindle	2
spells	2
speed	2
spear	2
speaks	2
span	2
sown	2
sowing	2
sound	2
sores	2
sore	2
something	2
snow	2
sleeping	2
slave	2
sins	2
sinning	2
sin	2
silks	2
silently	2
sign	2
sick	2
shutting	2
shuddering	2
shrine	2
shore	2
shone	2
sheltering	2
shelter	2
she'd	2
shattered	2
shamed	2
shalt	2
sewed	2
settlement	2
seeks	2
seas	2
search	2
seabirds	2
screen	2
school	2
scarce	2
sardis	2
sands	2
sand	2
rosy	2
rome	2
robin	2
robbed	2
rising	2
ringing	2
ringed	2
riding	2
riches	2
ribbon	2
rhyme	2
returning	2
return	2
rein	2
reeds	2
recompense	2
reap	2
ready	2
rays	2
ran	2
rainbow	2
quivering	2
questioning	2
pulsed	2
promises	2
prayers	2
prayed	2
portrait	2
poet	2
ploughing	2
playing	2
places	2
pitying	2
piled	2
pile	2
piercing	2
picture	2
pay	2
pavement	2
patient	2
pane	2
pageant	2
outside	2
outland	2
ours	2
obey	2
nought	2
note	2
noise	2
nod	2
noble	2
nights	2
neighbour	2
nearly	2
nay	2
music	2
murmur	2
move	2
morns	2
million	2
mill	2
mighty	2
michael	2
meshed	2
merriment	2
merrily	2
mercy	2
mate	2
mask	2
married	2
marred	2
making	2
maimed	2
mad	2
lyre	2
lust	2
loyal	2
loud	2
looms	2
loom	2
looks	2
look	2
lonely	2
lone	2
lived	2
listening	2
linger	2
lilies	2
lilac	2
lightest	2
lighted	2
lifting	2
lifted	2
lifeless	2
lids	2
length	2
leap	2
laurel	2
laughed	2
lash	2
languidly	2
lamps	2
labour	2
knelt	2
kindly	2
killing	2
kill	2
keen	2
joyous	2
jewel	2
jesus	2
it's	2
io	2
innocent	2
immortal	2
hurts	2
hurrying	2
hunting	2
housekeeper	2
hound	2
hot	2
hoping	2
hopes	2
hopeless	2
hoped	2
hood	2
hills	2
highway	2
hiding	2
hers	2
heroes	2
hem	2
heat	2
hearten	2
heads	2
hath	2
hated	2
hate	2
hastened	2
hasten	2
hast	2
happiness	2
guards	2
ground	2
grievous	2
grieving	2
grieve	2
grain	2
grail	2
glories	2
gloom	2
glass	2
girdlestead	2
gentleness	2
gentle	2
gates	2
gain	2
full	2
frightened	2
fresh	2
freedom	2
frame	2
forth	2
forgot	2
forgiven	2
foot	2
fools	2
follower	2
flutes	2
flute	2
flushed	2
flowers	2
flood	2
flew	2
fires	2
filled	2
few	2
fathers	2
fashioned	2
fashion	2
fallen	2
fairy	2
fain	2
faded	2
factories	2
eyeless	2
eternal	2
estray	2
enough	2
ends	2
endlessly	2
else	2
ecstasy	2
eastern	2
ears	2
eager	2
dying	2
dusky	2
drooping	2
drenching	2
drawn	2
doubt	2
doll	2
doing	2
diadem	2
despair	2
desired	2
deeper	2
deaf	2
dared	2
dare	2
curls	2
cup	2
cryings	2
crucifix	2
crown	2
crouched	2
cries	2
creeping	2
creeds	2
crash	2
corner	2
cooed	2
comrade	2
complacent	2
command	2
comforting	2
comfort	2
coin	2
coffin	2
clutched	2
clutch	2
clung	2
clinging	2
cities	2
circling	2
circled	2
childish	2
cheerful	2
cheered	2
chair	2
causes	2
catherine	2
carry	2
carol	2
cares	2
calls	2
called	2
burn	2
buried	2
burial	2
built	2
buds	2
brushed	2
bring	2
bred	2
breathless	2
breaking	2
branches	2
brain	2
boughs	2
both	2
borderlands	2
body	2
blows	2
blown	2
blinding	2
blinded	2
bitter	2
birth	2
bend	2
below	2
belong	2
befall	2
because	2
ballad	2
bade	2
babylon	2
astray	2
asked	2
aright	2
anew	2
although	2
aglow	2
adored	2
).	2
("	2
•	1
|arabic5+digit|	1
zvas	1
yourselves	1
your.grace	1
you'd	1
yoke	1
wrongs	1
wrongly	1
wried	1
wreaths	1
wreathed	1
wrap	1
worshipful	1
worship	1
wonted	1
wonderment	1
wonderlands	1
wondering	1
wonderhood	1
wondered	1
woke	1
wither	1
witch	1
winter	1
winning	1
wing	1
wilt	1
willows	1
wildfoot	1
wildered	1
widely	1
whistling	1
whistled	1
whistle	1
whisperings	1
whirled	1
whim	1
whence	1
whelm	1
wheeling	1
wheel	1
whatever	1
west	1
well	1
welcome	1
weighted	1
weight	1
weighs	1
weighing	1
weighed	1
weigh	1
weeds	1
wedded	1
weavers	1
weather	1
wearily	1
wearies	1
wearied	1
wealth	1
waxed	1
wavers	1
watches	1
watcher	1
washing	1
warp	1
ward	1
wanted	1
want	1
wands	1
wanderings	1
waketh	1
wakes	1
waited	1
waist	1
wage	1
wading	1
vultures	1
vivien	1
visions	1
visioning	1
virtues	1
viols	1
violin	1
violets	1
vineyard	1
vigil	1
vestal	1
velvet	1
veils	1
vast	1
vapours	1
vanished	1
valhalla	1
valentine	1
vacant	1
upraised	1
uplands	1
upbuildings	1
unworthy	1
unwon	1
unwise	1
unwilling	1
unwept	1
unvisioned	1
unused	1
untrue	1
untaught	1
unsweetened	1
unstrung	1
unseen	1
unsealed	1
unresting	1
unknowingly	1
unknowing	1
unhurried	1
unhumanized	1
unhoping	1
unhelped	1
unheeding	1
unguessed	1
ungarnered	1
unfurled	1
unfolding	1
unfold	1
unending	1
undid	1
undesired	1
unchanging	1
unceasing	1
unborn	1
unbelievably	1
unbegun	1
unafraid	1
twixt	1
twists	1
twined	1
twilit	1
twilight	1
twelve	1
twain	1
turquoise	1
turnings	1
turning	1
tumbled	1
tryst	1
trumpet	1
troubled	1
troopers	1
trinket	1
tresses	1
trapped	1
trap	1
tramping	1
trails	1
trading	1
toys	1
towered	1
tower	1
tourney	1
touched	1
tossing	1
tortured	1
tormented	1
torment	1
torch	1
tool	1
took	1
tones	1
tomb	1
tolled	1
toll	1
token	1
toiled	1
together	1
tithes	1
tiny	1
tingling	1
timeless	1
tigress	1
tightly	1
ties	1
tide	1
thwarted	1
thunderings	1
thundered	1
thunder	1
thrust	1
thrown	1
throughout	1
throned	1
throne	1
throat	1
thrills	1
thrilled	1
threw	1
three	1
thrall	1
thoughted	1
thorny	1
thickets	1
thickened	1
themselves	1
theirs	1
thanks	1
thanked	1
terribly	1
temples	1
teach	1
tawdry	1
tapestry	1
tapestries	1
tangling	1
tanged	1
swirl	1
swings	1
swing	1
swelling	1
sweeps	1
sweeping	1
swaying	1
swathed	1
swarming	1
sunshine	1
sunsetting	1
sung	1
sullen	1
suffragist	1
suffers	1
suffered	1
succouring	1
stunted	1
struggling	1
struck	1
stroking	1
strokes	1
strode	1
strifes	1
strife	1
strident	1
stricken	1
stretched	1
strangers	1
strained	1
strain	1
straightened	1
storm	1
store	1
stoops	1
stooped	1
stirs	1
stirring	1
stirred	1
stint	1
stilly	1
stilling	1
stilled	1
stiffened	1
steppingstone	1
step	1
steerage	1
steep	1
steadily	1
stays	1
staying	1
statue	1
stately	1
start	1
stark	1
staring	1
stare	1
stands	1
stall	1
stained	1
st	1
square	1
spur	1
spray	1
spotted	1
spot	1
spoken	1
spoke	1
spoils	1
spoiled	1
spirits	1
spikenard	1
spicy	1
sphinx	1
sped	1
spears	1
speaking	1
sparrows	1
spanning	1
spaceless	1
space	1
sow	1
sovereignties	1
sounds	1
sorrowing	1
soothe	1
sooth	1
sooner	1
somewhere	1
solitude	1
soldiers	1
sold	1
soiled	1
soil	1
softly	1
sod	1
sobs	1
sobbed	1
soared	1
snapped	1
smoothed	1
smell	1
smart	1
slumberers	1
slips	1
slipping	1
slip	1
slim	1
slid	1
slender	1
slaying	1
slaughterings	1
skulls	1
skirted	1
skeins	1
sits	1
sisters	1
sinned	1
sinking	1
sinister	1
sings	1
sincere	1
simpler	1
silk	1
signs	1
signal	1
sighed	1
siege	1
sickroom	1
shyest	1
shuttles	1
shudders	1
shuddered	1
shroud	1
shrilly	1
shrilled	1
shrill	1
shoulder	1
shoon	1
shoes	1
shock	1
shivering	1
sherwood	1
shelterless	1
sheep	1
sharp	1
share	1
shape	1
shaking	1
shadowy	1
seventeen	1
settling	1
sets	1
servitude	1
serving	1
serf	1
seraphim	1
separation	1
sentiment	1
sell	1
selfish	1
seize	1
seemed	1
seem	1
seeing	1
sedges	1
secluding	1
seat	1
scrupulous	1
screaming	1
screamed	1
scream	1
scourged	1
scourge	1
score	1
schemes	1
scents	1
scent	1
scatheless	1
scarcely	1
scamper	1
says	1
saying	1
saviour	1
save	1
satins	1
satin	1
sandaled	1
sails	1
sailing	1
sail	1
saffron	1
safe	1
runs	1
running	1
rows	1
rough	1
rot	1
roses	1
rolled	1
roistering	1
rode	1
rod	1
robert	1
robe	1
roam	1
roadway	1
rippled	1
ripple	1
rings	1
rills	1
rifted	1
ribbons	1
rheims	1
returned	1
repentances	1
remembrance	1
remembered	1
remaineth	1
relentings	1
regret	1
reddening	1
reconciled	1
recollect	1
reckoning	1
recall	1
rebuking	1
reared	1
reality	1
real	1
reach	1
ravished	1
rapturous	1
raptured	1
raphael	1
ranges	1
ranged	1
rang	1
rambling	1
raise'the	1
rags	1
radiance	1
racing	1
quivers	1
quivered	1
quest	1
quarrel	1
put	1
purity	1
purer	1
puny	1
pulsing	1
pulses	1
pull	1
public-spirited	1
prove	1
proof	1
prone	1
promisers	1
profitable	1
priest	1
pride	1
pressing	1
pressed	1
pray	1
praising	1
praised	1
power	1
postured	1
possessed	1
portal	1
porch	1
poignant	1
poems	1
plod	1
pleasure	1
please	1
pleasantness	1
pleaded	1
plead	1
playthings	1
plato	1
planning	1
planned	1
planets	1
plain	1
placid	1
pitiful	1
pit	1
pinnace	1
pin	1
piercingly	1
picturings	1
petals	1
petalled	1
pestilence	1
pert	1
personal	1
perished	1
perfumings	1
perfuming	1
perfumed	1
perfectly	1
peoples	1
penned	1
pelleas	1
peering	1
peer	1
peasants	1
pearl	1
pays	1
paving	1
paven	1
pave	1
paul	1
pathway	1
passionflower	1
passionate	1
parted	1
pardon	1
paradise	1
palpitant	1
palms	1
palliate	1
pale	1
palaces	1
paced	1
oxen	1
overhead	1
overflow	1
oval	1
outreached	1
outpost	1
outleaping	1
ought	1
ordered	1
oppressed	1
opened	1
opal	1
olive	1
older	1
ocean	1
oak	1
nuts	1
nowhere	1
nots	1
notes	1
nodded	1
nobler	1
nimue	1
nighttime	1
nightland	1
news	1
neglected	1
needing	1
nazareth	1
nations	1
nation	1
natal	1
named	1
naked	1
nailed	1
na	1
mute	1
musk	1
murmured	1
murderers	1
muddied	1
moves	1
moveless	1
mouths	1
mournfulness	1
mourned	1
mourn	1
moulded	1
mothers	1
mossy	1
moss	1
morrow	1
morality	1
moor	1
moonrays	1
moonlight	1
mood	1
monotony	1
modern	1
mocked	1
moaned	1
moan	1
mirrors	1
mirage	1
minsters	1
ministry	1
minds	1
millions	1
mild	1
mightiness	1
mid	1
met	1
message	1
merlin	1
merciless	1
mercies	1
memoried	1
measuredly	1
mean	1
meadows	1
meadowlands	1
maying	1
maxwellton	1
mating	1
master	1
massing	1
masked	1
martyr	1
marsh	1
marrying	1
marketplace	1
marketable	1
marked	1
mark	1
margaret	1
march	1
mar	1
manger	1
manet	1
makers	1
mail	1
maids	1
maidenhood	1
maiden	1
magical	1
magic	1
maddened	1
lyres	1
lying	1
luring	1
loveliness	1
loss	1
loosen	1
loose	1
longed	1
london	1
locks	1
locking	1
load	1
lo	1
lizards	1
lit	1
listen	1
linked	1
lingered	1
line	1
lincoln	1
limped	1
lightless	1
lighting	1
lightheart	1
lighter	1
lifts	1
lied	1
leisure	1
leaving	1
learns	1
learned	1
leaps	1
leaping	1
leaning	1
leads	1
leading	1
lead	1
laws	1
lawns	1
law	1
laurie	1
lashed	1
lanes	1
lane	1
lancers	1
lance	1
lamp	1
lamenting	1
lain	1
lags	1
lagging	1
lads	1
ladies	1
laden	1
laces	1
labourer	1
laboured	1
knowledge	1
knotted	1
knot	1
knights	1
knife	1
kneel	1
kisses	1
kindle	1
killed	1
key	1
keeps	1
juliet	1
judge	1
joyful	1
jewellery	1
jeanne	1
ivory	1
itself	1
ito	1
ithe	1
intolerable	1
intensely	1
instincts	1
inner	1
ingrates	1
ing	1
infinitely	1
indeed	1
indecencies	1
imprisoned	1
impassioned	1
immemorially	1
image	1
ill	1
ignorance	1
idolatry	1
idle	1
i've	1
i'm	1
hushing	1
husband	1
hurled	1
hungry	1
hungering	1
hungered	1
hunger	1
hundred	1
hum	1
horses	1
horrors	1
horrid	1
horrible	1
hopelessly	1
hollow	1
higher	1
hideous	1
herself	1
herded	1
hence	1
hellas	1
hedgerows	1
heaviness	1
heaviest	1
heather	1
heartsease	1
hearths	1
heartening	1
hears	1
hearkened	1
heaps	1
heaped	1
hastens	1
haste	1
harvests	1
harvest	1
harried	1
harps	1
harm	1
hark	1
hanging	1
handful	1
handfast	1
halted	1
haloed	1
haired	1
gyve	1
guns	1
gulf	1
guise	1
guess	1
guerdoned	1
guardian	1
growing	1
grouped	1
grinding	1
grew	1
greek	1
greed	1
graves	1
granny	1
grandmother	1
grand	1
graciously	1
gossip	1
golding	1
goddess	1
gnomes	1
glowed	1
glory	1
glinting	1
gleaming	1
gleamed	1
gladness	1
girlhood	1
ghost	1
gently	1
gentlefolk	1
gems	1
gathered	1
garnished	1
garlands	1
garlanded	1
game	1
galloped	1
galling	1
galilee	1
gales	1
future	1
fused	1
furrows	1
fur	1
fulfilment	1
fulfilled	1
fuel	1
frowned	1
fronds	1
frock	1
friendly	1
friended	1
friar	1
freeman	1
francis	1
framed	1
fox	1
fountain	1
fought	1
forward	1
fortress	1
forsworn	1
forsakes	1
forsaken	1
forgets	1
forevermore	1
forever	1
fora	1
food	1
fold	1
flown	1
flowering	1
flow	1
flinging	1
fling	1
flicker	1
flaunting	1
flatter	1
flashingly	1
flashing	1
flashed	1
flapping	1
flaming	1
flames	1
flamed	1
flags	1
flag	1
five	1
firm	1
firing	1
firelight	1
fins	1
fingered	1
finer	1
fine	1
filmy	1
filmed	1
fillet	1
fill	1
fighting	1
fighters	1
fight	1
feverish	1
fevered	1
fetter	1
fellowship	1
feels	1
feelings	1
feeling	1
feeds	1
fee	1
feathers	1
feather	1
fears	1
fearing	1
fearful	1
feared	1
fay	1
fawn	1
fatherland	1
father	1
fate	1
farewell	1
fanned	1
falls	1
fallow	1
fairylands	1
fairnesses	1
fairer	1
faintly	1
faint	1
failing	1
fading	1
fade	1
eyelids	1
eyelash	1
eyed	1
eyeballs	1
eye	1
exile	1
exchange	1
evilly	1
everywhere	1
everything	1
evermore	1
eve	1
errant	1
enveiled	1
entreating	1
enthroned	1
ensnared	1
ensnare	1
enfortressed	1
endure	1
encompasses	1
enclosed	1
encircling	1
enchantments	1
elemental	1
elbow	1
either	1
egg	1
edge	1
ector	1
eclipse	1
echoless	1
echoings	1
echoing	1
eat	1
east	1
earthly	1
earned	1
early	1
ear	1
dyings	1
dwelled	1
dwell	1
dwarfed	1
duty	1
dusty	1
dun	1
dumb	1
dully	1
dry	1
drunken	1
drug	1
drudge	1
drowsy	1
drowsing	1
drowsily	1
drops	1
dropped	1
dresses	1
dress	1
dread	1
draw	1
drags	1
drag	1
drafted	1
dower	1
doves	1
dove	1
doting	1
doomed	1
doom	1
distress	1
distaff	1
discredited	1
discovers	1
dips	1
dipping	1
dies	1
dews	1
destroy	1
destiny	1
desolate	1
delights	1
delight	1
delaying	1
degrees	1
deer	1
decked	1
deck	1
deception	1
decay	1
debts	1
deal	1
dazzled	1
daytime	1
daylight	1
dawning	1
dash	1
darkening	1
dancers	1
daisy	1
daisies	1
daintily	1
daily	1
cyprian	1
cushion	1
curve	1
curtseying	1
curly	1
crystal	1
crushing	1
crush	1
crumbling	1
cruelty	1
crownings	1
crowning	1
crowds	1
crowding	1
crowded	1
crowd	1
crouching	1
crouch	1
crosses	1
crooned	1
crippled	1
crest	1
crept	1
creator	1
crave	1
crashes	1
cradle	1
cowered	1
cowed	1
covered	1
cover	1
courtship	1
courting	1
courtesy	1
courses	1
countryman	1
count	1
counselling	1
cost	1
core	1
continents	1
constantine	1
conscience	1
conquers	1
conquerors	1
conquered	1
conquer	1
concrete	1
complexities	1
complainings	1
complacently	1
coming	1
comforts	1
comforter	1
cometh	1
comes	1
coiling	1
coat	1
cluster	1
clover	1
clouds	1
cloud	1
clothes	1
cloth	1
closing	1
clods	1
clod	1
climb	1
cleared	1
cleansing	1
cleansed	1
clay	1
clatter	1
claspings	1
claim	1
circumscribes	1
churchyard	1
choose	1
choice	1
childhood	1
cheery	1
cheerily	1
cheek	1
checked	1
chanting	1
changeful	1
change	1
challenging	1
challenge	1
chainless	1
chained	1
certainties	1
certain	1
censers	1
cells	1
cell	1
ceaseless	1
cave	1
cattle	1
casque	1
carven	1
caressing	1
carelessness	1
captains	1
candlelight	1
cafe	1
buy	1
butterflies	1
burns	1
burdens	1
burden	1
bugle	1
buddha	1
buckler	1
brutes	1
brute	1
brutal	1
brushing	1
browning	1
brow	1
brotherly	1
brothered	1
broom	1
broad	1
brings	1
brightly	1
brighter	1
briers	1
bridle	1
bridge	1
bribe	1
breed	1
breathing	1
breathed	1
breathe	1
breakers	1
brazen	1
brand	1
braids	1
braes	1
bracelets	1
boys	1
boy	1
bowed	1
bough	1
border	1
boon	1
bonny	1
bonnie	1
bones	1
bone	1
bondage	1
bold	1
board	1
blundered	1
blithely	1
bless	1
bleeding	1
blazed	1
blast	1
blade	1
blackness	1
blacker	1
blackened	1
bitterly	1
birthday	1
bide	1
bidding	1
bidden	1
bid	1
bewildered	1
betwixt	1
better	1
berry	1
bends	1
believe	1
being	1
begin	1
begging	1
beggar	1
befell	1
befalling	1
bedivere	1
beats	1
bearing	1
battles	1
bars	1
barbarian	1
bar	1
banner	1
bands	1
backward	1
baby	1
babies	1
babes	1
azure	1
aye	1
awhile	1
awaking	1
awake	1
aureoles	1
attracted	1
attain	1
atoned	1
atone	1
assyria	1
ass	1
asphodel	1
ask	1
ashine	1
ash	1
ascension	1
ascalon	1
arow	1
armed	1
ardent	1
aquiver	1
appraise	1
apple	1
anywhere	1
anything	1
answers	1
answered	1
answer	1
annie	1
anklet	1
anger	1
alive	1
alight	1
alarms	1
airs	1
agony	1
agonies	1
aghast	1
agape	1
adventure	1
aching	1
aches	1
accustomed	1
abbeys	1
?")	1
8ance	1
/	1
-	1
('	1
")	1
