,	4909
the	2258
and	1662
.	1019
a	917
in	809
;	777
of	750
to	710
his	542
as	468
that	440
'	405
he	381
on	338
—	337
with	314
from	291
her	262
but	259
i	254
when	249
was	236
not	233
at	232
for	216
it	210
all	209
!	206
they	205
by	199
their	182
where	171
is	166
now	165
who	164
there	164
had	162
so	148
or	146
an	135
we	132
|'s|	124
thou	122
were	121
she	119
like	118
long	115
many	114
be	114
him	112
yet	109
?	105
through	103
then	103
my	101
thy	100
day	99
what	95
up	93
one	93
|arabic3digit|	92
)	92
(	92
some	87
no	86
came	86
are	83
them	81
if	81
its	76
still	74
those	71
once	71
though	69
thee	69
old	69
among	69
such	68
nor	68
me	68
would	65
over	65
round	63
hour	62
more	60
down	59
life	58
last	58
night	57
this	56
while	55
tis	55
every	55
•	54
none	53
ere	53
here	52
forth	52
|arabic2digit|	51
twas	51
have	51
.'	51
before	50
*	50
went	49
how	49
great	48
f	48
time	47
sea	47
most	47
each	47
well	46
may	45
heart	45
ever	45
again	44
soon	43
oft	41
only	40
left	40
than	39
has	39
come	39
stood	38
seen	38
men	38
could	38
along	38
our	37
!'	37
young	36
world	36
will	36
place	36
out	36
far	36
gone	35
first	35
did	35
us	34
things	34
sun	34
man	34
let	34
lay	34
love	33
lost	33
little	33
voice	32
till	32
might	32
met	32
light	32
eyes	32
comes	32
age	32
two	31
full	31
"	31
whose	30
which	30
heard	30
hand	30
half	30
away	30
within	29
saw	29
nothing	29
look	29
house	29
go	29
death	28
wild	27
venice	27
said	27
rest	27
much	27
length	27
into	27
heaven	27
years	26
say	26
sat	26
fell	26
can	26
upon	25
save	25
himself	25
city	25
ancient	25
way	24
should	24
just	24
foot	24
door	24
alas	24
side	23
led	23
earth	23
dead	23
art	23
another	23
turned	22
stone	22
small	22
sleep	22
silent	22
sacred	22
never	22
looked	22
lived	22
land	22
home	22
blood	22
thought	21
less	21
done	21
do	21
been	21
very	20
these	20
path	20
name	20
must	20
father	20
face	20
cried	20
beneath	20
below	20
after	20
:	20
whence	19
step	19
stand	19
rose	19
rich	19
own	19
mind	19
hands	19
fear	19
?'	19
year	18
work	18
told	18
thus	18
three	18
soul	18
song	18
pleasure	18
passed	18
near	18
joy	18
gold	18
found	18
fast	18
changed	18
alone	18
youth	17
waters	17
walls	17
thousand	17
shore	17
shall	17
rock	17
noble	17
nature	17
know	17
ground	17
gave	17
fair	17
drew	17
distant	17
die	17
turn	16
sweet	16
strange	16
st	16
spirit	16
sky	16
peace	16
lo	16
head	16
grey	16
green	16
grave	16
eye	16
without	15
white	15
wander	15
thine	15
tale	15
sung	15
set	15
see	15
rising	15
past	15
narrow	15
loved	15
lake	15
itself	15
hung	15
holy	15
hast	15
golden	15
gentle	15
gate	15
flowers	15
ear	15
dream	15
called	15
broke	15
air	15
|romannumeral|	14
wall	14
under	14
sought	14
sitting	14
sit	14
rome	14
read	14
off	14
mother	14
longer	14
live	14
hours	14
held	14
fled	14
few	14
feet	14
entered	14
delight	14
days	14
cry	14
cross	14
cannot	14
bright	14
born	14
am	14
war	13
wandering	13
turning	13
temple	13
spoke	13
son	13
roof	13
perhaps	13
other	13
mountain	13
mine	13
mark	13
marble	13
least	13
j	13
groves	13
grief	13
followed	13
fire	13
deep	13
clad	13
church	13
beauty	13
back	13
('	13
!"	13
you	12
wilt	12
verse	12
unseen	12
underneath	12
track	12
tower	12
themselves	12
strength	12
stir	12
slowly	12
singing	12
silence	12
sigh	12
short	12
ray	12
power	12
open	12
nearer	12
moon	12
mighty	12
looks	12
hill	12
grove	12
glory	12
florence	12
fall	12
even	12
eve	12
darkness	12
coming	12
cliff	12
children	12
child	12
cheek	12
chamber	12
black	12
beyond	12
behind	12
ah	12
|arabic1digit|	11
ye	11
worn	11
whom	11
truth	11
tongue	11
tomb	11
theirs	11
tears	11
spring	11
splendour	11
smile	11
slept	11
secret	11
noblest	11
morning	11
learned	11
lady	11
knew	11
indeed	11
hear	11
grew	11
glorious	11
gift	11
entering	11
else	11
dying	11
died	11
cloak	11
caught	11
awhile	11
appeared	11
woods	10
why	10
wealth	10
wave	10
virtue	10
twice	10
strike	10
street	10
state	10
star	10
spot	10
solemn	10
since	10
serve	10
seat	10
sail	10
ran	10
prayer	10
people	10
part	10
others	10
oh	10
note	10
noon	10
nightly	10
nations	10
meet	10
make	10
living	10
lips	10
known	10
hundred	10
herself	10
having	10
hadst	10
give	10
gay	10
forgot	10
filling	10
fatal	10
evil	10
doge	10
divine	10
dawn	10
dark	10
clouds	10
clime	10
change	10
broad	10
boy	10
better	10
arms	10
amid	10
ages	10
above	10
?)	10
your	9
wrought	9
worse	9
wont	9
wert	9
waves	9
veil	9
turns	9
traveller	9
too	9
thrown	9
think	9
stopped	9
staff	9
spell	9
speak	9
south	9
snow	9
sleeps	9
silver	9
sight	9
ship	9
sent	9
scene	9
same	9
rise	9
return	9
region	9
race	9
pleased	9
often	9
myself	9
mountains	9
morn	9
mid	9
methinks	9
lying	9
innocent	9
ice	9
high	9
hence	9
happy	9
glittering	9
genoa	9
generous	9
east	9
dwelled	9
dungeon	9
course	9
cloud	9
close	9
clear	9
brow	9
breathed	9
bore	9
boat	9
birth	9
beside	9
ample	9
almost	9
wouldst	8
wondrous	8
withdrew	8
wear	8
visible	8
vain	8
upward	8
trees	8
threw	8
temples	8
tell	8
summer	8
struck	8
streets	8
stranger	8
story	8
sons	8
something	8
shadows	8
setting	8
right	8
received	8
poured	8
pomp	8
pilgrim	8
palaces	8
palace	8
oar	8
new	8
moved	8
marcolini	8
low	8
lest	8
leave	8
learn	8
hills	8
hangs	8
greatest	8
good	8
gazing	8
gazed	8
gathering	8
gates	8
four	8
floor	8
flood	8
flight	8
filled	8
felt	8
fallen	8
everywhere	8
enter	8
drawn	8
descending	8
deck	8
danger	8
crowd	8
crossed	8
court	8
call	8
built	8
both	8
blessed	8
bell	8
ask	8
arrived	8
array	8
arch	8
words	7
wood	7
winding	7
wife	7
water	7
watch	7
want	7
wandered	7
walk	7
village	7
venerable	7
various	7
vale	7
twelve	7
travelled	7
train	7
surely	7
spirits	7
slow	7
slain	7
six	7
sits	7
shoulder	7
shone	7
served	7
search	7
saying	7
sad	7
rolled	7
remained	7
reflecting	7
precious	7
poor	7
poet	7
onward	7
native	7
mule	7
midst	7
midnight	7
methought	7
master	7
made	7
lovely	7
loose	7
lonely	7
laden	7
kings	7
journey	7
italy	7
invisible	7
instantly	7
idle	7
human	7
hope	7
hark	7
hair	7
guilt	7
grown	7
grass	7
god	7
glowing	7
glimmering	7
glades	7
given	7
genius	7
fresh	7
foscari	7
forms	7
forget	7
flung	7
five	7
fits	7
fields	7
field	7
fare	7
fame	7
fairy	7
enough	7
earliest	7
dropped	7
dazzling	7
curtain	7
crown	7
covered	7
closed	7
chapel	7
catch	7
burst	7
burning	7
brother	7
broken	7
brave	7
blue	7
between	7
best	7
beautiful	7
awful	7
asked	7
approached	7
alike	7
against	7
act	7
."	7
-	7
',	7
wretched	6
winds	6
wind	6
wept	6
weary	6
watched	6
visit	6
virgin	6
vault	6
utmost	6
uncouth	6
tread	6
torrent	6
tomorrow	6
together	6
threshold	6
terrible	6
subtle	6
strangers	6
strain	6
steps	6
steel	6
sport	6
slung	6
sleeping	6
slave	6
shepherd	6
scorn	6
scenes	6
scattering	6
says	6
runs	6
rugged	6
rude	6
rough	6
river	6
rite	6
richest	6
receive	6
pure	6
pride	6
prey	6
port	6
play	6
pile	6
petrarch	6
peasant	6
parting	6
ocean	6
observed	6
o	6
nuptial	6
neck	6
named	6
music	6
moving	6
monstrous	6
mirth	6
mingling	6
mingled	6
luigi	6
lives	6
limb	6
leaving	6
league	6
leading	6
laugh	6
lamp	6
laid	6
la	6
knowledge	6
judgement	6
hate	6
halfway	6
guest	6
grateful	6
grace	6
glimmered	6
gliding	6
glass	6
gaze	6
fro	6
foreign	6
footsteps	6
fling	6
flew	6
feast	6
farewell	6
family	6
falling	6
echo	6
early	6
duly	6
ducal	6
drink	6
dragged	6
displayed	6
di	6
destined	6
despair	6
descent	6
daughter	6
dangerous	6
couldst	6
cosmo	6
cold	6
chair	6
ceased	6
cabin	6
bridal	6
breathing	6
break	6
board	6
blind	6
bidding	6
beheld	6
aught	6
always	6
alps	6
aloud	6
ago	6
wrapped	5
worth	5
works	5
word	5
won	5
wolf	5
withdrawn	5
wish	5
winter	5
wings	5
window	5
willing	5
wide	5
whatever	5
west	5
welcome	5
weeping	5
weeds	5
wan	5
vines	5
verdure	5
vast	5
vanished	5
unknown	5
universal	5
tree	5
travel	5
today	5
thunder	5
thoughts	5
swift	5
sure	5
sudden	5
starting	5
stars	5
stage	5
spare	5
sooner	5
slumbers	5
slumber	5
sire	5
shut	5
shout	5
ships	5
shining	5
shape	5
shade	5
serving	5
seldom	5
seemed	5
seas	5
scattered	5
savage	5
roll	5
road	5
ring	5
reverend	5
returning	5
replied	5
remember	5
reigned	5
red	5
recalled	5
recall	5
purple	5
prow	5
plough	5
pleasant	5
playing	5
passing	5
parents	5
ours	5
noise	5
nobler	5
mouldering	5
mirror	5
merchant	5
merchandise	5
majestic	5
loves	5
lose	5
looking	5
listening	5
line	5
lights	5
lies	5
lesson	5
leaves	5
laws	5
lark	5
knows	5
knelt	5
knees	5
iron	5
influence	5
hushed	5
host	5
hospital	5
horse	5
honour	5
hearts	5
gulf	5
guard	5
grandeur	5
glimpse	5
glade	5
gathered	5
gardens	5
funeral	5
fruits	5
free	5
francesco	5
fountain	5
forgotten	5
flame	5
festival	5
festal	5
fathers	5
faint	5
exclaimed	5
envy	5
elements	5
elder	5
echoes	5
eagle	5
dwells	5
dwell	5
dust	5
dusk	5
drops	5
dreary	5
doubt	5
does	5
dismal	5
dale	5
dagger	5
custom	5
cup	5
cruel	5
crowded	5
crime	5
country	5
converse	5
climbed	5
charm	5
chain	5
careless	5
calm	5
busy	5
burden	5
bring	5
bridge	5
brides	5
breathe	5
breast	5
bread	5
bound	5
bologna	5
blew	5
blaze	5
bells	5
become	5
became	5
bearing	5
battle	5
bark	5
band	5
bade	5
babe	5
axe	5
armed	5
any	5
angelo	5
amalfi	5
aloft	5
alighted	5
aged	5
written	4
wonder	4
wise	4
winning	4
wing	4
wine	4
windows	4
whither	4
wherever	4
whenever	4
wheel	4
waving	4
waking	4
waiting	4
voices	4
vision	4
virgil	4
vesture	4
vengeance	4
venetian	4
vapour	4
valley	4
uttered	4
urged	4
unheard	4
trodden	4
transport	4
towers	4
top	4
tide	4
throne	4
thrice	4
thing	4
terror	4
tasso	4
task	4
take	4
sword	4
surface	4
sunshine	4
suddenly	4
subdued	4
stream	4
stirring	4
stirred	4
statue	4
starts	4
stands	4
standing	4
stairs	4
spoil	4
spectacle	4
sounds	4
sorrow	4
songs	4
sober	4
smiles	4
sister	4
sing	4
silently	4
sighs	4
shrink	4
shot	4
shines	4
shield	4
sheltered	4
shapes	4
shadow	4
service	4
sentence	4
sense	4
self	4
school	4
sailing	4
sailed	4
sadness	4
sacrifice	4
rush	4
rusconi	4
run	4
roused	4
roman	4
rocked	4
ridge	4
richly	4
revealed	4
returned	4
rent	4
renown	4
remedy	4
relinquished	4
ranged	4
rang	4
radiance	4
pursued	4
purpose	4
proud	4
present	4
precipice	4
pray	4
portrait	4
plays	4
played	4
passes	4
pass	4
paid	4
padua	4
ornaments	4
opened	4
oars	4
nun	4
numbered	4
north	4
noonday	4
neglect	4
need	4
nation	4
naples	4
murder	4
moves	4
mournful	4
monument	4
milton	4
memory	4
matron	4
making	4
makes	4
majesty	4
maid	4
magic	4
lower	4
louder	4
losing	4
lofty	4
locks	4
listened	4
lingered	4
linger	4
level	4
letter	4
leaf	4
leads	4
late	4
landing	4
kept	4
judged	4
judge	4
issuing	4
instant	4
inscribed	4
innumerable	4
indulge	4
inclining	4
illustrious	4
humble	4
horn	4
honest	4
hold	4
hither	4
highest	4
higher	4
hers	4
heroic	4
hereafter	4
herd	4
heavy	4
heave	4
heath	4
hat	4
harp	4
happiest	4
guests	4
greek	4
greece	4
greatness	4
greater	4
grant	4
gloom	4
gives	4
ginevra	4
giant	4
gem	4
gather	4
gaily	4
gaiety	4
future	4
frame	4
fountains	4
forward	4
forest	4
follows	4
following	4
fly	4
floors	4
floating	4
flinging	4
flashed	4
fish	4
fetters	4
feel	4
falernian	4
fail	4
experienced	4
evening	4
ethereal	4
err	4
energy	4
endure	4
enchantment	4
empty	4
emerald	4
eastern	4
dull	4
due	4
dreams	4
dreaming	4
dreadful	4
distinguished	4
discovering	4
discourse	4
desolate	4
desert	4
descend	4
delicious	4
delay	4
deeds	4
de	4
dance	4
dame	4
cut	4
curse	4
crimson	4
cries	4
crag	4
cottage	4
concealed	4
clustering	4
closet	4
cliffs	4
citizens	4
chest	4
cheerful	4
chase	4
charge	4
changes	4
chance	4
cell	4
cedar	4
cave	4
cast	4
canst	4
bush	4
brothers	4
bride	4
breath	4
brass	4
brake	4
blesses	4
blank	4
bench	4
belt	4
beloved	4
bed	4
bear	4
bank	4
azure	4
athwart	4
assembled	4
ashore	4
arno	4
ark	4
anguish	4
anger	4
ancestors	4
already	4
adventures	4
about	4
!)	4
yesterday	3
yell	3
wrote	3
wrongs	3
write	3
worm	3
workmanship	3
woodman	3
wonders	3
woe	3
wisdom	3
wheels	3
westward	3
well-known	3
wayside	3
warfare	3
wanting	3
walks	3
waked	3
visits	3
violence	3
vineyard	3
villages	3
victory	3
vanish	3
valour	3
use	3
urging	3
upper	3
uplifted	3
unusual	3
unhappy	3
unfolded	3
unconscious	3
tyrant	3
twilight	3
tumult	3
true	3
troubled	3
trod	3
tried	3
tresses	3
trembling	3
treasures	3
treasure	3
trance	3
trampling	3
tradition	3
torturing	3
tiger	3
thyself	3
throughout	3
thither	3
theme	3
tear	3
taste	3
talk	3
tales	3
taken	3
swept	3
sunk	3
sunbeam	3
sullen	3
suffered	3
suffer	3
stripped	3
strife	3
stretching	3
streamed	3
stories	3
stops	3
stop	3
stole	3
stirs	3
stillness	3
steward	3
steers	3
steering	3
stealth	3
steal	3
starry	3
stair	3
stain	3
stag	3
square	3
springs	3
springing	3
spread	3
splendid	3
sphere	3
spear	3
speaks	3
spared	3
sometimes	3
sojourn	3
soberest	3
snows	3
slipped	3
slay	3
slaughter	3
silvery	3
silk	3
signal	3
sign	3
sick	3
shuddering	3
shrine	3
shrill	3
show	3
shelter	3
shed	3
seven	3
sets	3
secure	3
sculpture	3
scanty	3
scale	3
sanctuary	3
salt	3
sails	3
sable	3
rung	3
rosy	3
rolling	3
robes	3
robber	3
reverence	3
restored	3
rested	3
resounding	3
resolved	3
residence	3
required	3
reproach	3
renowned	3
reflection	3
reflected	3
reflect	3
record	3
reclining	3
receiving	3
realms	3
raphael	3
ranging	3
rain	3
quiet	3
quick	3
queen	3
quay	3
promontories	3
proclaims	3
proclaimed	3
press	3
praise	3
pour	3
porch	3
pool	3
poison	3
pointed	3
plunged	3
plunge	3
pleasures	3
plant	3
plank	3
plain	3
pity	3
pine	3
pilgrims	3
picture	3
perished	3
penalty	3
pen	3
pearl	3
pavement	3
patrician	3
patiently	3
parted	3
pale	3
painting	3
pack	3
overflowing	3
otherwise	3
office	3
nymph	3
nuptials	3
numberless	3
notice	3
nook	3
nine	3
names	3
musing	3
murmuring	3
mules	3
move	3
mourned	3
mount	3
motionless	3
mood	3
monuments	3
money	3
moments	3
moment	3
modest	3
mockery	3
mistress	3
miserable	3
michael	3
masters	3
mask	3
marriage	3
marco	3
march	3
mantle	3
manner	3
mankind	3
maidens	3
maiden	3
madness	3
lustre	3
lurking	3
lowly	3
loud	3
lorenzo	3
locked	3
lion	3
limbs	3
lifted	3
lie	3
liberty	3
leisure	3
legacy	3
leaps	3
launched	3
largely	3
language	3
kneeling	3
kingdoms	3
kingdom	3
king	3
key	3
justify	3
justice	3
jove	3
issue	3
isles	3
inspires	3
inclined	3
incline	3
inarticulate	3
immovable	3
immortal	3
imagined	3
ill	3
idleness	3
hymn	3
hunter	3
huge	3
however	3
household	3
homeward	3
homer	3
holding	3
hero	3
herdsman	3
helm	3
heavenly	3
heat	3
haunts	3
hastening	3
haply	3
hangings	3
hall	3
hailed	3
hail	3
h	3
gun	3
gulfs	3
guide	3
guessed	3
guarding	3
greeting	3
graven	3
grasping	3
grandsire	3
gondolier	3
goes	3
gods	3
gleamed	3
glance	3
giulietta	3
giovanni	3
gigantic	3
giacomo	3
gently	3
game	3
galleys	3
gallery	3
frozen	3
frost	3
friend	3
frantic	3
fragrance	3
foundations	3
fought	3
fortune	3
foam	3
flying	3
flower	3
flocked	3
flitting	3
fishing	3
fisher	3
firmament	3
find	3
fifty	3
fellow	3
feared	3
fate	3
fairest	3
fairer	3
fable	3
explore	3
everything	3
everlastingly	3
everlasting	3
enterprise	3
enjoy	3
endured	3
employed	3
embarked	3
element	3
echoing	3
earthly	3
ears	3
earnest	3
e	3
dwelling	3
dry	3
dress	3
discovered	3
discerned	3
din	3
dignity	3
devout	3
depth	3
den	3
delighted	3
deed	3
deceived	3
dearer	3
deadly	3
daybreak	3
dashed	3
dared	3
dante	3
daily	3
crowned	3
crossing	3
cristine	3
courts	3
courtesy	3
countrymen	3
countries	3
count	3
corner	3
continually	3
contemplating	3
consent	3
confess	3
company	3
common	3
coast	3
clock	3
claim	3
citizen	3
choir	3
chequering	3
charmed	3
chant	3
chambers	3
chains	3
cestius	3
catching	3
castle	3
cares	3
carelessly	3
care	3
captive	3
cap	3
calmly	3
business	3
bursting	3
burnt	3
buried	3
burial	3
brook	3
brooding	3
brood	3
bringing	3
brighter	3
breeze	3
breathes	3
breadth	3
bosom	3
book	3
bonds	3
body	3
boatman	3
blessings	3
blessing	3
bitter	3
birthplace	3
birds	3
bird	3
betrayed	3
beset	3
believe	3
behold	3
beach	3
battlements	3
awe	3
awake	3
attire	3
athens	3
ate	3
asking	3
ashes	3
ascending	3
arm	3
appear	3
anxious	3
answered	3
answer	3
anon	3
anchor	3
alive	3
alban	3
alarm	3
adorned	3
adorn	3
admire	3
addressed	3
abroad	3
|arabic4digit|	2
zone	2
zeal	2
yesternight	2
yes	2
yellow	2
wronged	2
writing	2
wrecks	2
wreathing	2
wreath	2
would'st	2
worst	2
worldly	2
working	2
wore	2
wizard	2
wither	2
wished	2
wisest	2
win	2
willingly	2
wilds	2
wildest	2
wilderness	2
wilder	2
wet	2
western	2
welcoming	2
welcomed	2
weight	2
weep	2
ween	2
ways	2
waved	2
wash	2
warmth	2
warm	2
warlike	2
wants	2
wand	2
wake	2
wailing	2
vowed	2
vow	2
volume	2
violets	2
violent	2
vintner	2
vintage	2
vineyards	2
vile	2
victorious	2
victor	2
victims	2
victim	2
vial	2
vevay	2
vested	2
vesper	2
verdurous	2
veiled	2
vehicle	2
vanquished	2
value	2
valiant	2
val	2
vacancy	2
used	2
urges	2
upturned	2
uplifting	2
unwilling	2
unwelcome	2
unsatisfied	2
unobserved	2
unlocked	2
unlike	2
ungenerous	2
unfelt	2
unemployed	2
underground	2
unconsciously	2
unclouded	2
unchanged	2
unbidden	2
unassailed	2
twos	2
twisted	2
twenty	2
twentieth	2
tusculan	2
tuscan	2
turrets	2
turk	2
tuning	2
tully	2
trying	2
trust	2
trumpet	2
trump	2
truly	2
trouble	2
trophies	2
triumph	2
tributary	2
trembled	2
treasured	2
traversed	2
traverse	2
travelling	2
transgress	2
trampled	2
trade	2
traced	2
trace	2
towns	2
town	2
towered	2
tours	2
tourney	2
torches	2
topmost	2
took	2
tongues	2
toils	2
toil	2
titian	2
tiptoe	2
tidings	2
tibur	2
tiber	2
thrusting	2
throw	2
thronging	2
thronged	2
thrilling	2
threadbare	2
thousands	2
thoughtless	2
thirty	2
thirst	2
thick	2
theatre	2
thanks	2
terrace	2
tenantless	2
tempest	2
teach	2
taxes	2
tax	2
tartar	2
tapestry	2
talking	2
taking	2
tables	2
table	2
t	2
sympathy	2
sworn	2
swell	2
sweeter	2
sweat	2
sway	2
swarthy	2
swam	2
swallow	2
suspicion	2
surrender	2
surprised	2
surprise	2
surer	2
supplied	2
supplicate	2
supper	2
sulphurous	2
suit	2
suffering	2
sublime	2
studious	2
struggling	2
struggle	2
structure	2
strong	2
striking	2
stretched	2
straw	2
strand	2
storm	2
stolen	2
stern	2
steer	2
steeds	2
steed	2
steals	2
statues	2
stately	2
start	2
stall	2
stained	2
stab	2
spleen	2
spiritless	2
spires	2
spilled	2
spices	2
spells	2
speech	2
spectre	2
speaking	2
sparkling	2
spade	2
southward	2
southern	2
somewhere	2
solitudes	2
solicit	2
soft	2
sobs	2
smoke	2
smiling	2
smiled	2
slunk	2
slipping	2
slightest	2
slavery	2
slanting	2
skies	2
sir	2
sings	2
sinew	2
signor	2
sides	2
sickness	2
sicily	2
shunned	2
shrug	2
shrieks	2
showed	2
shouldst	2
shook	2
shivered	2
shifting	2
shields	2
shells	2
sheet	2
shattered	2
share	2
shalt	2
shaking	2
shake	2
shaggy	2
shady	2
several	2
services	2
serves	2
serpent	2
serene	2
sends	2
sending	2
senate	2
selfsame	2
seems	2
seaman	2
seal	2
scythe	2
sculptor	2
screw	2
scout	2
scorning	2
scatters	2
scaffold	2
scabbard	2
sands	2
sallying	2
saintlike	2
saint	2
saddest	2
sabre	2
rustling	2
running	2
rule	2
ruffling	2
ruffian	2
roses	2
rooms	2
romantic	2
rolls	2
rocky	2
robe	2
rivers	2
rivalry	2
rises	2
rill	2
rhone	2
rhine	2
reveals	2
retire	2
resumed	2
respite	2
reserve	2
renounce	2
renewed	2
remarkable	2
religiously	2
religious	2
relieve	2
released	2
release	2
relates	2
rejoicing	2
rejoiced	2
regrets	2
regions	2
reggio	2
refused	2
reft	2
refreshed	2
reason	2
ready	2
reading	2
re	2
rather	2
rare	2
ransom	2
ranks	2
rank	2
rage	2
r	2
quivering	2
questioned	2
question	2
put	2
pursuit	2
pursuing	2
pursue	2
purest	2
proper	2
proofs	2
pronounce	2
prompts	2
prompt	2
promontory	2
promised	2
profound	2
prize	2
prisoner	2
prime	2
prepared	2
poverty	2
pours	2
portrayed	2
porticoes	2
pontiffs	2
pontiff	2
points	2
point	2
plume	2
ploughing	2
pliny	2
please	2
planted	2
plague	2
placed	2
pisa	2
pipe	2
pinnace	2
pillow	2
phantom	2
persian	2
performed	2
perchance	2
pencil	2
pearls	2
pause	2
patriarch	2
patch	2
passenger	2
parts	2
paolo	2
painted	2
pains	2
overhead	2
overcome	2
overcame	2
ornament	2
origin	2
orchard	2
orb	2
oracular	2
opens	2
opening	2
offering	2
offended	2
odours	2
observe	2
objects	2
oath	2
oak	2
o'erhangs	2
nurse	2
numerous	2
numbering	2
nought	2
nostrils	2
noontide	2
nights	2
next	2
news	2
nets	2
net	2
nero	2
necessity	2
natural	2
nameless	2
myrtle	2
muse	2
murmur	2
multitude	2
muleteer	2
muffled	2
mouth	2
motley	2
moss	2
mosque	2
monumental	2
month	2
monte	2
mont	2
monk	2
mole	2
mist	2
mishap	2
misery	2
miraculous	2
minutes	2
minute	2
miller	2
milan	2
mightiest	2
mien	2
middle	2
merchants	2
memorials	2
melting	2
melt	2
melody	2
meekness	2
meditation	2
measure	2
meanest	2
meadows	2
may'st	2
mastery	2
mass	2
masque	2
masked	2
mary	2
martigny	2
markets	2
marguerite	2
marching	2
marathon	2
mantua	2
manly	2
manhood	2
majestical	2
mail	2
madelaine	2
m	2
lute	2
lurked	2
lowliest	2
lover	2
loth	2
loredano	2
lord	2
longest	2
loneliness	2
lists	2
link	2
lingers	2
lingering	2
likeness	2
lightning	2
lighting	2
lifting	2
lift	2
lifeless	2
levelling	2
lending	2
leman	2
ledge	2
leapt	2
leaning	2
lead	2
lays	2
law	2
laughing	2
laughed	2
lattice	2
lately	2
large	2
lantern	2
languor	2
landmark	2
lances	2
lakes	2
ladies	2
ladder	2
labyrinth	2
laboured	2
labour	2
knocked	2
knock	2
knights	2
knight	2
knife	2
kneels	2
kneel	2
kindred	2
keel	2
justly	2
judges	2
journeying	2
joined	2
join	2
jest	2
ivory	2
italian	2
issued	2
invoked	2
invincible	2
intricate	2
interview	2
interval	2
intermission	2
instruments	2
inspire	2
insect	2
inscription	2
inscribe	2
inherit	2
inferno	2
inestimable	2
indignant	2
impetuous	2
imperial	2
immeasurable	2
imelda	2
images	2
idly	2
hurrying	2
hunting	2
hunters	2
hundredth	2
humbly	2
humanity	2
hues	2
hover	2
hourly	2
hounds	2
hospitable	2
hopes	2
hook	2
hood	2
honourable	2
hive	2
highway	2
hermit	2
help	2
helmet	2
hell	2
heaving	2
heaves	2
hears	2
health	2
haze	2
haven	2
haste	2
harsh	2
harper	2
harmony	2
hard	2
hannibal	2
hang	2
halls	2
hallowed	2
haggard	2
habits	2
ha	2
gush	2
guise	2
guilty	2
grot	2
groans	2
greet	2
gratitude	2
grapes	2
grain	2
graceful	2
goth	2
gorgeous	2
gondola	2
going	2
godlike	2
glows	2
gloriously	2
glides	2
glided	2
glens	2
glen	2
gleaned	2
gleam	2
glanced	2
giving	2
giver	2
girt	2
gifts	2
gestures	2
gentler	2
gentleness	2
general	2
gems	2
gazes	2
gasp	2
garzia	2
garments	2
garb	2
galleries	2
gallant	2
galileo	2
gale	2
further	2
furrow	2
fulfilled	2
frowning	2
front	2
frolic	2
friends	2
friendless	2
friar	2
fret	2
frequent	2
framing	2
frail	2
fragrant	2
fount	2
founders	2
forum	2
fortitude	2
forthwith	2
forgetting	2
forests	2
forbear	2
footstep	2
fool	2
folly	2
follow	2
folding	2
fluttering	2
flush	2
flows	2
flowed	2
flock	2
floated	2
float	2
flies	2
fleet	2
flavour	2
flat	2
flank	2
flaming	2
fixed	2
fit	2
firm	2
fir	2
finger	2
figs	2
fiend	2
feverish	2
fervent	2
ferrara	2
fellows	2
feigned	2
feelings	2
fears	2
fearing	2
fearful	2
favour	2
fascinates	2
farm	2
fantastic	2
famine	2
false	2
faith	2
faintly	2
eyelids	2
exploring	2
exercise	2
excite	2
excess	2
exacting	2
evils	2
escaped	2
escape	2
erst	2
erred	2
errand	2
epist	2
entrance	2
enters	2
enrich	2
ennobled	2
ennoble	2
enjoyment	2
engraven	2
england	2
engendered	2
enchants	2
enchanted	2
eminent	2
eminence	2
emblem	2
embassy	2
elysinm	2
eloquent	2
elm	2
either	2
egypt	2
egean	2
edge	2
ecstasy	2
ebbing	2
earthen	2
earned	2
eagerly	2
duty	2
duke	2
drowsy	2
dropping	2
drop	2
drinks	2
dressed	2
draws	2
downward	2
doublet	2
dost	2
doria	2
doors	2
dominion	2
domestic	2
domes	2
dome	2
dogs	2
doges	2
disturb	2
distress	2
distemper	2
discuss	2
discoursing	2
disclosed	2
discern	2
diminutive	2
didst	2
detain	2
destroy	2
descried	2
descends	2
descended	2
desaix	2
departed	2
depart	2
demon	2
dell	2
delivered	2
delightful	2
delicate	2
deliberate	2
degree	2
deer	2
declining	2
decameron	2
debt	2
daughters	2
date	2
dashing	2
darker	2
dangers	2
dancing	2
damning	2
cypress	2
cursed	2
curious	2
crying	2
crust	2
crew	2
crash	2
craggy	2
crafty	2
covering	2
courage	2
corpse	2
cord	2
cool	2
convey	2
conversing	2
convent	2
continent	2
contemplate	2
console	2
conscious	2
confusion	2
conflict	2
confidence	2
condemned	2
conceived	2
composure	2
compared	2
companionship	2
companion	2
committed	2
columns	2
colours	2
coloured	2
coll'alto	2
coat	2
clusters	2
cluster	2
clung	2
clothed	2
closing	2
climb	2
clay	2
classic	2
clasping	2
clasp	2
claims	2
cicala	2
chronicler	2
christian	2
christ	2
choice	2
chivalry	2
chimney	2
cheerfulness	2
cheeks	2
chased	2
charter	2
charged	2
character	2
chaos	2
channel	2
changing	2
centuries	2
centre	2
caused	2
castles	2
casting	2
carlo	2
career	2
carbine	2
caravan	2
capitol	2
capital	2
campagna	2
calls	2
calling	2
calendar	2
caius	2
cages	2
caged	2
cable	2
burn	2
build	2
buffalo	2
brutus	2
brown	2
brink	2
brings	2
brief	2
breaking	2
bravo	2
branches	2
brain	2
boys	2
bowl	2
bower	2
books	2
bonnet	2
bond	2
blush	2
blows	2
blossom	2
blocks	2
blazing	2
blazed	2
blame	2
blade	2
blacken	2
birthright	2
bind	2
billow	2
bier	2
bidden	2
bianca	2
beware	2
believed	2
being	2
beggar	2
began	2
beating	2
bearers	2
bearer	2
beams	2
bay	2
bat	2
bartering	2
barred	2
barks	2
barbarous	2
barbara	2
banquet	2
bannered	2
bandit	2
bag	2
bad	2
backward	2
b	2
awaked	2
awaits	2
await	2
avenue	2
attracted	2
attests	2
attendant	2
attend	2
assert	2
assembling	2
assailed	2
aspect	2
asleep	2
arraying	2
around	2
arming	2
armies	2
armenian	2
ariosto	2
arched	2
arcady	2
appears	2
apocalypse	2
apennine	2
antonio	2
answering	2
angelica	2
angel	2
andrea	2
ambush	2
altogether	2
altar	2
also	2
alpine	2
albert	2
alacrity	2
aisle	2
agony	2
afterwards	2
affection	2
adverse	2
adversaries	2
adrian	2
admittance	2
admired	2
admiration	2
adieu	2
active	2
acting	2
across	2
accused	2
accursed	2
accompanied	2
abbot	2
...	2
..	2
)'	2
~*&->'	1
}	1
|arabicprice|	1
|arabic5+digit|	1
|	1
zephyr	1
zenobia	1
zenith	1
zenastan	1
zecchine	1
zealously	1
zampieri*	1
youths	1
youthful	1
yourselves	1
yourself	1
yours	1
younger	1
yoked	1
yawned	1
wtith	1
wrong	1
writes	1
wretch	1
wrent	1
wreaths	1
wrath	1
wound	1
wouldstbe	1
worshipping	1
worshippers	1
worshipped	1
worship	1
wondrously	1
women	1
womb	1
woman	1
wl	1
witness	1
withstood	1
withered	1
withdraws	1
withdraw	1
withal	1
witchery	1
witcheries	1
wit	1
wishing	1
wire	1
wiping	1
wiped	1
winking	1
winged	1
wills	1
wilfully	1
wildness	1
wildly	1
wildering	1
wielding	1
widowhood	1
wicker	1
whut	1
whole	1
whitest	1
whiter	1
whispering	1
whispered	1
whirling	1
whim	1
whets	1
whether	1
whet	1
whereby	1
whelps	1
whelm	1
wheeling	1
welter	1
weighed	1
weeps	1
wed	1
weaves	1
weave	1
weathered	1
wears	1
wearing	1
wear'st	1
weakness	1
watermark	1
watergate	1
waterfowl	1
waterfalls	1
watchtower	1
watchman	1
watchings	1
wast	1
washing	1
washed	1
warriors	1
warrior	1
warred	1
warned	1
warhorse	1
wantonness	1
wands	1
wanderings	1
wanderer	1
wallet	1
walled	1
walking	1
walked	1
waits	1
wait	1
wains	1
wail	1
waged	1
wag	1
wafting	1
w	1
vultures	1
vtenice	1
vows	1
voto	1
voted	1
voluptuous	1
voluble	1
void	1
voiced	1
vocal	1
visor	1
visiting	1
visitant	1
virginius	1
vine	1
villa	1
vilest	1
vied	1
victors	1
vice	1
vibrate	1
viands	1
vestments	1
vestibule	1
vest	1
vespers	1
verona	1
venus	1
venturous	1
venturing	1
venture	1
venom	1
venezia	1
venetians	1
velvet	1
velino	1
velan	1
veins	1
vein	1
vehemence	1
vegetates	1
vecchio	1
vaults	1
vaucluse	1
vats	1
varying	1
variegated	1
vapours	1
vanity	1
vanishing	1
vandal	1
vallombrosa	1
vales	1
vale.'f	1
valaisan	1
utter	1
ust	1
uses	1
urns	1
urgency	1
upspringing	1
uprooted	1
uphill	1
unyoked	1
unworthy	1
unwet	1
unvisited	1
unveils	1
unveiled	1
unvarnished	1
untroubled	1
untrodden	1
untold	1
unthought	1
untamed	1
untameable	1
unsuspecting	1
unsullied	1
unspoilt	1
unskilled	1
unsheaths	1
unsettled	1
unrolls	1
unrolled	1
unresisting	1
unrequired	1
unremitting	1
unrelentingly	1
unprovoked	1
unprepared	1
unpremeditated	1
unpledged	1
unnoticed	1
unnerved	1
unmoved	1
unmixed	1
unlooked-for	1
unlocks	1
unlock	1
unlimited	1
unless	1
unlading	1
unkennelling	1
unjust	1
universe	1
unison	1
uninjured	1
unimaginable	1
unhurt	1
unhonoured	1
unharnessed	1
unguarded	1
ungrateful	1
ungentle	1
ungartered	1
unfortunate	1
unfold	1
unfathomable	1
unexplored	1
unearthly	1
undone	1
undivided	1
undiminished	1
underwood	1
undertone	1
undergone	1
uncovered	1
uncleansed	1
uncle	1
unchecked	1
unchangeable	1
uncertainty	1
uncalled	1
unblemished	1
unavailing	1
unattended	1
unassailable	1
unarmed	1
unapproached	1
unaccompanied	1
un	1
ulysses	1
ugolino	1
tyrrhene	1
tyrol	1
tyrian	1
tyre	1
twofold	1
twins	1
twig	1
twere	1
twanged	1
twain	1
tutelar	1
turret	1
turks	1
turin	1
turhaned	1
turf	1
turbulent	1
turbans	1
turban	1
tunis	1
tuneful	1
tune	1
tumbled	1
tufts	1
trusty	1
trusting	1
trusted	1
trunk	1
truant	1
troy	1
troubling	1
troop	1
trivial	1
triumphs	1
triumphant	1
tripoli	1
triple	1
trip	1
triglyph	1
tric	1
tribute	1
tribune	1
trial	1
trevisan	1
trent	1
tremulous	1
tremble	1
trellissed	1
trellises	1
treble	1
treason	1
treacherous	1
travels	1
travellers	1
trappanti	1
transporting	1
transported	1
transparent	1
transmitted	1
translucent	1
transgressor	1
transgressed	1
transacted	1
tramp	1
tramezzine	1
tracts	1
tract	1
tracks	1
trackless	1
tracked	1
tracing	1
traces	1
trac	1
townsman	1
towerless	1
towering	1
towards	1
toward	1
toussaint	1
tour	1
touch	1
tortures	1
torture	1
torchlight	1
torch	1
tophana	1
topaz	1
tooth	1
tone	1
tombs	1
tolled	1
toledo	1
toilet	1
toiled	1
toad	1
tivoli	1
titter	1
titan	1
tired	1
tinu	1
tillers	1
ties	1
tiberius	1
thunders	1
thrust	1
thrushes	1
thrush	1
thrummed	1
thrones	1
thrilled	1
threshing	1
threescore	1
threats	1
threading	1
thrasymene	1
thraldom	1
thoughtfulness	1
thoughtful	1
thorough	1
thirsting	1
thirsted	1
third	1
thinks	1
thinking	1
thin	1
thickened	1
thermopylae	1
therefore	1
there!'he	1
thenceforth	1
thence	1
theatres	1
thaw	1
thatch	1
thank	1
texture	1
testify	1
terrors	1
terrific	1
terraces	1
terra	1
teresa	1
tent	1
tenderness	1
tenderly	1
tenderest	1
tenant	1
ten	1
tempter	1
tempt	1
temperate	1
temperance	1
tells	1
te	1
tavern	1
taught	1
tattered	1
tasted	1
tartarus	1
tarantella	1
tar	1
taper	1
tancred	1
tambourine	1
tall	1
talked	1
talisman	1
talents	1
takes	1
tailor	1
tagus	1
tacul	1
tacitus	1
tablet	1
syrian	1
syren	1
syracusan	1
symphonies	1
symbol	1
sylvan	1
sylphs	1
syllables	1
syllable	1
sybarite	1
swore	1
swords	1
swinging	1
swimmer	1
swim	1
swelled	1
sweetness	1
sweeten	1
swayed	1
swan	1
swallowed	1
suspense	1
susa	1
surveys	1
surveyed	1
surging	1
surges	1
supplying	1
supply	1
supped	1
sup	1
suns	1
sunrise	1
sunny	1
sunned	1
sumpter	1
sultry	1
sullenness	1
sullenly	1
suite	1
sufferer	1
suckling	1
suckles	1
sucking	1
submit	1
subjects	1
subduing	1
styled	1
style	1
sturdy	1
stum	1
studying	1
studies	1
student	1
strozzi	1
stronger	1
stroke	1
stripes	1
string	1
strikes	1
stride	1
strewn	1
streamlet	1
streak	1
strayed	1
straining	1
store	1
stopping	1
stonework	1
stirrup	1
stiletto	1
steppingstones	1
steered	1
stealing	1
steadfast	1
stated	1
startled	1
started	1
standards	1
staircases	1
staining	1
stagnant	1
staggers	1
staggered	1
stabber	1
stabbed	1
squire	1
squares	1
spurs	1
spun	1
sprung	1
springtime	1
spreads	1
spouse	1
spotless	1
sposa	1
sported	1
spoken	1
spoiler	1
splugen	1
splash	1
spire	1
spill	1
spiced	1
spezzia	1
spent	1
speed	1
speck	1
speaker	1
spartarus	1
sparkled	1
spark	1
sparing	1
spares	1
spangling	1
span	1
spaces	1
space	1
sower	1
sowed	1
sow	1
sovereign	1
southeast	1
sour	1
sound	1
souls	1
soubrette	1
sorrows	1
sorrento	1
sordid	1
sorcery	1
sorceress	1
sophonisba	1
soothed	1
sonnet	1
solomon	1
solitude	1
soliloquies	1
solid	1
soliciting	1
solemnly	1
solemnity	1
solemnise	1
soldier	1
soldan	1
soil	1
sod	1
soaring	1
snuff	1
snraxz	1
snorting	1
snort	1
snatching	1
snatches	1
snatched	1
snare	1
snail	1
smote	1
smoothly	1
smooth	1
smiting	1
smell	1
smeared	1
smaller	1
slumbering	1
slumbered	1
slouched	1
slope	1
slip	1
slimy	1
slight	1
sliding	1
slew	1
sleepers	1
sleeper	1
sledge	1
slaying	1
slayer	1
slake	1
slackens	1
slacken	1
slacked	1
slack	1
skirts	1
skirt	1
skin	1
skill	1
skiff	1
sketch	1
skeletons	1
skeleton	1
sk	1
size	1
site	1
sinking	1
sink	1
singularly	1
singly	1
single	1
sinful	1
sinewy	1
simplon	1
simplest	1
simple	1
silvia	1
signors	1
signify	1
signet	1
signature	1
sighed	1
sickly	1
sicardi	1
si	1
shuttle	1
shunning	1
shuddered	1
shrunk	1
shrub	1
shrouds	1
shroud	1
shrive	1
shrinks	1
shrink'st	1
shrieked	1
shriek	1
shred	1
shows	1
shown	1
showing	1
shower	1
shorn	1
shores	1
shoots	1
shoes	1
shod	1
shocks	1
shirt	1
shipwrecked	1
shipping	1
shine	1
shift	1
sherbet	1
shepherds	1
shelterless	1
sheltering	1
shell	1
shelf	1
sheep	1
sheds	1
sheaves	1
sharp	1
sharing	1
shame	1
shaft	1
shadowy	1
shados	1
shades	1
shaded	1
sex	1
severing	1
severely	1
severe	1
settled	1
sestos	1
servile	1
serpents	1
serious	1
serenading	1
serenade	1
seraph	1
sequestered	1
sequel	1
sepulchres	1
sepulchre	1
separate	1
sentences	1
sent'st	1
senses	1
sennaar	1
send	1
senator	1
sen	1
seest	1
sees	1
seem	1
seeing	1
seedtime	1
seeds	1
seed	1
security	1
secretly	1
sec	1
seaweed	1
seats	1
sealed	1
seacoast	1
sculptured	1
scull	1
scripture	1
scrip	1
screwing	1
screaming	1
scream	1
scrawled	1
scrawl	1
scraps	1
scowls	1
scowled	1
scourge	1
scorned	1
scorching	1
scooped	1
scimitars	1
schools	1
schoolboy	1
schemes	1
sceptre	1
scenery	1
scars	1
scarlet	1
scarce	1
scalp	1
scallop	1
scaled	1
sawest	1
saved	1
satire	1
sapphire	1
santillane	1
santa	1
sannazaro	1
sang	1
sanctuaries	1
sanctity	1
sancho	1
samarcand	1
salver	1
salvator	1
salute	1
salerno	1
sale	1
sagro	1
saddlebow	1
sacristy	1
sacrificing	1
sacra	1
sacer	1
sabbath	1
s	1
rwho	1
ruthless	1
rustic	1
rust	1
russet	1
russ	1
rushing	1
rushes	1
rushed	1
rural	1
runnemede	1
ruling	1
ruins	1
ruinous	1
ruined	1
ruin	1
ruffians	1
rudely	1
rudder	1
ruby	1
rubbed	1
royal	1
rout	1
rousseau	1
rouse	1
roughest	1
rougher	1
rotie	1
rostra	1
rosenlau	1
roseate	1
rosaiy	1
roots	1
root	1
roofs	1
roofed	1
rood	1
rompeii	1
romance	1
rode	1
rocks	1
rocket	1
robbers	1
robbed	1
roar	1
rn	1
rivulet	1
riverside	1
riven	1
rivalships	1
rivals	1
rival	1
risen	1
ripaille	1
rings	1
ringing	1
ringer	1
rigour	1
rigid	1
rifle	1
rider	1
ricor	1
riccia	1
ribs	1
rialto	1
rhyme	1
rhodes	1
rhetoric	1
reward	1
revolving	1
revived	1
revisit	1
reverent	1
reverenced	1
revenge	1
revelry	1
revelled	1
revel	1
returns	1
retribution	1
retrench	1
retreats	1
retreating	1
retreat	1
retained	1
resuming	1
restores	1
restore	1
restless	1
resting-place	1
resting	1
responsive	1
resources	1
resolutions	1
resisted	1
resigned	1
resign	1
reserved	1
resembling	1
resemblance	1
rescued	1
requited	1
requite	1
require	1
requiem	1
republics	1
republic	1
representing	1
replying	1
replies	1
replenished	1
repeat	1
repaying	1
renouncing	1
renounced	1
rendered	1
renaldi	1
removed	1
remove	1
remi	1
remark	1
remains	1
remain	1
relieving	1
relies	1
relief	1
relics	1
relentless	1
relentings	1
relaxing	1
relax	1
relation	1
relating	1
related	1
relate	1
rekindling	1
rejoice	1
reined	1
rein	1
reign	1
regretted	1
regret	1
regard	1
regal	1
refuse	1
refulgent	1
refuge	1
refreshment	1
refines	1
refine	1
reed	1
reechoed	1
redressed	1
redeemed	1
recovering	1
recovered	1
recover	1
recounted	1
recount	1
records	1
recompense	1
recoil	1
reclined	1
reciting	1
receives	1
recalls	1
rebel	1
rebekah	1
reared	1
reaping	1
reap	1
realm	1
realising	1
real	1
readily	1
reach	1
razed	1
ravishment	1
ravenna	1
rational	1
rate	1
rased	1
raps	1
rapine	1
rapidly	1
range	1
rampart	1
rambled	1
raindrops	1
rainbows	1
raging	1
raft	1
radiant	1
quorum	1
quintian	1
quill	1
quicken	1
questions	1
questioning	1
quest	1
quenching	1
quenched	1
quays	1
quarter	1
quarry	1
quarrelsome	1
quarrel	1
quail	1
quaffed	1
quaff	1
pyramid	1
purse	1
purpling	1
purer	1
punchinello	1
pulses	1
pulse	1
pulci	1
public	1
psalms	1
prows	1
prowling	1
provoke	1
provinces	1
proteus	1
protestant	1
prospero	1
prosper	1
prospect	1
propitiating	1
prophets	1
prophecy	1
proof	1
promising	1
promises	1
promise	1
progress	1
profusion	1
profit	1
produced	1
prodigal	1
procure	1
proclaiming	1
proceeds	1
proceeding	1
proceed	1
privilege	1
private	1
priuli	1
prithee	1
prison-house	1
prison	1
principal	1
princes	1
prince	1
prima	1
prides	1
prevailed	1
preux	1
pressing	1
pressed	1
preserved	1
preserve	1
presents	1
prescribed	1
preparing	1
premi	1
prelates	1
prejudices	1
precipitate	1
preached	1
prayers	1
pranks	1
pr^nestejf	1
povero	1
potency	1
posture	1
posting	1
possible	1
posset	1
possessed	1
posilipo	1
posidonia	1
portray	1
portraits	1
porto	1
portly	1
portico	1
portal	1
porphyry	1
poring	1
porches	1
poppa	1
popes	1
poorly	1
pompeii	1
pollution	1
polesine	1
poisons	1
poisonous	1
pointing	1
poetic	1
poesy	1
po	1
plying	1
ply	1
plutarch	1
plunging	1
plumes	1
plumage	1
pluck	1
ploughed	1
plot	1
plight	1
plied	1
pledges	1
pledge	1
pleases	1
pleasantest	1
pleasanter	1
pleads	1
pleading	1
plead	1
playmate	1
plaudits	1
planet	1
plane	1
plaintively	1
plaintive	1
pjestan	1
pj3stum	1
pitcher	1
pistols	1
pisans	1
pisani	1
pisan	1
pinnacles	1
pinnacle	1
pines	1
pilot	1
pilgrimage	1
piled	1
piety	1
pietra	1
piedmontese	1
pictures	1
pictured	1
phosphor	1
philosophy	1
philip	1
pheasant	1
phases	1
pharos	1
phalanx	1
pezzo	1
petkarch	1
pesa	1
perverse	1
personage	1
persians	1
perseus	1
perplexity	1
perplexing	1
perplexed	1
perpetual	1
perish	1
perilous	1
perfumes	1
perfume	1
perform	1
perfect	1
percussus	1
perched	1
peopling	1
penetrate	1
pence	1
penance	1
pelting	1
peers	1
peered	1
pedler	1
pediment	1
peculiar	1
pebbles	1
peasants	1
peak	1
payment	1
pawned	1
pawed	1
pavilion	1
pavia	1
patron	1
patriots	1
patient	1
patience	1
pastoral	1
passport	1
passion	1
passage	1
partlet	1
particularly	1
partial	1
parthenope	1
parent	1
parchment	1
paradiso	1
paradise	1
panza	1
panting	1
pantbeon	1
pansa	1
panniers	1
panniered	1
panic	1
palmyra	1
palmieri	1
palladian	1
pall	1
palestrina	1
palestine	1
pales	1
palazzo	1
palatine	1
pain	1
pageants	1
page	1
paduan	1
pacing	1
paces	1
pace	1
pa	1
p^stum	1
p^estum	1
p	1
oxen	1
owl	1
ovidian	1
ovid	1
overtake	1
overspread	1
overshadows	1
overrun	1
overhangs	1
overgrown	1
overflowings	1
overflowed	1
overflow	1
overcast	1
outlaws	1
outcries	1
ourselves	1
ought	1
ostrich	1
ortolans	1
orsini	1
orsim	1
orphans	1
orisons	1
original	1
orfano	1
order	1
orchards	1
orbed	1
oppressed	1
omelette	1
olives	1
olive	1
okl	1
oil	1
offing	1
offices	1
offer	1
offence	1
off'by	1
odour	1
occurrences	1
occur	1
occasions	1
observes	1
observer	1
observant	1
obscured	1
obloquy	1
oblivion	1
obligation	1
obey	1
obelisks	1
oaken	1
o'erwritten	1
o'ertaken	1
o'erlooking	1
o'erhanging	1
nursery	1
numidian	1
numbers	1
number	1
ntciteh	1
novella	1
notions	1
noticed	1
noted	1
nosegay	1
northwest	1
northern	1
northeast	1
noose	1
noi	1
nodding	1
nobly	1
nobles	1
nobleman	1
ninth	1
nineteenth	1
nimble	1
nile	1
nightingale	1
nightgown	1
nightfall	1
niger	1
nicolo	1
niche	1
nicer	1
ni	1
newt	1
network	1
nests	1
nest	1
nerve	1
neptune	1
nephew	1
neither	1
neighbouring	1
neglected	1
needle	1
needful	1
necks	1
nearly	1
nearing	1
nearest	1
nd	1
nay	1
nativity	1
national	1
narrows	1
narrowed	1
napoleon	1
nakedness	1
naitow	1
mysterious	1
mutual	1
muttering	1
mustering	1
musky	1
musical	1
muses	1
murmurs	1
murky	1
murderer	1
murdered	1
multitudes	1
multiply	1
multiplied	1
muffling	1
muffles	1
mucus	1
mourning	1
mourn	1
mountebank	1
mountainous	1
motives	1
mossy	1
mosaic	1
mortality	1
morion	1
morettoyto	1
mora	1
moor	1
moonshine	1
moons	1
moonlight	1
montrioli	1
months	1
montague	1
mont'alto	1
monster	1
mons	1
monks	1
monkey	1
monarchs	1
monarch	1
mona	1
mola	1
modena	1
models	1
mocks	1
mocking	1
mock	1
moaning	1
mists	1
missolonghi	1
misshapen	1
miss	1
misnamed	1
misleads	1
misgivings	1
misfortune	1
miseries	1
miserably	1
miser	1
misemployed	1
miscreant	1
minstrelsy	1
ministers	1
ministering	1
ministered	1
minister	1
mingle	1
mineral	1
minds	1
mindful	1
mincins	1
minaret	1
miltiades	1
milord	1
millstones	1
mill	1
mile	1
mild	1
migrate	1
mightest	1
midway	1
micn.u'.l	1
mia	1
mewed	1
mew	1
mettenberg	1
metropolis	1
meteor	1
metallick	1
messengers	1
message	1
mess	1
meshes	1
merry	1
merrily	1
merriest	1
merits	1
merciful	1
menials	1
menacing	1
menaced	1
memmo	1
melted	1
melons	1
melodious	1
melancholy	1
meillerie	1
meets	1
meditates	1
meditate	1
measuring	1
measureless	1
meanwhile	1
means	1
meanly	1
meal	1
maying	1
maurice	1
mauk	1
mature	1
matrons	1
matins	1
matin	1
match	1
masting	1
masterpiece	1
mastering	1
mast	1
massy	1
massive	1
massaccio	1
masonry	1
masks	1
marvellously	1
marvellous	1
marvelled	1
martinmas	1
martial	1
mart	1
marrying	1
markngo	1
marketplace	1
mariners	1
mariner	1
maria	1
margin	1
mare	1
marcolini!"*	1
marched	1
maps	1
mantled	1
manners	1
mangled	1
mandoline	1
mandate	1
malta	1
malignant	1
malicious	1
malice	1
mala	1
mal'oriu	1
majestically	1
maintains	1
maintained	1
maids	1
magicians	1
magician	1
madonna	1
macchiavll	1
macaw	1
luxury	1
luxuriant	1
luxuriance	1
lurk	1
lumbered	1
lumber	1
lulling	1
lull	1
ludlow	1
lucilia	1
lowest	1
lowering	1
lowered	1
lovers	1
loveliness	1
loveliest	1
loudest	1
lots	1
loss	1
loses	1
lorn	1
loretto	1
loosely	1
loophole	1
longing	1
longed	1
london	1
lodge	1
lock	1
loaf	1
lizard	1
livest	1
livery	1
lively	1
listener	1
listen	1
list	1
lip	1
linked	1
lines	1
lineament	1
lime	1
lily	1
lilies	1
lightly	1
lifeblood	1
lichen	1
library	1
liable	1
leveret	1
levelled	1
lettuce	1
letters	1
lettered	1
lets	1
lethargy	1
lesser	1
lessening	1
lemon	1
leger	1
legend	1
legate	1
leash	1
leases	1
learning	1
learnedly	1
leaping	1
leap	1
leaned	1
lean	1
leagues	1
leafy	1
lawn	1
lawless	1
lavishly	1
lausanne	1
lauretta	1
laurels	1
launching	1
latticed	1
latin	1
latest	1
later	1
lasts	1
lashing	1
lash	1
larian	1
larch	1
laplander	1
lap	1
languish	1
lands	1
landlord	1
landed	1
lancelot	1
lance	1
lamps	1
lamentations	1
lamentation	1
lago	1
lagging	1
lading	1
lad	1
laced.smon	1
labyrinths	1
laboratory	1
l.v	1
koscari	1
knowest	1
know'st	1
knotty	1
knocks	1
knewest	1
knell	1
knee	1
kissing	1
kisses	1
kissed	1
kingly	1
kindness	1
kindling	1
kindles	1
kindled	1
killed	1
keys	1
keeps	1
keeping	1
keep	1
juts	1
justle	1
jura	1
jung	1
juliet	1
jugurtha	1
jugglers	1
judgments	1
journeys	1
journal	1
jorasse	1
jokasse	1
johnson	1
jocund	1
jimius	1
jewelled	1
jewel	1
jew	1
jet	1
jests	1
jessica	1
jealousy	1
jealous	1
jasmine	1
jar	1
jacob	1
ivy	1
ith	1
it.'•	1
istria	1
islet	1
isle	1
islands	1
isidore	1
isabel	1
irresistible	1
inward	1
invoke	1
inviolate	1
invested	1
intrude	1
intrigue	1
intolerable	1
interwoven	1
intervals	1
interpreters	1
interpreter	1
interminable	1
interests	1
interest	1
intercourse	1
instrument	1
instruct	1
institutions	1
instinct	1
instead	1
inspiring	1
inspirations	1
inspiration	1
insensible	1
inscribing	1
inquiring	1
inquired	1
innocently	1
innocence	1
inmost	1
inkhorn	1
ink	1
injurious	1
inhospitable	1
inheritance	1
inhale	1
inhabit	1
ingenti	1
informs	1
inflicts	1
infidel	1
infernal	1
infection	1
infancy	1
infamy	1
infallible	1
indulgent	1
indulged	1
individual	1
indian	1
india	1
indestructible	1
indelible	1
incur	1
incredulous	1
incredible	1
incessantly	1
inanimate	1
inaccessible	1
impulses	1
improve	1
impromptu	1
imprinted	1
imprimis	1
impressions	1
imploring	1
implores	1
implore	1
imperceptibly	1
impatient	1
impart	1
image	1
illusions	1
illusion	1
illumining	1
illumined	1
illumine	1
illuminating	1
ilex	1
il	1
ignominiously	1
idol	1
ideas	1
ida	1
hyacinth	1
hut	1
husbands	1
husbandman	1
husband	1
hurt	1
hurried	1
hurricane	1
hurling	1
hurharons	1
huntsman	1
hungry	1
hungering	1
hungered	1
hunger	1
humming	1
humility	1
hubert	1
hubbub	1
hrekhorn	1
howls	1
howling	1
howled	1
howl	1
housing	1
houses	1
housed	1
hosts	1
horses	1
horseman	1
horror	1
horoscope	1
horatii	1
horace	1
hoots	1
hoofs	1
hooded	1
honours	1
honoured	1
honey	1
homilies	1
homestall	1
homeliest	1
homage	1
holster	1
hollowed	1
hollow	1
holily	1
hoarse	1
history	1
historian	1
hiss	1
hilt	1
hillside	1
highly	1
highland	1
hiding-place	1
hideous	1
hidden	1
heyday	1
hew	1
heron	1
heroes	1
hermits	1
hermitage	1
hereditary	1
herb	1
henceforward	1
henceforth	1
helping	1
heirs	1
heirloom	1
heir	1
heights	1
heightened	1
height	1
heifer	1
hebe	1
heavily	1
heavens	1
heaved	1
heather	1
hearthstone	1
heartfelt	1
hearers	1
hearer	1
heap	1
healing	1
heads	1
headlong	1
headland	1
headed	1
hawks	1
hawk	1
haughty	1
hasten	1
harvests	1
harvest	1
harmonies	1
harlequin	1
hare	1
harbour	1
harangued	1
happiness	1
happily	1
happier	1
handy	1
halts	1
halt	1
hairy	1
hairbreadth	1
habit	1
gypsy	1
gusts	1
gushing	1
guitar	1
guirlandine	1
guiltless	1
guile	1
guiding	1
guided	1
guarini	1
guardhouse	1
grows	1
growing	1
grow	1
group	1
grorro	1
groan	1
grizzly	1
griffoni	1
greeted	1
greensward	1
greeks	1
greave	1
graver	1
gravely	1
grated	1
grassy	1
grasp	1
grape	1
granted	1
granite	1
grande	1
grandam	1
grand	1
granaries	1
grafting	1
gown	1
governments	1
governed	1
gouty	1
gourd	1
gothic	1
gossip	1
gossamer	1
gore	1
goodwill	1
gonfalon	1
gondoletta	1
goldsmith	1
golcond	1
godfrey	1
goatherd	1
gnawing	1
gnaw	1
gnat	1
glowworm	1
glow	1
gloves	1
glove	1
gloomy	1
globe	1
glitters	1
glittered	1
glistering	1
glimpses	1
glimmerings	1
glide	1
glazed	1
glares	1
glare	1
glancing	1
gladness	1
gladdened	1
glad	1
glacier	1
girls	1
girding	1
gingled	1
gilt	1
gilded	1
gibbon	1
gibbetted	1
giants	1
gianetta	1
ghosts	1
ghostly	1
ghost	1
gherardi	1
ghastly	1
ghastliness	1
georgia	1
gentlest	1
genii	1
geneva	1
genev	1
generals	1
gemini	1
geiffoni	1
gcographicus	1
gavest	1
gaunt	1
gauls	1
gathers	1
gaspar	1
garzja	1
garz1a	1
garrick	1
garlands	1
garigliano	1
garden	1
garda	1
gaping	1
gap	1
galliot	1
galling	1
galley	1
gall	1
galen	1
gainst	1
gaining	1
gagged	1
gaeta	1
gadding	1
gabriel	1
gaberdine	1
ga.rzia	1
g	1
futurity	1
furrowed	1
fun	1
fumed	1
fulmined	1
fulgent	1
fulfilling	1
fronts	1
friuli	1
friezes	1
frieze	1
fretted	1
freshness	1
fresher	1
frenzy	1
french	1
freights	1
freighted	1
freezing	1
freedom	1
frankincense	1
franco	1
frailty	1
fragment	1
fox	1
fourscore	1
foundiition	1
fortunate	1
fortress	1
fort	1
forsake	1
forming	1
formed	1
form	1
forked	1
forgiveness	1
forgive	1
forgetfulness	1
forge	1
forgave	1
forfeit	1
ford	1
forcing	1
force	1
food	1
font	1
fondly	1
fond	1
follies	1
folds	1
folded	1
fold	1
foftnt	1
foes	1
foaming	1
fluted	1
flute	1
flowing	1
floweret	1
flow	1
flourishing	1
flourish	1
floretta	1
florentine	1
floods	1
flocks	1
floats	1
flits	1
flings	1
flickering	1
fleeting	1
flattered	1
flasks	1
flapped	1
flanks	1
flanked	1
flames	1
flagon	1
flag	1
fishers	1
firefly	1
fins	1
fineid	1
final	1
fills	1
fill	1
filippo	1
files	1
file	1
figure	1
fight	1
fig	1
fifteenth	1
fiesole	1
fiesco	1
fierceness	1
fi-om	1
fetch	1
festoons	1
fester	1
ferryboat	1
ferry	1
fero	1
ferney	1
fern	1
fence	1
feluca	1
fellow-travellers	1
felix	1
feignings	1
fees	1
feels	1
feeling	1
feeding	1
features	1
feature	1
feather	1
feasts	1
feasted	1
fearlessly	1
fearless	1
favourite	1
fathoms	1
fatherly	1
fatherless	1
fastnesses	1
faster	1
fastening	1
fastened	1
fashion	1
fascination	1
farther	1
fantc	1
fantastical	1
fangs	1
fancies	1
fan	1
famous	1
familiars	1
familiarly	1
familiarise	1
familiar	1
faltering	1
faltered	1
falika	1
falconer	1
falcon	1
falchion	1
faithful	1
fairyland	1
fairs	1
faintest	1
fainter	1
fails	1
failing	1
faggot	1
fade	1
fabricii	1
fabled	1
ezzelin	1
eyeless	1
eyeballs	1
exults	1
exulting	1
extremity	1
extremes	1
extends	1
extending	1
extended	1
exquisite	1
express	1
exposes	1
explores	1
explaining	1
explained	1
experience	1
expanse	1
exist	1
exiled	1
exhausted	1
exhale	1
exhalation	1
exertion	1
execution	1
excuse	1
exclaims	1
excites	1
exchanged	1
exchange	1
excessive	1
excellent	1
example	1
examination	1
exalts	1
exalted	1
exalt	1
exacts	1
ex	1
evidence	1
evermore	1
events	1
eventful	1
evander	1
euxine	1
europe	1
eternally	1
eternal	1
esteem	1
espied	1
escapes	1
erminia	1
ermine	1
eremo	1
erected	1
erect	1
era	1
ep	1
entranced	1
enthusiasm	1
enterest	1
enmity	1
enlarging	1
english	1
engines	1
enemies	1
ends	1
endowed	1
ending	1
ended	1
endears	1
end	1
enchantress	1
enchanting	1
enamoured	1
enamelled	1
enacting	1
emulates	1
emptiness	1
empire	1
emphasis	1
emperors	1
emperor	1
emfedocles	1
emerged	1
embrace	1
embowered	1
embossed	1
emboldened	1
emblazonry	1
emblazoned	1
embers	1
embassies	1
embarks	1
elsewhere	1
eloquence	1
elephant	1
eleanor	1
eldest	1
eight	1
ei.eonora	1
ei	1
egyptian	1
effort	1
effigy	1
efficacy	1
edward	1
eden	1
eccentric	1
eaten	1
eat	1
easy	1
eastward	1
easily	1
easier	1
ease	1
earths	1
earn	1
earlier	1
eager	1
dwellings	1
dweller	1
dungeons	1
dun	1
dryden	1
drugged	1
drowning	1
drown	1
dross	1
dromedary	1
driver	1
driven	1
dripping	1
drinking	1
drifts	1
drifting	1
dresses	1
dre	1
drank	1
drance	1
drags	1
dowry	1
dove	1
doubling	1
doubled	1
double	1
dotted	1
dorian	1
dora	1
donna	1
donati	1
don't	1
don	1
domeniciuno	1
dolphins	1
doiua	1
dog	1
doffing	1
doer	1
doctors	1
divides	1
divided	1
distrust	1
distinguishable	1
distinction	1
distance	1
distaff	1
dissolved	1
dissolve	1
dissipated	1
disprove	1
disporting	1
displeasure	1
displays	1
displaying	1
dispenses	1
dismounting	1
dismiss	1
dismembered	1
dislodge	1
dishevelled	1
disguise	1
disdain	1
discussing	1
discovery	1
discovers	1
discoverest	1
disconsolate	1
disclose	1
discerning	1
disc	1
disburdening	1
disastrous	1
dirge	1
directed	1
direct	1
dipping	1
dioscorides	1
dinnerless	1
dinner	1
dingy	1
dine	1
dimpled	1
dimly	1
dim	1
diligent	1
digs	1
diffuses	1
diffused	1
diet	1
dies	1
dictators	1
dictate	1
diamond	1
dialogue	1
diadem	1
dews	1
devoutly	1
deviate	1
determined	1
detects	1
detecting	1
destruction	1
destitute	1
destiny	1
destinies	1
despises	1
desk	1
desire	1
deserved	1
deserve	1
deserted	1
description	1
described	1
describe	1
deri	1
depths	1
deposited	1
deposed	1
depended	1
departing	1
denotes	1
demeanour	1
demand	1
delivering	1
deliverer	1
deliverance	1
delights	1
delighting	1
delightfully	1
deliciously	1
delayed	1
del	1
defy	1
defence	1
deepest	1
deeper	1
deemed	1
decrepitude	1
decree	1
decorum	1
declined	1
decline	1
declaring	1
declares	1
decks	1
decii	1
decide	1
debtors	1
deathlike	1
dearly	1
dear	1
dealings	1
dealing	1
deafening	1
deaf	1
deadlier	1
dazzlingly	1
dazzles	1
datevi	1
darling	1
darksome	1
daring	1
darest	1
dares	1
dare	1
dar'stnot	1
dappled	1
danube	1
dandolo	1
dancers	1
damsels	1
damsel	1
dames	1
damascus	1
d'aosta	1
d	1
czar	1
cypriot	1
cypresses	1
cutting	1
cutters	1
customs	1
curule	1
cursing	1
curses	1
curling	1
cures	1
cure	1
curb	1
cups	1
cumbrous	1
cumbering	1
cultured	1
culture	1
cultivated	1
cujlsean	1
cud	1
ctwas	1
cssar	1
crystals	1
crystalline	1
crystal	1
crypt	1
crutches	1
crush	1
crumbling	1
cruise	1
cruelly	1
crucifix	1
crowns	1
crowding	1
crossway	1
crossbow	1
crone	1
croix	1
cristixe	1
crisis	1
criminal	1
crimes	1
crier	1
cricket	1
crevice	1
crescent	1
credulous	1
creatures	1
crazed	1
crawled	1
crassus	1
crampons	1
craft	1
cradle	1
cr	1
cozening	1
cowl	1
cowering	1
covet	1
covert	1
cover	1
courtesies	1
courteous	1
courser	1
courier	1
counts	1
countless	1
counting	1
countess	1
counterfeit	1
countenance	1
council	1
couches	1
couch	1
costs	1
cost	1
coryate	1
corsairs	1
corridors	1
corridor	1
correct	1
coronet	1
cornice	1
cork	1
core	1
cordial	1
copse	1
coppet	1
cooler	1
convicted	1
conveyed	1
converses	1
conversed	1
convents	1
control	1
contributing	1
contributed	1
contrast	1
contradictory	1
contracting	1
continues	1
continue	1
continual	1
contending	1
contend	1
contempt	1
contained	1
consuming	1
consulted	1
consultation	1
consult	1
consuls	1
consoled	1
considerate	1
consented	1
consecration	1
consecrate	1
consciousness	1
conquests	1
conquerors	1
conquered	1
conquer	1
conning	1
conjure	1
congratulation	1
confused	1
confident	1
confessions	1
confessional	1
confessing	1
conducted	1
conduct	1
condemnation	1
conclusion	1
conclude	1
concert	1
conceals	1
comrade	1
complete	1
compassion	1
compassed	1
compass	1
compare	1
companions	1
community	1
communicate	1
commonly	1
comest	1
combing	1
combat	1
column	1
colourless	1
colour	1
collars	1
coldly	1
coldest	1
coins	1
coiled	1
coeval	1
coats	1
coasts	1
coasting	1
coal	1
clustered	1
clropt	1
cloudy	1
cloudless	1
clouded	1
clothes	1
closely	1
cloaks	1
clings	1
cling	1
climes	1
climbs	1
cleopatra	1
clenched	1
cleft	1
clearing	1
clatters	1
clattering	1
classical	1
clasped	1
clash	1
clarens	1
clanks	1
clanked	1
clang	1
clamours	1
clairviux	1
claimed	1
civilised	1
citron	1
cities	1
citadel	1
cistus	1
circumstances	1
circumstance	1
circular	1
circling	1
circled	1
circle	1
circassia	1
cincinnatus	1
cimabue	1
cielo	1
cicerone	1
cic	1
churches	1
christmas	1
chosen	1
chose	1
chord	1
choral	1
choose	1
chiselled	1
chirped	1
chinks	1
chimes	1
chillon	1
chill	1
childhood	1
chewing	1
chestnut	1
cherished	1
cheerless	1
checks	1
check	1
cheaply	1
chatterton	1
chateaux	1
chastising	1
chaste	1
chasse	1
chasing	1
chartreuse	1
chartreuoe	1
charring	1
charlemain	1
chariot	1
characters	1
chanting	1
chanticleer	1
channels	1
channelled	1
chanced	1
champions	1
champing	1
champain	1
chamois	1
chameleon	1
chalet	1
chairs	1
chaining	1
chained	1
chafe	1
cerreto	1
ceremony	1
cerecloth	1
century	1
cemetery	1
cells	1
celestial	1
celebrate	1
ceiling	1
cavity	1
caves	1
cava	1
cause	1
cauldron	1
catullus	1
cattle	1
cato	1
cathay	1
cataracts	1
cataract	1
catalogue	1
casual	1
casts	1
cassino	1
casque	1
caskets	1
cask	1
casinos	1
cashmere	1
casement	1
carving	1
carved	1
carthaginian	1
cars	1
carriage	1
carrara	1
carracci	1
carpets	1
caro	1
carnival	1
carmagnola	1
caressed	1
careering	1
cardinal	1
caravaggio	1
capua	1
captain	1
capt	1
capreac	1
capitoline	1
capitals	1
capes	1
capello	1
cape	1
canzonet	1
cantons	1
canova	1
canopy	1
canon	1
candia	1
canal	1
campania	1
camp	1
camest	1
camels	1
calvo	1
caliphs	1
caldron	1
calamities	1
calabrian	1
caitiffs	1
cairo	1
cai'ano	1
cage	1
cafilaf	1
caesars	1
caduto	1
cabul	1
c6te	1
byword	1
byron	1
buttresses	1
butterfly	1
butler	1
bustle	1
bursts	1
burr	1
burnished	1
buries	1
burdened	1
bunch	1
bulrushes	1
bud	1
buckling	1
buckler	1
bucket	1
bucentaur	1
brushing	1
brunt	1
bruno	1
bruising	1
brought	1
brotherly	1
brotherhood	1
broods	1
broil	1
broiders	1
broidered	1
brocade	1
brim	1
brightest	1
brightening	1
brigantine	1
briefly	1
bridle	1
bridges	1
bridged	1
brewed	1
brenta	1
breathless	1
breastplates	1
breakers	1
brazen	1
braving	1
bravest	1
bravery	1
bravely	1
braved	1
brava	1
brand	1
branching	1
braid	1
boyish	1
boy*	1
box	1
bowers	1
bowed	1
bow	1
bounty	1
boundaries	1
bought	1
boughs	1
bough	1
boot	1
bonnets	1
bones	1
bone	1
boils	1
bocx'accio	1
boccaccio	1
boats	1
boast	1
boar	1
blusters	1
blustering	1
blown	1
blowing	1
blow	1
blotted	1
blots	1
blooming	1
bloom	1
bloody	1
bloodless	1
bloodhounds	1
block	1
blasted	1
blanc	1
blameless	1
blacker	1
bitterly	1
birthday	1
bionnay	1
biondina	1
binding	1
billows	1
bill	1
bigotry	1
big	1
bids	1
bid	1
besought	1
beseeching	1
bernard	1
bergamo	1
ber	1
benevolent	1
benevolence	1
benacus.*	1
belted	1
belong	1
bellaggio	1
believing	1
belfry	1
bel	1
beings	1
beholds	1
beholders	1
behalf	1
beh.nahu	1
begun	1
beguiling	1
beguiles	1
beguile	1
begin	1
beg	1
befallen	1
beetling	1
beech	1
because	1
beat	1
bears	1
beards	1
beard	1
beaks	1
beagles	1
bead	1
bbe	1
bazaar	1
baying	1
baubles	1
bauble	1
battista	1
baths	1
bathed	1
bath	1
basking	1
baskets	1
basket	1
basilisk	1
basilico	1
basilicas	1
base	1
bars	1
barriers	1
barrier	1
barren	1
barons	1
baron	1
barge	1
bardi	1
bard	1
barbarossa	1
barbaro	1
barbaric	1
baptistery	1
banners	1
banishment	1
banished	1
banish	1
banditti	1
balmy	1
bale	1
balcony	1
balance	1
bags	1
badge	1
babes	1
babbling	1
azoph	1
axis	1
awing	1
awestruck	1
awaking	1
awakes	1
awakening	1
awaken	1
awaiting	1
awaited	1
avoid	1
averred	1
aver	1
avenues	1
avenger	1
avalanche	1
avail	1
authentic	1
austrian	1
aurora	1
attractive	1
attract	1
attiring	1
attila	1
attended	1
atoned	1
atone	1
atom	1
atheiueus	1
asunder	1
astronomer	1
astray	1
assuredly	1
assured	1
assume	1
assist	1
assigned	1
assembles	1
assault	1
assail	1
asp	1
asks	1
aside	1
ascribed	1
ascent	1
ascends	1
artuon	1
arts	1
artless	1
artist	1
artisan	1
articulate	1
article	1
arsenal	1
arrow	1
arrogant	1
arrives	1
arrive	1
arras	1
arrange	1
arqua	1
arose	1
armoury	1
armour	1
armida	1
arlecchino	1
arising	1
arise	1
aright	1
arid	1
aricia	1
arguing	1
argued	1
argosies	1
arezzo	1
arcs	1
architectural	1
architects	1
architect	1
arches	1
archangel	1
arcetri	1
arc	1
ararat	1
araby	1
arabian	1
arabesque	1
arab	1
aqueducts	1
apron	1
april	1
approaching	1
approaches	1
approach	1
appointed	1
appian	1
appetite	1
appearing	1
appearance	1
apparel	1
apostolic	1
apostle	1
apennines	1
anything	1
anxiously	1
anxiety	1
antony	1
antlers	1
anthem	1
antagonist	1
anselm	1
ano	1
announcing	1
announced	1
announce	1
annihilate	1
annibal	1
annecy	1
annals	1
anio	1
animate	1
angling	1
angels	1
angelical	1
angehts	1
andclouds	1
ancora	1
ancestor	1
amuses	1
amusement	1
amulet	1
amply	1
amphitheatre	1
amore	1
amiss	1
amis	1
amidst	1
amethyst	1
ambuscade	1
ambitious	1
ambition	1
amber	1
aloe	1
allied	1
alliances	1
allegiance	1
alighting	1
algiers	1
alexandria	1
alert	1
alburnus	1
alarming	1
alarmed	1
alaric	1
aladdin	1
alabaster	1
ajar	1
aisles	1
airs	1
aims	1
aim	1
aguish	1
aghast	1
aggravate	1
afloat	1
afflicted	1
affections	1
affect	1
afar	1
aether	1
advice	1
adventurous	1
adventurer	1
adventure	1
advantage	1
advancing	1
advanced	1
advance	1
adrianum	1
admiring	1
adjusting	1
addressing	1
addresses	1
address	1
action	1
acted	1
acquired	1
acquainted	1
acorn	1
acknowledging	1
acknowledge	1
achievement	1
achieved	1
accuser	1
accuse	1
accurately	1
accumulated	1
account	1
accosted	1
according	1
accomplished	1
acclamation	1
accidents	1
accent	1
abydos	1
abstinence	1
absolute	1
absent	1
abruptly	1
ably	1
abide	1
abbess	1
abate	1
abacus	1
\\	1
?"	1
>	1
<lieam	1
<,	1
1'1	1
..-.-.-	1
.)•	1
.(•	1
';	1
'.	1
",	1
"'	1
!')	1
