,	1454
the	887
and	640
.	420
of	320
a	312
in	289
to	243
i	238
—	219
"	196
with	175
you	173
;	160
that	155
it	153
?	144
his	141
my	134
he	133
is	110
|'s|	106
:	101
as	99
was	93
!	89
from	88
for	87
not	80
but	78
its	73
so	72
at	72
they	71
she	70
on	70
me	70
your	69
their	68
|arabic2digit|	66
her	65
there	62
then	62
will	59
are	57
all	56
them	54
one	54
him	52
were	51
have	51
when	50
by	50
be	50
or	48
like	48
where	44
this	44
no	43
know	43
if	42
see	41
what	40
we	40
can	40
light	39
."	39
'	39
yet	38
had	38
go	38
who	37
shall	36
love	35
whose	34
white	33
say	33
now	33
eyes	33
dark	33
sweet	32
night	32
through	31
little	31
dead	31
ah	31
still	30
some	30
never	30
look	29
how	29
has	29
away	29
old	28
may	28
let	28
again	27
once	26
far	26
do	26
beautiful	25
air	25
too	24
out	24
last	24
flowers	24
(	24
|arabic3digit|	23
would	23
said	23
rose	22
must	22
bloom	22
an	22
world	21
well	21
hair	21
things	20
should	20
saw	20
own	20
other	20
only	20
golden	20
fair	20
dust	20
dim	20
while	19
us	19
up	19
our	19
music	19
mine	19
long	19
into	19
hand	19
great	19
could	19
thought	18
sun	18
sky	18
red	18
nor	18
heart	18
half	18
did	18
close	18
brother	18
?"	18
which	17
over	17
more	17
many	17
bird	17
below	17
years	16
wings	16
wild	16
wear	16
way	16
thy	16
think	16
pretty	16
oh	16
grew	16
gone	16
dew	16
come	16
before	16
two	15
thou	15
these	15
tears	15
silence	15
life	15
land	15
hear	15
face	15
each	15
calm	15
about	15
very	14
upon	14
under	14
thee	14
than	14
summer	14
stars	14
sometimes	14
slow	14
sea	14
place	14
man	14
made	14
here	14
hands	14
find	14
dream	14
alone	14
across	14
why	13
those	13
take	13
such	13
soul	13
small	13
passed	13
moon	13
loved	13
looked	13
god	13
feet	13
fairy	13
down	13
death	13
day	13
came	13
bright	13
blue	13
against	13
year	12
though	12
tell	12
stay	12
shadow	12
rich	12
morning	12
men	12
lost	12
hugh	12
heard	12
glory	12
give	12
gave	12
does	12
child	12
buds	12
|arabic1digit|	11
wide	11
wet	11
thing	11
strange	11
star	11
spring	11
something	11
snow	11
skies	11
shining	11
quite	11
quiet	11
play	11
off	11
moan	11
left	11
lay	11
keep	11
just	11
hold	11
grey	11
grass	11
full	11
fell	11
cold	11
been	11
beauty	11
after	11
yes	10
wind	10
tremulous	10
smile	10
roses	10
new	10
near	10
memory	10
lovely	10
leaves	10
fire	10
faded	10
dove	10
cry	10
breast	10
blossom	10
birds	10
around	10
among	10
am	10
above	10
)	10
young	9
tree	9
toward	9
time	9
till	9
stone	9
rise	9
rain	9
perhaps	9
much	9
mother	9
make	9
low	9
kiss	9
heaven	9
gold	9
fly	9
flower	9
dropped	9
bosom	9
black	9
afar	9
words	8
woman	8
winds	8
today	8
timid	8
thine	8
strength	8
story	8
stood	8
sleep	8
showed	8
shadowy	8
seems	8
seemed	8
scar	8
ring	8
poor	8
name	8
looks	8
lighted	8
knew	8
home	8
held	8
flushed	8
fierce	8
fear	8
fall	8
dreams	8
deep	8
darkness	8
clear	8
children	8
charm	8
call	8
breath	8
blood	8
because	8
any	8
angel	8
|arabic5+digit|	7
wound	7
wore	7
wait	7
tried	7
trees	7
song	7
singing	7
sing	7
sight	7
shut	7
show	7
shook	7
shine	7
shadows	7
seen	7
sand	7
rest	7
read	7
pass	7
pain	7
o	7
mountain	7
lilies	7
lies	7
high	7
hide	7
glitter	7
fancy	7
evening	7
empty	7
earth	7
dear	7
broken	7
boy	7
blush	7
awful	7
!)	7
•	6
yellow	6
woods	6
wonder	6
withered	6
wedding	6
watch	6
warm	6
want	6
voice	6
violets	6
vanished	6
vain	6
twilight	6
touch	6
took	6
told	6
thorns	6
sword	6
sounds	6
sound	6
sorrow	6
somewhere	6
snowy	6
sleeps	6
shapes	6
seem	6
room	6
risen	6
right	6
phantom	6
people	6
past	6
part	6
pale	6
next	6
names	6
most	6
mist	6
meet	6
lying	6
loves	6
lover	6
loose	6
lonesome	6
ll	6
lips	6
lie	6
late	6
jewels	6
hours	6
hill	6
grow	6
grave	6
grace	6
gorgeous	6
gloom	6
glare	6
girl	6
ghastly	6
frederick	6
found	6
flew	6
ever	6
dying	6
dry	6
dreamy	6
doubt	6
distance	6
died	6
die	6
darling	6
crown	6
butterflies	6
brow	6
brier	6
bride	6
blow	6
blossoms	6
bitter	6
beside	6
band	6
back	6
ask	6
arms	6
ago	6
[	6
wrong	5
worn	5
without	5
wish	5
wing	5
window	5
whispered	5
went	5
weird	5
walked	5
vague	5
used	5
turned	5
touched	5
tired	5
tender	5
storm	5
step	5
south	5
soon	5
snake	5
since	5
seas	5
sad	5
river	5
restless	5
real	5
put	5
pleasant	5
playing	5
pictures	5
path	5
pallid	5
nt	5
moons	5
might	5
met	5
mean	5
lights	5
lightning	5
leave	5
leaned	5
hush	5
holy	5
hills	5
hearts	5
head	5
haunted	5
glimmering	5
glad	5
ghost	5
gathered	5
first	5
few	5
felt	5
feel	5
falling	5
fallen	5
eyed	5
early	5
dress	5
door	5
done	5
cruel	5
crowd	5
cross	5
cries	5
crept	5
clouds	5
care	5
bud	5
brought	5
broke	5
blown	5
between	5
beneath	5
behind	5
beggars	5
baby	5
answered	5
along	5
.)	5
-	5
yearning	4
xo	4
wounded	4
whole	4
whispering	4
waves	4
waters	4
wandering	4
walk	4
vision	4
vanity	4
truth	4
true	4
tropic	4
tonight	4
throne	4
terrible	4
tenderness	4
tenderly	4
talked	4
surely	4
suns	4
sudden	4
strong	4
stockings	4
stillness	4
stand	4
splendour	4
solemn	4
soft	4
slowly	4
sleepy	4
sister	4
shot	4
shells	4
sharp	4
scarlet	4
president	4
pray	4
power	4
plumes	4
please	4
played	4
plain	4
places	4
pallor	4
older	4
nigh	4
myself	4
mute	4
move	4
moaned	4
mirror	4
mind	4
lonely	4
lip	4
lily	4
lightnings	4
less	4
leaving	4
lady	4
kissed	4
kind	4
keeps	4
image	4
im	4
i've	4
human	4
himself	4
hid	4
heavily	4
hat	4
handsome	4
ground	4
grief	4
goodbye	4
good	4
goes	4
glooms	4
ghosts	4
get	4
fruit	4
forget	4
followed	4
folded	4
fluttered	4
fight	4
father	4
fate	4
fast	4
familiar	4
faith	4
faint	4
fade	4
faces	4
every	4
even	4
enchanted	4
else	4
eagle	4
drops	4
drop	4
drifted	4
dreary	4
divine	4
dimpled	4
dimness	4
desert	4
delicate	4
darker	4
crimson	4
crescent	4
coming	4
coffin	4
cloud	4
buried	4
brown	4
both	4
born	4
blossoming	4
blooms	4
blind	4
blew	4
bells	4
bed	4
beat	4
battle	4
awake	4
asleep	4
art	4
angels	4
always	4
afraid	4
!"	4
youth	3
yours	3
you'll	3
yesterday	3
wrought	3
worlds	3
word	3
women	3
woke	3
within	3
winged	3
whirled	3
watching	3
watched	3
waits	3
waiting	3
voices	3
vaguely	3
until	3
understand	3
twin	3
trouble	3
triumph	3
trembling	3
toys	3
tomorrow	3
three	3
thorn	3
thistles	3
thin	3
they're	3
tall	3
talk	3
t	3
swift	3
sweetly	3
sweeter	3
sunny	3
sullen	3
suddenly	3
subtle	3
struck	3
storms	3
stirred	3
started	3
start	3
stare	3
stands	3
stained	3
spirit	3
speak	3
space	3
souls	3
songs	3
somehow	3
soldier	3
smiled	3
slight	3
sigh	3
side	3
shore	3
ship	3
shed	3
share	3
selves	3
secret	3
says	3
save	3
sadder	3
rooms	3
roof	3
rocks	3
remembered	3
remember	3
raised	3
rainbow	3
radiant	3
quick	3
pure	3
prison	3
pride	3
pressed	3
presence	3
precious	3
powers	3
poison	3
plumage	3
picture	3
phantoms	3
perfume	3
peace	3
paths	3
passions	3
passionate	3
papa	3
painted	3
outer	3
odours	3
none	3
narrow	3
mourning	3
moss	3
mock	3
matter	3
marble	3
mamma	3
makes	3
lone	3
listen	3
letter	3
least	3
leaf	3
laugh	3
languid	3
lamps	3
lamb	3
knows	3
known	3
kings	3
king	3
kate	3
june	3
joy	3
jewel'd	3
italian	3
instant	3
infinite	3
images	3
hushed	3
house	3
hour	3
horse	3
higher	3
hidden	3
heavy	3
happy	3
guess	3
graveyard	3
graves	3
goodnight	3
glittering	3
glance	3
giant	3
gentle	3
general	3
future	3
frown	3
frightened	3
free	3
forgetting	3
forever	3
foreign	3
flying	3
fluttering	3
flowering	3
flashed	3
flame	3
flag	3
fires	3
fine	3
fiery	3
fiercer	3
faithful	3
f	3
everywhere	3
ere	3
end	3
echoes	3
dusk	3
dropping	3
dreaming	3
dreadful	3
dread	3
doves	3
distant	3
dimly	3
desperate	3
deserted	3
darkly	3
damp	3
dainty	3
cut	3
crowded	3
cried	3
crawl	3
comes	3
closer	3
climb	3
clasped	3
christ	3
cherry	3
charmed	3
changed	3
cast	3
captain	3
brighter	3
book	3
boat	3
blinded	3
blasted	3
better	3
began	3
bees	3
bee	3
bear	3
asters	3
armies	3
arm	3
apart	3
anywhere	3
another	3
angry	3
almost	3
|romannumeral|	2
|arabic4digit|	2
youthful	2
younger	2
wreck	2
wrath	2
wrapped	2
worse	2
worm	2
work	2
wordless	2
woodland	2
woe	2
wives	2
wine	2
windows	2
win	2
whitest	2
whiter	2
whisper	2
whether	2
whatever	2
weep	2
weary	2
ways	2
water	2
watcher	2
wast	2
wars	2
war	2
wanted	2
wander	2
wan	2
wakes	2
wake	2
waited	2
wails	2
victor	2
veiled	2
veil	2
ve	2
vast	2
vases	2
varied	2
vainly	2
vacant	2
upper	2
unknown	2
twilights	2
try	2
traitor	2
trailing	2
trail	2
tragedy	2
tore	2
together	2
tis	2
timidly	2
times	2
tide	2
thus	2
thunder	2
throws	2
throng	2
threw	2
threatens	2
thousand	2
thinks	2
thinking	2
th	2
terror	2
tearful	2
tales	2
swells	2
sweetness	2
sweetest	2
sweep	2
surprise	2
sunshine	2
sunrise	2
sung	2
strike	2
strife	2
streets	2
stream	2
stranger	2
strain	2
stormy	2
stopped	2
stop	2
stones	2
stole	2
stepmother	2
steel	2
starving	2
stared	2
staggered	2
staff	2
st	2
springs	2
spread	2
spray	2
spices	2
spice	2
sphere	2
spaces	2
somebody	2
sobbing	2
snakelike	2
smiling	2
slumber	2
sleeping	2
sleeper	2
sit	2
sinking	2
single	2
sin	2
silks	2
sights	2
sighs	2
sighed	2
shows	2
shorn	2
shoe	2
ships	2
shell	2
shaped	2
shalt	2
shake	2
settled	2
seeming	2
seed	2
sceptre	2
scented	2
scenes	2
scene	2
scattered	2
scarred	2
sat	2
same	2
sake	2
saint	2
sails	2
safe	2
saddest	2
sacred	2
ruin	2
rolled	2
rocky	2
rock	2
rival	2
rising	2
richer	2
rhymes	2
reverence	2
reproof	2
refuse	2
rebels	2
reach	2
rays	2
rained	2
ragged	2
queer	2
queens	2
purple	2
puppet	2
proudly	2
proud	2
promise	2
prisoner	2
prettily	2
prettier	2
posters	2
poets	2
plume	2
pleased	2
planned	2
piteous	2
pet	2
pearls	2
parlour	2
paradise	2
palpable	2
palms	2
palestine	2
paleness	2
others	2
oppressed	2
olive	2
often	2
nothing	2
north	2
newer	2
nestled	2
need	2
nearer	2
naughty	2
nature	2
mystery	2
myrrh	2
moving	2
mouth	2
mouldering	2
mothers	2
mists	2
mistiness	2
miss	2
mirth	2
mile	2
mighty	2
mid	2
melt	2
melodies	2
means	2
mark	2
marching	2
march	2
madam	2
mad	2
ma'am	2
m	2
lyre	2
lotus	2
lose	2
lord	2
loosed	2
looking	2
loneliness	2
locked	2
living	2
lingering	2
lift	2
lid	2
length	2
legend	2
learned	2
lamp	2
lambs	2
laces	2
kissing	2
kingly	2
kingdom	2
kill	2
kentucky	2
july	2
it's	2
imperious	2
ill	2
hurt	2
hung	2
hiss	2
highest	2
hiding	2
herself	2
help	2
heat	2
hearing	2
heaps	2
heads	2
haunt	2
hateful	2
hate	2
hard	2
hail	2
guardian	2
grown	2
growing	2
grounds	2
green	2
grandeur	2
glows	2
glowed	2
glow	2
glimmers	2
glimmered	2
glimmer	2
glass	2
gladness	2
gigantic	2
gathering	2
furs	2
frost	2
frightens	2
friend	2
fresh	2
fred	2
frail	2
fountains	2
formed	2
forgotten	2
forgot	2
fold	2
flutter	2
flung	2
floor	2
floated	2
float	2
flash	2
flakes	2
fixed	2
fill	2
fellow	2
fed	2
fears	2
favourite	2
farewell	2
famine	2
fame	2
falls	2
fairily	2
fairest	2
fairer	2
faintly	2
fails	2
eyelids	2
eye	2
except	2
everything	2
enough	2
echoing	2
eager	2
dusty	2
dusky	2
dull	2
dripping	2
drink	2
drew	2
dresses	2
dressed	2
drag	2
doubtless	2
doors	2
doom	2
divinest	2
dies	2
despair	2
desolate	2
deeds	2
deadly	2
days	2
dawn	2
darlings	2
curse	2
crying	2
crumbling	2
crowned	2
crossed	2
creeps	2
creeping	2
creep	2
colours	2
coloured	2
coat	2
clothes	2
claim	2
christmas	2
chilled	2
childish	2
cheek	2
charming	2
chain	2
caught	2
careless	2
cannon	2
can't	2
calls	2
calling	2
called	2
buy	2
butterfly	2
burned	2
brothers	2
brightness	2
brief	2
bridal	2
breeze	2
breaking	2
break	2
boys	2
bowed	2
bosoms	2
books	2
blessing	2
bleat	2
blaze	2
blast	2
birthday	2
billows	2
beyond	2
bewildered	2
best	2
bent	2
begin	2
beats	2
beard	2
battles	2
bats	2
bare	2
ball	2
backward	2
awhile	2
aud	2
attire	2
asked	2
arise	2
april	2
apple	2
anything	2
admire	2
?)	2
.]	2
.,	2
.'"	2
•warm	1
•bare	1
•at	1
•'	1
»	1
zones	1
yourselves	1
yore	1
yonder	1
yon	1
ye	1
yawning	1
yard	1
xor	1
writhing	1
writhe	1
wretches	1
wretched	1
wretch	1
wrestling	1
wrest	1
wreathe	1
worshipped	1
wool	1
wood	1
wont	1
wondrous	1
wonders	1
wonderful	1
woehswobth	1
wizardry	1
witness	1
withering	1
wither	1
withcr'd	1
wishes	1
wished	1
wires	1
wins	1
winkle	1
windy	1
wilt	1
wilds	1
wife	1
whoso	1
whom	1
whither	1
whiten	1
whereon	1
wherefore	1
whence	1
wheels	1
western	1
west	1
were.frankly	1
weight	1
weighs	1
weedy	1
wee	1
wedded	1
weather	1
wears	1
wearily	1
wearies	1
wealth	1
weakness	1
we'll	1
wayward	1
wavering	1
waver'd	1
waver	1
wastes	1
wasted	1
waste	1
warn	1
warmth	1
warders	1
wandered	1
walls	1
wall	1
walking	1
wakened	1
waked	1
wail	1
w	1
visit	1
villainy	1
villain	1
view	1
victory	1
vexed	1
vex	1
vet	1
vest	1
vesper	1
verse	1
venice	1
venetian	1
velvets	1
veins	1
veils	1
vastness	1
vase	1
vapour	1
vanishing	1
van	1
valley	1
vail	1
va	1
utter	1
utmost	1
ush'd	1
use	1
uplifted	1
unwilling	1
unveiled	1
unstained	1
unsphered	1
unshorn	1
unshaped	1
unquiet	1
unless	1
unholy	1
unhappy	1
unfolding	1
unfold	1
undone	1
underneath	1
uncrowned	1
unconscious	1
unblown	1
unanswering	1
twins	1
twenty	1
twelve	1
twas	1
tune	1
trust	1
trumpets	1
troubled	1
tresses	1
tremble	1
treasures	1
treasure	1
traveller	1
tras	1
trampled	1
train	1
tradition	1
tower	1
tortured	1
torrid	1
torn	1
tone	1
tomb	1
tolled	1
tn	1
tliat	1
tiny	1
tinted	1
tilings	1
tiger	1
tie	1
throw	1
throb	1
thrilled	1
thrill	1
threshold	1
thousands	1
thoughts	1
thoses	1
thinned	1
thick	1
they'd	1
therefore	1
thank	1
tere	1
temper	1
tells	1
teimysous	1
teas	1
tearless	1
tearing	1
teardrops	1
tear	1
tea	1
tasted	1
task	1
tangles	1
tangled	1
tale	1
taking	1
system	1
swordless	1
swear	1
swarthy	1
suxrise	1
suspect	1
surer	1
sure	1
sunward	1
sunlight	1
sums	1
summoned	1
summers	1
sultana	1
suit	1
sugar	1
sufferings	1
suffered	1
suffer	1
submissive	1
sublime	1
stylish	1
strive	1
strings	1
string	1
stretches	1
stretched	1
street	1
streams	1
streaks	1
stray	1
straw	1
strangling	1
strangers	1
strand	1
straggled	1
stops	1
stir	1
stings	1
stiller	1
stifled	1
stiffen'd	1
steeple	1
steal	1
stead	1
stays	1
stayed	1
staves	1
statue	1
statesmen	1
stately	1
starved	1
startled	1
starlight	1
staring	1
standing	1
stamped	1
stair	1
stains	1
sprung	1
spoons	1
spoken	1
splendours	1
spite	1
spicy	1
spheres	1
spectral	1
sparkling	1
spark	1
spare	1
spaniard	1
sovereign	1
southward	1
southland	1
southern	1
sounding	1
sort	1
sorrowful	1
somewhat	1
solitary	1
soldiers	1
softly	1
sob	1
snowiness	1
snowdrops	1
snow-white	1
smothered	1
smoky	1
smoking	1
smitten	1
smites	1
slightly	1
slide	1
sleeve	1
sleepers	1
slaves	1
slave	1
skj>	1
six	1
sisters	1
sisteb	1
sinsrs	1
sinful	1
simple	1
silvery	1
silk	1
silent	1
signs	1
sick	1
sicilies	1
shy	1
shunned	1
shroud	1
shrink	1
shrine	1
shores	1
shoots	1
shoes	1
shivers	1
shivering	1
shiver	1
shines	1
shepherd	1
shawl	1
shattering	1
shattered	1
sharply	1
shame	1
shakes	1
shaken	1
shady	1
shade	1
shabby	1
seventh	1
setting	1
set	1
serving	1
serpent	1
sereneness	1
send	1
selfish	1
self	1
sees	1
seeru'd	1
seeks	1
seeds	1
seaside	1
searches	1
search	1
sculptor	1
scorn	1
scorch	1
scents	1
scenery	1
scars	1
scare	1
scarce	1
saved	1
savage	1
sashes	1
sash	1
sank	1
sands	1
salute	1
sakes	1
sailed	1
sail	1
sabbath	1
rustling	1
rusted	1
rust	1
royalty	1
row	1
route	1
rounds	1
round	1
rosily	1
rosiest	1
rosebud	1
root	1
robins	1
robin	1
robes	1
robed	1
roars	1
roar	1
road	1
rivals	1
rill	1
rider	1
richmond	1
riches	1
rhyme	1
reversed	1
reveil!6	1
returning	1
return	1
rested	1
resplendent	1
resist	1
resign	1
reptile	1
reproaches	1
reply	1
replied	1
removed	1
remorse	1
remains	1
remained	1
rejoicing	1
rejoice	1
reins	1
reign	1
regrets	1
regret	1
regiment	1
reels	1
reeling	1
receiving	1
recall	1
realms	1
reality	1
reached	1
re	1
rarer	1
raise	1
rainbows	1
radiance	1
race	1
quieted	1
questioner	1
question	1
quenchless	1
quench	1
queen	1
quaint	1
puts	1
purpose	1
pumpkins	1
proves	1
proved	1
prove	1
prize	1
prince	1
pretend	1
presidents	1
present	1
preacher	1
prayers	1
prayed	1
praised	1
praise	1
postor	1
portions	1
porch	1
poisons	1
poisoned	1
points	1
pointed	1
poet	1
poems	1
poem	1
plunged	1
pleiades	1
pleasures	1
pleasure	1
pleases	1
plaything	1
plays	1
play"d	1
plains	1
plaid	1
pla/d	1
pits	1
pitiless	1
pink	1
piece	1
piano	1
phantasm	1
petted	1
perished	1
perfumes	1
perfect	1
perchance	1
pensive	1
pencil	1
peddler	1
pebbles	1
pearly	1
pearl	1
passionless	1
passion	1
passing	1
parting	1
paris	1
palm	1
palaces	1
pacific	1
p	1
ozcz	1
owned	1
overthrown	1
overflow	1
outward	1
outstretching	1
outstay	1
ours	1
ought	1
orion	1
orient	1
orange	1
opened	1
open	1
onward	1
ones	1
oif	1
ohio	1
oft	1
office	1
offering	1
offered	1
oe	1
odorous	1
oath	1
nursing	1
nursery	1
nursed	1
number	1
nowhere	1
note	1
northern	1
noons	1
noises	1
noiseless	1
noise	1
nisrht	1
nile	1
nights	1
nightmare	1
nightingales	1
nestling	1
nested	1
neither	1
neglect	1
needs	1
needn't	1
nay	1
nations	1
nat	1
named	1
n	1
mystic	1
mysterious	1
myriad	1
mutters	1
muttered	1
mustard	1
murmurs	1
murmured	1
murmur	1
murder	1
moves	1
mouse	1
mournful	1
mourners	1
mouldy	1
motioning	1
motion'd	1
motion	1
mossy	1
mosses	1
mortals	1
mortality	1
mortal	1
mornixo	1
morn	1
moonshine	1
moonlighted	1
moods	1
month	1
money	1
monarch	1
mocked	1
moaning	1
misty	1
missed	1
mirage	1
miracle	1
mingle	1
milk	1
miles	1
mil	1
midnights	1
midnight	1
middle	1
midday	1
mexico	1
meteor	1
mercy	1
merchant	1
memnon	1
melody	1
measured	1
mdccclx	1
mates	1
master	1
mass	1
mary	1
marvellous	1
married	1
marked	1
marian	1
mantel	1
manly	1
main	1
mail'd	1
magic	1
madness	1
madly	1
lucifer	1
lu	1
loss	1
loop	1
longer	1
lonesomely	1
locks	1
loath	1
lives	1
listeth	1
listening	1
listened	1
lisping	1
lion	1
ling	1
likewise	1
likeness	1
lifted	1
legends	1
learn	1
lean	1
leader	1
lead	1
laughter	1
laughed	1
lattice	1
latest	1
later	1
larger	1
lap	1
languidly	1
lane	1
lands	1
landing	1
lain	1
laid	1
lack	1
knowing	1
knelt	1
knell	1
kneeling	1
kisses	1
kip	1
kinsman	1
kindly	1
kindling	1
kindle	1
kidd	1
kept	1
keeping	1
keeper	1
kead	1
katie	1
judgement	1
jttst	1
jtiach	1
joined	1
jews	1
jewel	1
jew	1
jest	1
jessie	1
jessamine	1
jasmine	1
january	1
iu	1
itself	1
irreverent	1
inscrutable	1
innocent	1
infinity	1
infinitude	1
indeed	1
imprisoned	1
immortal	1
illustrate	1
ideal	1
icy	1
ice	1
i'm	1
i'd	1
hymn	1
hushing	1
husband	1
hurried	1
hummingbirds	1
humbled	1
hum	1
hue	1
hovered	1
hot	1
horses	1
horrors	1
horrible	1
hopes	1
hood	1
honours	1
honey	1
homes	1
hollow	1
hoarsely	1
hither	1
hisses	1
highbred	1
hides	1
heroic	1
hermit	1
herds	1
heights	1
height	1
hearthstone	1
hearths	1
hearth	1
hearses	1
hears	1
hearken	1
heanswer'd	1
headed	1
hazy	1
haze	1
haunting	1
haunter	1
hasty	1
haste	1
hast	1
harsh	1
harrison	1
harps	1
harm	1
happened	1
halfway	1
halcyon	1
haired	1
had.written	1
gun	1
gulfs	1
guilty	1
guests	1
guessed	1
guarded	1
guard	1
grows	1
groves	1
grim	1
greyness	1
greenness	1
greener	1
greatly	1
grasses	1
grasped	1
grasp	1
grant	1
grandmother	1
grandly	1
grand	1
grain	1
gradual	1
gory	1
goldenly	1
gods	1
godmother	1
glowing	1
glorious	1
glorified	1
glories	1
glitters	1
glittered	1
gliost	1
glimpses	1
gliminer'd	1
glided	1
glide	1
gleams	1
gleam	1
gladder	1
giving	1
given	1
girls	1
gilded	1
gifts	1
giants	1
getting	1
gentleman	1
gem	1
gay	1
gather	1
gates	1
gashed	1
garments	1
garden	1
gaoler	1
gain	1
gaily	1
fury	1
furniture	1
fur	1
funeral	1
fruits	1
frowning	1
frowned	1
fretted	1
frenzied	1
freight	1
freezing	1
freedom	1
frailer	1
four	1
forsaken	1
forms	1
form	1
forlorn	1
forgive	1
forgave	1
forevermore	1
forehead	1
footsteps	1
foot	1
fool	1
food	1
folds	1
fob	1
foamy	1
foams	1
foaming	1
foam	1
flutters	1
flown	1
flowing	1
flowees	1
flour	1
floods	1
flood	1
floating	1
flit	1
fling	1
flies	1
fled	1
flashing	1
flashes	1
flags	1
fl	1
firemen	1
fireless	1
filling	1
filled	1
fields	1
feud	1
fetters	1
ferns	1
feigned	1
feels	1
feed	1
fearful	1
feared	1
fbom	1
faults	1
fashioned	1
fashion	1
fantasies	1
fancies	1
fames	1
false	1
fairyland	1
fairs	1
fairies	1
fain	1
failed	1
fail	1
fading	1
fabled	1
extended	1
extend	1
exiled	1
eves	1
everybody	1
evergreen	1
eve	1
evanescent	1
evade	1
eternity	1
eternal	1
estate	1
escaped	1
erewhile	1
engines	1
ending	1
ended	1
enchantments	1
enchanter	1
empires	1
emperor	1
emerald	1
embodied	1
elusion	1
elder	1
eemind	1
eedbied	1
edge	1
eclipse	1
eastern	1
ear	1
dumbness	1
dumb	1
dullness	1
drum	1
drowns	1
drowning	1
drowned	1
drown	1
drove	1
drooping	1
drooped	1
drive	1
drifts	1
drift	1
drear	1
dreamily	1
dreamed	1
draped	1
downward	1
dowd	1
doubtful	1
doubted	1
doomed	1
dominions	1
dm	1
divide	1
distress	1
dissonant	1
disdain	1
dirges	1
dirge	1
dinars	1
dimples	1
dimmer	1
didst	1
diamond	1
dewy	1
destroy	1
destinies	1
despairing	1
deserts	1
descended	1
denied	1
delicious	1
degrees	1
deeps	1
deeper	1
deck	1
decide	1
dearest	1
dates	1
dash	1
dared	1
dare	1
dant<5	1
dance	1
dampness	1
d	1
curtained	1
cursed	1
curliest	1
curious	1
cunning	1
crushing	1
crushed	1
crusader	1
crucifixion	1
crow	1
crouches	1
crouch	1
crime	1
cricket	1
creature	1
crawls	1
crawled	1
crashed	1
coward	1
covered	1
cousin	1
courteously	1
country	1
couldrut	1
cottage	1
costs	1
convent	1
content	1
constellations	1
constant	1
condemned	1
company	1
companions	1
common	1
command	1
comfort	1
comet	1
colour	1
color'd	1
colonel	1
coldness	1
colder	1
coiled	1
coil	1
coif	1
coflins	1
coffee	1
coats	1
coast	1
cluster	1
clung	1
cloudod	1
closes	1
cloak	1
cling	1
clinching	1
climbing	1
climate	1
cleft	1
clearly	1
claimed	1
city	1
circles	1
cinderella	1
cimeter	1
christians	1
chorus	1
choose	1
chimes	1
chime	1
chills	1
chill	1
childlike	1
childhood	1
chiefly	1
chief	1
chickens	1
cherished	1
chariot	1
chanted	1
changing	1
change	1
chanced	1
cells	1
cellar	1
celestial	1
cedar	1
caterpillars	1
catch	1
cataracts	1
carries	1
carols	1
caring	1
capitol	1
canvas	1
calmness	1
calmer	1
cain	1
bury	1
bursted	1
burns	1
burning	1
burn	1
burial	1
bugle	1
bubbles	1
brotheb	1
brokenly	1
bring	1
brighten	1
bridge	1
breathings	1
breathing	1
breathe	1
breaks	1
bread	1
brave	1
branches	1
brain	1
bowing	1
bowers	1
bow	1
bounds	1
bound	1
bosk	1
boom'd	1
bong	1
body	1
blushing	1
blushes	1
blows	1
bloweth	1
bloody	1
bliss	1
blessed	1
bless	1
bleeding	1
blame	1
blackly	1
bitterly	1
birthdays	1
billow	1
bible	1
berries	1
bend	1
beloved	1
bell	1
believe	1
belief	1
beinff	1
begun	1
beggar	1
bedtime	1
bearing	1
beams	1
bead	1
barefooted	1
bale	1
bade	1
bad	1
ay	1
axgels	1
axe	1
awakening	1
awaken	1
awaiting	1
avenue	1
autumn	1
austrian	1
auroral	1
aught	1
audience	1
att	1
atlas	1
asphodels	1
asking	1
asian	1
ashes	1
artist	1
arn	1
army	1
arlington	1
arid	1
ardent	1
arc	1
appears	1
appear	1
anger	1
ancient	1
ana	1
amuse	1
amid	1
amber	1
alt	1
alien	1
alexander	1
alestixe	1
akd	1
airy	1
airs	1
aidenn	1
aid	1
agree	1
agony	1
ages	1
affrighted	1
affright	1
admired	1
act	1
acknowledged	1
aching	1
accursed	1
abuse	1
aad	1
.';	1
),	1
("	1
"?	1
"'	1
!'	1
