,	950
the	391
.	376
and	343
to	171
of	164
"	147
a	140
;	139
in	107
with	79
all	77
our	66
we	65
it	65
that	56
be	56
or	55
is	54
from	53
?	53
not	50
are	50
!	50
|'s|	48
for	46
you	45
will	45
so	44
she	44
no	43
i	42
her	42
on	40
but	38
where	37
this	36
'	36
love	34
as	34
your	33
may	33
there	32
he	30
they	28
shall	28
old	28
who	27
one	27
life	27
oh	26
go	26
each	25
which	24
their	24
my	24
his	24
see	23
over	23
like	23
by	23
when	22
have	22
can	21
some	20
world	19
was	19
never	19
if	19
yet	18
heart	18
ever	18
bright	18
—	17
were	17
us	17
more	17
its	17
thy	16
though	16
now	16
how	16
home	16
god	16
every	16
dear	16
:	16
year	15
them	15
me	15
here	15
at	15
upon	14
thou	14
those	14
sweet	14
other	14
friends	14
earth	14
an	14
."	14
would	13
thee	13
new	13
must	13
let	13
know	13
hour	13
beautiful	13
true	12
should	12
heaven	12
great	12
gone	12
free	12
day	12
care	12
same	11
out	11
only	11
hope	11
has	11
good	11
full	11
ah	11
above	11
these	10
such	10
real	10
loved	10
little	10
far	10
death	10
change	10
away	10
(	10
years	9
why	9
weal	9
we'll	9
through	9
thought	9
then	9
shore	9
pain	9
ones	9
needs	9
need	9
mother	9
memory	9
land	9
hear	9
hath	9
hand	9
gold	9
give	9
do	9
could	9
christian	9
before	9
yes	8
words	8
what	8
too	8
tis	8
time	8
still	8
snow	8
silver	8
rest	8
power	8
place	8
oft	8
near	8
lovely	8
long	8
live	8
last	8
joy	8
happiness	8
golden	8
form	8
fair	8
cold	8
came	8
bear	8
alone	8
word	7
think	7
smile	7
said	7
much	7
keep	7
him	7
high	7
had	7
grave	7
found	7
dwell	7
down	7
come	7
child	7
chain	7
art	7
angels	7
along	7
young	6
worship	6
woe	6
while	6
voice	6
valentine	6
up	6
under	6
thus	6
tell	6
star	6
sometimes	6
save	6
rich	6
remain	6
proud	6
peace	6
neath	6
name	6
most	6
morning	6
i'll	6
husband	6
hours	6
friendship	6
flowers	6
fine	6
fame	6
days	6
city	6
children	6
call	6
bliss	6
birds	6
beyond	6
bell	6
back	6
another	6
again	6
|arabic1digit|	5
youthful	5
yonder	5
wild	5
wedding	5
way	5
till	5
things	5
tears	5
sun	5
stream	5
song	5
sleep	5
silent	5
sight	5
side	5
saved	5
red	5
read	5
pure	5
poor	5
plain	5
past	5
nor	5
noble	5
night	5
mine	5
met	5
men	5
meet	5
many	5
loving	5
lord	5
leave	5
just	5
household	5
house	5
hopes	5
gentle	5
friend	5
fortune	5
fond	5
fire	5
find	5
fill	5
few	5
eye	5
eighteen	5
earthly	5
dress	5
doth	5
distant	5
cheer	5
burning	5
blessed	5
alas	5
youth	4
yours	4
you'll	4
women	4
without	4
within	4
winter	4
wife	4
wide	4
whose	4
well	4
wave	4
vain	4
trees	4
told	4
thoughts	4
thine	4
temperance	4
sure	4
stay	4
social	4
sin	4
seems	4
schoolhouse	4
sad	4
sabbath	4
rise	4
remember	4
quite	4
prize	4
pride	4
pretty	4
pray	4
perchance	4
part	4
own	4
ours	4
off	4
neighbour	4
nature	4
music	4
mrs	4
miss	4
might	4
midnight	4
mates	4
man	4
made	4
low	4
lone	4
light	4
left	4
kindly	4
kind	4
joys	4
i'm	4
hills	4
heavenly	4
hearts	4
hark	4
happy	4
hands	4
hair	4
grand	4
girl	4
fly	4
fled	4
felt	4
father	4
fall	4
face	4
eyes	4
even	4
echo	4
dream	4
does	4
different	4
did	4
dark	4
clouds	4
church	4
chase	4
cast	4
brighter	4
breath	4
break	4
brain	4
boy	4
blight	4
been	4
beauty	4
among	4
air	4
)	4
|romannumeral|	3
worth	3
works	3
woman	3
wish	3
whence	3
weep	3
wear	3
wealth	3
we're	3
walks	3
w	3
view	3
very	3
useless	3
unto	3
two	3
twenty	3
turned	3
truth	3
tree	3
treasures	3
took	3
together	3
tide	3
three	3
thousand	3
thing	3
than	3
tender	3
tear	3
t	3
sweetest	3
surely	3
sunny	3
strong	3
stray	3
stone	3
spirit	3
spectres	3
spectre	3
sound	3
soul	3
sought	3
sorrow	3
snatch	3
smiles	3
sleeps	3
sister	3
show	3
shining	3
seventy-three	3
servants	3
seek	3
secure	3
secret	3
scoff	3
school	3
say	3
safe	3
rule	3
round	3
rolling	3
roll	3
roam	3
ribbon	3
repose	3
reigns	3
private	3
pen	3
pearls	3
panic	3
palace	3
paid	3
none	3
mind	3
mar	3
loves	3
look	3
longer	3
lie	3
large	3
known	3
kept	3
joyous	3
j	3
into	3
hushed	3
hold	3
hill	3
help	3
hell	3
heard	3
health	3
haughty	3
grow	3
grove	3
group	3
grew	3
grace	3
got	3
glittering	3
gems	3
gem	3
gates	3
forget	3
forever	3
follow	3
flow	3
float	3
fate	3
faith	3
fail	3
else	3
easy	3
early	3
dying	3
dreams	3
die	3
deep	3
deeds	3
dawn	3
dare	3
crown	3
comes	3
clime	3
clear	3
class	3
christmas	3
christ	3
charm	3
charity	3
calm	3
busy	3
brother	3
broken	3
broad	3
born	3
bore	3
boast	3
black	3
bitter	3
best	3
beside	3
band	3
b	3
autumn	3
around	3
appear	3
any	3
always	3
ago	3
.,	3
|arabic2digit|	2
zest	2
you're	2
yon	2
wreaths	2
wrapped	2
worse	2
work	2
whisper	2
western	2
week	2
wayward	2
waves	2
watch	2
warm	2
wants	2
want	2
wall	2
verdant	2
vale	2
usefulness	2
untimely	2
twilight	2
twas	2
turn	2
trusting	2
tribute	2
treasure	2
train	2
towering	2
tor	2
tomb	2
times	2
tidal	2
throughout	2
thanks	2
ten	2
swift	2
sway	2
sunshine	2
summit	2
suffer	2
style	2
stronger	2
strive	2
string	2
strife	2
stricken	2
stranger	2
strain	2
stars	2
stands	2
spot	2
speak	2
sparkling	2
solemn	2
sole	2
soft	2
slow	2
sky	2
skirts	2
skies	2
six	2
sinners	2
sincere	2
since	2
silks	2
sickness	2
shut	2
shops	2
shells	2
sheen	2
shadow	2
sex	2
seventy-four	2
seven	2
set	2
self	2
seemed	2
seem	2
sea	2
scorn	2
scenes	2
scattered	2
scalding	2
says	2
saw	2
sadly	2
roses	2
rome	2
rod	2
rock	2
river	2
rising	2
rings	2
ring	2
resting	2
rent	2
remains	2
relief	2
reign	2
reached	2
ray	2
rare	2
range	2
queen	2
purchase	2
pulse	2
prove	2
protecting	2
promised	2
prayers	2
prayer	2
possess	2
poorer	2
pole	2
poems	2
pleasure	2
phantom	2
pearl	2
path	2
pass	2
parent	2
paradise	2
papa	2
pall	2
others	2
orange	2
once	2
often	2
next	2
nation	2
n	2
mystery	2
mournful	2
mourn	2
mirth	2
minister	2
meekly	2
mars	2
marry	2
marriage	2
mansion	2
making	2
make	2
majority	2
maiden	2
m	2
loyal	2
lover	2
loud	2
lottie	2
lot	2
longing	2
lonely	2
lo	2
lit	2
lip	2
leaves	2
learned	2
leaf	2
leads	2
lays	2
law	2
late	2
lady	2
knew	2
king	2
june	2
jt	2
join	2
instead	2
indeed	2
immortal	2
icy	2
human	2
homes	2
holy	2
himself	2
heavy	2
heat	2
head	2
he's	2
haunt	2
hate	2
hat	2
hast	2
hard	2
hang	2
guide	2
grey	2
greet	2
green	2
greatness	2
grass	2
goodness	2
going	2
goal	2
glorious	2
gloom	2
glide	2
glee	2
gives	2
gifted	2
gay	2
gather	2
furs	2
fraught	2
forth	2
formal	2
flitting	2
five	2
filled	2
fields	2
feet	2
feel	2
fears	2
fashions	2
fallen	2
fade	2
faces	2
ere	2
envy	2
england	2
enemies	2
employ	2
eden	2
east	2
dust	2
drop	2
drooping	2
done	2
display	2
disease	2
dew	2
despised	2
delight	2
dearest	2
dearer	2
dead	2
daily	2
d	2
cypress	2
cruel	2
creed	2
country	2
cottage	2
cot	2
cosy	2
cora	2
cool	2
constant	2
conflagration	2
common	2
coming	2
comfort	2
coffers	2
clustering	2
classic	2
clasped	2
claims	2
chicago	2
cherished	2
cheered	2
centennial	2
cease	2
cause	2
carrie	2
carpets	2
business	2
burned	2
burden	2
bud	2
brought	2
brilliant	2
breeze	2
breaks	2
brave	2
bowers	2
bower	2
both	2
bosom	2
books	2
book	2
body	2
blue	2
blissful	2
blinds	2
bless	2
bid	2
better	2
bereft	2
below	2
bells	2
behold	2
begun	2
babes	2
awhile	2
aunt	2
arms	2
appears	2
apart	2
anxious	2
angel	2
anew	2
alike	2
aid	2
age	2
after	2
afar	2
.)	2
).	2
!"	2
■	1
•;	1
•	1
«eeds	1
zephyr	1
zeal	1
yourself	1
yore	1
yoke	1
yield	1
yearning	1
ye	1
wrongs	1
write	1
wrath	1
worthy	1
worst	1
worlds	1
wooded	1
wood	1
wondrous	1
wives	1
witnessed	1
withering	1
wipe	1
wintergreen	1
wings	1
winged	1
winds	1
winding	1
win	1
wills	1
wilesome	1
wielded	1
widows	1
whoop	1
whole	1
whither	1
white	1
whisky	1
wherein	1
wheels	1
west	1
wert	1
wending	1
welled	1
weeps	1
weeping	1
weed	1
wedded	1
weave	1
weak	1
ways	1
wavelets	1
wavelet	1
watered	1
watched	1
wasting	1
waste	1
wasp	1
warrens	1
war	1
wandering	1
wand	1
walls	1
wallow	1
wake	1
waits	1
wait	1
waist	1
vow	1
voices	1
virtue	1
vines	1
vine	1
village	1
vile	1
views	1
viewing	1
victim	1
vestibule	1
vestage	1
verses	1
verdure	1
veils	1
vastly	1
value	1
utter	1
usurping	1
usher	1
used	1
urn	1
upward	1
upside	1
uplifted	1
untiring	1
unskilled	1
unselfish	1
unseen	1
unsatisfied	1
unnumbered	1
unheeding	1
unheeded	1
unfurl	1
unfold	1
unflinching	1
unfits	1
uneventful	1
undying	1
undone	1
und	1
unceasingly	1
unbroken	1
unbidden	1
uie	1
uh	1
twould	1
twinkling	1
twentieth	1
try	1
truths	1
trusted	1
trust	1
truly	1
truest	1
troth	1
triumph	1
trinity	1
trials	1
trembling	1
tread	1
trappings	1
transported	1
transplanted	1
transient	1
trailing	1
toys	1
town	1
tour	1
touch	1
toss	1
tongue	1
tones	1
tolls	1
tolling	1
tobacco	1
tj	1
tired	1
tints	1
tinkling	1
timbers	1
tie	1
throng	1
throbs	1
throbbing	1
throat	1
thrifty	1
thrice	1
threw	1
threescore	1
thoughtful	1
thou'rt	1
thorn	1
thoee	1
thirst	1
thirik	1
thin	1
thief	1
thicket	1
thick	1
they'd	1
theo	1
theme	1
the'strain	1
tew	1
test	1
tenderest	1
temporary	1
temple	1
tempestuous	1
tells	1
teller	1
teeming	1
tearful	1
tea	1
taxes	1
taught	1
taste	1
task	1
tarries	1
tardy	1
tall	1
taking	1
taken	1
tables	1
sympathy	1
swore	1
switch	1
swimming	1
swiftly	1
swifter	1
swelling	1
swell	1
sweeping	1
supreme	1
sunset	1
sunlight	1
sunbeams	1
summers	1
summer	1
sufferings	1
suffered	1
sues	1
submit	1
submerged	1
stumps	1
stumbling	1
stuffed	1
study	1
strung	1
strongest	1
striving	1
strings	1
strike	1
strengthen	1
strength	1
streaks	1
straying	1
strange	1
strand	1
story	1
stories	1
store	1
stood	1
stole	1
stirring	1
stirred	1
stillness	1
stench	1
stealth	1
state	1
starry	1
starlit	1
starched	1
standing	1
standest	1
stand	1
stalks	1
squirrel	1
spurn	1
sprinkles	1
springtime	1
spring	1
spray	1
sprang	1
spotted	1
sported	1
spoken	1
splendours	1
splendour	1
spirits	1
spire	1
spin	1
spheres	1
speech	1
span	1
sow	1
sounds	1
sorrowing	1
soothes	1
songsters	1
son	1
somewhere	1
solid	1
sold	1
soiling	1
softly	1
softer	1
snowy	1
snows	1
smitten	1
small	1
slighted	1
slight	1
sleeves	1
sled	1
slattern	1
skeleton	1
sjuile	1
sixteen	1
sinner	1
sink	1
silly	1
sill	1
silence	1
sighs	1
sighing	1
sigh	1
sick	1
shuts	1
shrine	1
shown	1
showered	1
short	1
shorn	1
shores	1
shorej	1
shoes	1
ship	1
shine	1
sheep	1
shape	1
shame	1
shallow	1
shady	1
shadows	1
shades	1
shaded	1
seventy-two	1
seventy	1
setting	1
sets	1
servant	1
sermon	1
sequestered	1
sent	1
senses	1
selling	1
seen	1
seeming	1
seemeth	1
seemest	1
seeineth	1
sects	1
secluded	1
seat	1
seasons	1
seas	1
screaming	1
scores	1
scope	1
scolding	1
scold	1
science	1
schools	1
scarred	1
scarcely	1
scarce	1
saying	1
saviour	1
saving	1
savage	1
satisfied	1
sat	1
sand	1
salvation	1
sallow	1
salaries	1
sages	1
sage	1
sadj	1
sacred	1
rythmic	1
ruthless	1
ruth	1
rust	1
rush	1
run	1
rum	1
ruined	1
ruffles	1
roy	1
rosy	1
ropes	1
room	1
rooftree	1
roman	1
rolled	1
roguish	1
rode	1
rocked	1
robes	1
roar	1
road	1
rivulet	1
rippling	1
ripened	1
ripen	1
rill	1
right	1
rife	1
richest	1
richer	1
ribs	1
reward	1
revive	1
revelation	1
reveal	1
return	1
responding	1
respect	1
resigned	1
repay	1
repaired	1
reopen	1
rend	1
remind	1
remembered	1
remedy	1
rejoice	1
reigning	1
reigneth	1
regulate	1
regular	1
refreshed	1
refrain	1
reflected	1
recount	1
record	1
recollections	1
realms	1
realm	1
reading	1
reaching	1
reaches	1
reach	1
ravines	1
rave	1
rascal	1
rang	1
ran	1
rambles	1
rambled	1
rally	1
raisin	1
raise	1
rain	1
raiment	1
railroads	1
race	1
quiet	1
quickens	1
question	1
queer	1
pursuits	1
pursue	1
purity	1
puritans	1
punishment	1
pull	1
puffs	1
public	1
provide	1
proudly	1
prospects	1
pronounce	1
promise	1
proffered	1
profane	1
prized	1
priests	1
priest	1
priceless	1
prevail	1
prettiest	1
preside	1
presents	1
preferences	1
precious	1
preaches	1
preach	1
prattling	1
praises	1
praise	1
powers	1
poverty	1
pout	1
pours	1
possessed	1
position	1
portrait	1
popes	1
popery	1
pomp	1
politics	1
policy	1
points	1
point	1
poets	1
poetry	1
poetess	1
poet	1
pockets	1
pocketbook	1
plymouth	1
ply	1
plums	1
plumes	1
plough	1
plenty	1
please	1
pleasant	1
playing	1
play	1
plant	1
plaits	1
placed	1
pinching	1
pillow	1
pictured	1
pictttres	1
pianoforte	1
pews	1
persons	1
perishing	1
perish	1
perhaps	1
perfumes	1
performs	1
perfect	1
people	1
penance	1
peevish	1
peerless	1
pearly	1
pear	1
peaceful	1
pay	1
pattering	1
patience	1
pathway	1
paths	1
passport	1
passing	1
passed	1
party	1
partridge	1
parlour	1
parents	1
parentage	1
pantomine	1
pages	1
oyer	1
overhang	1
overgrown	1
outstretched	1
ouce	1
organ	1
orchestra	1
orchard	1
orbs	1
opiate	1
open	1
opal	1
onward	1
oldy	1
oi	1
offence	1
oenta	1
ode	1
ocean	1
obtain	1
objects	1
o'clock	1
nuts	1
nursed	1
number	1
novelty	1
nought	1
notes	1
note	1
normal	1
noon	1
noblest	1
noblemen	1
noah	1
ninety-nine	1
nine	1
niece	1
nerves	1
nerve	1
needed	1
neck	1
necessities	1
neatly	1
nearest	1
narrow	1
names	1
mutual	1
murmuring	1
murdering	1
mouse	1
mourning	1
mourners	1
mount	1
mouldering	1
motives	1
mothers	1
moss	1
mortgages	1
mortal	1
morn	1
months	1
month	1
monstrous	1
money	1
modern	1
moderately	1
mny	1
mirror	1
minority	1
minnie	1
ministered	1
mingling	1
mingle	1
minds	1
mills	1
milk	1
mien	1
mid	1
methinks	1
merry	1
merged	1
mercy	1
merciless	1
merchants	1
mental	1
memories	1
mem0r1am	1
melts	1
melting	1
melted	1
meets	1
medical	1
means	1
meadows	1
maud	1
mature	1
matchless	1
master	1
masses	1
mass	1
masculine	1
martyr	1
married	1
marion	1
mantle	1
manly	1
mandrake	1
mammas	1
mamma	1
maids	1
maid	1
magic	1
mabel	1
m.d	1
lustre	1
lunch	1
lowly	1
loveless	1
lost	1
loss	1
looks	1
looking	1
longs	1
longed	1
logics	1
locks	1
loaded	1
ljst	1
liveth	1
lives	1
livelong	1
lived	1
literary	1
listened	1
listen	1
lisp	1
lips	1
lion	1
link	1
lingering	1
line	1
liked	1
lights	1
lightly	1
lifts	1
lift	1
lifelong	1
lies	1
liege	1
liberty	1
liberally	1
letting	1
lesson	1
less	1
lengthened	1
lend	1
legacies	1
least	1
learn	1
lean	1
lead	1
lea	1
laws	1
laurels	1
laugh	1
latent	1
largly	1
lapt	1
lapsing	1
languish	1
language	1
landscape	1
landmarks	1
landed	1
lamb	1
laid	1
laden	1
lack	1
labours	1
labouring	1
laboured	1
la	1
knows	1
knowledge	1
knit	1
knell	1
knee	1
kitchen	1
kid	1
jute	1
jurors	1
juoble	1
jumping	1
jovial	1
johns	1
jewels	1
jewel	1
jennie	1
jeer	1
jealousy	1
jaunty	1
janes	1
ire	1
intervened	1
interest	1
intellect	1
institutions	1
inspired	1
insects	1
inquiry	1
influence	1
infant	1
inebriate	1
indulgences	1
index	1
increasing	1
increased	1
imprudence	1
improvements	1
impaired	1
image	1
illumined	1
ills	1
ill	1
iibbon	1
ignorance	1
ie	1
i've	1
hysteria	1
hypocrite	1
husbands	1
hurting	1
hung	1
humbler	1
humanity	1
huckleberries	1
hounds	1
horses	1
horrible	1
hoops	1
honour	1
homeward	1
homestead	1
homeless	1
holds	1
history	1
hinl	1
higher	1
hide	1
hick'ry	1
heroes	1
hero	1
helpless	1
held	1
heeled	1
heek	1
hecock	1
heavens	1
heathenish	1
hears	1
healthfully	1
heads	1
he'll	1
hazel	1
hay	1
having	1
haunting	1
harp	1
happiest	1
happier	1
halls	1
hall	1
haired	1
habland	1
guarding	1
guardian	1
grows	1
ground	1
grod	1
groans	1
grief	1
grecian	1
greatly	1
greatest	1
greater	1
graveyard	1
graves	1
grasp	1
grappled	1
grapes	1
grain	1
graceful	1
gown	1
goods	1
glowing	1
gloves	1
glorify	1
glorified	1
glories	1
glooming	1
glimpse	1
glimmer	1
glass	1
glare	1
gland	1
glance	1
gladsome	1
gladness	1
given	1
girls	1
gilt	1
gifts	1
gift	1
get	1
gerry	1
george	1
gently	1
gentlest	1
genial	1
general	1
gaunt	1
gathered	1
gall	1
gainst	1
gain	1
g	1
fur	1
fruits	1
fruit	1
frozen	1
frown	1
frost	1
front	1
frilled	1
frighted	1
fright	1
friendships	1
fresh	1
frees	1
freed	1
fray	1
fraud	1
franc	1
frail	1
fragrant	1
fragile	1
fountain	1
forward	1
forsook	1
forsake	1
forlorn	1
forgot	1
forgiven	1
forgetful	1
forest	1
forego	1
force	1
foot	1
foolishly	1
food	1
fondest	1
following	1
followed	1
foliage	1
foes	1
foe	1
flyiug	1
flowerets	1
flower	1
florence	1
flora	1
flood	1
floating	1
flee	1
flaws	1
flaw	1
flatters	1
flashes	1
flames	1
flame	1
fixed	1
fitting	1
fitly	1
first	1
firmament	1
firm	1
firing	1
fires	1
fingers	1
finest	1
fight	1
fig	1
fevered	1
fever	1
fervent	1
female	1
feeble	1
fear	1
fawn	1
faulty	1
fathers	1
fatal	1
fastened	1
fast	1
fashionables	1
fashion	1
farm	1
family	1
faithful	1
failed	1
fading	1
eyed	1
extravagance	1
express	1
exposing	1
explodes	1
expect	1
exclaims	1
except	1
excel	1
everything	1
evermore	1
evening	1
eve	1
ettie	1
eternal	1
error	1
erring	1
err	1
enwreathed	1
environs	1
entwine	1
entomb	1
enter	1
enough	1
enormous	1
enlightened	1
enjoyed	1
engines	1
ended	1
endear	1
end	1
empty	1
emotion	1
embrace	1
emblazon	1
ellsworth	1
elements	1
eleanora	1
eleanor	1
either	1
eighty	1
edwards	1
edward	1
edifice	1
ebbing	1
ease	1
ears	1
earnestly	1
ear	1
dwells	1
dwelling	1
dwarf	1
duty	1
dunhams	1
dundee	1
dumb	1
dry	1
drunkards	1
drowns	1
drops	1
droop	1
drink	1
drew	1
dressing	1
dresses	1
dressed	1
drear	1
dreaming	1
dreamed	1
dr	1
downwards	1
dove	1
doubts	1
doting	1
dora	1
door	1
doon	1
don't	1
doha	1
doffed	1
dodge	1
divines	1
diverge	1
distilled	1
distance	1
dissipation	1
dispels	1
discord	1
dinner	1
dine	1
dims	1
dimples	1
dimpled	1
dime	1
dig	1
died	1
diadem	1
dewy	1
dews	1
destroyed	1
despair	1
desolates	1
desk	1
desert	1
depths	1
deluded	1
dell	1
delivered	1
delectable	1
delay	1
deformed	1
decree	1
decked	1
decay	1
debts	1
debase	1
deathbed	1
dearly	1
dealt	1
deaf	1
deadliest	1
dazzling	1
daunted	1
daughter	1
dashing	1
dashes	1
darling	1
darkest	1
dangerous	1
danger	1
custer	1
cushions	1
curtiss	1
curses	1
cursed	1
curse	1
curls	1
cures	1
cure	1
culled	1
cuffs	1
cubtiss	1
crystal	1
cry	1
cross	1
croquet	1
crochet	1
crimes	1
crest	1
creeds	1
creditors	1
creature	1
crags	1
crackle	1
cow	1
covered	1
countenance	1
counted	1
couch	1
corruption	1
corrodes	1
corrode	1
cools	1
converse	1
controlling	1
containing	1
contact	1
consecrated	1
conies	1
congressmen	1
confines	1
confederate	1
conceals	1
con	1
competence	1
compare	1
commune	1
comforted	1
column	1
coated	1
coat	1
co	1
clusters	1
clothes	1
cloth	1
closet	1
closes	1
closely	1
closed	1
clique	1
cling	1
climbs	1
climb	1
clergymen	1
clearly	1
clasp	1
clark	1
claimed	1
clad	1
cinders	1
churches	1
chosen	1
choose	1
choir	1
chilling	1
childish	1
chester	1
cheek	1
chat'ring	1
chastening	1
chastened	1
chased	1
charms	1
charmed	1
charlie	1
chaplet	1
chandeliers	1
chains	1
certainly	1
celestial	1
cave	1
cattle	1
catholicism	1
catch	1
cat	1
casting	1
caste	1
casket	1
carrolling	1
carried	1
carriage	1
carpet	1
caress	1
cared	1
caps	1
canoe	1
can't	1
camp	1
called	1
caesar	1
cadys	1
c()vered	1
buried	1
building	1
build	1
buds	1
buckles	1
brown	1
brow	1
brooklets	1
brook	1
brightness	1
brightest	1
bride	1
breeches	1
breaker	1
bravely	1
branqhes	1
bran	1
brakes	1
brag	1
boys	1
bowl	1
bow	1
bound	1
borrowed	1
borrow	1
borders	1
boots	1
bon-ton	1
boats	1
boards	1
blues	1
blown	1
blow	1
blot	1
blossoms	1
blosso	1
blooming	1
bloom	1
blood	1
blithe	1
blind	1
blighting	1
blackberries	1
bird	1
bind	1
billows	1
billiards	1
bigot	1
big	1
bids	1
bible	1
bewildered	1
between	1
bespeaks	1
bespeak	1
berve	1
bend	1
belle	1
believed	1
believe	1
behind	1
beheld	1
begin	1
beg	1
beer	1
bed	1
beckons	1
beckon	1
because	1
beautious	1
beau	1
beats	1
beating	1
bazaar	1
battle	1
bathed	1
barred	1
bare	1
bard	1
bar	1
banks	1
bankers	1
bands	1
ball	1
backwards	1
aye	1
auntie	1
aught	1
aud	1
attic	1
atomy	1
assured	1
assigned	1
aspiring	1
ask	1
ashes	1
arrogance	1
array	1
arose	1
army	1
arise	1
architect	1
archie	1
apples	1
apple	1
apes	1
answers	1
answer	1
anon	1
anguish	1
angelic	1
amaranthine	1
am	1
also	1
almost	1
allie	1
ajas	1
ajar	1
aisles	1
aim	1
agrippa	1
agnes	1
agitation	1
agitate	1
ages	1
aged	1
afflicts	1
afflicted	1
affirmed	1
affinity	1
affinities	1
affection	1
adoration	1
admittance	1
admiration	1
adieu	1
act	1
acrostic	1
across	1
acres	1
accursed	1
according	1
accord	1
accepted	1
absence	1
about	1
abode	1
abide	1
a]j	1
^emobv	1
>bbic	1
*	1
'•	1
