,	1985
the	1291
and	965
.	537
of	445
a	354
;	334
in	328
to	290
i	289
!	229
with	198
his	173
that	167
"	164
is	157
he	146
my	145
all	133
as	118
|'s|	114
:	106
but	103
—	102
or	102
on	98
for	94
by	94
from	93
her	91
are	91
?	86
old	77
they	76
their	64
one	63
at	63
you	62
we	62
so	62
was	61
me	58
see	57
its	56
where	55
now	54
it	53
no	52
'	52
there	51
not	51
him	50
man	48
like	48
life	48
this	47
she	47
our	47
more	46
have	46
be	45
will	44
still	44
through	42
what	41
light	41
when	39
has	39
world	34
long	34
heart	34
far	34
over	33
who	32
some	32
little	32
which	31
then	31
love	29
bright	29
am	29
were	28
how	28
each	28
well	27
up	27
may	27
years	26
while	26
round	26
your	25
shall	25
out	25
great	25
|romannumeral|	24
yet	24
white	24
nor	24
many	23
here	23
down	23
day	23
can	23
back	23
upon	22
till	22
those	22
o	22
house	22
high	22
away	22
us	21
boy	21
too	20
these	20
small	20
know	20
|arabic1digit|	19
sea	19
go	19
earth	19
children	19
an	19
time	18
soul	18
once	18
let	18
had	18
fair	18
face	18
dark	18
come	18
today	17
though	17
than	17
sweet	17
poor	17
into	17
good	17
came	17
before	17
young	16
snow	16
said	16
only	16
off	16
new	16
lake	16
joy	16
hand	16
half	16
feet	16
could	16
boughs	16
air	16
would	15
vast	15
them	15
t	15
summer	15
same	15
make	15
just	15
if	15
grey	15
goes	15
fresh	15
ever	15
do	15
child	15
beside	15
|arabic2digit|	14
wild	14
way	14
something	14
side	14
pass	14
own	14
morning	14
lonely	14
last	14
door	14
deep	14
days	14
thought	13
sun	13
slow	13
sight	13
men	13
eyes	13
done	13
whose	12
town	12
thy	12
such	12
pale	12
near	12
mighty	12
home	12
head	12
happy	12
golden	12
glory	12
forever	12
even	12
age	12
again	12
."	12
youth	11
two	11
turn	11
things	11
thee	11
tears	11
strange	11
river	11
place	11
past	11
never	11
lies	11
land	11
heaven	11
hear	11
green	11
found	11
forth	11
first	11
fall	11
comes	11
beneath	11
thou	10
swift	10
strong	10
sky	10
shining	10
says	10
robin	10
passed	10
name	10
moon	10
moment	10
low	10
keep	10
gramme	10
every	10
dream	10
dim	10
crown	10
boys	10
book	10
ago	10
yonder	9
winds	9
wife	9
under	9
times	9
soon	9
right	9
read	9
rain	9
quite	9
pleasant	9
peace	9
pain	9
must	9
much	9
mother	9
makes	9
human	9
hope	9
hearts	9
ground	9
grass	9
grace	9
gone	9
gleam	9
flower	9
fire	9
coming	9
blue	9
black	9
bird	9
along	9
ah	9
about	9
\	9
year	8
wrong	8
work	8
word	8
why	8
waves	8
voice	8
tree	8
thoughts	8
sometimes	8
soft	8
seem	8
rest	8
red	8
oh	8
night	8
might	8
look	8
lift	8
lay	8
j	8
hate	8
hands	8
glad	8
find	8
fill	8
feel	8
fast	8
fancy	8
faith	8
blessed	8
between	8
bear	8
bare	8
around	8
across	8
above	8
woods	7
wise	7
winter	7
wide	7
went	7
wave	7
warm	7
vision	7
three	7
think	7
spirit	7
sound	7
song	7
simple	7
shy	7
should	7
shore	7
say	7
rise	7
ride	7
queen	7
proud	7
power	7
part	7
often	7
mind	7
lo	7
lie	7
left	7
kind	7
grew	7
grave	7
grand	7
gold	7
gloom	7
give	7
gay	7
gate	7
future	7
father	7
farmer	7
eye	7
don't	7
death	7
dawn	7
course	7
cold	7
cloud	7
cliff	7
christmas	7
bring	7
breath	7
bound	7
behind	7
beauty	7
art	7
always	7
ages	7
•	6
wood	6
woman	6
wind	6
wealth	6
water	6
watch	6
wall	6
wait	6
very	6
vain	6
trees	6
tempest	6
tell	6
tall	6
take	6
sunshine	6
stay	6
star	6
spring	6
sorrow	6
smoke	6
smiled	6
skiff	6
sing	6
shadow	6
set	6
saw	6
sand	6
sailed	6
race	6
quiet	6
put	6
pride	6
other	6
meet	6
marvel	6
made	6
lover	6
looked	6
live	6
leaves	6
leaf	6
island	6
indian	6
hung	6
hour	6
hoary	6
grow	6
god	6
gleams	6
gaze	6
filled	6
fate	6
fame	6
dreams	6
does	6
despair	6
crescent	6
clouds	6
brow	6
brings	6
brief	6
born	6
boat	6
below	6
behold	6
began	6
beach	6
bank	6
another	6
ancient	6
amid	6
alas	6
against	6
wonder	5
without	5
wit	5
wings	5
winged	5
whom	5
whatever	5
viewed	5
turned	5
true	5
trouble	5
track	5
touch	5
took	5
toil	5
together	5
tides	5
thither	5
thistle	5
ten	5
tale	5
strife	5
storm	5
starry	5
sort	5
somehow	5
softly	5
smile	5
silver	5
silent	5
shed	5
shaggy	5
sense	5
self	5
seen	5
sat	5
s	5
rude	5
rose	5
roof	5
rare	5
present	5
powers	5
pleasure	5
plan	5
passion	5
ocean	5
nature	5
nation	5
moves	5
most	5
modern	5
meetinghouse	5
mat	5
lives	5
leave	5
law	5
john	5
it's	5
inmost	5
infinite	5
ill	5
horse	5
hither	5
hills	5
haze	5
hardly	5
hair	5
glorious	5
glance	5
gave	5
gain	5
full	5
friend	5
form	5
foam	5
flushed	5
flows	5
flow	5
fish	5
fields	5
fear	5
falls	5
evening	5
eternal	5
edge	5
doubt	5
distance	5
did	5
dew	5
dear	5
dead	5
daughter	5
cries	5
common	5
clear	5
change	5
caught	5
calm	5
cabin	5
busy	5
brown	5
break	5
bore	5
blow	5
billows	5
best	5
been	5
awful	5
among	5
after	5
*	5
(	5
wrinkled	4
wondrous	4
within	4
withered	4
wing	4
window	4
ways	4
war	4
until	4
turf	4
try	4
triumphs	4
tread	4
trace	4
tongue	4
tis	4
tide	4
thrilled	4
thing	4
tent	4
tender	4
takes	4
sudden	4
street	4
stream	4
story	4
start	4
stand	4
sons	4
smiles	4
slowly	4
slopes	4
sit	4
sheep	4
shape	4
shadowy	4
shade	4
seems	4
seemed	4
seek	4
secret	4
seas	4
scattered	4
savage	4
rosy	4
road	4
rising	4
repose	4
realm	4
rank	4
ran	4
purple	4
poet	4
pleased	4
play	4
passions	4
parents	4
paradise	4
pains	4
page	4
overhead	4
order	4
orchard	4
open	4
oak	4
none	4
mystery	4
myself	4
mound	4
midnight	4
mary	4
lovers	4
lost	4
looks	4
locks	4
lobster	4
lean	4
laughter	4
laugh	4
lamb	4
laid	4
kept	4
instead	4
indeed	4
illusion	4
hut	4
humble	4
hopes	4
hidden	4
heights	4
heard	4
heads	4
harvest	4
grows	4
grown	4
grim	4
grain	4
glowing	4
glow	4
gloomy	4
glancing	4
girls	4
ghost	4
generations	4
gaunt	4
fro	4
friends	4
free	4
forms	4
forest	4
flowers	4
flight	4
fierce	4
field	4
fancies	4
familiar	4
evermore	4
envy	4
dying	4
depart	4
daughters	4
culture	4
crows	4
creation	4
cool	4
clay	4
catch	4
care	4
cannot	4
burden	4
broad	4
bride	4
breeze	4
breast	4
breaks	4
brave	4
branches	4
brags	4
both	4
bosom	4
blown	4
blood	4
blind	4
birds	4
being	4
begin	4
basket	4
barefoot	4
babe	4
axe	4
ask	4
any	4
alone	4
younger	3
written	3
words	3
woo	3
wondering	3
won	3
woe	3
wiser	3
willows	3
wet	3
welcome	3
weary	3
waving	3
wavering	3
watching	3
watched	3
wandered	3
wander	3
walked	3
walk	3
voyage	3
village	3
veil	3
valley	3
vague	3
used	3
use	3
unseen	3
unborn	3
twoscore	3
twas	3
turns	3
trifle	3
tried	3
traps	3
tragic	3
toward	3
titan	3
tinkle	3
throng	3
thousand	3
thine	3
thick	3
swing	3
sweetly	3
sweeps	3
supper	3
suns	3
sunlit	3
sunlight	3
success	3
struggle	3
storms	3
stood	3
stone	3
stern	3
stands	3
stage	3
squaw	3
springs	3
spread	3
spot	3
sphere	3
speech	3
sown	3
souls	3
songs	3
son	3
solitary	3
solid	3
softened	3
sober	3
slim	3
slept	3
sleeps	3
skies	3
sister	3
sink	3
silvered	3
silence	3
shows	3
shot	3
short	3
shores	3
shop	3
shine	3
shares	3
shady	3
sends	3
seeing	3
science	3
school	3
scene	3
scalp	3
sailing	3
sad	3
rows	3
rolling	3
rode	3
rocky	3
rocks	3
rock	3
riches	3
rich	3
rhyme	3
remember	3
reason	3
reached	3
re	3
pure	3
profile	3
procession	3
prime	3
presence	3
preacher	3
praise	3
poles	3
played	3
plant	3
planet	3
plain	3
pity	3
pines	3
pewter	3
pew	3
petty	3
perhaps	3
perfect	3
peopled	3
pearl	3
peaks	3
patriarch	3
path	3
passing	3
parting	3
parent	3
pair	3
pace	3
older	3
oars	3
nt	3
nought	3
need	3
mysterious	3
morn	3
mist	3
merry	3
mercies	3
meets	3
measure	3
master	3
maples	3
mantle	3
magic	3
lying	3
log	3
living	3
liquid	3
lines	3
lily	3
lights	3
lifted	3
ledge	3
learned	3
learn	3
lead	3
laughing	3
lash	3
lame	3
lambs	3
lady	3
knows	3
known	3
justice	3
judge	3
joyous	3
huge	3
hue	3
host	3
honest	3
hold	3
hill	3
higher	3
hid	3
help	3
height	3
heed	3
heavens	3
heavenly	3
hat	3
happiness	3
happier	3
haired	3
grief	3
got	3
glide	3
glass	3
get	3
gentle	3
genius	3
gathering	3
gains	3
fruit	3
frame	3
fragrance	3
fortunes	3
formed	3
forces	3
fond	3
following	3
foe	3
fly	3
floor	3
flock	3
fingers	3
fine	3
fifty	3
few	3
feed	3
features	3
fashion	3
farm	3
faint	3
failed	3
faded	3
existence	3
everywhere	3
end	3
else	3
ebb	3
early	3
dust	3
dusk	3
drew	3
dreamed	3
dory	3
doorway	3
discontent	3
dewy	3
desolate	3
desire	3
deny	3
delight	3
dazzling	3
darkness	3
daily	3
d	3
curved	3
curious	3
crystal	3
crimes	3
crime	3
cove	3
country	3
coast	3
clover	3
cider	3
chosen	3
childhood	3
chief	3
chap	3
chaos	3
cause	3
cattle	3
cares	3
careless	3
camp	3
called	3
call	3
buy	3
burn	3
brought	3
brother	3
broken	3
breathing	3
bows	3
bowed	3
bow	3
boston	3
bolts	3
boards	3
board	3
blossom	3
blessings	3
birth	3
birches	3
beyond	3
ben	3
bell	3
bee	3
beautiful	3
beat	3
beast	3
beams	3
beam	3
bask	3
barnacles	3
bark	3
ball	3
azure	3
atmosphere	3
applause	3
appears	3
anywhere	3
anguish	3
angel	3
alike	3
abyss	3
abide	3
.'	3
)	3
!'	3
|arabic5+digit|	2
youthful	2
yours	2
yields	2
yellow	2
yearning	2
wrought	2
wreath	2
wrath	2
wrapped	2
wraith	2
wove	2
worthy	2
worse	2
worm	2
worlds	2
woodland	2
wooden	2
woes	2
withdraws	2
wisdom	2
wintery	2
wilt	2
wiles	2
wilderness	2
whole	2
whittle	2
whittier	2
whitens	2
whistle	2
whirled	2
whether	2
whereby	2
west	2
well-to-do	2
weeds	2
weatherbeaten	2
weather	2
wayside	2
watches	2
waste	2
warriors	2
warn	2
wants	2
wandering	2
wailing	2
voices	2
visit	2
virgin	2
viewless	2
ve	2
vales	2
upward	2
upturned	2
upstart	2
upright	2
upland	2
unuttered	2
untracked	2
untouched	2
unlock	2
unknown	2
universal	2
understand	2
twinkled	2
twinkle	2
twilight	2
twelve	2
tusks	2
turning	2
tufts	2
trust	2
triumph	2
treasure	2
trap	2
tranquil	2
train	2
toys	2
touse	2
tossed	2
toss	2
tops	2
told	2
tints	2
ties	2
thus	2
threw	2
threescore	2
thinking	2
thicker	2
theme	2
theatre	2
terror	2
terrace	2
tempered	2
tangled	2
talked	2
tail	2
table	2
systems	2
swings	2
swiftly	2
swells	2
swell	2
sweetest	2
sweeter	2
sweeping	2
sweep	2
swamps	2
surging	2
surge	2
superstition	2
sunset	2
sunrise	2
sunny	2
sunday	2
suit	2
suffuse	2
sublime	2
stumps	2
stubble	2
struck	2
strive	2
stretched	2
strength	2
strangely	2
stories	2
stopped	2
stony	2
stole	2
stocks	2
stirring	2
stirred	2
stick	2
steps	2
steeples	2
steep	2
station	2
state	2
stars	2
staring	2
stammer	2
stair	2
spotted	2
spiritual	2
spelling	2
spears	2
sparkling	2
spaces	2
space	2
sounds	2
solemn	2
solace	2
soil	2
snows	2
smooth	2
smite	2
smiling	2
sluggish	2
sleep	2
slayer	2
slay	2
sketched	2
sits	2
sir	2
sings	2
singing	2
since	2
sin	2
silvery	2
signal	2
sickness	2
shrill	2
showers	2
show	2
shout	2
shorn	2
shook	2
ships	2
ship	2
shingle	2
shimmering	2
shilling	2
shifting	2
shield	2
shepherd	2
shelter	2
shells	2
sheen	2
sheaves	2
sheath	2
shapes	2
shaped	2
shame	2
shallows	2
shadows	2
sew	2
sent	2
senses	2
sees	2
seat	2
season	2
searching	2
seamed	2
schoolboy	2
scenes	2
scarce	2
scant	2
salute	2
sailor	2
safe	2
rush	2
run	2
rule	2
rough	2
room	2
romance	2
rolled	2
roar	2
rivers	2
rises	2
risen	2
ripples	2
rings	2
ring	2
rifts	2
rides	2
reverence	2
reveal	2
restless	2
remembers	2
remembered	2
regions	2
reefs	2
reconciled	2
reckless	2
reading	2
rattles	2
rather	2
rarely	2
rapture	2
rains	2
raiment	2
rag	2
racing	2
quiver	2
quickly	2
quick	2
question	2
quaker	2
pushed	2
pulsing	2
pulls	2
pull	2
prudent	2
prudence	2
prosperous	2
prosaic	2
pretty	2
pretence	2
prayer	2
poured	2
pour	2
pots	2
porch	2
pool	2
pooh	2
pondered	2
pocket	2
plunged	2
please	2
pleading	2
pleaded	2
playing	2
platter	2
plate	2
planets	2
places	2
pink	2
pinion	2
piled	2
picturesque	2
phantoms	2
phantom	2
pews	2
permanence	2
perish	2
perfume	2
peer	2
pause	2
patter	2
patience	2
pasture	2
pardon	2
papooses	2
papoose	2
pang	2
pallid	2
pall	2
painted	2
paint	2
pages	2
overhears	2
opinion	2
opens	2
ones	2
oceans	2
obscure	2
obey	2
oar	2
o's	2
notion	2
nothing	2
nose	2
nigh	2
nest	2
nellie	2
nell	2
neighbours	2
neighbour	2
neck	2
nativity	2
native	2
nations	2
narrow	2
named	2
mystic	2
music	2
mud	2
moved	2
move	2
mouth	2
mourn	2
mould	2
mothers	2
mortals	2
moore	2
moonlight	2
modest	2
mix	2
misty	2
miss	2
mine	2
mimic	2
mid	2
mercy	2
memories	2
melancholy	2
meanwhile	2
mazes	2
matted	2
mates	2
mate	2
marble	2
mantled	2
mane	2
manager	2
maids	2
mad	2
luminous	2
lowly	2
loves	2
lovely	2
loveliest	2
loved	2
lot	2
losses	2
loss	2
looking	2
load	2
lived	2
lithe	2
listens	2
lisp	2
liquor	2
linger	2
limbs	2
limbed	2
lesson	2
led	2
leaps	2
leap	2
leaning	2
leafy	2
leafage	2
lawn	2
lavished	2
laurels	2
laughs	2
late	2
lank	2
lane	2
landscape	2
lad	2
lack	2
laced	2
knolls	2
knew	2
kiss	2
kin	2
kill	2
key	2
kelp	2
june	2
joys	2
joke	2
jew	2
jest	2
itself	2
isle	2
iron	2
invisible	2
interminable	2
intelligence	2
infancy	2
impassive	2
ignorance	2
idyl	2
idle	2
idea	2
ice	2
hush	2
husband	2
hunt	2
hungry	2
hundred	2
hues	2
howl	2
household	2
horoscope	2
honours	2
honoured	2
holy	2
hoe	2
hoarding	2
hoar	2
history	2
hinges	2
himself	2
hide	2
heritage	2
hence	2
held	2
heeds	2
heavy	2
heavily	2
hawk	2
haunting	2
haste	2
harvesters	2
hard	2
hangs	2
hairs	2
guest	2
guessed	2
guard	2
grove	2
group	2
griefs	2
greed	2
grateful	2
granite	2
grandeur	2
graces	2
going	2
glows	2
glories	2
glimmer	2
glee	2
glare	2
glances	2
girl	2
gilded	2
gild	2
gift	2
ghosts	2
geniuses	2
generous	2
gazing	2
gather	2
gardens	2
games	2
game	2
gained	2
g	2
fun	2
frolic	2
freely	2
frail	2
four	2
fortitude	2
forsaken	2
forgotten	2
forget	2
foreheads	2
forefathers	2
footprints	2
footlights	2
foot	2
fool	2
follows	2
follies	2
flying	2
flush	2
flown	2
flowing	2
florid	2
flood	2
flocks	2
float	2
flitting	2
flies	2
flew	2
fleeting	2
fleet	2
flashing	2
flashes	2
five	2
fishing	2
firs	2
firm	2
fires	2
fell	2
feeble	2
fed	2
fears	2
fathers	2
fatherly	2
farther	2
farms	2
farmhouse	2
falling	2
fallen	2
faithfully	2
fairy	2
fairest	2
faintly	2
failing	2
faces	2
expand	2
evil	2
evanescent	2
ethereal	2
estate	2
enfolds	2
encircled	2
enchantment	2
empty	2
embers	2
em	2
elate	2
easel	2
ears	2
earnest	2
eagles	2
eager	2
dusky	2
duration	2
dull	2
drowsy	2
dropped	2
drooping	2
driven	2
dripping	2
drink	2
drifts	2
drift	2
draws	2
dragon	2
dozen	2
dower	2
doubts	2
doors	2
dominion	2
dog	2
distress	2
distant	2
disdain	2
desolation	2
departed	2
deer	2
deeps	2
deeper	2
deemed	2
deeds	2
dawning	2
dancing	2
dan	2
dainty	2
curves	2
curve	2
curtained	2
curse	2
curs	2
currents	2
curls	2
cry	2
crowning	2
cried	2
crested	2
creed	2
creatures	2
creature	2
coy	2
court	2
courage	2
couple	2
countenance	2
counsel	2
costume	2
corn	2
convulsions	2
confusion	2
compassion	2
colours	2
coat	2
clung	2
closed	2
cling	2
climb	2
clearing	2
claws	2
clamour	2
city	2
circumstance	2
circle	2
christian	2
chooses	2
choose	2
chin	2
chimney	2
chilled	2
cherries	2
chequered	2
cheerful	2
cheer	2
charming	2
charmed	2
changed	2
chance	2
chambers	2
chain	2
centuries	2
ceaseless	2
cat	2
carry	2
carriage	2
cape	2
canvas	2
can't	2
camping	2
calms	2
calls	2
bursts	2
burned	2
build	2
brooding	2
broke	2
brier	2
bridle	2
bridal	2
breakfast	2
braid	2
bourn	2
bouquets	2
bough	2
bother	2
bosoms	2
blossoms	2
bloom	2
blessedness	2
blended	2
blend	2
bleat	2
blazing	2
blame	2
bitterness	2
billowy	2
big	2
betwixt	2
bells	2
beheld	2
beginning	2
bees	2
bed	2
become	2
beckoning	2
bearing	2
bay	2
baskets	2
bashful	2
barn	2
banners	2
banished	2
bands	2
ballet	2
bald	2
bait	2
bad	2
babes	2
awhile	2
aware	2
autumn	2
assuage	2
assent	2
aspired	2
ash	2
arts	2
arrow	2
arms	2
arched	2
approved	2
appear	2
apart	2
anything	2
ambition	2
aloof	2
almost	2
alive	2
aglow	2
aged	2
afloat	2
advance	2
^	2
/	2
!"	2
•v	1
•the	1
•>	1
•*	1
»	1
~	1
}	1
zone	1
zenith	1
younglings	1
yon	1
yolinkers	1
yield	1
yester	1
yes	1
yelled	1
yearningly	1
yearling	1
yea	1
ye	1
yarrow	1
wrote	1
wrongs	1
writhe	1
wriggling	1
wrapping	1
wrangle	1
woven	1
worth	1
worshiper	1
worship	1
worn	1
wool	1
wooing	1
woof	1
wooed	1
woodpeckers	1
woodlands	1
wondrously	1
wonders	1
wonderful	1
won't	1
wolfish	1
wolf	1
wl	1
wives	1
witty	1
witness	1
withering	1
wither	1
with*burning	1
witch	1
wishing	1
wish	1
wiped	1
wipe	1
winging	1
wine	1
windrows	1
windows	1
windowless	1
winding	1
willow	1
wildfowl	1
wildest	1
wilder	1
wifs	1
wields	1
wicker	1
wicked	1
wick	1
whortleberry	1
wholly	1
whizzing	1
whitewashed	1
whitening	1
whistling	1
whispers	1
whispered	1
whirs	1
whirlwind	1
whirling	1
whirl	1
whinnying	1
whines	1
wherever	1
wherefore	1
whenever	1
whence	1
wheeled	1
wheel	1
wheat	1
western	1
wept	1
wells	1
welcoming	1
welcomed	1
weighty	1
weft	1
weep	1
web	1
weaving	1
wearying	1
wearily	1
weaponed	1
weak	1
wavers	1
watered	1
wasting	1
wasted	1
wary	1
wars	1
warrior	1
warp	1
warning	1
warms	1
wares	1
warehouse	1
wanted	1
walls	1
wakes	1
waits	1
waited	1
wagon	1
wafts	1
wafted	1
waft	1
wading	1
volume	1
vols	1
voiceless	1
vital	1
vistas	1
visaged	1
visage	1
virtues	1
virtue	1
vireo	1
violets	1
views	1
view	1
vicious	1
vices	1
vice	1
vexation	1
veteran	1
vesture	1
vessel	1
veriest	1
vent	1
venerated	1
velvet	1
veins	1
veined	1
veiled	1
vault	1
varies	1
vapours	1
vanishings	1
vanishes	1
vanished	1
vanish	1
vanderbilt	1
vampire	1
valleys	1
vale	1
vainly	1
utter	1
urged	1
urchins	1
urchin	1
uprose	1
upper	1
uplift	1
updraw	1
upborne	1
unworthy	1
unwary	1
unusual	1
unused	1
untie	1
untaught	1
unsung	1
unsubstantial	1
unstrung	1
unspent	1
unspelled	1
unspeakable	1
unrolled	1
unresting	1
unrest	1
unremembering	1
unread	1
unravelled	1
unnoticed	1
unmoved	1
unlocks	1
unjust	1
universe	1
unique	1
unheeded	1
unfurled	1
unfolding	1
unfolded	1
unfinished	1
unexperienced	1
unearthly	1
undismayed	1
undertow	1
uncouth	1
unconcern	1
uncommon	1
unclose	1
unchanging	1
unchanged	1
uncertain	1
unawares	1
unavailing	1
u	1
twisting	1
twice	1
tut	1
turtles	1
turtle	1
turbid	1
tumult	1
tumbles	1
tumbled	1
tufted	1
trying	1
truth	1
trousers	1
trotter	1
triumphant	1
tripping	1
trip	1
trinkets	1
trills	1
trilled	1
tries	1
tricks	1
tribe	1
trials	1
trial	1
trestles	1
tremulous	1
treading	1
treachery	1
travelled	1
translucency	1
transfigures	1
tranquilly	1
trance	1
tramps	1
trampling	1
trammels	1
traits	1
trains	1
traffic	1
trade	1
traced	1
towns	1
towering	1
tower	1
tough	1
touching	1
tossing	1
torrents	1
topmost	1
top	1
tooth	1
tonight	1
tones	1
tone	1
tomb	1
tomahawk	1
tom	1
toils	1
toilers	1
toddling	1
toddles	1
titter	1
title	1
tippling	1
tipped	1
tiny	1
tint	1
tinsel	1
tinkled	1
timid	1
timely	1
timber	1
tilled	1
tillage	1
tickling	1
thundering	1
thunder	1
thrushes	1
throngs	1
throes	1
throbs	1
throbbing	1
throats	1
threshing	1
threats	1
threatened	1
threaded	1
thrall	1
thirteenth	1
thirsts	1
thirst	1
third	1
thinks	1
thin	1
thieving	1
thicken	1
therefore	1
thenceforth	1
theirs	1
thatch	1
thankful	1
thank	1
text	1
tether	1
tete-a-tete	1
ters	1
terrible	1
terraced	1
tends	1
tenderness	1
tenderly	1
temptations	1
tells	1
teach	1
tea	1
tawny	1
tattered	1
taste	1
tassel	1
tasks	1
tarries	1
taper	1
tanned	1
tamed	1
tame	1
talk	1
tailed	1
tack	1
tablet	1
tableaux	1
sympathy	1
sympathies	1
sycamore	1
swung	1
swords	1
swinging	1
swims	1
swim	1
swerves	1
swept	1
sweetness	1
sweethearts	1
sways	1
swaying	1
swayed	1
swarm	1
swam	1
swallows	1
sustained	1
suspended	1
survey	1
surrounds	1
surround	1
surprise	1
surmise	1
surges	1
surface	1
surf	1
surely	1
sure	1
sups	1
supremely	1
supple	1
superb	1
sunshiny	1
sunning	1
sung	1
sunbeams	1
sumach	1
sum	1
sullen	1
suits	1
suggestion	1
suffer	1
suddenly	1
succeeded	1
subtle	1
substance	1
subservient	1
submit	1
sublunary	1
subdued	1
stuff	1
studying	1
stuck	1
struggled	1
stroke	1
striving	1
string	1
strikes	1
stricken	1
strewn	1
streets	1
streams	1
streaming	1
streamed	1
streaks	1
streaked	1
strayed	1
stray	1
straw	1
strangers	1
stranger	1
strands	1
strain	1
straightway	1
straight	1
stout	1
stormy	1
stored	1
store	1
stoops	1
stooped	1
stones	1
stolid	1
stoic	1
stockings	1
stock	1
stirs	1
stiff	1
sticks	1
stem	1
steed	1
stealth	1
steadfast	1
stayed	1
statue	1
statesman	1
states	1
stately	1
startle	1
starred	1
starfish	1
stanchion	1
stalwart	1
stalls	1
stall	1
stalking	1
stalk	1
stale	1
staid	1
stacks	1
stack	1
stable	1
squirrels	1
squealing	1
squats	1
square	1
squander	1
squalor	1
squalid	1
spy	1
spun	1
sprung	1
sprite	1
springtime	1
spots	1
sports	1
sport	1
spoke	1
spoiling	1
spoil	1
splintered	1
splendour	1
splendid	1
splashing	1
splash	1
spite	1
spirits	1
spires	1
spinning	1
spin	1
spheres	1
spell	1
sped	1
spectres	1
spectral	1
specs	1
special	1
speaking	1
speak	1
spat	1
sparrow	1
sparkles	1
spared	1
spangles	1
span	1
spade	1
sow	1
sovereign	1
south	1
sought	1
sorrows	1
sorrier	1
somewhat	1
somebody	1
sombre	1
solution	1
solons	1
solitudes	1
solitude	1
sold	1
solaced	1
soever	1
socket	1
social	1
sobbed	1
soared	1
soar	1
snug	1
snatched	1
snarls	1
snarl	1
smoothly	1
smoothed	1
smites	1
smack	1
slumbering	1
slumbered	1
sloping	1
slope	1
slinks	1
sling	1
slighted	1
slides	1
sleighing	1
sleigh	1
sleepy	1
slave	1
slants	1
slanting	1
slabs	1
skylight	1
skirt	1
skirl	1
skippers	1
skins	1
skimmed	1
skillet	1
skilled	1
skill	1
sketch	1
sixty	1
sitting	1
sires	1
sinuous	1
sinner	1
single	1
singer	1
simply	1
simples	1
simmering	1
sill	1
silken	1
silhouettes	1
silhouette	1
silently	1
signs	1
sights	1
sighs	1
sigh	1
sifts	1
sidle	1
shuttered	1
shuffling	1
shrunken	1
shrouds	1
shrills	1
shrieking	1
shrewd	1
showing	1
showered	1
showed	1
shouted	1
shouldered	1
shoulder	1
shortest	1
shorter	1
shoreward	1
shoreless	1
shops	1
shoot	1
shipwrecked	1
shields	1
shelves	1
sheltering	1
shell	1
sheeted	1
shedding	1
shearing	1
shear	1
sheaf	1
shavers	1
shaver	1
shattered	1
sharp	1
sharer	1
share	1
shake	1
shafts	1
shaft	1
shadowed	1
shadeless	1
shaded	1
sewed	1
seventieth	1
seven	1
settled	1
service	1
serve	1
serpent	1
sermon	1
serene	1
seraphic	1
sepulchres	1
separation	1
separate	1
sentimental	1
sensitive	1
sell	1
selkirk	1
seizes	1
seeming	1
seeking	1
seekers	1
seed	1
sedate	1
secure	1
second	1
seaweed	1
seams	1
scythe	1
sculpture	1
scud	1
scribbled	1
screen	1
screams	1
screamed	1
scratch	1
scraped	1
scrap	1
scrambling	1
scours	1
scott	1
scoop	1
scolded	1
scissures	1
schools	1
scheming	1
scheme	1
scents	1
scarred	1
scared	1
scarcely	1
scanty	1
scalps	1
scaffold	1
save	1
savages	1
saunters	1
saucy	1
sauciest	1
satirise	1
sash	1
santa	1
sands	1
salvation	1
salt	1
sally	1
sallied	1
sallie	1
sail	1
sages	1
sagacity	1
sagacious	1
safely	1
sacrifice	1
sacred	1
sabbath	1
rye	1
ruth	1
rusks	1
rushing	1
ruined	1
ruin	1
rugged	1
rudeness	1
ruby	1
royally	1
rowing	1
rowed	1
row	1
roughness	1
rouged	1
roseate	1
rookh	1
roofs	1
romantic	1
romances	1
rolls	1
roll	1
rods	1
rocked	1
robins	1
robe	1
roaming	1
roamed	1
roaches	1
riverside	1
riven	1
rippling	1
ripple	1
rightly	1
righteousness	1
righteously	1
righted	1
rigged	1
rift	1
rifle	1
ridge	1
rickety	1
rewards	1
revive	1
revisiting	1
reverses	1
reverently	1
reverent	1
revenge	1
revealed	1
reunited	1
returning	1
returned	1
retreat	1
retort	1
resting	1
resources	1
resounds	1
resounded	1
resistance	1
resist	1
resign	1
reservation	1
republics	1
reply	1
replies	1
replace	1
repine	1
repentant	1
repentance	1
repair	1
rents	1
renown	1
renounce	1
renewing	1
remorse	1
remind	1
remain	1
religions	1
relation	1
rejoice	1
reins	1
region	1
refulgent	1
reft	1
reflects	1
reflected	1
reeking	1
reechoing	1
redmen	1
redly	1
recross	1
reclaimed	1
reclaim	1
reckoned	1
reckon	1
reck	1
receding	1
recedes	1
recalled	1
rebellious	1
reasons	1
rearing	1
reared	1
reappear	1
reap	1
real	1
ready	1
reaching	1
reaches	1
reach	1
raw	1
ravished	1
raving	1
ravenous	1
ravelled	1
ravage	1
raptures	1
rapacity	1
ranks	1
ranged	1
range	1
random	1
raised	1
rainy	1
raining	1
railroad	1
rags	1
rages	1
raftered	1
radiant	1
radiance	1
racks	1
rack	1
quotas	1
quivers	1
quivering	1
quitted	1
quirks	1
quinces	1
quills	1
quickness	1
questionings	1
questioning	1
questioned	1
queer	1
quarrels	1
quail	1
quaffed	1
pyramid	1
pygmy	1
puzzling	1
puzzled	1
pushing	1
purchase	1
puny	1
pulleys	1
puffs	1
puffed	1
pucker	1
psalms	1
prowler	1
providence	1
proved	1
proudly	1
prouder	1
propose	1
prophetic	1
prophet	1
prophesy	1
prophecy	1
proper	1
projections	1
progress	1
professor	1
prizes	1
prize	1
privileged	1
privacy	1
prismatic	1
princess	1
primal	1
prick	1
price	1
preyeth	1
prey	1
pressed	1
prepared	1
preferred	1
prefer	1
preexistence	1
predestinate	1
precious	1
praying	1
prayers	1
pray	1
prank	1
prancing	1
prances	1
prance	1
praised	1
powder	1
poverty	1
pours	1
pounded	1
pounced	1
poultry	1
potatoes	1
potato	1
pot	1
possess	1
portray	1
portion	1
portals	1
port	1
poplar	1
pools	1
pondering	1
pond	1
pollen	1
politics	1
polished	1
pole	1
poise	1
point	1
poetry	1
poesy	1
plums	1
plumes	1
plumed	1
plume	1
plumage	1
ploughs	1
plough	1
plenty	1
pleiades	1
pledged	1
pleases	1
pleasantry	1
playthings	1
plaudits	1
plaited	1
plains	1
plainly	1
plagues	1
placing	1
placid	1
placed	1
piteous	1
pitches	1
pioneer	1
pinnace	1
pinks	1
pinioned	1
pin	1
pilots	1
pillows	1
pillow	1
pillage	1
pilgrimage	1
pile	1
pigs	1
piety	1
piercing	1
pieces	1
pictures	1
picture	1
picking	1
pick	1
physician	1
philosopher	1
phenomenon	1
phcebe	1
pettiness	1
petals	1
pestle	1
perverse	1
persuasive	1
persistent	1
perpetual	1
perished	1
perishable	1
peril	1
peri	1
perfumes	1
perform	1
perennial	1
perchance	1
people	1
pensively	1
pensive	1
pension	1
pendulum	1
pendants	1
pellucid	1
peering	1
peddles	1
peculiar	1
pebbles	1
pebble	1
pear	1
peal	1
peak	1
peacock	1
peaceful	1
payment	1
pay	1
pavilion	1
paved	1
pausing	1
paused	1
patterns	1
patriot	1
patient	1
paths	1
pathless	1
patches	1
patch	1
pastures	1
pastured	1
pastime	1
passes	1
parts	1
parties	1
particular	1
parted	1
parson	1
parcel	1
parasite	1
panthers	1
panther	1
pantaloons	1
pansies	1
pangs	1
pane	1
pampers	1
palpitating	1
palm	1
palled	1
paled	1
palanquin	1
palace	1
paddle	1
packed	1
pack	1
paced	1
oxen	1
owns	1
owners	1
owned	1
owls	1
overleaning	1
overgrown	1
overarch	1
outworn	1
outward	1
outstretched	1
outspread	1
outlined	1
outfly	1
outer	1
ours	1
otter	1
others	1
oscillation	1
orphans	1
orphaned	1
oriental	1
orient	1
orchestra	1
orchards	1
orbs	1
orbed	1
openeth	1
opened	1
oozy	1
onward	1
omnipresent	1
olympian	1
old-fashioned	1
ogling	1
oft	1
offerings	1
odour	1
odorous	1
octogenarian	1
occasion	1
obstructing	1
obstruct	1
oasis	1
nuts	1
nourish	1
note	1
notch	1
northern	1
northeasters	1
nooning	1
nook	1
noise	1
noble	1
nimble	1
nightmare	1
nightfall	1
niece	1
nice	1
next	1
nets	1
neither	1
neighbouring	1
needs	1
needless	1
neat	1
nearest	1
naked	1
nag	1
nabobs	1
n	1
myth	1
mystical	1
myriad	1
muttered	1
mutation	1
musty	1
mustering	1
musquash	1
musical	1
muse	1
murmur	1
mullein	1
mug	1
muffled	1
movement	1
mouse	1
mournful	1
mourned	1
mountains	1
mountain	1
moulded	1
motion	1
mossy	1
mosses	1
moses	1
morrow	1
morocco	1
mornings	1
moonbeams	1
mood	1
monuments	1
months	1
monolith	1
monk	1
moist	1
mockingly	1
mocking	1
mock	1
moccasins	1
moan	1
missive	1
mission	1
misses	1
missed	1
misery	1
miserly	1
mischief	1
miscalled	1
mirror	1
miracle	1
minutes	1
mink	1
mingling	1
mingled	1
millions	1
mill	1
milkweed	1
mile	1
mild	1
mignonette	1
mightier	1
mien	1
midst	1
met	1
merrily	1
merrier	1
merging	1
merely	1
merciful	1
merchant	1
mention	1
mends	1
mend	1
melt	1
melodies	1
mellowed	1
meddles	1
meant	1
meanings	1
meagre	1
meadows	1
meadow	1
maze	1
maytime	1
matthew	1
matter	1
matrons	1
material	1
matches	1
massacre	1
marvels	1
marvellous	1
marsh	1
marry	1
marmot	1
market	1
mark	1
mansions	1
mansion	1
manners	1
manly	1
manitou	1
manifold	1
manhood	1
mango	1
manes	1
managed	1
majestic	1
maine	1
maiden	1
maid	1
magnificent	1
magistrate	1
maddest	1
lyrical	1
luxury	1
lustres	1
lustre	1
lurid	1
lured	1
luncheon	1
luck	1
loud	1
lore	1
lords	1
lord	1
loosed	1
loose	1
looms	1
looming	1
longings	1
longer	1
loneliness	1
lone	1
lolled	1
loiter	1
loft	1
locust	1
locked	1
lobsterman	1
loads	1
lively	1
litten	1
lit	1
listen	1
lisping	1
lisped	1
lingers	1
lingered	1
lined	1
line	1
lindens	1
limns	1
limb	1
likes	1
likeness	1
likely	1
lightnings	1
lightly	1
lighting	1
lifts	1
lid	1
letters	1
lest	1
lessening	1
less	1
leopard	1
lengthened	1
length	1
lends	1
lend	1
leisure	1
legions	1
leers	1
learning	1
leapt	1
leaping	1
leans	1
leaneth	1
leaky	1
league	1
leads	1
leading	1
lazily	1
lays	1
laws	1
lawns	1
launching	1
launched	1
laughingly	1
laughed	1
latter	1
latin	1
later	1
lastly	1
lass	1
larger	1
large	1
lap	1
languish	1
lands	1
lamentation	1
lalla	1
lair	1
laggard	1
lag	1
lads	1
lading	1
laden	1
ladder	1
laclder	1
label	1
knowledge	1
knowingly	1
knock	1
knife	1
knees	1
kneels	1
knee	1
kite	1
kingdom	1
kine	1
kindred	1
kindness	1
kindled	1
kindle	1
kettle	1
kernel	1
kennebunkport	1
keeps	1
keen	1
justified	1
jug	1
judgments	1
jubilant	1
jtis	1
jt>	1
js	1
jolly	1
jokes	1
joins	1
join	1
job	1
jerk	1
jellies	1
jeering	1
jealously	1
jay	1
jaw	1
jargon	1
jams	1
jaded	1
jade	1
jacob	1
jacket	1
ivr	1
islet	1
islands	1
iridescent	1
iou	1
inward	1
inviting	1
invites	1
invite	1
intreats	1
intervenes	1
interprets	1
interceded	1
intense	1
insured	1
insult	1
insisted	1
insect	1
innumerable	1
innocent	1
inner	1
inlet	1
inky	1
ingredients	1
influences	1
infantile	1
infant	1
industrious	1
indicate	1
index	1
indentation	1
increase	1
incentives	1
incense	1
impetuous	1
impartial	1
impalpable	1
imaginary	1
imaged	1
image	1
illumes	1
idling	1
ideal	1
husks	1
husk	1
husbands	1
hurrying	1
hurried	1
hurricane	1
hunted	1
humbleness	1
humbled	1
humanely	1
hum	1
hulls	1
hoyt	1
howls	1
howling	1
hovers	1
hovering	1
houses	1
housed	1
hotel	1
hosts	1
hospitable	1
horses	1
horror	1
horns	1
hornbeam	1
hoped	1
hoot	1
hook	1
hoof	1
honour	1
homestead	1
homes	1
homer	1
homely	1
holmes	1
hollows	1
hollowed	1
hollow	1
holes	1
holding	1
hoard	1
hit	1
hindostan	1
hillside	1
highways	1
highway	1
highland	1
highest	1
hickory	1
hewn	1
heroic	1
heretofore	1
herbs	1
herb	1
hemlocks	1
helps	1
helplessness	1
helpful	1
helped	1
heirs	1
heir	1
heels	1
heel	1
heedless	1
hedghog	1
heave	1
heats	1
heathenism	1
heat	1
hearth	1
hearse	1
hears	1
hearken	1
heaped	1
health	1
headlong	1
hazy	1
hazily	1
haverhilps	1
havens	1
hating	1
hates	1
hateful	1
hatchet	1
hatch	1
hastes	1
hasten	1
hast	1
harsh	1
harrow	1
harmonious	1
harm	1
hardihood	1
hardhearted	1
happiest	1
hangbird	1
handy	1
handsome	1
handfuls	1
hammock	1
hammer	1
halter	1
halt	1
halo	1
halls	1
hale	1
hail	1
hag	1
hackneyed	1
habitation	1
ha	1
h	1
gusts	1
gust	1
gurgle	1
gun	1
gum	1
gulls	1
gulfs	1
guilty	1
guideboard	1
guide	1
guidance	1
gruff	1
gruels	1
grudging	1
growls	1
growled	1
growing	1
groves	1
grouse	1
grouping	1
gropingly	1
gropes	1
grope	1
groaning	1
grizzled	1
grins	1
grinning	1
greeting	1
greet	1
greenest	1
greedy	1
greater	1
grazing	1
graveyard	1
graves	1
graver	1
gratitude	1
grasshoppers	1
grasses	1
grant	1
grandmother	1
grandam	1
grackle	1
gracious	1
graceful	1
governments	1
gossip	1
gossamers	1
goose	1
goals	1
gnaw	1
glossy	1
glooms	1
glittering	1
glitter	1
glistening	1
glis	1
glimpses	1
glimpse	1
glides	1
glebe	1
glamour	1
gladsome	1
gladness	1
glaciers	1
gives	1
givers	1
given	1
girth	1
girlish	1
gilds	1
gibbering	1
giant	1
ghastly	1
germ	1
gently	1
gentler	1
generation	1
gems	1
gem	1
geese	1
gazes	1
gazer	1
gazed	1
gauze	1
gateway	1
gates	1
garret	1
garden	1
gap	1
gale	1
gainsay	1
gables	1
gable	1
fury	1
further	1
furrow	1
furlong	1
funereal	1
fullness	1
fullest	1
fulfilment	1
fugitive	1
ft	1
frozen	1
frowned	1
frost	1
front	1
frog	1
fringe	1
frights	1
friendly	1
freshness	1
frequent	1
freight	1
freedom	1
freed	1
freckles	1
fraternity	1
frank	1
franconia	1
fragile	1
fox	1
fowls	1
fourscore	1
fount	1
fought	1
fosters	1
fortune	1
fortunate	1
fortress	1
forgive	1
forgetting	1
foresee	1
foresaw	1
foreran	1
foremost	1
foreign	1
forehead	1
forbidding	1
footed	1
foolish	1
foolery	1
fondly	1
followed	1
follow	1
folks	1
folded	1
fog	1
flutter	1
flung	1
flowering	1
floodwood	1
floods	1
floats	1
floating	1
flit	1
flickering	1
fleets	1
fleece	1
flee	1
fled	1
flaws	1
flaw	1
flavour	1
flatterers	1
flatterer	1
flats	1
flared	1
flapped	1
flames	1
flamed	1
flame	1
flakes	1
flags	1
flag	1
fix	1
fitful	1
fissures	1
fishermen	1
fisher	1
fired	1
fingered	1
finer	1
finely	1
finds	1
finding	1
finches	1
filtered	1
filling	1
figures	1
fight	1
fifty-four	1
fiery	1
fiercest	1
fiend	1
fever	1
fettered	1
fern	1
feramorz	1
fenced	1
felt	1
fellowmen	1
fellow	1
feeling	1
feats	1
feathers	1
feather	1
feared	1
fawn	1
favourite	1
favour	1
fault	1
fathom	1
fat	1
faster	1
fashions	1
farthest	1
farewell	1
fare	1
fanner	1
fangs	1
family	1
faltering	1
falter	1
false	1
fallows	1
faithful	1
fairies	1
fairer	1
fail	1
fadladeen	1
fading	1
fade	1
facial	1
faced	1
fabled	1
f	1
eyed	1
exultation	1
exterminate	1
exploration	1
experienced	1
experience	1
expense	1
expedients	1
exodus	1
exile	1
exhalation	1
exempt	1
example	1
exacted	1
evils	1
everlasting	1
evergreens	1
events	1
estranged	1
esteemed	1
essence	1
esplanade	1
error	1
errands	1
erect	1
ere	1
eras	1
ephemeral	1
entranced	1
entertained	1
enrolled	1
enraptured	1
enrapt	1
enough	1
ennui	1
enlightened	1
enjoys	1
enjoying	1
enjoy	1
engages	1
engage	1
enfolding	1
enfolded	1
ends	1
endless	1
endeth	1
ended	1
endeavour	1
endeared	1
encrusted	1
encloses	1
enclose	1
enchanting	1
empires	1
emotions	1
emerging	1
embroidered	1
embossing	1
elysian	1
elusive	1
elms	1
elm	1
ellipses	1
elements	1
electric	1
elder	1
eighty	1
eidolon	1
eh	1
eggs	1
egg	1
effulgence	1
effects	1
eelgrass	1
edifice	1
edged	1
eclipses	1
ebbing	1
ease	1
earthquakes	1
earthly	1
earned	1
earliest	1
eared	1
ear	1
eagle	1
dwells	1
dwelling	1
dwellers	1
dwell	1
duties	1
dusty	1
dumb	1
dry	1
drumming	1
drowned	1
drown	1
drought	1
drops	1
drop	1
droop	1
drive	1
dripped	1
drifted	1
dried	1
dressing	1
dressed	1
drenched	1
drench	1
drear	1
dreamy	1
dreamily	1
dread	1
draw	1
draughts	1
draught	1
drank	1
draining	1
downward	1
doubtless	1
doubting	1
double	1
dollar	1
doctor	1
dock	1
dizzy	1
diviner	1
divinely	1
divine	1
divides	1
divide	1
ditch	1
disturbs	1
disturb	1
distinction	1
distilled	1
dissolving	1
dissolve	1
disprove	1
display	1
dispelling	1
dismayed	1
dismal	1
dislimned	1
dish	1
discrowned	1
discordant	1
discord	1
discontented	1
disappear	1
dipped	1
dinner	1
dingy	1
din	1
dimples	1
dimpled	1
dimly	1
dilution	1
dilated	1
dignified	1
digging	1
difference	1
died	1
dewdrop	1
devour	1
devoted	1
devil	1
detest	1
destroy	1
despite	1
despairing	1
deserted	1
desert	1
depths	1
depth	1
deprive	1
depend	1
dense	1
den	1
demon	1
demeanour	1
demands	1
delirious	1
delighting	1
delighted	1
delicate	1
deed	1
declare	1
dec	1
dearly	1
dearest	1
dealings	1
deal	1
deadly	1
dawns	1
dawned	1
darlings	1
darker	1
darkening	1
darkened	1
dared	1
dare	1
dappling	1
dank	1
dandelions	1
dance	1
dakotas	1
cycles	1
custom	1
cushion	1
curses	1
curling	1
curled	1
curl	1
curb	1
cup	1
culling	1
crying	1
crutch	1
crushingly	1
crumbled	1
crude	1
crowned	1
crowing	1
crow	1
crossing	1
croquet	1
crops	1
crooked	1
crone	1
crimson	1
crickets	1
cricket	1
crib	1
crew	1
crests	1
crest	1
crescents	1
crept	1
creep	1
creeks	1
creek	1
creditors	1
creaking	1
crawl	1
crashing	1
crags	1
craggy	1
crag	1
crafty	1
craft	1
cradled	1
cows	1
covers	1
cover	1
cousin	1
courses	1
counsellor	1
counselled	1
coulisse	1
cot	1
cosy	1
corner	1
core	1
corduroys	1
cords	1
cord	1
copy	1
coolness	1
cook	1
convenient	1
contest	1
contentment	1
contentions	1
contention	1
contented	1
content	1
contemplation	1
constellations	1
constant	1
consecrate	1
confronting	1
confront	1
confess	1
condition	1
concoct	1
compounding	1
composition	1
complete	1
complaining	1
compensation	1
companionship	1
companions	1
companion	1
commotion	1
commonplaces	1
commonplace	1
commingled	1
command	1
comfort	1
columbia	1
colt	1
coloured	1
colour	1
colossal	1
collar	1
colder	1
coeval	1
codes	1
cocks	1
cockle	1
cobweb	1
coarse	1
coals	1
coach	1
clusters	1
cluster	1
clumps	1
cloven	1
clothed	1
clothe	1
cloth	1
closely	1
close	1
clinched	1
climbed	1
cliffs	1
cleft	1
clears	1
claus	1
clattered	1
clatter	1
clasp	1
clashed	1
clash	1
clangs	1
claim	1
clad	1
civilization	1
civilised	1
citizen	1
citadel	1
circumvention	1
churchyard	1
church	1
chuckle	1
christ	1
chose	1
chores	1
chore	1
choice	1
chirped	1
chips	1
chinks	1
chink	1
chills	1
chill	1
childish	1
chieftain	1
chided	1
chews	1
chest	1
cherry	1
cherished	1
cherish	1
cheers	1
cheering	1
cheeks	1
cheat	1
chatter	1
chasten	1
chaste	1
chasing	1
chariot	1
channel	1
changeful	1
chains	1
chaff	1
cerulean	1
cemetery	1
celestial	1
ceasing	1
ceased	1
cease	1
cawing	1
caves	1
cavern	1
cave	1
caucasian	1
castle	1
cask	1
cashmere	1
carved	1
carries	1
career	1
caravan	1
cap	1
canst	1
canopied	1
canoes	1
candlestick	1
canary	1
camps	1
camels	1
calves	1
cajoles	1
cackle	1
byway	1
byron	1
bygone	1
butterfly	1
butterflies	1
butcher	1
bustling	1
bush	1
burying	1
bury	1
bursting	1
burst	1
burrowed	1
burning	1
buried	1
burial	1
burdens	1
burdened	1
bunch	1
bumble	1
built	1
building	1
builded	1
buffaloes	1
buffalo	1
bucolic	1
buck	1
bubble	1
brush	1
browse	1
brows	1
browed	1
brothers	1
broth	1
bronze	1
brokenly	1
broader	1
broadening	1
bristling	1
brisk	1
bringing	1
brimmed	1
brim	1
brightness	1
brightens	1
brightening	1
breeding	1
breeches	1
breathed	1
breathe	1
breaking	1
bread	1
braves	1
brats	1
branching	1
brain	1
braided	1
box	1
bowers	1
bounteous	1
bounds	1
boundless	1
bottoms	1
bottom	1
boots	1
booming	1
bone	1
boldly	1
bolder	1
bold	1
bobolink	1
boasts	1
boasted	1
blusters	1
blushes	1
bluff	1
blots	1
blooms	1
blooming	1
blissful	1
bliss	1
blindly	1
blessing	1
bless	1
bleating	1
bleak	1
bleached	1
blaze	1
blanket	1
blamed	1
blackbird	1
bit	1
birthday	1
birching	1
birch	1
binding	1
bin	1
billow	1
billet	1
bier	1
bid	1
betting	1
better	1
besetting	1
berry	1
bereft	1
bereavement	1
benetting	1
bends	1
bending	1
belongs	1
bellow	1
believing	1
believe	1
begun	1
beguiled	1
beguile	1
beginnings	1
beggar	1
beg	1
befriend	1
befell	1
befall	1
beetling	1
beer	1
beeches	1
beech	1
beckon	1
beck	1
beatitude	1
beasts	1
bears	1
bearer	1
beamed	1
beakers	1
beaked	1
beak	1
beads	1
beacon	1
bays	1
battle	1
basking	1
basked	1
bars	1
barred	1
barns	1
barnacled	1
bared	1
bard	1
barbarian	1
bar	1
banyan	1
bantlings	1
banquet	1
banks	1
band	1
balm	1
balls	1
bails	1
bagatelles	1
baffles	1
backs	1
backed	1
awning	1
awakes	1
awake	1
awaiting	1
await	1
averted	1
autocrat	1
attic	1
attention	1
attended	1
attend	1
attempted	1
atoms	1
astride	1
astor	1
assume	1
assembled	1
assailed	1
asking	1
aside	1
ashy	1
ashes	1
ascent	1
ascending	1
ascendeth	1
arundel	1
arrows	1
arrowhead	1
arrange	1
arose	1
armies	1
arm	1
arlington	1
arise	1
aright	1
arid	1
archer	1
approves	1
approaches	1
approach	1
apples	1
apple	1
appeared	1
appearance	1
appalling	1
anxious	1
antlered	1
antique	1
antics	1
antelopes	1
antedates	1
answered	1
ankles	1
angle	1
angels	1
angelic	1
anew	1
ancestral	1
ancestors	1
ample	1
amidst	1
amethyst	1
amends	1
alvord	1
altogether	1
alter	1
altars	1
also	1
already	1
almond	1
allowed	1
allow	1
alleys	1
alighting	1
aisles	1
aisle	1
airy	1
aim	1
agree	1
aghast	1
aggression	1
agent	1
afford	1
affairs	1
afar	1
adorn	1
add	1
adamantine	1
action	1
act	1
acres	1
aching	1
achievements	1
achieve	1
ache	1
absurd	1
abode	1
abiding	1
abhor	1
abashed	1
abasement	1
^•-	1
?'	1
?"	1
.*	1
.)	1
-\	1
-	1
);	1
'}	1
',	1
!)	1
