,	2345
the	1141
.	566
and	536
of	527
to	440
a	425
in	338
i	337
;	335
!	314
—	264
|'s|	231
that	211
my	211
not	174
is	166
thy	163
with	153
on	146
it	136
for	136
me	130
his	129
but	127
its	120
from	112
her	106
as	105
thee	96
'	95
by	86
be	86
no	83
thou	81
he	81
when	78
all	78
at	75
was	72
their	70
which	68
there	67
one	67
love	65
this	62
or	61
are	61
they	60
have	60
where	57
will	56
were	54
yet	51
who	51
shall	50
?	50
though	49
then	48
so	48
more	48
heart	48
like	47
what	46
o	46
tis	45
never	45
if	45
:	45
may	44
light	43
would	42
over	42
whose	41
she	41
earth	40
man	39
life	39
him	38
hath	38
our	37
hour	37
ever	37
an	35
upon	34
had	34
again	34
you	33
thine	33
nor	33
still	31
should	31
far	31
we	30
than	29
how	29
well	28
spirit	28
now	28
last	28
i'll	28
each	28
while	27
soul	27
name	27
know	27
away	27
fate	26
do	26
mine	25
alone	25
"	25
young	24
world	24
time	24
must	24
long	24
deep	24
eye	23
day	23
beauty	23
your	22
through	22
own	22
night	22
even	22
could	22
come	22
can	22
vain	21
these	21
most	21
high	21
fair	21
y	20
summer	20
power	20
might	20
land	20
hope	20
home	20
sweet	19
such	19
see	19
pain	19
old	19
gone	19
did	19
bower	19
some	18
sea	18
rose	18
nick	18
hand	18
call	18
been	18
art	18
above	18
twas	17
smile	17
good	17
blessed	17
wild	16
rest	16
form	16
flower	16
care	16
came	16
vaun	15
true	15
too	15
them	15
tell	15
song	15
side	15
pride	15
poor	15
only	15
look	15
joy	15
here	15
green	15
eyes	15
death	15
before	15
voice	14
think	14
sun	14
sky	14
saw	14
music	14
men	14
little	14
heard	14
grave	14
follow	14
feel	14
days	14
within	13
strange	13
step	13
spot	13
scene	13
red	13
place	13
other	13
mother	13
meet	13
loved	13
let	13
i've	13
heaven	13
glance	13
free	13
ere	13
cheek	13
!"	13
years	12
wish	12
why	12
tree	12
till	12
those	12
tear	12
soon	12
seen	12
say	12
nature	12
moment	12
met	12
memory	12
many	12
lay	12
go	12
fortune	12
find	12
evening	12
below	12
bear	12
thought	11
things	11
tale	11
stranger	11
sorrow	11
round	11
pleasure	11
pleasant	11
passion	11
make	11
longer	11
lie	11
god	11
forth	11
first	11
felt	11
down	11
dark	11
brow	11
bright	11
breast	11
blood	11
battle	11
youth	10
work	10
watch	10
thing	10
take	10
stern	10
state	10
spring	10
speed	10
sad	10
once	10
none	10
near	10
maid	10
lip	10
leaves	10
lady	10
into	10
ill	10
head	10
half	10
give	10
gave	10
dream	10
dear	10
dance	10
cold	10
children	10
bride	10
bound	10
bosom	10
best	10
am	10
wo	9
whence	9
weep	9
up	9
turn	9
thou'lt	9
stand	9
son	9
snow	9
shore	9
shine	9
share	9
set	9
secret	9
rich	9
return	9
peace	9
notes	9
morn	9
moon	9
lonely	9
less	9
left	9
keep	9
human	9
holy	9
ho	9
hearts	9
gay	9
found	9
foot	9
flowers	9
fear	9
face	9
dead	9
burning	9
broad	9
both	9
blue	9
birth	9
ask	9
woman	8
wave	8
two	8
thus	8
thousand	8
storm	8
stone	8
star	8
sigh	8
shalt	8
seem	8
seek	8
scenes	8
roam	8
race	8
prove	8
past	8
pass	8
pale	8
off	8
nought	8
mountain	8
mood	8
lord	8
looks	8
grief	8
great	8
gold	8
foe	8
fancy	8
done	8
cheer	8
breath	8
bird	8
another	8
|arabic3digit|	7
wilt	7
whom	7
waters	7
wake	7
turned	7
thoughts	7
strife	7
stars	7
sir	7
since	7
sight	7
show	7
seraph	7
sense	7
save	7
queen	7
note	7
ned	7
moonlight	7
mind	7
merry	7
madness	7
living	7
live	7
leave	7
least	7
knew	7
hunter	7
has	7
happy	7
happiness	7
grew	7
grace	7
glad	7
friend	7
fast	7
farewell	7
fame	7
false	7
distant	7
dim	7
die	7
despair	7
desolate	7
course	7
clay	7
cannot	7
breeze	7
born	7
blossom	7
black	7
believe	7
bed	7
beautiful	7
around	7
-	7
|arabic1digit|	6
yes	6
wrong	6
wretched	6
would'st	6
worship	6
words	6
without	6
us	6
truth	6
told	6
throng	6
sway	6
stricken	6
sought	6
soft	6
smiles	6
small	6
seems	6
scorn	6
sadness	6
right	6
repose	6
rare	6
pure	6
prayer	6
point	6
ocean	6
nothing	6
niche	6
new	6
nay	6
move	6
morning	6
mirth	6
mirror	6
maiden	6
lot	6
known	6
kindred	6
i'm	6
hear	6
hail	6
golden	6
gloom	6
gladness	6
given	6
fly	6
flight	6
fixed	6
fiends	6
ear	6
dull	6
dost	6
crowd	6
cease	6
calm	6
broken	6
brain	6
bliss	6
bless	6
blaze	6
beyond	6
better	6
beneath	6
bark	6
air	6
."	6
worth	5
winter	5
whatever	5
wert	5
went	5
weeds	5
weary	5
wear	5
warm	5
war	5
walk	5
vulgar	5
vow	5
vile	5
traveller	5
tone	5
toil	5
ties	5
throne	5
thin	5
tender	5
tears	5
sure	5
strand	5
stood	5
speaks	5
speak	5
solitude	5
soil	5
sleeps	5
silent	5
silence	5
shed	5
shame	5
serve	5
scarce	5
roll	5
read	5
rapture	5
powers	5
pledge	5
passed	5
part	5
pair	5
out	5
oft	5
och	5
nicholas	5
much	5
mix	5
misery	5
mark	5
makes	5
lovest	5
lovely	5
lofty	5
lived	5
lies	5
late	5
knows	5
joys	5
ills	5
hills	5
hell	5
hate	5
hast	5
halls	5
grey	5
full	5
frame	5
forms	5
forget	5
fond	5
flame	5
flag	5
fit	5
field	5
faun	5
faith	5
every	5
dwell	5
deer	5
decay	5
dame	5
creature	5
country	5
cloud	5
clear	5
change	5
business	5
boy	5
bloom	5
awake	5
autumn	5
alas	5
ah	5
affection	5
ye	4
wrought	4
woo	4
woes	4
wine	4
wide	4
whole	4
whisper	4
welcome	4
way	4
watched	4
wait	4
visions	4
violet	4
village	4
very	4
unto	4
until	4
under	4
twill	4
twain	4
truly	4
treasure	4
touch	4
tonight	4
token	4
thyself	4
takes	4
swear	4
strong	4
strikes	4
stay	4
splendour	4
spirits	4
sphere	4
spell	4
sped	4
sound	4
sooth	4
something	4
smiling	4
slave	4
shot	4
shake	4
selfsame	4
self	4
satisfied	4
said	4
royal	4
ray	4
rank	4
quick	4
proud	4
promise	4
prized	4
prize	4
pressed	4
prayed	4
pray	4
play	4
plant	4
placed	4
pitcher	4
pine	4
perchance	4
palm	4
oh	4
nightingale	4
native	4
mourn	4
mortal	4
minstrel	4
measure	4
mates	4
mate	4
master	4
mansion	4
low	4
loves	4
lost	4
locks	4
lips	4
learned	4
lattice	4
latest	4
kiss	4
just	4
italy	4
isle	4
image	4
hung	4
hues	4
hue	4
hopes	4
honour	4
hold	4
hill	4
heavy	4
hearted	4
haunts	4
haste	4
hard	4
hadst	4
grove	4
grateful	4
glory	4
glen	4
gladdened	4
gentle	4
gaze	4
garden	4
framed	4
foul	4
force	4
flown	4
fires	4
fill	4
fields	4
feelings	4
fearful	4
favourite	4
father	4
fall	4
fairy	4
fairest	4
fade	4
equal	4
enough	4
echo	4
early	4
dye	4
duty	4
dry	4
drooping	4
dove	4
doth	4
doom	4
dome	4
died	4
diamond	4
destiny	4
desert	4
departed	4
depart	4
deemed	4
cry	4
crave	4
command	4
comes	4
clime	4
child	4
charm	4
chance	4
ceased	4
cause	4
brought	4
bore	4
bolton	4
blossoms	4
blast	4
bid	4
bent	4
behold	4
because	4
beam	4
back	4
aught	4
angel	4
ages	4
age	4
after	4
adieu	4
actress	4
abroad	4
.)	4
(	4
|romannumeral|	3
you're	3
wreck	3
wreath	3
worm	3
wore	3
word	3
woos	3
wondrous	3
won	3
winds	3
win	3
whirl	3
wedding	3
wedded	3
wealth	3
water	3
warrior	3
warmest	3
wandering	3
waiting	3
vision	3
view	3
vest	3
vale	3
unconscious	3
twould	3
twine	3
trust	3
triumph	3
tribute	3
towers	3
tomb	3
thundering	3
thou'rt	3
tells	3
task	3
taken	3
swore	3
sword	3
swell	3
sunshine	3
sudden	3
store	3
steed	3
start	3
starry	3
stain	3
squire	3
sprung	3
sport	3
spoke	3
speeds	3
speck	3
sparkle	3
space	3
souls	3
sore	3
solemn	3
sleeping	3
sleep	3
skill	3
skies	3
single	3
sing	3
sin	3
silken	3
sighs	3
shrink	3
shrine	3
ship	3
shines	3
shell	3
shares	3
shapes	3
shades	3
shade	3
sepulchre	3
seemed	3
search	3
scythe	3
satan	3
same	3
sail	3
run	3
rules	3
rule	3
rude	3
roses	3
river	3
riseth	3
returned	3
retreat	3
reef	3
recording	3
quits	3
quiet	3
public	3
proper	3
privateer	3
press	3
poison	3
poet	3
plume	3
pleasures	3
plain	3
pillow	3
perhaps	3
peal	3
peaceful	3
path	3
parted	3
paradise	3
page	3
others	3
orbs	3
onward	3
ones	3
obeyed	3
north	3
nobler	3
noble	3
nigh	3
neither	3
need	3
moves	3
mourning	3
mortals	3
moments	3
mockery	3
mid	3
melancholy	3
mean	3
matter	3
matchless	3
making	3
majesty	3
maidens	3
made	3
mad	3
loud	3
lordly	3
looked	3
longed	3
lone	3
lives	3
list	3
led	3
learn	3
lead	3
laughing	3
lake	3
know'st	3
knee	3
journey	3
jest	3
island	3
inherit	3
infant	3
indian	3
indeed	3
i'd	3
hut	3
hundreds	3
humble	3
horn	3
honours	3
holiday	3
holds	3
hence	3
heath	3
hateful	3
harmony	3
haply	3
hapless	3
hall	3
gun	3
ground	3
grieve	3
greet	3
greenwood	3
grass	3
grasp	3
glows	3
glove	3
glorious	3
glee	3
gives	3
girl	3
genius	3
generous	3
general	3
gem	3
garb	3
gale	3
gain	3
funeral	3
fresh	3
frenzy	3
freedom	3
forsaken	3
forest	3
folly	3
flock	3
fled	3
fire	3
fills	3
few	3
feet	3
feeling	3
feeble	3
feast	3
faithful	3
faint	3
evil	3
eve	3
empire	3
dwelling	3
drops	3
dreams	3
dreamed	3
draws	3
door	3
doomed	3
domain	3
does	3
dew	3
despot	3
depths	3
deeper	3
deeds	3
deck	3
dearly	3
dazzling	3
daughter	3
dash	3
daring	3
dare	3
cup	3
crystal	3
cruel	3
cried	3
creep	3
couch	3
corpse	3
core	3
coral	3
condemned	3
coming	3
columns	3
coffin	3
close	3
cliff	3
claim	3
churchyard	3
chorus	3
choicest	3
choice	3
cherished	3
cheeks	3
changed	3
chamber	3
burden	3
brook	3
brief	3
break	3
brave	3
bowed	3
bounds	3
bosoms	3
boon	3
bold	3
blooming	3
blessings	3
blade	3
birds	3
bind	3
bells	3
being	3
bee	3
beat	3
baron	3
band	3
bald	3
bade	3
ay	3
aspect	3
asked	3
appears	3
appear	3
afar	3
adored	3
acquainted	3
abode	3
•	2
youngest	2
yonder	2
yon	2
yields	2
year	2
wrath	2
wouldst	2
worst	2
worms	2
worlds	2
woods	2
woodland	2
wood	2
wondering	2
wonder	2
woke	2
wizard	2
wished	2
wise	2
wings	2
wing	2
wind	2
white	2
western	2
west	2
wept	2
weed	2
weariness	2
we've	2
we'll	2
wayward	2
waxed	2
waves	2
watcher	2
waste	2
warbled	2
wanting	2
wandered	2
wall	2
walks	2
waking	2
vulture	2
vivid	2
visage	2
vauntington	2
vault	2
vanish	2
value	2
valley	2
vainly	2
utter	2
useless	2
upper	2
unless	2
unknown	2
unheeded	2
unblessed	2
tyrants	2
tyrant	2
turns	2
turning	2
turf	2
trusting	2
troubled	2
triumphant	2
transparent	2
tranquil	2
towering	2
touched	2
torn	2
took	2
tones	2
toad	2
times	2
tide	2
thundercloud	2
thrills	2
thrilling	2
three	2
thousands	2
thither	2
thinks	2
they're	2
therefore	2
themselves	2
terror	2
ten	2
temple	2
talk	2
tail	2
symbol	2
swelling	2
swelled	2
surface	2
surely	2
sunny	2
success	2
subtle	2
sublime	2
struggling	2
strive	2
strike	2
streams	2
stream	2
strain	2
stocks	2
stirring	2
steps	2
stem	2
steer	2
steal	2
stately	2
stands	2
stamboul	2
spurned	2
spurn	2
spouse	2
spite	2
spheres	2
spear	2
speaking	2
spare	2
span	2
spacious	2
sovereign	2
source	2
soundly	2
sorry	2
sons	2
sometimes	2
sojourn	2
softer	2
society	2
sober	2
sneer	2
snake	2
smoke	2
smiled	2
slumber	2
sluggish	2
slow	2
slimy	2
slept	2
slaves	2
skin	2
sings	2
sinful	2
signal	2
sign	2
sighed	2
sickly	2
sick	2
shrunk	2
shroud	2
showers	2
shower	2
showed	2
shorn	2
shining	2
sheet	2
she'll	2
shadows	2
shadow	2
sex	2
settled	2
served	2
serious	2
sent	2
seer	2
seat	2
seal	2
scourged	2
sceptre	2
says	2
saved	2
sake	2
sacred	2
s	2
ruled	2
ruined	2
ruin	2
roused	2
rouse	2
rough	2
rosy	2
rolls	2
rock	2
robe	2
roar	2
riven	2
rival	2
rise	2
ring	2
retire	2
reptiles	2
reply	2
repeat	2
remote	2
rejoice	2
reign	2
regardless	2
regal	2
refuses	2
reflection	2
reared	2
realm	2
ravening	2
rarely	2
raptures	2
ranks	2
ranged	2
raised	2
radiance	2
rabble	2
quit	2
purple	2
proudly	2
promised	2
proclaimed	2
pretty	2
present	2
presence	2
powerful	2
pot	2
portion	2
port	2
pomp	2
plighted	2
pledged	2
plan	2
pity	2
pious	2
pilgrim	2
piercing	2
pieces	2
picture	2
philosophy	2
perpetual	2
perforce	2
perfect	2
pensive	2
peerless	2
peep	2
pauses	2
paused	2
pastime	2
passionate	2
passing	2
parting	2
pangs	2
pall	2
palace	2
pains	2
paining	2
owns	2
owner	2
overtake	2
outward	2
orb	2
opposite	2
offspring	2
oath	2
numberless	2
northern	2
noon	2
nods	2
nettle	2
neglected	2
neath	2
nation	2
natal	2
narrow	2
nameless	2
mystic	2
mystery	2
myself	2
murder	2
mournful	2
mourner	2
mountains	2
mouldering	2
mossy	2
mortality	2
morrow	2
months	2
mong	2
modest	2
mocked	2
moan	2
mirrored	2
minstrelsy	2
mingle	2
midnight	2
merciful	2
menial	2
melody	2
meeting	2
meanest	2
meads	2
may'st	2
maturity	2
masters	2
mass	2
mary	2
marvellous	2
marvel	2
marks	2
marked	2
mantle	2
maintain	2
luring	2
luck	2
lovers	2
loveliness	2
loveliest	2
lovelier	2
loose	2
looking	2
loathed	2
liveliest	2
lingers	2
lightsome	2
lightning	2
lighted	2
lend	2
leman	2
lean	2
leagued	2
leaf	2
leads	2
lausanne	2
laughs	2
laugh	2
landscape	2
lands	2
lamp	2
lakes	2
lair	2
laburnum	2
labours	2
labour	2
knowledge	2
knowest	2
knight	2
kissed	2
kind	2
keeps	2
keeping	2
joyous	2
journeyed	2
jocund	2
ismail	2
iron	2
intrude	2
intense	2
innocence	2
inmost	2
infirmity	2
indignantly	2
incense	2
imperial	2
impatient	2
idol	2
horse	2
hopelessness	2
hoped	2
honey	2
homes	2
hollow	2
holiest	2
himself	2
hillside	2
herself	2
herd	2
heaviness	2
heavens	2
he's	2
he'd	2
haze	2
hasty	2
harp	2
hark	2
hangs	2
hang	2
hands	2
guide	2
guest	2
grows	2
grow	2
gross	2
groan	2
greets	2
got	2
goodnight	2
goodly	2
goes	2
glow	2
gloomy	2
glide	2
gleam	2
glancing	2
gladly	2
gift	2
giant	2
ghastly	2
gazed	2
gardens	2
gallant	2
futurity	2
fruits	2
frown	2
front	2
frequent	2
freely	2
fought	2
forsake	2
forgetfulness	2
fool	2
fondly	2
followed	2
flung	2
flows	2
floweret	2
flow	2
floating	2
float	2
fleeting	2
flee	2
fix	2
five	2
fitting	2
fitted	2
fish	2
fingers	2
figure	2
fierce	2
fiend	2
fidelity	2
fickle	2
festival	2
fervid	2
fell	2
feels	2
feed	2
feared	2
favour	2
faultless	2
fashioned	2
farce	2
family	2
falsehood	2
falls	2
falling	2
fain	2
failed	2
faded	2
eyed	2
express	2
exile	2
excess	2
everything	2
eternity	2
escaped	2
endure	2
employ	2
elements	2
eden	2
echoes	2
earliest	2
drop	2
drink	2
dread	2
dower	2
doubt	2
dominions	2
domestic	2
distance	2
display	2
dismal	2
dims	2
dies	2
devotion	2
devil	2
descend	2
derision	2
deeply	2
deception	2
deceive	2
dearer	2
deadly	2
daylight	2
dawn	2
darkly	2
darker	2
dancing	2
damned	2
dames	2
curtain	2
cursed	2
crown	2
crowded	2
crime	2
crew	2
creeping	2
creatures	2
counsel	2
cottage	2
cot	2
corpses	2
convey	2
contentment	2
contained	2
consumes	2
common	2
coldness	2
coast	2
clouds	2
cloudless	2
closer	2
closed	2
cling	2
climes	2
clefts	2
claimed	2
clad	2
city	2
chords	2
choose	2
chime	2
chill	2
chief	2
chase	2
chain	2
caves	2
cave	2
catch	2
cast	2
cart	2
caress	2
cares	2
career	2
cannon	2
can't	2
called	2
byron	2
buy	2
burnished	2
burned	2
burn	2
bugle	2
brown	2
brother	2
brightness	2
bridal	2
breezes	2
breathed	2
breaks	2
breaking	2
bow	2
borrow	2
bonds	2
boat	2
boast	2
blow	2
bloody	2
blithe	2
blight	2
blew	2
blessing	2
betray	2
bends	2
bend	2
beloved	2
behind	2
became	2
beacon	2
base	2
bare	2
banquet	2
banned	2
bank	2
bands	2
azure	2
awhile	2
assured	2
asleep	2
ashes	2
arrayed	2
armed	2
arid	2
arch	2
arab	2
apart	2
anxious	2
antique	2
answer	2
ancestry	2
ample	2
ambition	2
always	2
alps	2
along	2
aid	2
aged	2
afloat	2
affliction	2
affect	2
aether	2
adoring	2
admiring	2
added	2
act	2
accursed	2
accents	2
?"	2
.,	2
.'	2
••	1
}'	1
|arabic2digit|	1
zone	1
zephyrs	1
yourself	1
yours	1
younger	1
young'spirit	1
you've	1
yielding	1
yesterday	1
yell	1
ye'll	1
wrongs	1
written	1
writings	1
writhed	1
write	1
wretchedness	1
wrapped	1
wounded	1
wound	1
would'bt	1
worthier	1
worshippers	1
worshipper	1
works	1
workmanship	1
workings	1
wooers	1
wooded	1
woodbine	1
wonted	1
wont	1
wondrously	1
wonders	1
womanhood	1
wolf	1
withered	1
wit	1
wisp	1
wisdom	1
wires	1
wipiirg	1
window	1
windings	1
winding	1
wimple	1
willing	1
wildly	1
wildering	1
wilder	1
wife	1
wield	1
wi	1
whither	1
whirlwind	1
whirls	1
whirling	1
whirled	1
whipped	1
whip	1
whether	1
wherever	1
whenever	1
whatsoever	1
wending	1
wend	1
welcomes	1
weigh	1
wedge	1
wed	1
wears	1
wearing	1
wearily	1
wearied	1
weapons	1
weapon	1
weal	1
weakness	1
we're	1
wax	1
waveless	1
waterfalls	1
waterfall	1
watchful	1
wasted	1
warred	1
warns	1
warder	1
warbler	1
wanton	1
wanderings	1
wander	1
wan	1
walpole	1
walls	1
walking	1
wakeful	1
waged	1
wage	1
w	1
vows	1
vowed	1
voluptuous	1
voices	1
vital	1
visits	1
virtues	1
virtue	1
violets	1
vine	1
viewed	1
vessel	1
vesper	1
verse	1
vernal	1
vermilion	1
verjuice	1
venture	1
vengeance	1
venetian	1
veins	1
veil	1
vegetation	1
vauntinqton	1
vast	1
vassals	1
vassal	1
vase	1
varnished	1
varied	1
variance	1
vapour	1
vanished	1
vacntington	1
usurer	1
useful	1
used	1
use	1
urgest	1
urged	1
upright	1
uppermost	1
unveiled	1
unvalued	1
unusual	1
untimely	1
untamed	1
unsunned	1
unsheathed	1
unseen	1
unrivalled	1
unrippled	1
unrelieved	1
unprofaned	1
unnatural	1
unmarred	1
unlaurelled	1
unkind	1
universe	1
unhonoured	1
unholy	1
unheeding	1
ungratified	1
unfurling	1
unfurled	1
unfitted	1
unfit	1
unequal	1
undone	1
undoing	1
undeceive	1
unconsciously	1
unclouded	1
uncertainty	1
unbroken	1
unaptly	1
unaccustomed	1
umbrageous	1
tyrone	1
twixt	1
twinkle	1
twin	1
twilight	1
turkish	1
tuned	1
tumultuous	1
tugs	1
trying	1
try	1
trump	1
truer	1
truant	1
troy	1
trow	1
troubles	1
trouble	1
tropic	1
triumphs	1
trims	1
tried	1
trial	1
tremulous	1
trembling	1
tremble	1
trellised	1
trees	1
treats	1
treat	1
treasures	1
tread	1
travellers	1
travel	1
transports	1
transitory	1
transcendental	1
transcendent	1
tranced	1
trance	1
trampling	1
trample	1
traitorous	1
train	1
track	1
traced	1
trace	1
town	1
tower	1
touching	1
torpid	1
torch	1
topmast	1
topaz	1
top	1
tongue	1
tomorrow	1
toils	1
toiled	1
today	1
to'destroy	1
tlioii	1
tired	1
tiny	1
tinselled	1
tinkle	1
tinglings	1
tinged	1
tinge	1
timid	1
tiger	1
thrown	1
thrones	1
throned	1
thrice	1
threw	1
thoughtfulness	1
thougfrhard	1
thod	1
thistle	1
thirds	1
thinking	1
thinkest	1
thickening	1
thick	1
they'll	1
they'd	1
thespian	1
thennotehis	1
thence	1
theme	1
theatre	1
thatbeauty	1
thanks	1
thank	1
th	1
terrestrial	1
term	1
tenement	1
tenantless	1
tenacious	1
temples	1
tempestuous	1
tempests	1
temper	1
telling	1
teeming	1
tedious	1
teak	1
tavern	1
taunts	1
taught	1
tasted	1
taste	1
taskers	1
tapers	1
taperingly	1
tangled	1
tall	1
taking	1
takest	1
tainted	1
taint	1
taheite	1
tacked	1
tablet	1
t	1
syren	1
sympathise	1
sylvan	1
switzer	1
swift	1
sweetness	1
sweetly	1
sweetest	1
sweep	1
swayed	1
swathings	1
swarthy	1
swarming	1
swain	1
sustaining	1
surrounded	1
surpassing	1
suns	1
sunk	1
sunday	1
sunbeams	1
summons	1
summoned	1
summon	1
summit	1
summers	1
suits	1
suites	1
suffering	1
suffered	1
suffer	1
sue	1
suckle	1
subscription	1
style	1
sturdy	1
stuck	1
stubborn	1
strung	1
strown	1
strove	1
stronger	1
stroller	1
striven	1
strides	1
stretched	1
strength	1
streamlet	1
straying	1
strayed	1
strangest	1
strangers	1
strains	1
strained	1
stowing	1
stow	1
story	1
storms	1
stop	1
stooping	1
stones	1
stole	1
stkand	1
stirred	1
stir	1
stings	1
stilling	1
steward	1
steep	1
steel	1
steeds	1
steady	1
statue	1
startle	1
starting	1
starlight	1
stanza	1
standard	1
stamps	1
stamped	1
stalwart	1
stainless	1
st	1
spur	1
spun	1
spreading	1
spoken	1
spoils	1
spits	1
spent	1
spend	1
speeches	1
speech	1
specious	1
spark	1
spared	1
spanish	1
spaniards	1
spain	1
sowing	1
south-sea	1
sounds	1
sounder	1
sottish	1
sot	1
sorrowful	1
sooths	1
sombre	1
solus	1
solitary	1
sole	1
soldier	1
softness	1
sod	1
social	1
soared	1
snowy	1
smoothed	1
smooth	1
smite	1
smilers	1
smiler	1
smart	1
smacks	1
slumberings	1
slumbering	1
sloping	1
slopes	1
slink	1
sleepest	1
slaughter	1
slattern	1
slackened	1
skull	1
size	1
six	1
site	1
sit	1
sister	1
sire	1
sip	1
sinners	1
sinner	1
sinless	1
sinking	1
sink	1
singeth	1
sincerely	1
simplest	1
simple	1
simoom	1
silver	1
silly	1
sighted	1
sides	1
sickened	1
shrouds	1
shrouded	1
shrinking	1
shriek	1
shows	1
shown	1
showered	1
shouts	1
shouted	1
shout	1
should'st	1
shores	1
shoots	1
shocked	1
shock	1
shield	1
shelters	1
sheltered	1
shelter	1
sheep	1
sheen	1
shattered	1
sharp	1
shared	1
shapeless	1
shape	1
shamrock	1
shameless	1
shakes	1
shaft	1
shady	1
shadeth	1
shaded	1
sexton	1
severest	1
sever	1
seventy	1
seventh	1
serves	1
serenely	1
serenade	1
separate	1
sentimental	1
senses	1
senseless	1
send	1
sell	1
seized	1
seeth	1
sees	1
seeks	1
seeking	1
seeing	1
securely	1
secure	1
second	1
seated	1
season	1
sear	1
seaman	1
sealing	1
sculptor	1
scream	1
scotland	1
scorpion	1
scorching	1
scorched	1
scorch	1
scattered	1
sayest	1
savage	1
satanic	1
sat	1
sarcophagi	1
sapphire	1
sands	1
sand	1
saith	1
saintly	1
sainted	1
saint	1
sailed	1
sages	1
sage	1
saddle	1
sack	1
sabres	1
sable	1
rustic	1
rust	1
rushing	1
rushes	1
rush	1
rural	1
runs	1
rung	1
ruler	1
rudely	1
rudder	1
ruby	1
rovers	1
rover	1
rove	1
rottenness	1
rot	1
roseate	1
ropes	1
root	1
rooms	1
roof	1
romeo	1
romance	1
rolled	1
rogue	1
rocky	1
robin	1
rivers	1
rivalled	1
rising	1
risen	1
ripples	1
ripple	1
riper	1
riot	1
rings	1
ringing	1
rigid	1
rightly	1
righteous	1
richly	1
richest	1
reward	1
reverential	1
reverend	1
revere	1
revels	1
revelry	1
reveller	1
revealing	1
reveal	1
retained	1
restless	1
resting-place	1
resting	1
respect	1
resemble	1
rescue	1
request	1
reputed	1
reptile	1
reposes	1
repay	1
repaid	1
remotest	1
remembrance	1
rememberest	1
remembered	1
remember	1
remains	1
remained	1
remain	1
religion	1
relief	1
relied	1
rejoicing	1
rejoiced	1
rein	1
regret	1
regarding	1
refuse	1
refuge	1
reflects	1
reflections	1
reflecting	1
reeling	1
redoubling	1
reclines	1
recks	1
reckoning	1
recklessness	1
reckless	1
receives	1
received	1
recalled	1
rebellious	1
reason	1
rears	1
rear	1
realms	1
reacheth	1
reached	1
reach	1
rays	1
rattlesnake	1
rarest	1
rapt	1
rapidity	1
rankles	1
ranging	1
ran	1
rampant	1
raising	1
raise	1
raging	1
rack	1
quietude	1
quickly	1
quicker	1
quickened	1
quests	1
questioned	1
question	1
quest	1
querulous	1
quarterdeck	1
qualities	1
qualified	1
putrid	1
putrefaction	1
pursuing	1
pursues	1
purpose	1
purity	1
purest	1
purer	1
punily	1
pulls	1
proudest	1
prospers	1
prospect	1
proof	1
pronounced	1
pronounce	1
prom	1
profusion	1
profusely	1
profaned	1
profane	1
produced	1
procured	1
proclaims	1
proclaiming	1
proclaim	1
proceeding	1
proceed	1
privilege	1
prithee	1
prison	1
printers	1
print	1
princely	1
primroses	1
prime	1
priest	1
pries	1
priceless	1
prevail	1
prepared	1
prelude	1
precious	1
prayeth	1
prayers	1
practised	1
practice	1
pours	1
poured	1
potential	1
potence	1
possessed	1
portraiture	1
portals	1
porch	1
popular	1
pollution	1
polish	1
pole	1
pokms	1
poisonous	1
poising	1
poises	1
points	1
poemtf	1
plumes	1
plough	1
plodding	1
plenitude	1
please	1
pleading	1
plays	1
playing	1
playfully	1
player	1
played	1
plants	1
planters	1
planted	1
planks	1
planet	1
placid	1
places	1
pkrplexity	1
pitiless	1
piteously	1
piteous	1
pit	1
pistols	1
pis	1
pirate	1
piping	1
pinnacle	1
pinions	1
pinioned	1
pilgrims	1
pilgrimage	1
piled	1
pile	1
pierced	1
pierce	1
piece	1
picturesque	1
philosophic	1
philosophers	1
philip	1
phantoms	1
perverseness	1
peruvian	1
peruse	1
persuade	1
perpetrated	1
permitted	1
perfection	1
perfected	1
perdition	1
perceiving	1
people	1
penury	1
pent	1
pensively	1
pennyless	1
penetrate	1
penance	1
pen	1
peerlessness	1
peer	1
peeping	1
peculiar	1
peals	1
pavilion	1
pause	1
patrije	1
pathway	1
pasture	1
pastimes	1
passions	1
passionless	1
passes	1
passenger	1
passage	1
parts	1
partner	1
partake	1
parson	1
parent	1
pardon	1
parchment	1
par	1
paper	1
pang	1
pampers	1
palpable	1
palfrey	1
pairs	1
painted	1
paint	1
pained	1
paid	1
pageantry	1
paces	1
paced	1
pace	1
owes	1
overturning	1
overflow	1
ot	1
os	1
original	1
ore	1
ordained	1
orange	1
optic	1
oppression	1
opening	1
oped	1
onslaught	1
on.her	1
omnipotence	1
oliver	1
olden	1
often	1
of'my	1
odours	1
odour	1
odd	1
od's	1
obtained	1
obtain	1
obstinacy	1
obscurity	1
obscure	1
object	1
obeys	1
oaks	1
oak	1
o'erslept	1
o'erpowering	1
nymph	1
nuptials	1
numbered	1
noxious	1
nourished	1
noted	1
notched	1
nook	1
nobility	1
nipped	1
nighttime	1
nights	1
next	1
newer	1
newborn	1
nether	1
neighbourhood	1
neglect	1
needs	1
needed	1
neck	1
neat	1
nearer	1
neared	1
natural	1
nativity	1
narration	1
mysteries	1
myrrh	1
myriads	1
mutual	1
mutters	1
mutations	1
muses	1
muse	1
multitudes	1
moving	1
mourned	1
moulded	1
mould	1
motley	1
motions	1
moss	1
moralists	1
moons	1
moods	1
monuments	1
monument	1
month	1
monstrous	1
monster	1
monk	1
money	1
monarchs	1
monarch	1
momentary	1
mocks	1
mocking	1
moat	1
mneas	1
mixed	1
mistress	1
mistakes	1
mistake	1
misled	1
misguided	1
misfortune	1
miser	1
mischance	1
miracle	1
minionette	1
mingles	1
mimic	1
milky	1
mighty	1
midst	1
mexico	1
mettled	1
mettle	1
methought	1
methinks	1
meteor	1
mercy	1
merchant	1
menials	1
memorial	1
melt	1
mellow	1
meek	1
meditate	1
meat	1
measureless	1
meant	1
meaner	1
meadow	1
maze	1
mating	1
masterpiece	1
mast	1
massy	1
massier	1
masquerade	1
mashed	1
marvellously	1
mars	1
marry	1
marred	1
marking	1
margin	1
march	1
mar	1
manner	1
mankind	1
manifest	1
maker	1
main	1
maids	1
magnificent	1
magnificence	1
magic	1
madly	1
maddening	1
madden	1
ma	1
m	1
luxuriantly	1
lusty	1
lustre	1
lures	1
lure	1
luckier	1
lucid	1
lowly	1
lowlier	1
lowers	1
lovingly	1
loving	1
lovesome	1
lovesick	1
lover	1
loudly	1
lorn	1
lore	1
lords	1
loosen	1
loom	1
longcommuned	1
loneliest	1
lonelier	1
loftily	1
loathsome	1
loathly	1
loathing	1
loathes	1
load	1
lo	1
lksson	1
listlessly	1
listening	1
linked	1
lingerest	1
lingered	1
lineage	1
line	1
limbs	1
lily	1
lilies	1
likewise	1
likeness	1
lights	1
lightness	1
lightly	1
lighthearted	1
lighter	1
lifelong	1
lifeblood	1
lieu	1
lieth	1
liege	1
lids	1
lid	1
licence	1
liberty	1
levity	1
lest	1
lessen	1
lent	1
length	1
legend	1
leers	1
lebanon	1
leaving	1
learning	1
leaning	1
leagues	1
league	1
leafy	1
leadeth	1
leaden	1
lays	1
law	1
laughter	1
laughed	1
lattices	1
lasting	1
lark	1
largess	1
larger	1
lantern	1
languidly	1
lane	1
lances	1
lads	1
lad	1
lacks	1
lack	1
laboured	1
knelt	1
kneels	1
kneeling	1
kneel	1
knaves	1
kite	1
kinsman	1
kings	1
king	1
kindlier	1
kindless	1
keepest	1
keen	1
june	1
july	1
juliet	1
juices	1
juggler	1
judgement	1
jubilant	1
jolly	1
jointly	1
join	1
jn	1
jessamined	1
jereed	1
jasmine	1
jane	1
jamaica	1
j	1
ivory	1
itself	1
issue	1
islands	1
irradiates	1
ireland	1
invoked	1
inviting	1
invite	1
invisible	1
intervals	1
internal	1
interest	1
intercept	1
intellectual	1
inspires	1
inspire	1
inscription	1
inquired	1
innocent	1
inly	1
inflamed	1
infinite	1
india	1
increasing	1
increase	1
incline	1
inches	1
incantation	1
impure	1
impulse	1
imprisoned	1
impress	1
imports	1
implore	1
impeded	1
imparts	1
impart	1
immortality	1
imbued	1
imagination	1
illusion	1
illimitable	1
ill-fated	1
ignorance	1
idolatry	1
icy	1
hymn	1
husband	1
hurrah	1
hurled	1
hunger	1
hundred	1
humbleness	1
hum	1
huge	1
hug	1
however	1
household	1
hours	1
hound	1
hot	1
hostile	1
host	1
horseman	1
horrid	1
hopeless	1
hopeful	1
hoof	1
honeysuckled	1
honesty	1
honest	1
homage	1
holier	1
hoisted	1
hog	1
hoarded	1
hind	1
hiding-place	1
hideous	1
hid	1
hers	1
heroes	1
hermit	1
heretofore	1
herb	1
hemlock	1
helpless	1
help	1
helm	1
hellish	1
heir	1
heels	1
heeds	1
hebe	1
heaving	1
heavier	1
heavenly	1
heaths	1
hearth	1
heartbreaking	1
hears	1
heaps	1
heaped	1
health	1
heads	1
he'll	1
hawk	1
having	1
haven	1
haunt	1
haughtiest	1
hated	1
hasten	1
harper	1
harmless	1
harm	1
hardship	1
happier	1
hap	1
hallows	1
halloo	1
hallo	1
hair	1
habiliments	1
gushed	1
gulf	1
guitar	1
guise	1
guilty	1
guess	1
guard	1
gtow	1
growth	1
growl	1
grounds	1
grot	1
grossness	1
groom	1
grog	1
griping	1
grinned	1
grim	1
grieves	1
grieved	1
griefs	1
greeted	1
greek	1
grecian	1
greatness	1
greater	1
gravest	1
grasps	1
grant	1
grandeur	1
grand	1
gracious	1
gout	1
gorgeous	1
gorged	1
gore	1
goblet	1
glories	1
gloried	1
globe	1
glistening	1
gleams	1
gleaming	1
glass	1
glares	1
glared	1
glare	1
glances	1
glamour	1
glairy	1
gladsome	1
glades	1
glade	1
gladdens	1
gladden	1
girt	1
girls	1
gilded	1
gild	1
gigantic	1
gifts	1
gifted	1
giddy	1
georgia	1
george	1
genial	1
gems	1
gelid	1
gear	1
gazing	1
gazes	1
gayest	1
gaunt	1
gathering	1
gate	1
gasping	1
gaping	1
gained	1
gaily	1
future	1
furtive	1
further	1
furrow	1
furnishing	1
fullgrown	1
fulfilment	1
frowns	1
frolicsome	1
frigid	1
frightened	1
friendship	1
friends	1
friendly	1
frenzied	1
freezing	1
freed	1
freeborn	1
frankincense	1
france	1
frail	1
fragrant	1
fragrance	1
fraction	1
fowl	1
fount	1
fostering	1
forsook	1
formed	1
forgot	1
forgive	1
forgets	1
forgetful	1
forfeit	1
forester	1
foreign	1
forehead	1
forbidden	1
footsteps	1
fools	1
food	1
fold	1
foiiget	1
foeman	1
foam	1
flowering	1
flowered	1
flowed	1
flood	1
floats	1
fling	1
flies	1
flew	1
flesh	1
fleetest	1
fleeter	1
flaw	1
flatterers	1
flatterer	1
flattered	1
flashing	1
flash	1
flanks	1
flaming	1
flamed	1
flake	1
flagon	1
fitter	1
fits	1
fitful	1
fisher	1
firm	1
fine	1
fiest	1
fiery	1
fiction	1
feverish	1
feudal	1
fetterless	1
fervour	1
fertility	1
fellows	1
features	1
feature	1
feasted	1
fears	1
fearless	1
fceadows	1
favouring	1
favoured	1
faults	1
faultlessness	1
fathers	1
fatality	1
fatal	1
fat	1
fastened	1
fashion	1
fare	1
fangs	1
fancies	1
fancied	1
fan	1
famous	1
famine	1
fallen	1
fakh	1
faithless	1
faithfully	1
fairly	1
fainter	1
fail	1
fading	1
facts	1
faces	1
fabled	1
f	1
exultingly	1
exuberant	1
extremity	1
externals	1
extends	1
extended	1
exquisite	1
expire	1
experience	1
expect	1
exists	1
existence	1
exemption	1
excuse	1
exclaimed	1
excise	1
exchanging	1
example	1
exalted	1
everywhere	1
evermore	1
eternally	1
estranged	1
especial	1
erst	1
errors	1
errand	1
erect	1
equals	1
epithet	1
epithalamium	1
envious	1
envied	1
entrance	1
enthroned	1
enthral	1
entered	1
enter	1
ensconce	1
enjoy	1
engender	1
endeavour	1
encompassed	1
encircled	1
enchantment	1
enchanting	1
emulate	1
ems	1
emotions	1
emotion	1
embrace	1
embodied	1
embedded	1
elysian	1
elsewhere	1
else	1
eloquent	1
eloquence	1
ellen	1
ell	1
elfin	1
elf	1
element	1
either	1
eighteen	1
echoless	1
ebon	1
ebb	1
eats	1
eat	1
eastern	1
eased	1
ease	1
earthly	1
earnestly	1
earnest	1
eagles	1
eagle	1
dying	1
dust	1
dusk	1
dullness	1
dubious	1
drunkenness	1
drums	1
drowsy	1
drowned	1
dropped	1
droopingly	1
drooped	1
droop	1
drippings	1
drifted	1
dried	1
dress	1
dreary	1
drear	1
dreamings	1
dreamers	1
drawn	1
draw	1
draughts	1
drank	1
drains	1
drained	1
drain	1
dragging	1
dozed	1
downcast	1
doubtful	1
doubly	1
dotard	1
dotage	1
dormitory	1
dons	1
domes	1
doing	1
dog	1
divorced	1
divinity	1
divine	1
divide	1
diurnal	1
disturbed	1
distressful	1
distinguished	1
distinction	1
dispels	1
dispel	1
disguise	1
disgrace	1
disease	1
disdainfully	1
disdained	1
disdain	1
discover	1
disconsolate	1
disappointment	1
disappear	1
direct	1
dinner	1
dingdong	1
dine	1
dimple	1
dimly	1
diminution	1
different	1
didst	1
diamonds	1
dews	1
devoutly	1
devotedly	1
devoted	1
device	1
destruction	1
despise	1
desperate	1
despairing	1
desolation	1
desire	1
deserted	1
describe	1
descends	1
deprived	1
denser	1
denied	1
den	1
demon	1
delightedly	1
delighted	1
delight	1
deity	1
degree	1
degraded	1
defying	1
deftly	1
deform	1
defied	1
deeming	1
deem	1
deed	1
decline	1
deceived	1
debauchee	1
dearest	1
deafening	1
dazzle	1
dasheth	1
dashed	1
darkness	1
darken	1
dared	1
dank	1
danger	1
damsel	1
damp	1
damning	1
cutting	1
cutlass	1
cut	1
curses	1
curse	1
curls	1
curious	1
cunning	1
crust	1
cruise	1
crowds	1
crossed	1
cross	1
crests	1
crest	1
creed	1
creation	1
crazed	1
craft	1
cradle	1
cracked	1
cower	1
coveted	1
courser	1
count	1
costume	1
corrupted	1
coronet	1
copious	1
cope	1
cool	1
conviction	1
conveyed	1
converse	1
controlled	1
control	1
contrast	1
contemptuous	1
contemptible	1
constantly	1
consoling	1
consolation	1
consented	1
consecrate	1
consciousness	1
conscious	1
conquest	1
connubial	1
congregate	1
congenial	1
confront	1
confined	1
confidence	1
conductor	1
conclusion	1
concert	1
conceit	1
conceal	1
comrades	1
comrade	1
composed	1
compose	1
comply	1
complexion	1
complete	1
complaining	1
compel	1
compass	1
comparison	1
compared	1
company	1
companion	1
community	1
commune	1
commingled	1
commend	1
commander	1
comfortless	1
comforter	1
combining	1
combat	1
colours	1
coldly	1
colder	1
coins	1
coin	1
coiled	1
coil	1
coffins	1
coats	1
coastof	1
clutch	1
clusters	1
clustering	1
clothes	1
closes	1
closely	1
clock	1
clings	1
cleaves	1
cleaved	1
clearer	1
clammy	1
claims	1
circumstance	1
circling	1
circled	1
circean	1
circe	1
cinctured	1
church	1
chuckles	1
chronicle	1
china	1
chimed	1
chilled	1
childish	1
childhood	1
chieftains	1
cherry	1
cherish	1
chemists	1
cheers	1
cheerly	1
cheering	1
cheerily	1
cheerfully	1
cheerful	1
cheered	1
cheating	1
chatterton	1
chasing	1
charneuvault	1
characters	1
chant	1
changeless	1
chains	1
cerements	1
centuries	1
central	1
cells	1
cell	1
celestial	1
cedars	1
ceaselessly	1
cbavk	1
cavern	1
cautious	1
cauliflower	1
caudle	1
cataract	1
castle	1
casement	1
carrack	1
carols	1
carollers	1
carmel	1
careworn	1
careless	1
carefully	1
cared	1
caravans	1
captive	1
caprice	1
cape	1
cant	1
canopy	1
canoe	1
cankering	1
canker	1
cane	1
can'st	1
calmly	1
calls	1
calf	1
cake	1
cadence	1
cabinets	1
bygone	1
busy	1
burst	1
burns	1
burnie	1
buoyant	1
bulwark	1
bud	1
brutes	1
browzed	1
brothers	1
brooks	1
broods	1
brood	1
broke	1
broadside	1
briny	1
brings	1
bring	1
brilliant	1
brilliancy	1
brightest	1
brighter	1
briefly	1
bread	1
brawls	1
braved	1
brandished	1
brand	1
branchless	1
branches	1
boyd	1
bowl	1
bouse	1
bounty	1
bountiful	1
bounding	1
bounded	1
bought	1
bottom	1
boots	1
boomed	1
book	1
bones	1
bolt	1
boldness	1
boisterously	1
boats	1
board	1
blushing	1
blushes	1
blunderbuss	1
blot	1
bloomed	1
blithesome	1
blisteringly	1
blistered	1
blighted	1
blesses	1
blent	1
bleed	1
bleak	1
blasted	1
blame	1
blackest	1
blackening	1
blacken	1
bitumen	1
bitterness	1
bitter	1
bit	1
birthday	1
billow	1
bids	1
bewitchingly	1
between	1
betimes	1
bestows	1
besides	1
beside	1
bequeathed	1
belies	1
belfast	1
beheld	1
begun	1
beguile	1
began	1
becomes	1
beaver	1
beauteous	1
beats	1
beating	1
beast	1
beams	1
beach	1
bay	1
battled	1
bat	1
bashfully	1
bashful	1
bartered	1
barony	1
barely	1
bared	1
bards	1
banqueting	1
bannings	1
banner	1
banks	1
balsam	1
balmy	1
balm	1
bait	1
bags	1
backward	1
aye	1
awoke	1
awful	1
award	1
awaking	1
awakes	1
awakens	1
awaits	1
avouches	1
averts	1
avenger	1
avenged	1
avenge	1
avarice	1
author	1
attributes	1
attracts	1
attends	1
attendant	1
attend	1
ate	1
astray	1
assurance	1
assume	1
assist	1
aspire	1
aspirations	1
aspects	1
asks	1
aside	1
ascribed	1
ascertain	1
arts	1
artless	1
arrived	1
aroused	1
arouse	1
arose	1
aromatic	1
aroma	1
arm	1
arise	1
ardent	1
archness	1
architecture	1
archangel	1
april	1
approving	1
approaching	1
applause	1
appeared	1
apparelled	1
apartment	1
any	1
anthems	1
anon	1
angry	1
and'gallant	1
ancient	1
anatomy	1
amorous	1
amor	1
among	1
amber	1
amazed	1
altered	1
altar	1
already	1
alpine	1
aloft	1
almighty	1
allotment	1
allied	1
alike	1
alia	1
airy	1
aileth	1
agony	1
ago	1
against	1
afric	1
afield	1
afford	1
affianced	1
adventurous	1
advancing	1
advancement	1
admits	1
adam	1
acts	1
actors	1
across	1
ache	1
accusing	1
accept	1
abundantly	1
abstraction	1
abstractedly	1
absorbed	1
absent	1
about	1
abject	1
abidest	1
abide	1
abashed	1
abasement	1
abased	1
<»}>poems	1
1'eep	1
.;	1
.'.	1
-.	1
*	1
&	1
"!	1
!'	1
