,	847
the	782
and	470
of	335
.	287
in	218
a	207
to	145
that	102
;	101
for	99
|arabic2digit|	86
is	85
you	84
it	77
we	70
i	70
on	68
with	61
all	61
"	53
:	52
|romannumeral|	51
...	51
there	48
shall	48
little	48
from	47
!	47
or	44
your	43
be	43
like	42
at	41
but	40
by	38
so	37
no	37
god	37
one	36
....	36
|'s|	34
have	34
they	33
over	33
my	33
long	33
her	32
are	32
our	31
..	31
will	30
this	30
as	30
great	29
he	28
very	26
down	26
come	26
white	25
not	25
who	24
she	24
quiet	24
never	24
his	24
heaven	24
where	22
was	22
their	22
old	22
day	22
when	21
through	21
love	20
dear	20
|arabic5+digit|	19
me	19
if	19
even	19
up	18
man	18
away	18
again	18
well	17
us	16
out	15
land	15
beneath	15
|arabic3digit|	14
then	14
know	14
good	14
eyes	14
back	14
an	14
what	13
were	13
welch	13
rain	13
only	13
night	13
into	13
high	13
go	13
far	13
dark	13
."	13
years	12
poor	12
mud	12
light	12
has	12
h	12
do	12
dead	12
black	12
?	12
|arabic1digit|	11
world	11
town	11
them	11
still	11
rest	11
more	11
men	11
life	11
just	11
how	11
home	11
alone	11
after	11
went	10
take	10
such	10
see	10
must	10
many	10
had	10
days	10
can	10
above	10
'	10
upon	9
two	9
time	9
these	9
soft	9
silver	9
make	9
kind	9
heart	9
grey	9
faces	9
ever	9
could	9
castle	9
because	9
|arabic4digit|	8
why	8
way	8
under	8
trees	8
thousand	8
thought	8
sound	8
side	8
sea	8
red	8
planes	8
place	8
oh	8
much	8
moon	8
may	8
look	8
kindly	8
joy	8
hundred	8
here	8
hand	8
going	8
get	8
et	8
each	8
dusk	8
crowd	8
cardiff	8
came	8
between	8
another	8
about	8
yet	7
wukka	7
would	7
whole	7
watched	7
waiting	7
train	7
too	7
toil	7
those	7
takes	7
something	7
sky	7
since	7
should	7
round	7
regt	7
purple	7
past	7
oc	7
made	7
it's	7
green	7
golden	7
france	7
flanders	7
fields	7
cool	7
brain	7
been	7
wet	6
west	6
wall	6
until	6
twilight	6
sweet	6
strange	6
seven	6
say	6
sat	6
rhone	6
pass	6
other	6
nothing	6
m	6
loves	6
lost	6
let	6
him	6
guns	6
girls	6
face	6
f	6
english	6
england	6
don't	6
died	6
dance	6
children	6
brown	6
bitter	6
any	6
air	6
.,	6
wine	5
wars	5
voices	5
though	5
think	5
thank	5
table	5
pleasure	5
passing	5
parades	5
note	5
near	5
miles	5
looking	5
lay	5
j	5
goes	5
gloom	5
four	5
est	5
dim	5
die	5
deep	5
coming	5
beside	5
amongst	5
alpilles	5
(	5
!"	5
wye	4
wonders	4
women	4
woman	4
ways	4
trouble	4
took	4
together	4
things	4
thing	4
tears	4
tam	4
tall	4
talking	4
talk	4
swift	4
sunlight	4
sun	4
stood	4
stone	4
state	4
stand	4
sodden	4
skies	4
silent	4
shells	4
set	4
saints	4
said	4
road	4
right	4
pleasant	4
play	4
per	4
orange	4
off	4
october	4
now	4
nights	4
music	4
moments	4
mine	4
lyons	4
looked	4
limbs	4
left	4
leave	4
last	4
khaki	4
kept	4
io	4
infinite	4
i'm	4
human	4
hours	4
honourable	4
give	4
garrison	4
full	4
frost	4
forever	4
farms	4
exhibit	4
ex	4
enough	4
e	4
dum	4
door	4
desire	4
de	4
darkness	4
cross	4
coy	4
cold	4
clear	4
car	4
blind	4
being	4
bed	4
battalion	4
b	4
await	4
around	4
arms	4
always	4
ah	4
young	3
you've	3
year	3
wuk	3
word	3
wives	3
winter	3
whom	3
whisper	3
which	3
weary	3
watch	3
warm	3
wanders	3
walls	3
walking	3
waited	3
voice	3
vines	3
vile	3
via	3
vestigia	3
usually	3
urbe	3
unknown	3
ugly	3
turned	3
tumult	3
trunks	3
true	3
trench	3
tranquil	3
till	3
three	3
thistles	3
than	3
tell	3
tea	3
talked	3
sunlit	3
street	3
star	3
standing	3
stair	3
square	3
spell	3
spanish	3
soul	3
some	3
small	3
slow	3
sitting	3
sing	3
silence	3
sigh	3
si	3
shrapnel	3
shady	3
shadows	3
sed	3
second	3
seas	3
salute	3
roar	3
river	3
rise	3
ride	3
remembered	3
regimental	3
rank	3
quoque	3
pte	3
point	3
please	3
perfume	3
people	3
peacocks	3
peace	3
pain	3
own	3
once	3
nuns	3
nobis	3
nine	3
new	3
need	3
names	3
name	3
moving	3
mother	3
most	3
moonlight	3
month	3
minds	3
memories	3
maybe	3
making	3
machine	3
lt	3
longa	3
london	3
lines	3
known	3
knew	3
keeps	3
jove	3
jar	3
its	3
imagine	3
hurrying	3
huge	3
himself	3
hidden	3
heroes	3
hell	3
heat	3
hearts	3
hearth	3
heap	3
harsh	3
hardly	3
half	3
hair	3
grow	3
got	3
gone	3
glimmering	3
girl	3
gardens	3
friends	3
fourteen	3
forgotten	3
flying	3
flutter	3
flatholme	3
flame	3
first	3
fear	3
eternal	3
enter	3
doom	3
done	3
din	3
didn't	3
did	3
dears	3
darling	3
company	3
coat	3
cloud	3
charing	3
channel	3
cathedrals	3
care	3
cafes	3
brought	3
breast	3
blow	3
blood	3
belgian	3
behind	3
began	3
beauty	3
beautiful	3
bear	3
battalions	3
awake	3
anthem	3
angels	3
along	3
albis	3
agony	3
against	3
across	3
you'll	2
write	2
wrinkled	2
work	2
words	2
winds	2
winding	2
wind	2
willows	2
wide	2
whispers	2
whirl	2
whilst	2
welcome	2
wearing	2
wear	2
we'll	2
wave	2
water	2
wash	2
want	2
walled	2
walked	2
walk	2
wait	2
voce	2
village	2
vileness	2
vestibus	2
veniet	2
velvet	2
valley	2
valerian	2
usque	2
unless	2
understand	2
turris	2
tur	2
trout	2
trick	2
tread	2
tram	2
tortured	2
tornado	2
tolerant	2
tintern	2
tiled	2
thunders	2
thin	2
thatched	2
tear	2
te	2
sweeter	2
surely	2
sunday	2
summer	2
suis	2
sudden	2
stuck	2
strips	2
straw	2
strain	2
straight	2
stout	2
stick	2
stay	2
stature	2
statue	2
stars	2
space	2
sort	2
song	2
soil	2
softly	2
sods	2
soaked	2
soak	2
smoking	2
smiling	2
smile	2
slowly	2
slouch	2
slept	2
sleeps	2
sleeping	2
sit	2
sinuosa	2
singing	2
silken	2
sight	2
shout	2
shooting	2
ship	2
shimmering	2
sharp	2
shakes	2
shafts	2
shadow	2
shades	2
shaded	2
settled	2
september	2
sense	2
semper	2
saw	2
save	2
sardonic	2
salient	2
sake	2
saint	2
sad	2
rush	2
runs	2
running	2
rouen	2
roses	2
room	2
roof	2
roads	2
rivers	2
rising	2
riot	2
ringing	2
rin	2
resonant	2
rendering	2
remembrance	2
remember	2
real	2
read	2
ran	2
radiance	2
quo	2
quisque	2
quietly	2
quid	2
qua	2
pyramid	2
put	2
purpureique	2
proud	2
prisoners	2
priest	2
pressure	2
presently	2
pray	2
pratis	2
practice	2
poplars	2
poplar	2
polo	2
plod	2
playground	2
plants	2
plain	2
pines	2
pillows	2
pick	2
perfect	2
penny	2
penarth	2
patience	2
passes	2
passed	2
parole	2
pale	2
painted	2
p	2
ours	2
ornati	2
open	2
ones	2
omnes	2
olives	2
ogod	2
odour	2
november	2
noiseless	2
next	2
newport	2
needed	2
nature	2
mournful	2
morrow	2
morris	2
monstrous	2
miscetur	2
mire	2
minute	2
mines	2
minden	2
mind	2
mihi	2
might	2
meet	2
meas	2
marsh	2
married	2
market	2
marble	2
map	2
mametz	2
mairie	2
maire	2
madness	2
lungs	2
lovers	2
loved	2
longis	2
lips	2
lip	2
limbed	2
limb	2
lights	2
libre	2
leviter	2
legions	2
leaves	2
least	2
leads	2
laughter	2
laughing	2
laugh	2
lash	2
large	2
lamps	2
lady	2
labour	2
l'envoi	2
knapp	2
kisses	2
kiss	2
killing	2
keener	2
joys	2
jones	2
joke	2
james	2
iter	2
immense	2
i've	2
i'd	2
huns	2
hun	2
hueffer	2
houses	2
hotel	2
horns	2
honour	2
homes	2
holding	2
hills	2
hill	2
herewith	2
herbas	2
hellas	2
heavy	2
hear	2
head	2
he'd	2
having	2
hands	2
halls	2
ha	2
gun	2
guardroom	2
guard	2
groves	2
grove	2
grave	2
gradibus	2
goodly	2
goodbye	2
giving	2
given	2
ghost	2
getting	2
generations	2
gave	2
gaudebunt	2
gate	2
gas	2
gamut	2
gale	2
gables	2
g	2
furs	2
funny	2
fumes	2
fully	2
fulgent	2
fresh	2
french	2
foxgloves	2
forty-two	2
forty	2
forte	2
form	2
footsteps	2
foes	2
foam	2
flores	2
flesh	2
flash	2
firelight	2
fire	2
fingers	2
fill	2
figures	2
few	2
fellow	2
father	2
farmsteads	2
fame	2
faith	2
fair	2
extendens	2
enormous	2
end	2
eighteen	2
earth	2
ear	2
dying	2
duty	2
dust	2
dt	2
driven	2
drifted	2
dreary	2
draw	2
drain	2
dragging	2
downs	2
doubtless	2
doors	2
dominoes	2
digitalis	2
digging	2
dies	2
devising	2
detachment	2
desiderium	2
depth	2
delicias	2
delicate	2
dearest	2
d	2
cyclamen	2
curves	2
cpl	2
courting	2
course	2
contract	2
compounded	2
coloured	2
coil	2
coeli	2
clouds	2
close	2
clock	2
cloak	2
cliffs	2
clay	2
cities	2
chepstow	2
caverns	2
cat	2
capt	2
called	2
call	2
cafe	2
burden	2
bulls	2
brother	2
broke	2
britannia	2
bring	2
brevis	2
branches	2
brains	2
boy	2
born	2
blue	2
bells	2
barrier	2
aye	2
aure	2
auras	2
august	2
art	2
arnott	2
arm	2
applegarth	2
angeli	2
ancient	2
amplexu	2
aloud	2
alley	2
ago	2
aged	2
afb.	2
ad	2
accounts	2
.."	2
)	2
"...	2
!...	2
!)	2
â	1
znd	1
zeppelin	1
yours	1
you're	1
yields	1
yes	1
yellow	1
yeasty	1
yawn	1
y	1
wyndcroft	1
wrist	1
wreathing	1
woven	1
wounds	1
worry	1
worries	1
working	1
woods	1
wooden	1
wood	1
wondering	1
wonder	1
won	1
wolds	1
woke	1
wladjy	1
without	1
within	1
wisps	1
wish	1
wire	1
wines	1
windows	1
window	1
wiltshires	1
willow	1
wife	1
wider	1
whose	1
whore	1
whitening	1
whitened	1
whistles	1
whispering	1
whirling	1
whine	1
while	1
wheels	1
wheat	1
wept	1
weeks	1
week	1
weed	1
wedding	1
webs	1
weather	1
wealth	1
wealds	1
we've	1
wayfarers	1
waving	1
waters	1
waterloo	1
watches	1
warped	1
wardens	1
war	1
wangled	1
wangle	1
wandering	1
waking	1
waked	1
wake	1
waitingplaces	1
wailed	1
wagons	1
voyageurs	1
vouchers	1
volventibus	1
voluptas	1
voluntantes	1
volitat	1
vitae	1
vineta	1
vine	1
videtur	1
videre	1
videbam	1
vestra	1
vestes	1
vespere	1
vertice	1
vers	1
vermilion	1
venientem	1
veneris	1
vaulted	1
vaporous	1
vanquishing	1
vampire	1
vamping	1
valla	1
valise	1
valhallas	1
vagatus	1
used	1
use	1
upwards	1
untroubled	1
untidy	1
unsightly	1
unshaken	1
unseen	1
uno	1
uniforms	1
unica	1
uncomely	1
uncles	1
unaccustomed	1
umbris	1
umbras	1
umbrae	1
ultima	1
tyres	1
tyre	1
twenty-four	1
turribus	1
turns	1
turmoil	1
turbulent	1
turbarit	1
tunic	1
tune	1
tunc	1
tube	1
truth	1
trumpets	1
truly	1
trotted	1
tropics	1
triumphs	1
tristis	1
tree	1
treachery	1
transport	1
tranquilly	1
tranquillity	1
trams	1
trail	1
traditions	1
townships	1
towns	1
towers	1
towards	1
touched	1
tot	1
torture	1
torches	1
topics	1
toowould	1
toothache	1
tongue	1
tones	1
told	1
toffee	1
toe	1
today	1
tireless	1
tired	1
tiny	1
tins	1
tin	1
tilasque	1
tide	1
tick	1
tibi	1
thus	1
thoughts	1
thoughtful	1
thou	1
thirty	1
thirst	1
thick	1
they've	1
therethe	1
theatre	1
terrible	1
terras	1
terrae	1
tent	1
teneros	1
tenero	1
tenere	1
tenebras	1
tenebit	1
tender	1
ten	1
tempora	1
templa	1
tempered	1
telling	1
taste	1
tapestry	1
talosque	1
taking	1
taken	1
taint	1
swords	1
sword	1
swims	1
swept	1
sweets	1
sweetness	1
sweethearts	1
sweat	1
sways	1
swaying	1
swathes	1
swan	1
sussex	1
suspirant	1
sure	1
supremas	1
superans	1
sundry	1
summo	1
summa	1
sugary	1
sugar	1
sucking	1
sublustris	1
sublime	1
subeunt	1
sub	1
suavis	1
suave	1
stygias	1
strolling	1
strikes	1
stride	1
stretcher	1
stretched	1
stress	1
streets	1
stream	1
strand	1
strained	1
strafes	1
straf	1
story	1
stopping	1
stopped	1
stop	1
stock	1
stipata	1
sting	1
stiffen	1
stiff	1
steppes	1
stepped	1
stella	1
steeple	1
stealing	1
steal	1
staunch	1
states	1
stated	1
start	1
stands	1
stallions	1
stalk	1
stairheads	1
stained	1
stackyard	1
stable	1
squanders	1
spuma	1
spring	1
spreading	1
sponged	1
spoke	1
spite	1
spirit	1
spidery	1
spick	1
spice	1
spent	1
speak	1
sparethe	1
span	1
spaces	1
sovereigns	1
southwest	1
southern	1
southerly	1
south	1
sounding	1
souls	1
sordid	1
soot	1
soonwe	1
soon	1
sons	1
sonos	1
sonnets	1
sometimes	1
solitude	1
solis	1
solicitude	1
soli	1
solet	1
solemn	1
soldiers	1
soldier	1
solas	1
sol	1
soie	1
softness	1
sod	1
snow	1
smoothly	1
smooth	1
smoky	1
smiled	1
slowed	1
slips	1
sleepy	1
slayers	1
slant	1
slang	1
slake	1
slain	1
skulls	1
skirt	1
skirls	1
skeps	1
sixteen	1
situate	1
sits	1
sipped	1
sinuously	1
sinner	1
sinens	1
silvery	1
silkworms	1
silks	1
sighedtheir	1
sideways	1
sides	1
shrunken	1
shrived	1
shrill	1
showing	1
show	1
shovels	1
shoulders	1
short	1
shop	1
shiver	1
shires	1
ships	1
shipping	1
shipment	1
shining	1
shines	1
shine	1
shepherds	1
sheepskins	1
shed	1
sharply	1
shape	1
shame	1
shaken	1
shadowy	1
shadowed	1
shade	1
sewn	1
settling	1
setting	1
sets	1
sentimental	1
send	1
semblance	1
sells	1
self	1
seldom	1
seeming	1
seem	1
sedens	1
sedemus	1
secret	1
seat	1
seaswide	1
searching	1
scrimmage	1
screen	1
screams	1
screaming	1
screamed	1
scopulas	1
school	1
scented	1
scars	1
saying	1
sausages	1
sauntered	1
sandals	1
sand	1
sanctuary	1
salutat	1
salutant	1
salis	1
sail	1
sacred	1
russet	1
rushed	1
run	1
ruins	1
ruin	1
rue	1
rubbishy	1
rpres	1
royally	1
rows	1
rovers	1
rosemary	1
rooms	1
ron	1
romans	1
roll	1
rods	1
rivulets	1
rivi	1
risibus	1
rich	1
rhetoric	1
revolver	1
revocare	1
returned	1
restless	1
resting	1
rembrandts	1
remarks	1
remain	1
relinquishing	1
relinquish	1
rejoicing	1
rejoices	1
rejoice	1
regions	1
refulget	1
ref	1
reductions	1
redinant	1
redeunt	1
reddetur	1
received	1
receipt	1
receded	1
recall	1
ready	1
reaches	1
rays	1
rattling	1
rats	1
rather	1
rarekeener	1
ranks	1
ranges	1
ramparts	1
rains	1
rained	1
ragged	1
radians	1
racing	1
r	1
quota	1
quod	1
quieted	1
questionable	1
queer	1
quattrocento	1
quasi	1
quarries	1
quam	1
quality	1
quaint	1
quae	1
push	1
purpureus	1
punt	1
punishments	1
punic	1
puncturing	1
puella	1
provence	1
prove	1
prope	1
procul	1
prius	1
price	1
prevail	1
prayers	1
prayer	1
praise	1
praeceps	1
poverty	1
pour	1
potherb	1
potentates	1
poster	1
possible	1
possession	1
populace	1
pop	1
ponds	1
pondered	1
podrida	1
pocket	1
plugstreet	1
pledged	1
pleasanter	1
playing	1
played	1
platoon	1
plane	1
places	1
pities	1
pitchpine	1
pitchfork	1
pitch	1
piquette	1
pipes	1
pinus	1
pillow	1
pile	1
picturesque	1
picture	1
pianist	1
petam	1
perveniens	1
perspective	1
perque	1
pernitidas	1
perlongo	1
perhaps	1
pergracilisque	1
perfidus	1
peragit	1
peoples	1
penates	1
penarthumtam	1
penarthum	1
pay	1
pavements	1
paunch	1
pathways	1
paths	1
path	1
passion	1
passage	1
parents	1
paradise	1
papers	1
paper	1
pantoums	1
panther	1
pantaloons	1
pantaera	1
panes	1
pampas	1
pallid	1
pall	1
palace	1
paint	1
pains	1
paid	1
paddington	1
owl	1
owed	1
overwhelming	1
overtop	1
overspreading	1
overmuch	1
overhead	1
outrageous	1
outpouring	1
ought	1
otherwise	1
ortus	1
ore	1
order	1
oranges	1
optabit	1
opposite	1
opera	1
opacis	1
onto	1
onions	1
omnipotent	1
omnia	1
olla	1
olim	1
often	1
office	1
offences	1
odore	1
odd	1
oculosque	1
ocellos	1
oceani	1
obsession	1
obscure	1
obliti	1
o'clock	1
o	1
nunc	1
numquam	1
numbers	1
nulla	1
nos	1
nor	1
nook	1
nonsenses	1
none	1
non	1
nodded	1
noctua	1
nobody	1
ninety	1
nimium	1
nigrescere	1
nightjar	1
nigh	1
niger	1
nieppe	1
ni	1
news	1
newly	1
newfoundlands	1
neve	1
nets	1
neque	1
nelson	1
necessary	1
nearer	1
naval	1
nattached	1
nation	1
narrower	1
napoleon	1
naked	1
nails	1
nadhau	1
myrtle	1
mutter	1
mutiny	1
musk	1
muri	1
muddy	1
mox	1
mown	1
moved	1
mountains	1
mountain	1
mothers	1
mort	1
moriturae	1
moons	1
moonbeams	1
mood	1
monumental	1
monument	1
montibus	1
mont	1
monks	1
money	1
moment	1
mistress	1
mistral	1
mist	1
misery	1
miserable	1
mirrors	1
milesmiles	1
mihideliciasque	1
mighty	1
mightily	1
midnight	1
midges	1
middle	1
micare	1
meve	1
merry	1
mention	1
memory	1
memorandum	1
meeting	1
medium	1
mediate	1
mechanician	1
meat	1
maze	1
matter	1
matin	1
marshland	1
marshes	1
marriages	1
marmoreae	1
mark	1
marinas	1
marchings	1
marching	1
marches	1
manychorded	1
mantled	1
maiores	1
maiore	1
maintop	1
magpie	1
magician	1
mad	1
machineguns	1
lyres	1
lyre	1
lunch	1
luna	1
lump	1
lumina	1
lumbering	1
ludunt	1
luck	1
lucis	1
lucem	1
luce	1
lowly	1
lower	1
loving	1
lover	1
lounged	1
louis	1
lot	1
lord	1
looks	1
longum	1
longings	1
longing	1
longae	1
lonely	1
lock	1
local	1
loads	1
load	1
living	1
lives	1
lived	1
live	1
litora	1
lit	1
listless	1
lisp	1
lions	1
linger?too	1
linger	1
limpid	1
lime	1
lily	1
lilies	1
likes	1
lighted	1
lieutenants	1
lieut	1
lies	1
lie	1
licet	1
levi	1
letters	1
lets	1
letis	1
lesbian	1
legends	1
leech	1
lectures	1
leas	1
leaning	1
lean	1
lead	1
lea	1
lays	1
lawn	1
late	1
lascivi	1
larks	1
lanthorns	1
languidly	1
landscapes	1
landscape	1
lands	1
lamp	1
lain	1
laetitia	1
laetique	1
laeta	1
lad	1
lacrimae	1
lacedmmonian	1
knows	1
knowing	1
knife	1
knees	1
kissed	1
kiosque	1
kindness	1
killed	1
kerb	1
kelch	1
keep	1
keenness	1
july	1
jollity	1
jasmine	1
itself	1
isn't	1
islands	1
ironic	1
ipsa	1
invisibly	1
inviolate	1
invabit	1
interpenetrate	1
interlace	1
intent	1
instantly	1
instant	1
inspect	1
insepit	1
inscription	1
inque	1
innocence	1
inn	1
ingressis	1
ingredientis	1
inerat	1
inditing	1
incumbrat	1
inch	1
inarticulate	1
implicat	1
implentes	1
implent	1
imperceptibly	1
imminet	1
immensities	1
image	1
illuminated	1
ills	1
illius	1
ille	1
illa	1
identical	1
idea	1
ibi	1
iam	1
i.io	1
huts	1
hut	1
husband	1
hunks	1
hung	1
humiliation	1
humanity	1
hum	1
hull	1
hue	1
howled	1
hovels	1
house	1
hound	1
hotels	1
hospital	1
hos	1
horses	1
horse	1
horas	1
honey	1
homely	1
holy	1
holly	1
hole	1
holds	1
hold	1
hocks	1
hived	1
historic	1
hinds	1
hindrances	1
highest	1
hers	1
herds	1
hen	1
help	1
helmets	1
helmet	1
hells	1
heavens	1
heard	1
heaps	1
heads	1
haze	1
hay	1
haunches	1
hats	1
hatred	1
hated	1
hat	1
harvest	1
harmtake	1
harm	1
hardest	1
hard	1
harassments	1
hallowed	1
hall	1
guessed	1
guarding	1
growing	1
ground	1
griefs	1
grief	1
grew	1
greets	1
greener	1
greasy	1
graves	1
gratus	1
gratique	1
grassy	1
grassthat	1
grass	1
grandmother	1
grand	1
grain	1
gown	1
goods	1
goodness	1
gold	1
gods	1
goat	1
gnarled	1
glow	1
glory	1
glooms	1
gloaming	1
glimpses	1
glimmer	1
gleam	1
glass	1
glances	1
gladness	1
glad	1
gives	1
gipsies	1
germany	1
germaniam	1
gently	1
gentle	1
generous	1
genee	1
gendarme	1
gear	1
gates	1
garments	1
gaps	1
games	1
gain	1
fundunt	1
frosty	1
front	1
fronds	1
frieze	1
frets	1
free	1
franguntur	1
frances	1
fowl	1
found	1
foul	1
fought	1
foss	1
forth	1
forgetting	1
forget	1
foreign	1
foreheads	1
forehead	1
footstep	1
footfalls	1
foot	1
foolscap	1
food	1
foments	1
followed	1
focus	1
foaming	1
fo	1
fluttering	1
fluetus	1
flowers	1
flowered	1
florent	1
flooring	1
floats	1
float	1
flies	1
flew	1
flecks	1
flavours	1
flavour	1
flashing	1
flannel	1
flammae	1
flaming	1
flag	1
fireside	1
fireflies	1
finite	1
finish	1
finger	1
finery	1
fine	1
finds	1
finding	1
find	1
filthy	1
figure	1
fight	1
field	1
fibres	1
fessi	1
fessa	1
felted	1
felt	1
feet	1
features	1
fears	1
fearless	1
fatigues	1
fatigant	1
fathers	1
fate	1
fat	1
fast	1
fashioned	1
farm	1
fan	1
famous	1
familieshis	1
falso	1
falls	1
falling	1
fallimur	1
fall	1
fainted	1
failure	1
facteur	1
fabrics	1
eyed	1
exsuperans	1
exploit	1
explain	1
existed	1
exhaustion	1
exclaim	1
evelyn	1
euntem	1
eston	1
estate	1
especial	1
errans	1
erit	1
equipment	1
environs	1
ensnare	1
engine	1
endured	1
endure	1
endless	1
enclosed	1
empire	1
emma	1
embracing	1
embraces	1
embrace	1
eloquent	1
eleven	1
elegiacs	1
elbow	1
eight	1
eat	1
east	1
dulcia	1
ducit	1
dubia	1
dryads	1
dryades	1
dry	1
drunkenly	1
drowsy	1
drone	1
droll	1
drips	1
dripped	1
drip	1
drink	1
drills	1
drift	1
dressing	1
dressed	1
dress	1
dreaming	1
dreadful	1
dragged	1
drafts	1
downlands	1
double	1
dortmund	1
don	1
dolphins	1
dolorosas	1
dolia	1
dogs	1
does	1
docks	1
dock	1
dixhuit	1
divorum	1
divorces	1
division	1
divined	1
dived	1
distance	1
disgraces	1
disciplinary	1
dirty	1
dinner	1
dimples	1
dimned	1
diminishingthe	1
dilemma	1
diffundere	1
difficult	1
dick	1
dici	1
dicet	1
diaphonous	1
devil	1
despised	1
despiciunt	1
descended	1
deorum	1
delivers	1
deem	1
decencies	1
december	1
death	1
deal	1
dazed	1
dayfor	1
dayand	1
dawn	1
dash	1
darkling	1
dare	1
dank	1
dances	1
damned	1
cypress	1
cut	1
cursum	1
cupressos	1
cum	1
cubito	1
cubical	1
cry	1
crumbled	1
cruel	1
crouch	1
crossroads	1
crook	1
crests	1
cressy	1
creeping	1
credit	1
credimus	1
creation	1
creaked	1
crazy	1
craze	1
crawling	1
crau	1
craters	1
coursing	1
counties	1
count	1
cottage	1
cost	1
cose	1
corses	1
corrida	1
corpses	1
corps	1
corporal	1
corks	1
cooking	1
cook	1
conversation	1
continuously	1
contenti	1
consultation	1
constanter	1
conspectu	1
conscious	1
conjuring	1
confined	1
confession	1
cone	1
concours	1
concerts	1
comrades	1
complications	1
complete	1
complaint	1
companythe	1
companies	1
commis	1
comfortless	1
comfort	1
comes	1
comely	1
colours	1
colour	1
colonnades	1
coelicole	1
coelicola	1
cocoons	1
coated	1
clutter	1
club	1
closing	1
clods	1
clips	1
climbing	1
cliff	1
clever	1
clearness	1
class	1
clap	1
clamouring	1
clackings	1
civilisation	1
civilians	1
city	1
ciesaries	1
churning	1
church	1
chorus	1
chords	1
chinese	1
chimney	1
chess	1
cheshires	1
cheerless	1
cheerio	1
checked	1
chateau	1
charge	1
chapel	1
chap	1
chanting	1
chancing	1
chanced	1
chalk	1
certainly	1
cernunt	1
cernimus	1
ceremonial	1
cedunt	1
cattle	1
cathedral	1
cathays	1
catch	1
casting	1
cartridges	1
carried	1
carriages	1
carmina	1
caresses	1
cardine	1
captat	1
captare	1
cap	1
cantant	1
cans	1
cannot	1
canescere	1
candida	1
canal	1
calling	1
c.c.s	1
byus	1
byres	1
buzzing	1
buzzes	1
buzz	1
buses	1
bursts	1
burst	1
buoyant	1
bunting	1
bunch	1
bull	1
building	1
bubbles	1
brush	1
brook	1
broken	1
bristles	1
brink	1
bright	1
brigade	1
bridge	1
bride	1
breathless	1
breathe	1
breath	1
breakers	1
breadth	1
bread	1
bravest	1
brave	1
bracken	1
boys	1
bound	1
bought	1
bosomed	1
borrowed	1
border	1
bookstall	1
bookseller	1
book	1
blown	1
blisters	1
bliss	1
blindness	1
blighty	1
blessing	1
blessed	1
bled	1
blanc	1
blackness	1
bidden	1
beyond	1
bet	1
besides	1
berth	1
bereavements	1
benigno	1
benigna	1
benevolence	1
below	1
beloved	1
bell	1
believe	1
belief	1
belch	1
beginning	1
begin	1
before	1
bef	1
beetle	1
bees	1
beef	1
beds	1
becourt	1
beckoned	1
beaucaire	1
beating	1
beat	1
bears	1
beak	1
beaches	1
bay	1
bavler	1
bars	1
barns	1
barnes	1
bar	1
bankrupts	1
bank	1
banded	1
band	1
balnea	1
ball	1
bad	1
backs	1
azure	1
awe	1
awakes	1
awaken	1
avocations	1
avium	1
avignon	1
avenues	1
avenue	1
autumn	1
austerity	1
auris	1
aunts	1
attention	1
atris	1
atra	1
asylum	1
assuredly	1
assemblies	1
asleep	1
asked	1
ask	1
army	1
arles	1
arldsiennes	1
aries	1
arena	1
arcis	1
arcadings	1
aquoribus	1
apples	1
appendix	1
appearances	1
anxious	1
antwerp	1
answer	1
anointed	1
anoint	1
annis	1
animos	1
angelus	1
ancre	1
amplexuve	1
amorem	1
amidst	1
amends	1
amea	1
amata	1
amas	1
amari	1
alto	1
altis	1
alonepoor	1
almost	1
allah	1
alienas	1
alcoholic	1
albert	1
aisne	1
ahalf	1
agros	1
agricolisque	1
agency	1
ageing	1
againor	1
afternoons	1
afternoon	1
afraid	1
afoot	1
afflict	1
affiche	1
affair	1
afb	1
afar	1
aequora	1
admiring	1
adjutant	1
action	1
ack	1
aching	1
achievements	1
ache	1
acerbi	1
accipient	1
absently	1
abrasque	1
able	1
abero	1
abbey	1
abash	1
ab	1
[	1
?...	1
?"	1
27xeeevra	1
.].	1
...............	1
......	1
...."	1
.)	1
-,	1
"-"	1
!..	1
