the	2347
,	1997
'	1870
and	881
.	690
a	577
of	555
to	546
—	415
in	336
an	317
for	279
!	265
that	259
you	230
|'s|	224
is	215
i	214
;	214
we	212
they	207
with	195
on	188
he	187
his	184
was	173
:	172
but	171
my	156
from	152
as	150
o	146
it	139
when	136
at	114
by	103
all	102
her	93
your	90
our	90
him	90
there	82
have	80
she	76
out	76
.'	76
ye	75
if	74
where	73
it's	72
their	71
!'	71
me	67
?	67
or	66
man	66
had	65
down	64
like	63
so	62
up	61
men	60
are	60
then	59
said	57
not	56
e	56
what	55
go	55
soldier	53
love	52
us	51
no	51
were	49
one	49
heard	48
be	48
trail	47
old	47
king	47
who	45
know	45
god	45
|arabic2digit|	44
them	44
back	42
upon	41
this	41
long	39
im	39
white	38
till	38
re	38
ll	38
little	38
ford	38
?'	38
|arabic3digit|	37
come	37
black	36
(	36
night	35
away	35
lay	34
through	33
now	33
went	31
red	31
own	31
day	31
would	30
sea	30
never	30
kabul	30
er	30
came	30
wind	29
may	29
give	29
death	29
loot	28
first	28
dead	28
again	28
new	27
ere	27
din	27
die	27
best	27
will	26
soul	26
shall	26
road	26
over	26
head	26
do	26
than	25
river	25
must	25
made	25
gods	25
e's	25
can	25
two	24
take	24
johnnie	24
guns	24
before	24
',	24
has	23
get	23
some	22
died	22
did	22
boh	22
taman	21
sun	21
should	21
see	21
life	21
heart	21
ha	21
guard	21
great	21
fire	21
|arabic1digit|	20
widow	20
water	20
more	20
look	20
how	20
english	20
dark	20
blood	20
because	20
time	19
poor	19
lost	19
horse	19
good	19
face	19
done	19
don't	19
cut	19
captain	19
sin	18
queen	18
north	18
nor	18
knew	18
front	18
foot	18
ever	18
called	18
between	18
beneath	18
belts	18
above	18
)	18
while	17
true	17
took	17
tomlinson	17
sword	17
lord	17
into	17
hold	17
hell	17
hand	17
devil	17
bloomin	17
set	16
only	16
off	16
held	16
grey	16
got	16
fell	16
each	16
could	16
behind	16
work	15
word	15
well	15
war	15
too	15
tommy	15
thy	15
street	15
round	15
room	15
ran	15
oont	15
make	15
loo	15
left	15
last	15
free	15
fear	15
drunk	15
clear	15
chief	15
always	15
across	15
you'd	14
way	14
town	14
still	14
south	14
serve	14
put	14
pride	14
ome	14
mouth	14
might	14
makes	14
line	14
let	14
forth	14
fight	14
em	14
earth	14
broke	14
beyond	14
be'ind	14
am	14
"	14
!)	14
very	13
under	13
today	13
three	13
thou	13
story	13
song	13
side	13
ship	13
sergeant	13
play	13
mandalay	13
light	13
i've	13
i'm	13
honour	13
gave	13
flag	13
eyes	13
dropped	13
dear	13
dawn	13
breath	13
barrack	13
ain't	13
*	13
young	12
women	12
wait	12
tss	12
tide	12
steel	12
stand	12
smoke	12
silver	12
shrine	12
shame	12
seas	12
run	12
open	12
once	12
mother	12
looked	12
lie	12
knife	12
here	12
hands	12
gunga	12
gold	12
girl	12
feet	12
fair	12
england	12
east	12
deep	12
comes	12
cattle	12
bisesa	12
beer	12
bay	12
you've	11
twas	11
told	11
thought	11
though	11
those	11
tale	11
star	11
spoke	11
snow	11
shot	11
say	11
saw	11
pay	11
passed	11
most	11
law	11
knows	11
home	11
hills	11
hear	11
half	11
gun	11
green	11
gentlemen	11
gate	11
fought	11
far	11
danny	11
cold	11
call	11
blow	11
beggars	11
art	11
against	11
after	11
world	10
wheel	10
watched	10
wars	10
unlighted	10
turn	10
taken	10
square	10
spirit	10
sky	10
screw	10
rose	10
rest	10
read	10
rain	10
place	10
path	10
mist	10
mine	10
ho	10
heb	10
hard	10
ground	10
gawd	10
fuzzy	10
fly	10
fathers	10
every	10
ear	10
curse	10
cross	10
cleared	10
city	10
child	10
bugle	10
below	10
ballad	10
baa	10
answer	10
wife	9
why	9
west	9
toot	9
tis	9
thus	9
thrice	9
think	9
strong	9
stars	9
sons	9
skipper	9
seen	9
pull	9
priests	9
plain	9
past	9
mornin	9
low	9
lass	9
keep	9
irish	9
house	9
high	9
heaven	9
goin	9
flame	9
files	9
fall	9
eye	9
evarra	9
deever	9
colonel	9
close	9
brother	9
breast	9
boys	9
better	9
beside	9
beggar	9
arf	9
answered	9
among	9
alone	9
yet	8
year	8
words	8
won't	8
woe	8
watch	8
twilight	8
turned	8
tree	8
trade	8
thunder	8
they're	8
tell	8
sit	8
sickness	8
sick	8
scindia	8
sake	8
row	8
roll	8
regiment	8
pass	8
parade	8
pain	8
outer	8
other	8
near	8
naked	8
mile	8
meet	8
mare	8
march	8
its	8
hundred	8
hath	8
hangin	8
hair	8
friend	8
four	8
fore	8
find	8
drew	8
draw	8
door	8
days	8
dare	8
damned	8
cried	8
crew	8
colour	8
british	8
bring	8
bred	8
break	8
bolivar	8
blue	8
bit	8
bear	8
ballads	8
bad	8
ay	8
another	8
ago	8
adam	8
wot	7
woman	7
within	7
whisper	7
wet	7
we've	7
wall	7
valley	7
twice	7
twenty	7
truth	7
troopin	7
train	7
thone	7
things	7
thin	7
these	7
ten	7
talk	7
start	7
slow	7
sign	7
show	7
sent	7
rolled	7
right	7
power	7
pack	7
ow	7
oh	7
none	7
neither	7
name	7
morning	7
mists	7
mind	7
mercy	7
master	7
maid	7
mad	7
lulu	7
learned	7
league	7
lead	7
land	7
khyber	7
hour	7
hill	7
hide	7
help	7
grass	7
full	7
found	7
flesh	7
fled	7
fit	7
end	7
ead	7
dust	7
delhi	7
darkness	7
da	7
cry	7
coal	7
chorus	7
carried	7
cannot	7
brown	7
brought	7
battle	7
ave	7
aside	7
ao	7
about	7
yes	6
wid	6
which	6
we're	6
want	6
trooper	6
trees	6
tongue	6
thousand	6
thief	6
temple	6
talked	6
swore	6
swing	6
sweat	6
such	6
stop	6
stone	6
spears	6
shoulder	6
shoot	6
seven	6
seek	6
runs	6
rode	6
race	6
price	6
port	6
pit	6
pen	6
peace	6
party	6
orders	6
o'neil	6
mud	6
mary	6
marchin	6
maiden	6
leave	6
lands	6
laid	6
kysh	6
jest	6
horn	6
goes	6
friends	6
fool	6
followed	6
filled	6
field	6
feed	6
fed	6
fast	6
even	6
dumb	6
dry	6
drunken	6
drink	6
dread	6
der	6
court	6
course	6
couldn't	6
clean	6
children	6
charge	6
captains	6
bullock	6
bride	6
bow	6
bore	6
book	6
blind	6
blew	6
begins	6
bar	6
babu	6
atkins	6
arm	6
anew	6
air	6
aha	6
|romannumeral|	5
yard	5
yabosh	5
wuzzy	5
written	5
wounded	5
wise	5
windsor	5
who've	5
weak	5
walk	5
waitin	5
twain	5
troughs	5
troop	5
touch	5
tonight	5
toil	5
together	5
thing	5
terror	5
sweet	5
sure	5
sunshine	5
struck	5
squadrons	5
speak	5
sorrow	5
sore	5
son	5
sleep	5
slain	5
sir	5
sing	5
she'd	5
sez	5
send	5
scrub	5
says	5
save	5
sat	5
same	5
sail	5
safai	5
rush	5
rule	5
roar	5
rise	5
ride	5
resisting	5
rag	5
priest	5
press	5
prayed	5
please	5
plains	5
pine	5
people	5
paid	5
otherwise	5
orses	5
nose	5
mould	5
met	5
mark	5
maker	5
lot	5
loose	5
lone	5
lies	5
less	5
leapt	5
lean	5
lazy	5
laughed	5
kissed	5
idol	5
i'd	5
honourable	5
holds	5
heel	5
harendra	5
gripped	5
grim	5
greater	5
grand	5
gone	5
gets	5
gathering	5
gates	5
forgotten	5
food	5
flood	5
fleet	5
fightin	5
felt	5
eard	5
durani	5
drum	5
drove	5
driver	5
drill	5
dog	5
divil	5
cursed	5
cruiser	5
crown	5
commissariat	5
coat	5
christian	5
cast	5
cart	5
care	5
can't	5
camel	5
bullet	5
bowed	5
born	5
blade	5
bitter	5
big	5
belt	5
being	5
been	5
beat	5
bars	5
band	5
armod	5
yea	4
yar	4
wrote	4
wrong	4
wrath	4
worth	4
worst	4
wonder	4
witness	4
winter	4
win	4
wild	4
whoso	4
whether	4
wherefore	4
washed	4
warship	4
wail	4
village	4
used	4
use	4
twixt	4
trouble	4
times	4
thirty	4
thine	4
thereby	4
tells	4
teak	4
tails	4
tail	4
swung	4
swift	4
surely	4
strike	4
strife	4
streets	4
straight	4
stood	4
stones	4
stern	4
steam	4
steal	4
started	4
stable	4
speech	4
small	4
slaughter	4
sixty	4
simoorie	4
silent	4
shut	4
shout	4
shirt	4
sheep	4
scream	4
ropes	4
rifle	4
rides	4
rhyme	4
reach	4
rations	4
rara	4
rao	4
rank	4
rajpoot	4
raise	4
raid	4
ra	4
praised	4
populzai	4
plates	4
peshawur	4
park	4
papers	4
palm	4
over'ead	4
ourselves	4
opened	4
oath	4
nothin	4
northern	4
noah	4
need	4
neck	4
mule	4
much	4
merchantman	4
many	4
lords	4
load	4
live	4
lights	4
lifted	4
letter	4
learn	4
laughing	4
large	4
knoweth	4
khan	4
keys	4
keeps	4
just	4
iron	4
inside	4
injia	4
hung	4
human	4
horses	4
hope	4
hoo	4
hence	4
heels	4
heavy	4
harm	4
grew	4
gorukh	4
girls	4
forward	4
fortnight	4
force	4
flying	4
flung	4
fires	4
fills	4
fights	4
fifty	4
feel	4
father	4
fashion	4
faith	4
eyed	4
expired	4
evening	4
enough	4
enemies	4
empty	4
eels	4
eed	4
eden	4
eathen	4
ease	4
drums	4
drift	4
drawn	4
double	4
dogs	4
dirt	4
dies	4
didn't	4
desire	4
desert	4
dared	4
d	4
crime	4
craft	4
corpse	4
cornet	4
cloth	4
channel	4
caught	4
carry	4
canvas	4
cain	4
bull	4
brow	4
breed	4
breaks	4
border	4
boots	4
boondi	4
bones	4
bone	4
bold	4
board	4
blown	4
blistered	4
bless	4
blaze	4
bid	4
bhao	4
berkeley	4
bells	4
begin	4
bed	4
battery	4
army	4
ard	4
altar	4
along	4
abroad	4
abdhur	4
aa	4
'.	4
''	4
you'll	3
years	3
yankee	3
write	3
wreath	3
worshipped	3
worlds	3
workshops	3
wondrous	3
without	3
winking	3
winds	3
whole	3
whipped	3
whimpering	3
wherever	3
wept	3
weed	3
weary	3
wear	3
wealth	3
warn	3
walled	3
walks	3
waits	3
waist	3
voice	3
view	3
veiled	3
ve	3
understand	3
tyrone	3
twisted	3
turquoise	3
trunk	3
treat	3
tore	3
tired	3
thinks	3
thereat	3
thee	3
thank	3
tend	3
teeth	3
tears	3
tales	3
swords	3
swirled	3
sweep	3
sunderland	3
stuck	3
stripped	3
strewth	3
strained	3
storm	3
stick	3
stark	3
stamp	3
spree	3
spread	3
sport	3
spat	3
southern	3
souls	3
sought	3
soudan	3
sold	3
snake	3
smokin	3
sling	3
sliding	3
slept	3
slaver	3
skin	3
six	3
single	3
silly	3
signal	3
sighed	3
sides	3
sickened	3
sib	3
shroud	3
shove	3
short	3
shore	3
shook	3
shillin	3
shield	3
sheet	3
shattered	3
share	3
shape	3
service	3
served	3
sell	3
seed	3
seat	3
screen	3
score	3
schmitt	3
scared	3
scarce	3
sands	3
sand	3
safe	3
runnin	3
ruled	3
rotten	3
rope	3
roof	3
rocks	3
robbed	3
ring	3
revelly	3
remember	3
rebels	3
raw	3
rails	3
rahman	3
quoth	3
print	3
praise	3
pore	3
pole	3
piled	3
peter	3
peg	3
peacock	3
paper	3
paniput	3
palace	3
outward	3
ouse	3
orse	3
nought	3
nough	3
nothing	3
nobody	3
niggers	3
nigger	3
neighbour	3
native	3
myself	3
murderers	3
mulhar	3
monkey	3
mock	3
mirth	3
minute	3
milk	3
meets	3
mate	3
marry	3
mail	3
mahbub	3
lyin	3
lust	3
lucknow	3
luck	3
loved	3
loud	3
london	3
log	3
lives	3
lived	3
lips	3
lip	3
limber	3
lightest	3
lifts	3
lifting	3
lift	3
led	3
leaves	3
leather	3
laugh	3
later	3
late	3
lads	3
ladies	3
lack	3
labouring	3
labour	3
knocked	3
kings	3
kine	3
kin	3
kept	3
jungle	3
jumna	3
jade	3
j	3
isn't	3
india	3
ills	3
ide	3
hurled	3
hunted	3
hot	3
horror	3
horrible	3
hoof	3
honest	3
hi	3
height	3
heaved	3
heave	3
heathen	3
heat	3
hast	3
harrison	3
harlot	3
hammer	3
gull	3
grinned	3
grieve	3
grazed	3
grave	3
glory	3
git	3
gin	3
ghost	3
german	3
gaol	3
gaiters	3
gain	3
frozen	3
fresh	3
forces	3
foolish	3
follows	3
fog	3
flew	3
flee	3
flat	3
flank	3
flames	3
fired	3
fill	3
fields	3
fever	3
fate	3
fat	3
farmers	3
eternity	3
eroes	3
eight	3
egg	3
eat	3
ears	3
dying	3
dyed	3
dusk	3
duck	3
droppin	3
drop	3
drive	3
downward	3
doors	3
donkey	3
dollars	3
does	3
decreed	3
dam	3
crowds	3
crowd	3
crammed	3
counsel	3
council	3
corp'ral	3
cord	3
cool	3
comrade	3
coming	3
comin	3
coast	3
clink	3
clay	3
clampherdown	3
clamour	3
china	3
charity	3
cb	3
cavalry	3
cause	3
catch	3
cat	3
case	3
carries	3
cared	3
canteen	3
camp	3
camels	3
callin	3
butcher	3
built	3
bugles	3
broken	3
broad	3
brig	3
brave	3
brain	3
bows	3
both	3
boot	3
body	3
blows	3
blowed	3
blessed	3
blasted	3
bird	3
bhoys	3
began	3
beauty	3
beautiful	3
beam	3
bastes	3
barred	3
bare	3
banner	3
banjo	3
awful	3
aversack	3
av	3
ass	3
ask	3
arms	3
ark	3
aren't	3
apart	3
ali	3
agin	3
aft	3
afghan	3
afar	3
adn't	3
';	3
zulu	2
zeal	2
yourself	2
yoke	2
yit	2
yah	2
wrenched	2
wrench	2
wrapped	2
wounds	2
worse	2
wonders	2
won	2
wolves	2
wolf	2
woke	2
wives	2
winked	2
wings	2
wine	2
wide	2
whistled	2
whispered	2
whin	2
wheels	2
wheeling	2
wheat	2
whale	2
westward	2
weltered	2
weight	2
weeps	2
weariness	2
we'll	2
waves	2
waters	2
wastin	2
waste	2
warred	2
warm	2
walked	2
wali	2
wake	2
voices	2
visions	2
victorier	2
van	2
vain	2
v.p.p	2
until	2
unseen	2
uniforms	2
uniform	2
undred	2
ud	2
twisty	2
twanged	2
turret	2
turns	2
turf	2
tunic	2
trust	2
troopship	2
troopers	2
trod	2
tried	2
tribes	2
trampled	2
tramp	2
traitors	2
trailing	2
track	2
tower	2
tough	2
tossed	2
tortured	2
torture	2
torment	2
tor	2
top	2
tooth	2
toll	2
tin	2
tied	2
throne	2
throat	2
threw	2
threshed	2
thrall	2
thirst	2
third	2
thick	2
they'll	2
they'd	2
therewith	2
thence	2
theirs	2
theebaw	2
thankful	2
thakur	2
tents	2
tent	2
tear	2
tavern	2
tar	2
tame	2
tally	2
tall	2
talks	2
takes	2
taint	2
tack	2
ta	2
swept	2
sweatin	2
swears	2
swear	2
swayed	2
surrender	2
sunny	2
sung	2
suit	2
struggle	2
strove	2
stripes	2
strength	2
stream	2
straw	2
strange	2
strand	2
stores	2
stored	2
stoned	2
stole	2
stock	2
steer	2
steaming	2
steamers	2
steady	2
stayed	2
startles	2
stallion	2
stabbing	2
squeals	2
sqfai	2
spur	2
spring	2
spray	2
spotless	2
splits	2
spleen	2
sped	2
special	2
spear	2
spake	2
sooner	2
soon	2
sometimes	2
soldiers	2
softly	2
socks	2
socked	2
snows	2
sniffin	2
snider	2
smells	2
smeared	2
sluggish	2
slug	2
slid	2
slew	2
sleeping	2
sleepin	2
slashed	2
slant	2
skill	2
skies	2
sinned	2
sinking	2
sings	2
sinful	2
since	2
sight	2
shrieking	2
shrapnel	2
shouting	2
shots	2
shop	2
shootin	2
shock	2
shiver	2
ships	2
shining	2
shine	2
sheltered	2
shell	2
sheer	2
shambles	2
shakin	2
shadows	2
seventy	2
servin	2
sentries	2
sends	2
secret	2
secondhand	2
second	2
scud	2
scratched	2
scratch	2
scowling	2
scorn	2
scarred	2
saved	2
sapphire	2
sang	2
salt	2
saith	2
sahib	2
sabre	2
russ	2
rupees	2
rung	2
rude	2
rowdy	2
rough	2
roofs	2
rollers	2
rocked	2
roads	2
rivets	2
ripped	2
rip	2
ringing	2
ringed	2
rider	2
return	2
rent	2
relief	2
reiver	2
regimental	2
reeling	2
reek	2
redcoats	2
recruities	2
rearmost	2
rearguard	2
reared	2
rear	2
ready	2
reached	2
rather	2
ranks	2
rankers	2
ram	2
raising	2
racked	2
racing	2
quivering	2
quiver	2
quick	2
queens	2
quarterdeck	2
quarry	2
pyre	2
purse	2
puppy	2
public	2
proper	2
privateer	2
prisons	2
printed	2
prince	2
pretty	2
presently	2
pray	2
pot	2
porter	2
plunging	2
plunged	2
plate	2
plaster	2
pitiful	2
pirate	2
pipes	2
pipe	2
pint	2
pilin	2
piece	2
pick	2
peoples	2
pens	2
peered	2
peaks	2
peach	2
patriot	2
passion	2
passing	2
paradise	2
pane	2
palms	2
paint	2
pagoda	2
owns	2
overcoat	2
ought	2
others	2
ot	2
order	2
ollow	2
ole	2
oldier	2
offshore	2
oaths	2
oak	2
nosed	2
nodding	2
nod	2
noble	2
nipped	2
nine	2
next	2
news	2
nest	2
neighed	2
needed	2
nay	2
names	2
mutton	2
mutters	2
musk	2
mules	2
mukerji	2
mr	2
mowed	2
mourn	2
mountings	2
mountain	2
mound	2
moulmein	2
mostly	2
moonlight	2
monkeys	2
money	2
mocking	2
mocked	2
mister	2
missis	2
mire	2
mingled	2
millet	2
milky	2
miles	2
mid	2
message	2
mess	2
merry	2
measure	2
meal	2
masthead	2
mast	2
mangled	2
majesty	2
main	2
madness	2
lying	2
lowed	2
lovely	2
louder	2
loss	2
loosed	2
loom	2
longer	2
lodge	2
locked	2
loaded	2
lo	2
livin	2
lit	2
liner	2
lime	2
lied	2
lest	2
legions	2
legends	2
leaping	2
laws	2
laughter	2
latch	2
lash	2
lapped	2
language	2
lances	2
lance	2
lament	2
lame	2
lambs	2
lamb	2
lalun	2
known	2
knowing	2
knock	2
knives	2
knees	2
kites	2
kit	2
kingdom	2
kindly	2
kind	2
killed	2
kill	2
kiko	2
kid	2
kickin	2
kheyl	2
keel	2
kandahar	2
kamal	2
kaiser	2
kaffir	2
jut	2
judgement	2
joy	2
jezail	2
jam	2
jack	2
isself	2
isle	2
innocence	2
ink	2
injian	2
infantry	2
image	2
ill	2
idle	2
hut	2
husk	2
hurt	2
hunter	2
howled	2
hound	2
host	2
horns	2
hoped	2
hooves	2
holding	2
herald	2
heads	2
haul	2
hate	2
hatches	2
harry	2
hang	2
hamsher	2
hairy	2
hack	2
h	2
gutted	2
guide	2
guessed	2
guards	2
grunt	2
growth	2
grows	2
groaned	2
grip	2
grimly	2
graves	2
grace	2
governor	2
goods	2
golden	2
going	2
goed	2
glittered	2
glared	2
gives	2
girth	2
gift	2
gentleman	2
gathered	2
gang	2
gad	2
g.b.t	2
further	2
furrow	2
fun	2
frails	2
fourp'ny	2
fouled	2
fort	2
forninst	2
forks	2
forest	2
fords	2
foe	2
foam	2
flyin	2
flush	2
flotilla	2
floor	2
flog	2
flight	2
flayed	2
flare	2
flags	2
five	2
fist	2
fish	2
finisterre	2
finest	2
fine	2
few	2
fellow	2
feels	2
feather	2
fawned	2
favour	2
fault	2
fare	2
falling	2
fallen	2
fairly	2
fails	2
failing	2
failed	2
fact	2
f	2
extry	2
exactly	2
ewes	2
everlastin	2
eve	2
enemy	2
ends	2
else	2
elp	2
ell	2
elephints	2
earring	2
eagle	2
eaded	2
durbar	2
drownded	2
drives	2
drippin	2
drinks	2
drinkin	2
drifts	2
dress	2
dream	2
drank	2
drag	2
dowdy	2
dove	2
doubt	2
dose	2
doesn't	2
displaced	2
disgrace	2
dey	2
devils	2
deliver	2
delegate	2
declare	2
deck	2
deccan	2
dealt	2
dank	2
dancing	2
damn	2
dammer	2
daisy	2
daily	2
dad	2
cup	2
crying	2
crumples	2
crum	2
crows	2
crossed	2
crook	2
crimped	2
cries	2
crept	2
creature	2
creation	2
crash	2
crack	2
courteously	2
county	2
country	2
counting	2
counted	2
cot	2
corps	2
coral	2
cooking	2
conquer	2
conger	2
commandments	2
comet	2
column	2
collars	2
coffin	2
cod	2
coals	2
clotted	2
closed	2
clo'es	2
climbs	2
cleansed	2
cleanly	2
claws	2
class	2
clan	2
clack	2
choked	2
chindwin	2
chills	2
chilled	2
chill	2
chest	2
cheered	2
cheeks	2
cheek	2
cheap	2
chased	2
chase	2
chanst	2
chain	2
chafe	2
ceased	2
cease	2
carved	2
cartmen	2
cares	2
card	2
caravans	2
cap	2
campin	2
camped	2
byre	2
button	2
butt	2
business	2
burn	2
burma	2
bullets	2
buckle	2
bubbling	2
bricks	2
breeze	2
bread	2
branded	2
brand	2
branches	2
boy	2
bossed	2
borrowed	2
boon	2
bombardier	2
boar	2
bloody	2
bloodred	2
blocked	2
block	2
blast	2
blame	2
birth	2
birch	2
bilbao	2
bent	2
benighted	2
belly	2
bellowed	2
bellow	2
believe	2
beheld	2
begun	2
beef	2
bears	2
beard	2
beams	2
battered	2
bats	2
bat	2
base	2
barricks	2
baron	2
banquet	2
banks	2
bank	2
balkh	2
bale	2
bah	2
babble	2
b	2
ate	2
astray	2
asn't	2
arrows	2
around	2
ardly	2
apace	2
ann	2
anger	2
amid	2
also	2
aloud	2
almost	2
alien	2
aid	2
afresh	2
adrift	2
admire	2
ad	2
action	2
aching	2
abhorred	2
abazai	2
.)	2
'!	2
!"	2
■	1
•'	1
«	1
}'.	1
|arabicprice|	1
{	1
zukka	1
zuka	1
zenana	1
youth	1
yoursel	1
yours	1
your'ook	1
you'sir	1
you're	1
yield	1
yesterday	1
yer	1
yelping	1
yelped	1
yelp	1
yells	1
yellow	1
yell	1
yelk	1
yearns	1
yearned	1
yaw	1
yards	1
yardarm	1
yank	1
yammered	1
yaller	1
yahoo	1
wy	1
wuz	1
wrought	1
wrist	1
wreck	1
wrack	1
wound	1
wouldn't	1
worthier	1
worsted	1
worser	1
worn	1
works	1
working	1
worked	1
wore	1
wopped	1
woodlands	1
wood	1
wondered	1
woes	1
withstood	1
withered	1
wit	1
wisty	1
wisp	1
wishin	1
wishful	1
wisdom	1
wire	1
wipe	1
winters	1
wint	1
winsome	1
winnowed	1
winnow	1
winged	1
wing	1
windy	1
winches	1
wildfowl	1
wildest	1
whorl	1
whore	1
whoops	1
whoopee	1
whooped	1
whoop	1
whom	1
whittled	1
whittle	1
whither	1
whitewashed	1
whit	1
whistle	1
whisperin	1
whirred	1
whirraru	1
whip	1
whines	1
whimpers	1
whimpered	1
whicti	1
whetted	1
wherewith	1
whereon	1
wherefrom	1
whereby	1
whenever	1
whelm	1
wheelin	1
wheeled	1
whatever	1
wharf	1
whales	1
whalers	1
whackin	1
whack	1
wether	1
western	1
wessex	1
weren't	1
welt	1
welcome	1
weighed	1
weft	1
weeping	1
weep	1
wedged	1
weaving	1
wears	1
wearin	1
wearied	1
ways	1
waxcloth	1
wavin	1
wavering	1
wave	1
watcher	1
wasted	1
wasn't	1
washin	1
wash	1
warrior	1
warp	1
wanton	1
wandsworth	1
wan	1
waltz	1
walls	1
wakes	1
waken	1
waked	1
waiting	1
wailed	1
wag	1
waded	1
waddled	1
wa	1
w	1
volley	1
vision	1
visaged	1
virgins	1
violate	1
vile	1
vigil	1
viewless	1
vice	1
verses	1
venom	1
velvet	1
veins	1
veil	1
vat	1
various	1
vapour	1
vanish	1
vagrant	1
utterance	1
utter	1
usin	1
useter	1
usbeg	1
urt	1
upsaras1	1
uphold	1
uphill	1
unting	1
untied	1
unstanched	1
unsought	1
unsheathed	1
unsealed	1
unscathed	1
unrolled	1
unripened	1
unkind	1
university	1
union-jack	1
ung	1
unfearing	1
undignified	1
underneath	1
undermanned	1
und	1
uncovered	1
unclean	1
unbought	1
unawed	1
unafraid	1
umpy	1
umped	1
ummin	1
umbrageous	1
umballa	1
ulwar	1
ultimately	1
ulnar	1
ullah	1
udai	1
u	1
typhoon	1
twist	1
twirled	1
twinkled	1
twin	1
twere	1
twelvemonth	1
turquoises	1
turning	1
tups	1
tunin	1
tune	1
tumbled	1
tuk	1
tufts	1
tuft	1
tuckin	1
tsaleer	1
trusting	1
trundlin	1
trumpetin	1
trumpet	1
trudges	1
truck	1
trow	1
trough	1
trot	1
tropics	1
tropic	1
tripping	1
trippin	1
triple	1
trinkets	1
trigger	1
tricky	1
tribesmen	1
tribe	1
treble	1
tread	1
travelled	1
travel	1
transport	1
tramped	1
traitor	1
trained	1
trailin	1
trading	1
trackers	1
towed	1
towards	1
tow	1
touched	1
toted	1
torn	1
torch	1
tops	1
tonne	1
tonk	1
tommies	1
tombs	1
tombed	1
toff	1
tlte	1
titles	1
tireless	1
tinkly	1
tinkled	1
tiles	1
tile	1
tight	1
tiering	1
tie	1
thundering	1
thundered	1
thumb	1
thud	1
thrustin	1
thrust	1
throw	1
throbbed	1
throats	1
threshold	1
threshin	1
thresher	1
thresh	1
threes	1
threatened	1
thrash	1
thoughtless	1
thorn	1
thomas	1
thk	1
thistles	1
thins	1
thieves	1
thickness	1
thibet	1
they've	1
therein	1
therefore	1
theft	1
theatre	1
thatch	1
thames	1
tfiey	1
terrible	1
terns	1
tern	1
tender	1
tenant	1
temples	1
telephone	1
telegraph	1
teaches	1
teach	1
tea	1
taunt	1
tatthered	1
tattered	1
tasted	1
tasselled	1
tarnished	1
tapti	1
tank	1
taloned	1
tallow	1
talking	1
taintless	1
taily	1
tailed	1
taffrail	1
tackle	1
table	1
t	1
swollen	1
swings	1
swine	1
swindled	1
swimmin	1
swig	1
swiftly	1
swerve	1
swelled	1
swell	1
sweetest	1
sweeter	1
sweeps	1
swarm	1
swampin	1
swamp	1
swaller	1
suttee	1
surplice	1
surgeon	1
surged	1
supports	1
supplemint	1
supi	1
sungar	1
sunfish	1
sunday	1
summer	1
sully	1
sullen	1
suffered	1
suez	1
sudden	1
sucks	1
suckling	1
succour	1
subsequint	1
subcommittee	1
suakim	1
style	1
stunk	1
stumble	1
stuffs	1
stuffed	1
stud	1
stubborn	1
struggled	1
strips	1
striking	1
strewed	1
stretching	1
stretcher	1
stretched	1
strayed	1
stray	1
strap	1
strake	1
strait	1
stoutest	1
stopped	1
stooping	1
stooped	1
stoop	1
stook	1
stokers	1
stockade	1
stillness	1
stiffer	1
stiff	1
sticking	1
stews	1
stew	1
stepped	1
step	1
stench	1
stem	1
steering	1
steered	1
steeping	1
steeled	1
steadfast	1
stead	1
stays	1
stay	1
states	1
state	1
starved	1
starvation	1
starts	1
startled	1
stared	1
stands	1
standing	1
standin	1
standeth	1
standard	1
stanchions	1
stamped	1
stalls	1
stallions	1
stalk	1
stakes	1
stairs	1
stains	1
stainless	1
staggering	1
staggered	1
stack	1
stables	1
stabbed	1
stab	1
squidgy	1
squdgy	1
squattin	1
squatted	1
squarely	1
squalls	1
squadron	1
spurt	1
spume	1
springtime	1
springs	1
sprawled	1
spots	1
spoons	1
spoon	1
spoiled	1
spoil	1
split	1
splashin	1
spitted	1
spit	1
spirtle	1
spirk	1
spied	1
spicy	1
spice	1
spewed	1
spent	1
spend	1
spell	1
speedy	1
speed	1
speckless	1
speaker	1
spawns	1
spawn	1
spars	1
spark	1
spared	1
spare	1
spar	1
spalpeen	1
spade	1
space	1
sow	1
southward	1
soused	1
sou	1
sorry	1
sorrowful	1
sooth	1
soobah	1
somewheres	1
somewhat	1
something	1
solway	1
soil	1
sod	1
sociation	1
sober	1
sobbing	1
sob	1
soak	1
snuffed	1
snuff	1
snowbound	1
snoring	1
snores	1
snigger	1
snigged	1
sneer	1
sneakin	1
snatchin	1
snatched	1
snarleyow	1
snarleymv	1
snarle	1
snarl	1
snakes	1
smote	1
smooth	1
smoky	1
smoker	1
smoked	1
smitten	1
smithy	1
smiled	1
smell	1
sludgy	1
sludge	1
slowly	1
slough	1
sloth	1
sloshed	1
slops	1
slope	1
slippery	1
slipped	1
slip	1
slimy	1
sliced	1
sleeves	1
slay	1
slaved	1
slave	1
slap	1
slag	1
slabs	1
skye	1
skulls	1
skipped	1
skip	1
skid	1
sketch	1
sits	1
sisters	1
sister	1
sirens	1
sire	1
sinks	1
sink	1
singing	1
singin	1
singers	1
singapore	1
sinews	1
simultaneous	1
simpleness	1
simple	1
sill	1
silenced	1
silence	1
significance	1
signed	1
signals	1
signalled	1
sieve	1
sidin	1
sickles	1
sich	1
si	1
shuttered	1
shrivelled	1
shriek	1
shows	1
shown	1
showing	1
showers	1
showed	1
shovel	1
shouts	1
shoutings	1
shouted	1
shotted	1
shooting	1
shoe	1
shod	1
shiverin	1
shirk	1
shipping	1
shindy	1
shifty	1
shiftless	1
shifted	1
shem	1
shells	1
sheaved	1
sheave	1
sheathed	1
sharpest	1
sharp	1
shark	1
sharing	1
shapeless	1
shammin	1
shameless	1
shalt	1
shalimar	1
shaking	1
shah	1
shag	1
shafts	1
shadow	1
shaddock	1
severe	1
seventy-three	1
seventh	1
sevarely	1
settin	1
servant	1
sergint	1
sergeants	1
seraphim	1
september	1
sentry	1
sentence	1
senior	1
sellers	1
self	1
sees	1
seems	1
seemed	1
seem	1
sections	1
secrets	1
seasons	1
seared	1
scuttlebutt	1
scuttle	1
scurry	1
scuffle	1
scrimmages	1
screamin	1
scrawl	1
scout	1
scourge	1
scour	1
scoff	1
schools	1
schoolin	1
school	1
scends	1
scattering	1
scattered	1
scary	1
scarves	1
scars	1
scares	1
scare	1
scalp	1
scalded	1
saying	1
saxon	1
savour	1
savage	1
satisfy	1
sandy	1
salween	1
salted	1
sale	1
saints	1
saint	1
sailin	1
sailed	1
saidie	1
sagging	1
sag	1
saffron	1
safety	1
safest	1
safer	1
safely	1
saddlebow	1
saddle	1
sad	1
sacrificed	1
sack	1
ruth	1
rustle	1
russians	1
russian	1
rushes	1
rushed	1
running	1
runners	1
runner	1
rumour	1
rummy	1
rumbled	1
rules	1
ruler	1
ruin	1
rudderless	1
rudderhead	1
rudder	1
ruby	1
rubbish	1
rubber	1
rubbed	1
rovers	1
routed	1
roundshot	1
rottenness	1
rots	1
rot	1
roped	1
roots	1
roost	1
rookies	1
romp	1
rolling	1
rollin	1
rohillas	1
rod	1
rocking	1
rock	1
robe	1
robber	1
roared	1
roam	1
roadstead	1
rivers	1
riven	1
risked	1
rippled	1
rim	1
rigging	1
rigged	1
rig	1
rifled	1
ridge	1
ridden	1
ricks	1
richest	1
rich	1
rice	1
ribboned	1
rhetoric	1
rewards	1
revolver	1
review	1
revenge	1
revealing	1
reuben	1
returned	1
retire	1
retain	1
restrained	1
rested	1
ressaldar	1
resolution	1
resistirg	1
require	1
repute	1
repentance	1
remarkable	1
remains	1
remained	1
remain	1
released	1
reive	1
rein	1
regiments	1
reg'ment	1
refuse	1
refer	1
reel	1
reefs	1
reef	1
redder	1
recruity	1
recruits	1
reckless	1
rebel	1
reacheth	1
reaches	1
razored	1
ray	1
raven	1
raved	1
rattling	1
rattlesnake	1
rattles	1
rattle	1
rats	1
rational	1
ratcliffie	1
ratcliffe	1
rapine	1
raped	1
rankling	1
rangoon	1
ranged	1
rang	1
ramping	1
ramparts	1
ramazan	1
raised	1
rains	1
raged	1
racketing	1
raced	1
rabbit	1
quo	1
quitted	1
quit	1
quilt	1
quid	1
quickstep	1
quickness	1
questing	1
quern	1
queenstown	1
quay	1
quartermaster	1
quartered	1
quarter	1
quart	1
puttin	1
puttied	1
pussy	1
pursuit	1
purses	1
purser	1
purged	1
pure	1
punkahs	1
punishments	1
pulse	1
pully	1
puffs	1
publican	1
public-house	1
prudence	1
prow	1
provens	1
proved	1
prove	1
proud	1
protector	1
pronounced	1
promise	1
profound	1
prodooce	1
prints	1
printers	1
princely	1
pretender	1
pressure	1
presence	1
preened	1
preen	1
precious	1
prayer	1
praya	1
prate	1
pranced	1
powdered	1
powder	1
pourin	1
pour	1
pounds	1
pounding	1
potato	1
post	1
possession	1
portsmouth	1
ports	1
portico	1
pop	1
poorer	1
ponies	1
ponderous	1
polis	1
points	1
point	1
pneumonia	1
plundered	1
plummer	1
plumes	1
plugged	1
plucky	1
pluck	1
ploughs	1
plough	1
plinth	1
plighted	1
plenty	1
plaything	1
plays	1
played	1
plashed	1
plantain	1
plank	1
planet	1
plaited	1
plainly	1
pizness	1
pitifully	1
piteous	1
pitched	1
pillar	1
pig	1
piercing	1
pier	1
picnic	1
pickin	1
picketed	1
picaroon	1
phoenixes	1
phoenix	1
pheasant	1
phantom	1
petting	1
petticoat	1
pets	1
pet	1
pest	1
pert	1
perspire	1
persian	1
perplexed	1
perpends	1
pension	1
penny	1
penk	1
pei	1
peeling	1
pedestal	1
peddle	1
pearl	1
peak	1
peacocks	1
paythans	1
paythan	1
pays	1
pavin	1
pause	1
paunch	1
paul	1
patted	1
patient	1
patching	1
patch	1
pastures	1
passionless	1
passin	1
passes	1
parrakeets	1
parliament	1
parents	1
paradin	1
pant	1
panee	1
pale	1
pairs	1
pair	1
paints	1
painted	1
paddles	1
packs	1
packed	1
paces	1
pace	1
ox	1
owners	1
owl	1
owever	1
owe	1
ow's	1
overtime	1
overside	1
overseas	1
overnight	1
overloaded	1
overhead	1
overhand	1
outside	1
outs	1
outrageous	1
outposts	1
outmost	1
ousetops	1
ousemaids	1
ours	1
ouh	1
ostrich	1
orphan	1
orientalist	1
orficers	1
ordered	1
ordained	1
ord'ly	1
orchids	1
orang	1
oppin	1
opium	1
oo	1
onyx	1
ones	1
onaisy	1
olga	1
older	1
oil	1
oid	1
ohe	1
ofttimes	1
often	1
officer	1
of'im	1
odds	1
ocked	1
ocean	1
occurred	1
obeyed	1
oats	1
oaf	1
o1ler	1
o'kelly	1
nutshell	1
nut	1
notorious	1
noses	1
northeast	1
norroway	1
nore	1
nordenfeldt	1
noose	1
noon	1
noised	1
noise	1
nodded	1
nimbalkhur	1
nights	1
nightly	1
nigh	1
nick	1
nicest	1
newly	1
newborn	1
nervis	1
nelson	1
neighing	1
neater	1
nears	1
nearest	1
nearer	1
navies	1
nautch	1
naughty	1
napkins	1
napery	1
nails	1
nailed	1
nail	1
naga	1
na	1
myriad	1
muttered	1
mutter	1
mute	1
mussick1	1
musky	1
musketry	1
music	1
mushrooms	1
muscovy	1
murrain	1
murmur	1
murderer	1
murder	1
muleteer	1
muddy	1
mssywarsti	1
movin	1
mouthed	1
mouse	1
mourning	1
mourned	1
mountaineer	1
mothers	1
moss	1
mortised	1
mortial	1
morn	1
moril	1
morals	1
moored	1
moonlighter	1
moon	1
months	1
month	1
monstrous	1
monday	1
moment	1
moanin	1
moaned	1
mkch	1
mizzen	1
mixed	1
mistress	1
missus	1
mississippi	1
missed	1
misremember	1
mischief	1
mint	1
mimi	1
millions	1
million	1
mighty	1
mightier	1
mewar	1
metropold	1
messmates	1
mesh	1
merrily	1
merricle	1
merciful	1
mentioned	1
mending	1
mend	1
memory	1
melts	1
melting	1
meltin	1
meed	1
medical	1
medals	1
meath	1
meant	1
mean	1
mazed	1
maybe	1
mavournin	1
matters	1
matter	1
mats	1
matchlocks	1
masters	1
marwar	1
marvelled	1
martinis	1
martini	1
marshes	1
marsh	1
marrotv	1
marriage	1
market	1
marked	1
marine	1
maratta	1
mar	1
mankind	1
manifold	1
mangroves	1
manger	1
maned	1
malwa	1
maloon	1
mall	1
malabar	1
makin	1
major	1
mainsail	1
maim	1
mailed	1
maids	1
maidens	1
madden	1
machinely	1
lutuf	1
lusted	1
lurching	1
lunnon	1
luni	1
lumpy	1
lump	1
lucky	1
lowing	1
lowered	1
lower	1
loving	1
lovin	1
loves	1
louth	1
louse	1
lotos	1
loth	1
lose	1
lore	1
lootin	1
loosing	1
looshai	1
looking	1
lookin	1
longest	1
lonely	1
lolls	1
loins	1
loin	1
logs	1
locking	1
lock	1
lobster	1
loan	1
lloyd	1
lizard	1
living	1
listened	1
listen	1
list	1
liquor	1
limpin	1
limehouse	1
limbs	1
limbers	1
lily	1
lille	1
liked	1
lightened	1
lighten	1
liffey	1
lid	1
lick	1
lichen	1
lice	1
liberty	1
liar	1
levies	1
letters	1
leprosy	1
leopard	1
legs	1
legion	1
leg	1
lef	1
leeds	1
leavened	1
leaning	1
leamin	1
leaky	1
leaking	1
leagues	1
leads	1
lazarushian	1
lazar	1
lawless	1
lavis	1
laut	1
laughs	1
lather	1
lat	1
lasted	1
lashing	1
lashed	1
lascar	1
largely	1
lantern	1
languageunsainted	1
lane	1
lamented	1
lamentation	1
lambing	1
lake	1
lahore	1
lagoon	1
lagging	1
lager	1
ladder	1
laccadives	1
labours	1
kyber	1
kuttamow	1
kuriles	1
kurd	1
kulla	1
kowloon	1
kong	1
knowest	1
knocking	1
knelt	1
knee	1
kling	1
kite	1
kitchen	1
kissywarsti	1
kisses	1
kindness	1
kills	1
kids	1
kiddies	1
kicking	1
khuttucks	1
khuttuck	1
khost	1
khaki	1
kerosene	1
keeper	1
keenly	1
kathun	1
kathleen	1
kalends	1
kafilas	1
kafila	1
justice	1
jury	1
junks	1
junk	1
jumrood	1
jumner	1
juldee	1
juicy	1
juicier	1
judges	1
judged	1
judge	1
judas	1
journeyed	1
journal	1
joseph	1
jones	1
jolt	1
joke	1
joes	1
jink	1
jinglety	1
jingle	1
jills	1
jhanda	1
jf*	1
jeysulmeer	1
jewelled	1
jesting	1
jes	1
jersey	1
jee	1
jangling	1
jane	1
jan	1
jackal	1
iso	1
islets	1
islands	1
irriwaddy	1
ire	1
ioil	1
invitation	1
invasion	1
intimidate	1
interest	1
innocent	1
inland	1
infantree	1
indian	1
indebted	1
ind	1
inclined	1
incident	1
impotent	1
impi	1
impertinint	1
il's	1
ike	1
iguess	1
idols	1
idleness	1
idiot	1
ice	1
i/aw	1
i'll	1
hyder	1
huts	1
hustlin	1
hustled	1
hungry	1
hulled	1
hull	1
hueless	1
howl	1
howbeit	1
hove	1
houses	1
housemaids	1
houseless	1
houri	1
hotel	1
hotchkiss	1
hospital	1
hornet	1
hops	1
hopeless	1
hoot	1
hoop	1
hooks	1
hookah	1
hook	1
hoogli	1
hoofs	1
hooded	1
honoured	1
hong	1
honey	1
homing	1
holy	1
holkar	1
hole	1
hohenzollern	1
hogan	1
hog	1
hocking	1
hobnailed	1
hoard	1
hiving	1
hives	1
hitherao	1
hitch	1
hit	1
hissed	1
hiss	1
hired	1
hindustani	1
hindustan	1
hind	1
hilt	1
hillward	1
higher	1
hidden	1
hid	1
hewn	1
hewed	1
herself	1
hers	1
herds	1
heralis	1
henglish	1
henchmen	1
hen	1
helpless	1
helped	1
helmund	1
helmet	1
heifer	1
heeya	1
heeled	1
heed	1
heaving	1
hearts	1
hearthstone	1
hearse	1
hears	1
hearked	1
headstall	1
headed	1
haze	1
hawsers	1
hawk	1
haw	1
hathis	1
hatch	1
hasting	1
hastily	1
hasten	1
haste	1
hasn't	1
harried	1
harlots	1
hanging	1
hanged	1
handy	1
handsbreadth	1
handles	1
handled	1
hampered	1
hammock	1
hammered	1
halved	1
halt	1
halliards	1
halliard	1
hall	1
hale	1
hairless	1
hailed	1
hail	1
haft	1
hadst	1
ha'porth	1
guv	1
gutters	1
guttered	1
guts	1
gunners	1
gungra	1
gunfleet	1
gummed	1
gules	1
guise	1
guides	1
guarded	1
gruntin	1
grunted	1
grum	1
grubby	1
grow	1
grovelled	1
grouse	1
groped	1
grog	1
groaning	1
gritty	1
grinning	1
grinnin	1
grindstone	1
grind	1
grinching	1
grievous	1
gridiron	1
grid	1
greyback	1
gretchen	1
greener	1
greece	1
greasy	1
grease	1
graze	1
graved	1
gratefullest	1
grate	1
grapple	1
grapnel	1
grain	1
graceful	1
govt	1
government	1
govern	1
gossip	1
gosport	1
gospel	1
gore	1
goosequill	1
goodbye	1
gongs	1
gomashta	1
gomashla	1
godfor	1
goatskin	1
goats	1
goatherd	1
goat	1
glorious	1
gloom	1
glistens	1
glimpse	1
glimmered	1
glimmer	1
gliding	1
glided	1
glass	1
givin	1
girdled	1
girded	1
ginger	1
gilded	1
giggled	1
gholam	1
ghilzai	1
ghilsaiflag	1
ghee	1
ghazi	1
gettin	1
gentleness	1
gentle	1
generally	1
general	1
gear	1
gazed	1
gayest	1
gay	1
gasping	1
gasped	1
gas	1
garlic	1
garden	1
gangrened	1
gander	1
game	1
gambols	1
galway	1
gallows	1
gallery	1
galleons	1
gallang	1
gall	1
gales	1
gale	1
gael	1
fust	1
fuss	1
fusillade	1
furnace	1
furlong	1
fur	1
funnels	1
funnel	1
fume	1
fry	1
frown	1
froth	1
frontlet	1
fro	1
frisked	1
frills	1
frighted	1
frigate	1
fretted	1
frequent	1
french	1
freeze	1
freeman	1
freed	1
fray	1
fowl	1
founder	1
founded	1
foul	1
forsaken	1
formless	1
form	1
fork	1
forgot	1
forgive	1
forgit	1
forgets	1
forget	1
foremast	1
foreland	1
foreign	1
forefoot	1
forced	1
forbid	1
footfall	1
footed	1
follower	1
follow	1
folk	1
fold	1
foil	1
foes	1
foemen	1
fo'c'sle	1
fluttering	1
fluttered	1
flute	1
flusteration	1
flushes	1
flushed	1
flukes	1
fluent	1
fluency	1
flown	1
flowed	1
flow	1
flouts	1
flout	1
floppin	1
flop	1
floors	1
flogged	1
floe	1
flocked	1
floatin	1
floated	1
flicker	1
flaunted	1
flared	1
flails	1
flagstaff	1
fixed	1
fitteth	1
fits	1
firth	1
firmest	1
finished	1
fingers	1
finger	1
finds	1
final	1
file	1
figs	1
fighting	1
fig	1
fifty-five	1
fielding	1
fiction	1
fff)whoop	1
feud	1
fetters	1
fettered	1
festered	1
fervour	1
fenians	1
fenders	1
felons	1
fellowship	1
feast	1
fearing	1
feared	1
favours	1
favourite	1
fatigue	1
father'n	1
fateful	1
faster	1
farmer	1
fancy	1
fancies	1
families	1
fame	1
falls	1
fallin	1
fainted	1
faint	1
failin	1
fail	1
faces	1
eyeless	1
eyebrows	1
exploits	1
explanation	1
expeditionary	1
excipt	1
ewe	1
evil	1
evict	1
everything	1
euzufzai	1
euchred	1
eternal	1
etawah	1
essen	1
escort	1
erst	1
erin	1
erased	1
equivalent	1
equipment	1
envy	1
envoi	1
entered	1
enlarged	1
englishmen	1
engines	1
enfolds	1
endure	1
endless	1
endin	1
encampment	1
empusa	1
emptied	1
empress	1
emperors	1
emerald	1
embraced	1
elmet	1
elephant	1
elder	1
eld	1
el	1
eel	1
education	1
edinburgh	1
edgeways	1
edge	1
edens	1
ed	1
eclipse	1
eavy	1
eaves	1
easy	1
eastward	1
eastern	1
earthward	1
eart	1
earrings	1
earn	1
early	1
eared	1
ealthy	1
eagles	1
eads	1
dye	1
dwelling	1
dwarf	1
dusty	1
dung	1
dun	1
dull	1
dug'll	1
dues	1
ducky	1
dublin	1
drug	1
drudges	1
dross	1
drorin	1
dropping	1
drooped	1
drone	1
drizzle	1
driving	1
dripped	1
drills	1
drilled	1
drifting	1
drifted	1
dried	1
drenched	1
dreary	1
dreamed	1
dreadin	1
dray	1
draws	1
drams	1
dragropes	1
dragged	1
drafted	1
draf	1
dozing	1
dowii	1
dower	1
dow	1
doves	1
dovecot	1
doubled	1
dot	1
dost	1
doomed	1
doom	1
dooli	1
donegal	1
dom	1
dogger	1
doff	1
docks	1
diy	1
division	1
ditch	1
district	1
distressed	1
distant	1
dissolute	1
disregarding	1
disko	1
dished	1
disguised	1
disgraced	1
discharged	1
dirty	1
dipsy	1
dipping	1
dipped	1
dip	1
dimmers	1
dimmed	1
dim	1
dig	1
diadem	1
dhow	1
dews	1
dew	1
devilish	1
deuce	1
despised	1
desperate	1
despairing	1
despair	1
deserve	1
deserted	1
derricks	1
derrick	1
deremit	1
derelict	1
depth	1
deplored	1
deplore	1
depends	1
departed	1
depart	1
demand	1
delivery	1
delight	1
delicate	1
defend	1
deed	1
decline	1
decks	1
deckhouse	1
deceived	1
deceased	1
debt	1
debarred	1
deadly	1
daub	1
darts	1
darlings	1
darlin	1
darkened	1
daoud	1
dandled	1
dancin	1
danced	1
dance	1
damsel	1
damp	1
dammed	1
dame	1
damajee	1
dainty	1
dago	1
dacca	1
cuts	1
cutlasses	1
curved	1
curl	1
cure	1
curds	1
cur	1
cunning	1
crumpled	1
cruel	1
crucified	1
crowned	1
crowding	1
croup	1
crossing	1
crosses	1
cropped	1
croon	1
crisping	1
crisp	1
crippled	1
crimp	1
crib	1
crevices	1
cressets	1
creep	1
creek	1
credit	1
creaked	1
crazy	1
crawlin	1
crawl	1
craw	1
crate	1
crashed	1
cramped	1
cram	1
crab	1
coward	1
cow	1
cover	1
cousin	1
courthouse	1
courage	1
countryside	1
coughin	1
couch	1
cotton	1
coruscating	1
corporal	1
corp'rat	1
cornland	1
corner	1
corned	1
cork	1
coolies	1
convulsed	1
conviction	1
conundrum	1
controlled	1
constable	1
conning	1
connexions	1
conductor	1
conduck	1
conch	1
concertina	1
complain	1
compass	1
company	1
comp'ny	1
common	1
commission	1
commissairin	1
command	1
comland	1
comfort	1
cometh	1
comb	1
colt	1
coloured	1
collect	1
collared	1
coin	1
cohort	1
cocos	1
cocoa	1
cock	1
coalin	1
clyde	1
clung	1
clumsy	1
clue	1
clucking	1
club	1
clover	1
cloven	1
clout	1
clot	1
closes	1
clogged	1
clock	1
clobs	1
clobber	1
clinkered	1
clinked	1
clinging	1
clime	1
climb	1
clever	1
cleft	1
clearing	1
cleanin	1
cleaner	1
clattering	1
clasped	1
clap	1
clanging	1
clane	1
clamouring	1
clamoured	1
civilian	1
civil	1
cinnamon	1
cinders	1
chunkin	1
chuckled	1
christmas	1
christened	1
chosen	1
chops	1
choosers	1
cholera	1
chokin	1
choirs	1
chivied	1
chisel	1
chipped	1
chink	1
chiefs	1
chiefest	1
cheroot	1
chelsea	1
cheer	1
checked	1
cheat	1
cheaper	1
chawin	1
chaw	1
chattering	1
chattered	1
charin	1
charged	1
chaplain	1
chanting	1
changin	1
changed	1
change	1
chand	1
chanced	1
chains	1
certify	1
certificate	1
certain	1
cept	1
central	1
ceiling	1
cawnpore	1
caves	1
cavalree	1
causeway	1
cats	1
casks	1
carven	1
carts	1
cartridges	1
carpets	1
carl	1
cargo	1
careless	1
careful	1
cards	1
carbine	1
capstan	1
cane	1
candle	1
camps	1
campaign	1
cam	1
calm	1
calls	1
calling	1
calkins	1
cadiz	1
caddis	1
cad	1
cabin	1
butts	1
buttons	1
butter	1
butchered	1
bustles	1
bust	1
bush	1
buses	1
buryin	1
bury	1
bursts	1
burst	1
burning	1
burned	1
burmese	1
burman	1
burk	1
buried	1
burial	1
burden	1
bunting	1
bunkers	1
bunk	1
bum	1
bulwarks	1
bully	1
bullocks	1
bullion	1
bulkhead	1
bulk	1
bukloh	1
builded	1
buffet	1
budh	1
budd	1
bucking	1
buck	1
buccaneers	1
bubbled	1
brute	1
brutal	1
brummagem	1
brows	1
brothers	1
brotherly	1
brotherhood	1
brine	1
brimmin	1
bridles	1
bridle	1
bridal	1
bricky	1
brick	1
brethren	1
breathed	1
breathe	1
breastplate	1
breast-high	1
breakfast	1
breakers	1
breadth	1
bray	1
bravest	1
braver	1
brass	1
brandered	1
brake	1
brains	1
brag	1
bracelets	1
box	1
bowshot	1
bout	1
boundin	1
bound	1
bought	1
bottled	1
bottle	1
botch	1
borrow	1
booming	1
boom	1
bond	1
bonair	1
bolts	1
bolted	1
bohs	1
boers	1
boer	1
bobbing	1
bobbin	1
boats	1
boat	1
boast	1
boarded	1
blur	1
blundering	1
blunderbuss	1
blunder	1
bluish	1
bluffs	1
bluffed	1
blued	1
blowzy	1
blowin	1
blooms	1
bloomin'old	1
bloom	1
bloatin	1
blithe	1
blinds	1
blindly	1
blindest	1
blinded	1
blin	1
blight	1
bleedin	1
bled	1
bleat	1
bleached	1
blazing	1
blank	1
blackwall	1
blacks	1
blacking	1
blackguards	1
blackfaced	1
bits	1
bitch	1
birr	1
bind	1
bin	1
bills	1
bill	1
bilgewater	1
bilges	1
bikaneer	1
biide	1
bight	1
bids	1
bide	1
bhowani	1
bhisti	1
bhagwa	1
bezant	1
betwuxt	1
betted	1
bet	1
berth	1
bergs	1
bergen	1
bend	1
benches	1
belted	1
belowr	1
bellying	1
bellowin	1
bellied	1
belled	1
bell	1
belike	1
believes	1
belgian	1
belching	1
behave	1
begod	1
bees	1
beefy	1
bee	1
bedside	1
bedivillin	1
beaten	1
beasts	1
beast	1
bearing	1
bearest	1
beards	1
bearded	1
bead	1
beached	1
bays	1
bayonets	1
baynick	1
bay'nets	1
bay'net	1
battles	1
batches	1
bastard	1
basking	1
basket	1
basin	1
bartered	1
barrick	1
barons	1
bargain	1
bareilly	1
bared	1
barcn	1
barbarious	1
banked	1
banged	1
bands	1
bandage	1
bamboo	1
baltimore	1
ball	1
bales	1
bait	1
bahman	1
bags	1
bag	1
bade	1
backing	1
backed	1
baby	1
babe	1
babbling	1
azraets	1
azizun	1
ayrick	1
awnings	1
awhile	1
await	1
avus	1
avn'tgot	1
avn't	1
avail	1
autumn	1
aught	1
attesteth	1
attack	1
atop	1
assembled	1
asks	1
asked	1
ash	1
array	1
arose	1
armoury	1
armour	1
arise	1
argyjow?'1	1
argyjow	1
argent	1
arctic	1
arbour	1
appy	1
approval	1
appened	1
appears	1
apes	1
ape	1
anything	1
anklets	1
anguish	1
angels	1
andsome	1
anded	1
ancient	1
anchors	1
anand	1
an'she	1
ammunition	1
american	1
amen	1
ambush	1
amazin	1
alves	1
alus	1
although	1
alted	1
altars	1
almighty	1
alls	1
allah	1
alive	1
aldershot	1
albatross	1
alas	1
alarm	1
alalone	1
airs	1
aims	1
ah	1
agreeable	1
agony	1
aglow	1
afreedeeman	1
afraid	1
afghanistan	1
affection	1
affair	1
advice	1
admiralty	1
admiral	1
adeck	1
addled	1
add	1
acts	1
acrost	1
acking	1
ackin	1
ache	1
accounts	1
according	1
ac	1
abu	1
abstain	1
aboard	1
abhorrent	1
abandoned	1
ab	1
],	1
\	1
?)	1
>	1
1	1
/	1
.*	1
."	1
.!	1
'"	1
'!)	1
