,	2073
the	1084
and	753
.	587
of	541
to	477
|'s|	459
;	445
in	425
a	288
thy	241
!	234
that	204
with	193
its	185
for	166
by	165
on	159
his	150
is	147
not	137
or	129
their	128
:	126
but	121
be	119
?	111
"	111
thou	109
—	107
who	103
from	103
i	102
my	101
which	99
it	99
thee	98
may	96
as	94
|romannumeral|	91
all	84
when	81
more	81
he	81
are	81
yet	74
can	72
'	70
heart	61
|arabic3digit|	58
her	58
whose	57
they	56
still	56
love	55
though	53
one	53
has	52
at	52
there	50
nor	50
such	49
have	48
over	47
hour	47
each	47
me	46
life	46
no	45
this	44
what	43
if	43
light	42
those	41
these	41
power	41
bright	41
art	41
were	40
than	40
hope	40
then	39
him	39
earth	39
where	38
was	38
like	37
eye	37
sea	36
so	35
day	35
how	34
we	33
thoughts	33
should	33
shall	33
our	33
now	33
every	33
an	33
thine	32
heaven	32
hath	32
dark	32
time	31
through	31
own	31
many	31
even	31
|arabic2digit|	30
night	30
might	30
could	30
here	29
faith	29
dear	29
thus	28
them	28
memory	28
man	28
joy	28
would	27
thought	27
spirit	27
while	26
name	26
!"	26
praise	25
oh	25
far	25
fancy	25
fair	25
must	24
high	24
had	24
given	24
flowers	24
clouds	24
been	24
worth	23
sorrow	23
once	23
long	23
let	23
sight	22
nature	22
glorious	22
gloom	22
death	22
alone	22
year	21
will	21
sweet	21
seems	21
round	21
lord	21
beauty	21
well	20
too	20
some	20
see	20
poet	20
hearts	20
god	20
glory	20
silent	19
proud	19
hours	19
hopes	19
grace	19
fear	19
eyes	19
unto	18
tears	18
pride	18
loved	18
less	18
home	18
grave	18
friend	18
beneath	18
winter	17
upon	17
up	17
sky	17
path	17
old	17
look	17
know	17
flower	17
fame	17
|arabic1digit|	16
voice	16
tree	16
tis	16
seem	16
only	16
grief	16
forth	16
feelings	16
your	15
wild	15
till	15
think	15
summer	15
skies	15
since	15
human	15
give	15
form	15
fears	15
dim	15
dead	15
bloom	15
above	15
."	15
us	14
sunshine	14
sublime	14
spring	14
song	14
lot	14
known	14
king	14
heavenly	14
heard	14
hast	14
hand	14
feel	14
eve	14
days	14
darkest	14
charms	14
charm	14
beyond	14
age	14
years	13
won	13
vision	13
sun	13
stern	13
stars	13
spell	13
sing	13
simple	13
scene	13
sake	13
pure	13
most	13
mercy	13
good	13
gentle	13
gay	13
gave	13
ever	13
child	13
care	13
around	13
*	13
young	12
you	12
way	12
waves	12
turn	12
tone	12
tell	12
shine	12
she	12
shade	12
past	12
o	12
noble	12
new	12
never	12
mirth	12
meed	12
live	12
fond	12
ear	12
distant	12
come	12
before	12
bark	12
wealth	11
solemn	11
smile	11
silence	11
shed	11
prayer	11
pleasure	11
open	11
mortal	11
magic	11
made	11
last	11
hear	11
glad	11
cold	11
calm	11
bliss	11
bird	11
bard	11
aid	11
truth	10
trace	10
splendour	10
sought	10
soon	10
sleep	10
skill	10
seen	10
quiet	10
purer	10
out	10
oft	10
mourn	10
minstrel	10
mine	10
meek	10
make	10
hue	10
green	10
grateful	10
fraught	10
first	10
fall	10
english	10
deep	10
claim	10
christian	10
childhood	10
brow	10
beautiful	10
wise	9
wing	9
winds	9
wave	9
vain	9
unknown	9
things	9
stormy	9
son	9
shown	9
same	9
recall	9
prove	9
parting	9
muse	9
lovely	9
holy	9
head	9
happier	9
glee	9
free	9
found	9
early	9
do	9
cloudless	9
bring	9
brighter	9
both	9
born	9
birth	9
beauties	9
bear	9
away	9
autumn	9
again	9
world	8
wont	8
whom	8
white	8
wear	8
visions	8
verses	8
true	8
tomb	8
taught	8
storm	8
stood	8
spread	8
sound	8
show	8
serene	8
rise	8
patient	8
pain	8
much	8
lone	8
little	8
leaves	8
lays	8
late	8
land	8
joys	8
honoured	8
honour	8
height	8
happiness	8
fled	8
doubt	8
divine	8
did	8
course	8
cloud	8
cheer	8
bow	8
beside	8
below	8
arm	8
air	8
after	8
youth	7
yore	7
wreath	7
words	7
wall	7
wake	7
virtue	7
vale	7
trees	7
tempest	7
tear	7
store	7
sonnet	7
solitude	7
sober	7
shame	7
seek	7
royal	7
roam	7
right	7
richer	7
ray	7
prouder	7
poor	7
pensive	7
peace	7
pale	7
ocean	7
music	7
muses	7
morn	7
moon	7
mien	7
mid	7
meet	7
mark	7
lyre	7
lingering	7
lay	7
justly	7
ivy	7
influence	7
impart	7
ill	7
humble	7
greet	7
graceful	7
goodness	7
gleam	7
forest	7
flight	7
fearful	7
dream	7
dost	7
doom	7
died	7
darkness	7
confess	7
cheek	7
cause	7
canst	7
call	7
bursting	7
brightest	7
brave	7
blooming	7
bears	7
ye	6
written	6
worldly	6
wood	6
woe	6
within	6
win	6
watch	6
wait	6
view	6
trust	6
tread	6
train	6
tongue	6
toil	6
tide	6
thrown	6
teach	6
task	6
sweeter	6
swale	6
strain	6
stay	6
star	6
stanzas	6
spot	6
sounds	6
soul	6
smiles	6
sheds	6
shalt	6
shadowy	6
shadows	6
sense	6
scenes	6
scan	6
riven	6
rich	6
read	6
purest	6
proudly	6
potent	6
portrait	6
plead	6
play	6
pine	6
passed	6
pass	6
opening	6
olden	6
nobler	6
nest	6
mute	6
mournful	6
morning	6
moonlight	6
mood	6
meekly	6
mastery	6
master	6
majesty	6
loud	6
lost	6
lonely	6
lift	6
left	6
leave	6
knew	6
keep	6
just	6
into	6
immortal	6
homage	6
hoary	6
hill	6
happy	6
guide	6
griefs	6
great	6
gratitude	6
glow	6
glories	6
glance	6
gaze	6
forget	6
fire	6
few	6
fed	6
favourite	6
fashion	6
drear	6
dreams	6
done	6
die	6
dew	6
delights	6
deem	6
cup	6
cry	6
charity	6
cast	6
brightness	6
brief	6
breast	6
bough	6
boon	6
blood	6
blend	6
because	6
battle	6
appeal	6
amid	6
zeal	5
worn	5
word	5
wish	5
wintery	5
why	5
virtuous	5
vaulted	5
triumph	5
trial	5
thyself	5
thorns	5
taste	5
supply	5
strife	5
stream	5
stands	5
springs	5
spirits	5
softer	5
social	5
smiling	5
sleeping	5
silvery	5
shouldst	5
shore	5
shining	5
share	5
set	5
sere	5
seeming	5
scathed	5
save	5
sad	5
rude	5
risen	5
proudest	5
prize	5
plains	5
place	5
picture	5
peasant	5
partake	5
part	5
painter	5
object	5
oak	5
north	5
nine	5
near	5
monarch	5
measure	5
lowly	5
low	5
lovelier	5
lore	5
loftier	5
living	5
law	5
knows	5
israel	5
inspire	5
impress	5
immortality	5
horror	5
holier	5
history	5
hidden	5
helpless	5
hearth	5
haunts	5
hall	5
guard	5
ground	5
grey	5
greenness	5
grandeur	5
gone	5
glowing	5
gives	5
gifts	5
fruit	5
friendship	5
friends	5
freedom	5
forgot	5
fondly	5
find	5
features	5
fearless	5
faithful	5
faint	5
fail	5
evening	5
eternity	5
ere	5
end	5
down	5
decay	5
debt	5
crowned	5
conflict	5
city	5
cherish	5
cheerful	5
burst	5
brought	5
brightly	5
breeze	5
breath	5
bold	5
blossoms	5
blossom	5
blessed	5
bless	5
blaze	5
best	5
behold	5
bee	5
bed	5
banks	5
bank	5
back	5
awe	5
awake	5
ask	5
arrayed	5
anguish	5
?"	5
yield	4
wrath	4
worthy	4
worldling	4
woes	4
wistful	4
wind	4
wilt	4
wide	4
whether	4
wert	4
wears	4
water	4
warrior	4
want	4
walls	4
walks	4
verse	4
varied	4
unfold	4
unfading	4
type	4
trod	4
transient	4
tower	4
tossed	4
times	4
tidings	4
thunder	4
thorny	4
theme	4
thanks	4
sweetest	4
supplied	4
sunny	4
sunbeams	4
strength	4
strange	4
spots	4
splendours	4
sordid	4
small	4
slumbering	4
skylark	4
sire	4
silently	4
side	4
shone	4
shady	4
seemed	4
science	4
saw	4
saviour	4
rugged	4
rough	4
rose	4
rite	4
remains	4
religion	4
regal	4
reader	4
reach	4
proved	4
print	4
present	4
pleasures	4
plaudits	4
plain	4
patience	4
paint	4
onward	4
objects	4
need	4
native	4
mountain	4
mother	4
moment	4
mists	4
mind	4
melody	4
marvels	4
major	4
maiden	4
m	4
lustre	4
longest	4
lion	4
linked	4
led	4
leaf	4
lamented	4
knee	4
kingly	4
john	4
infant	4
indeed	4
host	4
hopeless	4
honours	4
heartless	4
grove	4
grant	4
gracious	4
gorgeous	4
go	4
gloomy	4
gibeon	4
gentlest	4
gathered	4
gate	4
gained	4
full	4
fresh	4
fount	4
forms	4
forlorn	4
food	4
followers	4
fling	4
festive	4
feet	4
feeling	4
fairest	4
face	4
everlasting	4
enshrined	4
enough	4
enjoy	4
enduring	4
e	4
dwell	4
duty	4
driven	4
drew	4
dress	4
dread	4
doomed	4
display	4
delight	4
crowd	4
crest	4
countrie	4
cot	4
closing	4
climb	4
chronicles	4
chide	4
cell	4
calmly	4
bower	4
bounty	4
bound	4
book	4
blazing	4
birds	4
bearing	4
beams	4
awful	4
atone	4
artist	4
arise	4
ancient	4
among	4
almighty	4
alike	4
aim	4
yoke	3
wreaths	3
works	3
without	3
waste	3
warm	3
wakening	3
waken	3
votaries	3
victory	3
veil	3
valley	3
until	3
unsung	3
unmoved	3
tyranny	3
twas	3
turf	3
tuneful	3
truths	3
trunk	3
trumpet	3
truly	3
trophies	3
tranquil	3
traffic	3
towering	3
tomorrow	3
timid	3
ties	3
throng	3
thoughtless	3
thorn	3
temple	3
tempests	3
take	3
sword	3
swift	3
sway	3
supreme	3
supplies	3
sunset	3
sunless	3
suffering	3
successive	3
stronger	3
streams	3
streamlet	3
strand	3
sterner	3
steed	3
steadfast	3
stately	3
state	3
startled	3
stage	3
sped	3
speak	3
sparkling	3
spagnoletto	3
space	3
sorrows	3
soothing	3
songster	3
solitary	3
soar	3
snow	3
sigh	3
sickness	3
shroud	3
shrine	3
shows	3
shout	3
shadow	3
season	3
scorn	3
scanty	3
sand	3
safety	3
rustic	3
rural	3
run	3
ruin	3
root	3
rod	3
rocky	3
ring	3
rhyme	3
reward	3
revere	3
reveal	3
rest	3
render	3
rejoice	3
reign	3
regret	3
receiving	3
reason	3
reared	3
rather	3
rare	3
rank	3
profound	3
pressed	3
presence	3
prayers	3
pray	3
portrayed	3
poesy	3
please	3
played	3
philosophy	3
perfume	3
pencil	3
peal	3
peaceful	3
patriot	3
pathway	3
paths	3
passions	3
palm	3
painting	3
p	3
ours	3
other	3
often	3
offend	3
obeyed	3
none	3
noise	3
noblest	3
nigh	3
names	3
mysterious	3
musing	3
murmurs	3
mourning	3
mourner	3
mould	3
moonlit	3
moods	3
monument	3
men	3
meads	3
mayest	3
marvel	3
martin	3
lower	3
loveliness	3
loudest	3
looks	3
lives	3
lines	3
lighten	3
lends	3
lend	3
least	3
leafless	3
laws	3
laughter	3
later	3
language	3
lamb	3
lake	3
knight	3
keeps	3
judgement	3
joshua	3
jesus	3
jest	3
ivied	3
imbued	3
idle	3
hunter	3
hung	3
household	3
holiest	3
hold	3
higher	3
heron	3
herod	3
hero	3
held	3
heights	3
heavens	3
heath	3
heat	3
hears	3
health	3
half	3
guilt	3
greenwood	3
graced	3
gospel	3
gold	3
gleams	3
gift	3
giant	3
genuine	3
gentler	3
genius	3
genial	3
general	3
gazed	3
gathering	3
gather	3
garden	3
gainsborough	3
gain	3
future	3
fulfil	3
frown	3
folly	3
foliage	3
foam	3
flung	3
flowing	3
flowery	3
flow	3
fight	3
fierce	3
fields	3
fellow	3
feathered	3
feast	3
falls	3
fallen	3
fain	3
fade	3
eyed	3
extreme	3
express	3
existence	3
eternal	3
england	3
else	3
earthly	3
ears	3
dull	3
due	3
dressed	3
draws	3
draw	3
does	3
dismayed	3
disciples	3
disappointment	3
dirge	3
didst	3
devastation	3
despair	3
depths	3
deplore	3
delightful	3
deeper	3
deathless	3
cypress	3
crown	3
crested	3
cowper	3
cope	3
conquered	3
conceive	3
commerce	3
commend	3
comes	3
cloy	3
clothed	3
closed	3
close	3
cling	3
clime	3
clay	3
classic	3
clad	3
churchyard	3
christ	3
chime	3
chilling	3
chill	3
children	3
cheerless	3
chase	3
characters	3
changeful	3
change	3
ceased	3
cease	3
cares	3
cannot	3
camp	3
bush	3
braved	3
boy	3
bowers	3
boughs	3
bore	3
board	3
blue	3
blessings	3
blending	3
blameless	3
billows	3
bid	3
bethlehem	3
bent	3
believe	3
behind	3
behest	3
balmy	3
array	3
ark	3
approving	3
appears	3
anxious	3
antique	3
another	3
although	3
alas	3
admired	3
•	2
|arabic4digit|	2
yourselves	2
yon	2
yielding	2
wrought	2
wrong	2
wounded	2
worldlings	2
work	2
wondrous	2
womb	2
woman	2
wisdom	2
wings	2
windows	2
willow	2
wildest	2
widow	2
wherein	2
wherefore	2
whence	2
whatsoever	2
whatever	2
west	2
welcome	2
weather	2
weary	2
waters	2
watchful	2
wast	2
warriors	2
wanderer	2
wander	2
wand	2
walk	2
waft	2
volume	2
vivid	2
vistas	2
visionary	2
village	2
vied	2
vide	2
vestments	2
vessel	2
vesper	2
venerable	2
veiled	2
vast	2
uttered	2
used	2
urn	2
urchin	2
uplifted	2
upbraid	2
unwearied	2
untrodden	2
untold	2
unseen	2
unless	2
unhonoured	2
unfolding	2
une	2
undismayed	2
understood	2
under	2
unconscious	2
unchangeably	2
tyre	2
two	2
twere	2
twain	2
truant	2
triumphs	2
triumphed	2
triumphant	2
tried	2
tri	2
tresses	2
trembling	2
treasured	2
treasure	2
treads	2
transports	2
transition	2
traced	2
toward	2
took	2
token	2
toils	2
today	2
title	2
tints	2
tint	2
tinged	2
tie	2
throngs	2
throne	2
thrilling	2
thrill	2
thousands	2
thousand	2
therefore	2
thence	2
themes	2
terrors	2
terrific	2
tender	2
tend	2
tempestuous	2
tall	2
tale	2
sympathy	2
sympathies	2
swords	2
sweetens	2
surrounding	2
surprise	2
surge	2
sure	2
sunnier	2
sunlight	2
suggested	2
sufferer	2
suffer	2
substance	2
subjects	2
subject	2
style	2
strong	2
strive	2
strings	2
strikes	2
street	2
stray	2
stranger	2
strains	2
stout	2
stormiest	2
stone	2
stirred	2
sting	2
stillest	2
sternest	2
sterling	2
stem	2
steersman	2
steep	2
stealth	2
station	2
start	2
starless	2
standing	2
stand	2
stag	2
sprung	2
spray	2
spoke	2
spent	2
speech	2
speaks	2
spare	2
spacious	2
source	2
souls	2
soothe	2
something	2
softest	2
softened	2
soars	2
soared	2
slumber	2
slope	2
skilful	2
sketch	2
size	2
sit	2
sinless	2
sinful	2
sighs	2
sick	2
shower	2
shines	2
shepherds	2
shelter	2
shedding	2
shakespeare	2
serve	2
serious	2
sent	2
send	2
secret	2
seas	2
seal	2
sculptured	2
scroll	2
scope	2
scent	2
scattered	2
scarce	2
say	2
saving	2
sapling	2
sank	2
sang	2
sakes	2
saint	2
said	2
sacrifice	2
russell	2
rufus	2
roused	2
rome	2
romantic	2
roman	2
rode	2
rocks	2
road	2
rites	2
rising	2
rippling	2
rights	2
rightly	2
rife	2
richest	2
rhymes	2
reverend	2
reprove	2
repair	2
remote	2
remembrance	2
remember	2
rembrandt	2
remain	2
rein	2
reigns	2
refuge	2
reft	2
reflected	2
refined	2
redeemer	2
redeemed	2
record	2
recalls	2
reap	2
rays	2
raised	2
raise	2
race	2
r	2
put	2
public	2
provide	2
protected	2
prone	2
prompt	2
prison	2
prime	2
pretence	2
precious	2
powers	2
poverty	2
poured	2
pomp	2
polar	2
poets	2
plumage	2
pleading	2
plays	2
playford	2
plan	2
plaintive	2
pity	2
pilgrims	2
pilgrimage	2
pile	2
philomel	2
perish	2
perchance	2
people	2
pen	2
peer	2
patiently	2
pastime	2
passion	2
passage	2
pangless	2
palestine	2
palace	2
page	2
owns	2
owned	2
overcast	2
others	2
orbs	2
oppressor	2
opened	2
ones	2
odours	2
obtain	2
obey	2
oath	2
numbers	2
november	2
nothing	2
norway	2
noon	2
nightingale	2
neither	2
neglect	2
nations	2
nameless	2
naked	2
naiad	2
murmuring	2
mossed	2
moss	2
mortality	2
monk	2
monarchs	2
modest	2
miss	2
minster	2
milton	2
mild	2
midnight	2
merry	2
merely	2
mere	2
mental	2
memorial	2
may'st	2
matin	2
marshy	2
manners	2
manhood	2
mammon	2
maid	2
magnificent	2
lurid	2
loves	2
loveliest	2
loth	2
loss	2
lose	2
loiterer	2
lofty	2
locks	2
load	2
livelier	2
links	2
linger	2
line	2
lightnings	2
lightning	2
lightly	2
lies	2
lie	2
lengthened	2
lebanon	2
learn	2
leafy	2
lawless	2
lavant	2
laud	2
lapse	2
languid	2
landscape	2
lands	2
laid	2
lady	2
lacks	2
knowing	2
knell	2
kiss	2
kings	2
kin	2
k	2
judge	2
joyous	2
jocund	2
izaak	2
island	2
ire	2
instinct	2
inscribed	2
industry	2
indifference	2
india	2
implies	2
immortally	2
images	2
illustrative	2
ignorance	2
i'll	2
hymn	2
hushed	2
humbled	2
house	2
hound	2
hospitable	2
horse	2
horn	2
hopelessly	2
hoped	2
honest	2
homes	2
homely	2
holiday	2
hoard	2
hoar	2
hive	2
himself	2
highest	2
herself	2
heroine	2
help	2
heavenward	2
heaved	2
heathen	2
healing	2
having	2
haughty	2
harmless	2
hardy	2
haply	2
hands	2
hallowed	2
hair	2
hail	2
gulf	2
guides	2
guardians	2
growth	2
groves	2
groan	2
grieve	2
graver	2
gracefully	2
godiva	2
gloriously	2
gladness	2
gladden	2
giving	2
giver	2
gigantic	2
gethsemane	2
generous	2
gems	2
gem	2
garb	2
gallant	2
gaily	2
funeral	2
fruitless	2
froward	2
frank	2
frame	2
frail	2
fragrant	2
fragrance	2
former	2
forgetfulness	2
forego	2
force	2
follow	2
folded	2
foiled	2
foe	2
foaming	2
flutters	2
flowrets	2
flowret	2
flowerets	2
flee	2
flame	2
five	2
fitzgerald	2
fitting	2
fitly	2
fiery	2
field	2
fell	2
feeds	2
feed	2
feeble	2
feature	2
favoured	2
fascinating	2
faltering	2
fading	2
faces	2
experience	2
exile	2
exclaim	2
everything	2
events	2
estimate	2
esq	2
error	2
entrust	2
enter	2
enjoyed	2
engraving	2
energies	2
employ	2
eli	2
elate	2
elaborate	2
either	2
egypt	2
edward	2
eden	2
echoed	2
eastern	2
earnest	2
eager	2
dyes	2
dumb	2
dug	2
dreamless	2
dreaded	2
drawn	2
downcast	2
dove	2
door	2
dome	2
distress	2
distance	2
displayed	2
disdain	2
discern	2
desire	2
descend	2
departing	2
dell	2
deign	2
defy	2
defeat	2
deeply	2
deepest	2
deems	2
deemed	2
deeds	2
declining	2
decline	2
declare	2
deck	2
december	2
de	2
dawn	2
dart	2
darksome	2
dare	2
dancing	2
cruelty	2
crowns	2
cross	2
crime	2
creep	2
creature	2
creative	2
courtiers	2
courage	2
country	2
countless	2
couch	2
conquerors	2
conducts	2
compared	2
coeur	2
cloistered	2
clings	2
clear	2
circling	2
chosen	2
chivalry	2
cherished	2
chart	2
charles	2
charities	2
chalon	2
chain	2
cedars	2
cavern	2
caught	2
castle	2
car	2
canning	2
came	2
busy	2
built	2
bud	2
broken	2
broad	2
brightening	2
briefly	2
breaks	2
break	2
braves	2
branches	2
braid	2
bounds	2
border	2
boons	2
books	2
bonnie	2
boasts	2
boasted	2
boast	2
blow	2
blessing	2
blended	2
bleak	2
birthday	2
birch	2
better	2
bestows	2
bestow	2
berries	2
bend	2
beloved	2
bell	2
befit	2
beetling	2
beautifully	2
beast	2
bearest	2
beam	2
bazaar	2
bay	2
bare	2
bards	2
banquet	2
banner	2
ban	2
balm	2
bade	2
bad	2
azure	2
awfulness	2
await	2
asunder	2
aspect	2
asked	2
arms	2
aright	2
arching	2
arch	2
april	2
appear	2
appals	2
appal	2
any	2
angels	2
ample	2
am	2
always	2
ajalon	2
against	2
afraid	2
afforded	2
affections	2
affection	2
afar	2
act	2
across	2
abroad	2
about	2
abject	2
abhorred	2
-	2
(	2
»*	1
zest	1
zephyr	1
yule	1
youthful	1
yielded	1
yew	1
yes	1
yeoman	1
yellow	1
yearning	1
yawning	1
yawned	1
yankees	1
xerxes	1
ww	1
wrongs	1
wretchedness	1
wretched	1
wreck	1
wreathe	1
wrapped	1
wound	1
wouldst	1
worthily	1
worst	1
worshipped	1
worship	1
worketh	1
wordsworth	1
woos	1
wonders	1
wonder	1
womanhood	1
woke	1
wittanceaster	1
witness	1
wit	1
wishes	1
wished	1
wiser	1
wiped	1
wipe	1
wine	1
willing	1
william	1
wile	1
wilder	1
wife	1
wield	1
wicked	1
whitens	1
whiteness	1
whispers	1
whereon	1
whereby	1
whelming	1
went	1
wend	1
ween	1
wedded	1
wed	1
wearisome	1
weakness	1
we've	1
wayward	1
waxen	1
waved	1
watchtower	1
watching	1
watched	1
wastes	1
washed	1
warning	1
warmth	1
warmer	1
warhorse	1
warfare	1
warbles	1
warblers	1
warbled	1
wanton	1
wandered	1
wan	1
walton	1
walter	1
walkedst	1
walked	1
walk'st	1
wakes	1
wakeful	1
wage	1
wafts	1
w	1
vulgar	1
voyager	1
vow	1
vote	1
votary	1
vol	1
void	1
vista	1
visit	1
visible	1
virgin	1
violets	1
vines	1
vine	1
villa	1
views	1
viewless	1
viewing	1
viewed	1
vies	1
vie	1
victorious	1
vesture	1
very	1
versus	1
versed	1
verge	1
verdure	1
verdant	1
ventured	1
vengeful	1
veiny	1
vein	1
veils	1
vaunted	1
vaunt	1
vault	1
vassalage	1
varying	1
various	1
vapours	1
vantage	1
vanished	1
valued	1
valour	1
vainly	1
vague	1
utter	1
useless	1
use	1
urging	1
uproar	1
upbraided	1
unyielding	1
unwritten	1
unwrit	1
unworthy	1
unwise	1
unwieldly	1
unvarying	1
untutored	1
untrue	1
untrod	1
untouched	1
untainted	1
unstrung	1
unstained	1
unshaken	1
unseal	1
unrest	1
unpractised	1
unpeopled	1
unopened	1
unnatural	1
unmourned	1
unloveliness	1
unlike	1
uninhabited	1
unimpaired	1
unholy	1
unhallowed	1
unfurled	1
unfrequented	1
unforgot	1
unforeseen	1
unflattering	1
unfelt	1
unfaltering	1
unerring	1
undying	1
undisturbed	1
undishonoured	1
undimmed	1
undeterred	1
underneath	1
undaunted	1
uncultured	1
uncrowned	1
unclouded	1
unclose	1
unclean	1
unchastened	1
unchanging	1
unchanged	1
uncalled	1
unbowed	1
unbounded	1
unborrowed	1
unblenched	1
unbidden	1
unbeguiled	1
unassuming	1
unappalling	1
unaided	1
unabatlng	1
um	1
tyrelts	1
twinkling	1
twining	1
twined	1
twilight	1
tuscan	1
turtle	1
turret	1
turns	1
turfs	1
tuneless	1
tune	1
tulip	1
tu	1
try	1
trusty	1
trusts	1
trusted	1
truer	1
troubles	1
trophied	1
trodden	1
trod'st	1
triple	1
trim	1
trifle	1
tribute	1
tributary	1
tribunal	1
tribulation	1
trials	1
tress	1
tremendous	1
treasury	1
travels	1
transplanted	1
transitory	1
transformation	1
transfixed	1
transcends	1
trance	1
traits	1
tragic	1
trackless	1
tracked	1
track	1
tracing	1
traces	1
toys	1
towyd	1
towns	1
towards	1
touching	1
touches	1
tossing	1
torrent	1
topmost	1
top	1
tongues	1
tome	1
told	1
tiny	1
tinsel	1
tinges	1
tides	1
thrust	1
thrush	1
throws	1
throw	1
throughout	1
thronged	1
throbbing	1
thrice	1
three	1
threatening	1
thread	1
thrall	1
thraldrom	1
thornier	1
thirsty	1
thickets	1
thick	1
theirs	1
thawed	1
thatched	1
thanksgiving	1
thankless	1
thank	1
th	1
test	1
terra	1
tented	1
tent	1
tenement	1
tends	1
tendrils	1
tenderly	1
tended	1
ten	1
temptation	1
tempering	1
tells	1
teeming	1
teem	1
teacher	1
tax	1
taunt	1
tame	1
tambourine	1
talks	1
talkers	1
talisman	1
talents	1
takest	1
takes	1
tactician	1
t	1
syrian	1
syren	1
syr	1
sylvan	1
swept	1
sweets	1
sweetly	1
sweeten	1
sweeps	1
sweeping	1
sweep	1
sways	1
swan	1
swallow	1
sustained	1
sustain	1
suspecting	1
survived	1
surrounded	1
surpassing	1
surpasses	1
surpassed	1
surely	1
suppressed	1
supplant	1
supernatural	1
sunken	1
sung	1
summons	1
suddenly	1
succour	1
succeeds	1
subsided	1
submission	1
sublimities	1
subdued	1
subdue	1
sty	1
stump	1
study	1
structure	1
struck	1
strongest	1
strips	1
strip	1
string	1
striking	1
strictly	1
stretched	1
strengthening	1
strengthen	1
streets	1
straight	1
story	1
storms	1
stories	1
stores	1
stoop	1
stones	1
stoke	1
stimulus	1
stillness	1
step	1
steer	1
steeps	1
steeping	1
steeds	1
steals	1
stead	1
stayed	1
statesmen	1
statesman	1
started	1
starlike	1
standard	1
stalwart	1
stake	1
stainless	1
stain	1
st	1
spurns	1
springtide	1
spreadest	1
sprays	1
sprang	1
sportive	1
sport	1
spoken	1
spoils	1
spoiled	1
splendid	1
spite	1
spire	1
spicy	1
spheres	1
sphere	1
spells	1
speechless	1
spectre	1
speck	1
specious	1
spear	1
speaksyou	1
spares	1
spans	1
span	1
spain	1
sow	1
sovereign	1
southron	1
southampton	1
sorrowed	1
sorcery	1
sooth	1
soonest	1
sons	1
songs	1
sometimes	1
sombre	1
solemnity	1
sole	1
sold	1
softly	1
soften	1
soft	1
sod	1
society	1
soaring	1
snowdrop	1
sneer	1
snares	1
smooth	1
slumberer	1
slowly	1
slow	1
slopes	1
slender	1
sleepy	1
sleeps	1
sleepless	1
skirts	1
skilled	1
skiddaw	1
sits	1
sister	1
sires	1
sir	1
sinned	1
sinks	1
sinking	1
sink	1
sings	1
singing	1
sin	1
simpler	1
similitude	1
silver	1
silky	1
silken	1
signal	1
sign	1
sights	1
siestra	1
shy	1
shuns	1
shunner	1
shun	1
shrug	1
shrubbery	1
shrouded	1
shrinking	1
shrined	1
showers	1
showedst	1
shoulders	1
short	1
shock	1
ships	1
shepherd	1
sheltered	1
sheep	1
sheen	1
sharest	1
shares	1
shared	1
shaft	1
shading	1
shades	1
severing	1
seven	1
setting	1
servile	1
served	1
serpent	1
serf	1
seraphs	1
seraph	1
sensual	1
sensibility	1
sends	1
sempstress	1
selfish	1
seeks	1
sedgy	1
secure	1
sect	1
second	1
seasons	1
seaside	1
seamen	1
seaman	1
scripture	1
screened	1
scotland	1
scorching	1
schoolhouse	1
sceptres	1
scenery	1
scatter	1
scarcely	1
scales	1
says	1
savoy	1
saves	1
saved	1
savage	1
sat	1
sapphire	1
sap	1
sanctioned	1
sampson	1
salutary	1
safest	1
safely	1
sadness	1
sadly	1
saddle	1
sadder	1
saddening	1
sacred	1
sabbath	1
sabacthani	1
s	1
ruthless	1
rushy	1
running	1
rules	1
ruins	1
ruder	1
rt	1
rougher	1
roses	1
rook	1
romilly	1
rolled	1
roiled	1
rock	1
robe	1
roan	1
roaming	1
river	1
ripling	1
riot	1
rings	1
rill	1
rifle	1
rider	1
riddle	1
riches	1
richard	1
riat.to	1
rialto	1
revolving	1
revolting	1
revived	1
revive	1
review	1
reveres	1
reverent	1
reverence	1
revenge	1
revel	1
revealed	1
retrospective	1
retreat	1
retrace	1
retired	1
retain	1
resurrection	1
result	1
rests	1
restraint	1
restores	1
restore	1
restless	1
resting-place	1
rested	1
respectfully	1
respectful	1
resistless	1
resistance	1
resignation	1
rescue	1
requite	1
require	1
request	1
reputed	1
represented	1
reposed	1
repose	1
replies	1
repenting	1
repented	1
repay	1
repast	1
repaid	1
renowned	1
renown	1
renovated	1
rends	1
remind	1
remembering	1
remembered	1
relief	1
relics	1
relentless	1
released	1
registered	1
regions	1
regicide	1
regardless	1
refuses	1
refuse	1
refreshing	1
refrain	1
refer	1
redundance	1
redemption	1
redeeming	1
red	1
records	1
recollections	1
recollection	1
reckless	1
recalling	1
rebukedst	1
reasoning	1
realms	1
real	1
ready	1
reads	1
reading	1
readers	1
reached	1
rave	1
ravages	1
rate	1
rashly	1
ranks	1
rankling	1
ranges	1
rainbow	1
rain	1
raged	1
rage	1
quickly	1
quest	1
quenching	1
queen	1
quatrains	1
pyramid	1
puts	1
pursues	1
pursue	1
purity	1
purged	1
pulse	1
puke	1
publish	1
psalm	1
prudent	1
prowess	1
proves	1
protracted	1
protecting	1
prostituted	1
prospero	1
prosperity	1
pronounced	1
prompted	1
promised	1
projecting	1
profit	1
produce	1
proclaims	1
proclaiming	1
proclaimed	1
proclaim	1
prized	1
prisons	1
printers	1
princely	1
primrose	1
priests	1
price	1
prey	1
presides	1
preserved	1
presents	1
prepare	1
prelude	1
preferred	1
preacher	1
preach	1
prayerless	1
prayed	1
praiseless	1
praised	1
pouts	1
pouring	1
pour	1
pother	1
possessed	1
possess	1
portugal	1
portrays	1
portray	1
portentous	1
portend	1
portal	1
poplar	1
popes	1
poorly	1
pool	1
ponrtray	1
ponder	1
points	1
pointing	1
point	1
poems	1
pocket	1
pluto	1
plumes	1
plumed	1
plighted	1
plight	1
plies	1
plied	1
pledge	1
pleasant	1
pleaded	1
plaudit	1
plant	1
planned	1
plaintiff	1
plaid	1
placid	1
placed	1
pittance	1
pitchy	1
pinnacle	1
pinions	1
pined	1
pilot	1
pillared	1
pilfers	1
piles	1
pictures	1
philosopher	1
philanthropy	1
philanthropic	1
peter	1
pests	1
persons	1
perjury	1
peril	1
perfected	1
perfect	1
penury	1
pent	1
penates	1
pelf	1
peers	1
peerless	1
peculiar	1
pebbles	1
pearly	1
pearls	1
pearl	1
pay	1
paused	1
pause	1
pastoral	1
past'ral	1
passport	1
partial	1
parted	1
pardon	1
panted	1
pant	1
panoplied	1
panacea	1
palpable	1
palmer	1
pallid	1
pales	1
palaces	1
painted	1
painim	1
painful	1
pages	1
pace	1
owner	1
owes	1
owed	1
owe	1
overthrown	1
overshadowed	1
overshade	1
overhung	1
overflowing	1
outward	1
outvies	1
outshines	1
outrage	1
outpoured	1
outlives	1
outcast	1
ouse	1
ourselves	1
ouk	1
ought	1
otway	1
orpheus	1
ornament	1
orgies	1
orb	1
orange	1
oracular	1
oracle	1
oppression	1
opinion	1
opens	1
omen	1
olives	1
olive	1
odyssey	1
odium	1
odious	1
occupy	1
observances	1
obscene	1
obedient	1
ob	1
o'erclouded	1
nursing	1
nursery	1
nuptial	1
nourish	1
notes	1
nostrils	1
northern	1
noontide	1
noisiest	1
nobly	1
nip	1
nile	1
niagara	1
next	1
newlv	1
newington	1
needle	1
neck	1
neat	1
navies	1
natural	1
narrow	1
mystic	1
mystery	1
murmers	1
multitudes	1
moveless	1
mouth	1
mourns	1
mourned	1
mounts	1
mount	1
mouldings	1
mouldering	1
motion	1
mothers	1
mossy	1
moor	1
month	1
monkish	1
monitor	1
momentary	1
modesty	1
modes	1
modern	1
model	1
mocks	1
mockery	1
mixed	1
mitigate	1
mite	1
mist	1
misletoe	1
mischievous	1
miscellaneous	1
misanthropy	1
mirthful	1
mirror	1
miraculously	1
minion	1
mingle	1
mines	1
minds	1
mimics	1
mildly	1
milder	1
mightst	1
mightiest	1
mightier	1
mightest	1
middle	1
methinks	1
meteor	1
mete	1
met	1
messmates	1
messiah	1
merriment	1
merciful	1
mercies	1
menace	1
memorials	1
memorable	1
melted	1
mellowing	1
melancholy	1
meetest	1
meekness	1
means	1
meanest	1
meadows	1
matters	1
matron	1
matins	1
mass	1
martyr	1
mars	1
marks	1
marked	1
marine	1
maria	1
margin	1
march	1
mar	1
mansion	1
manna	1
mankind	1
manifest	1
mangoes	1
mandate	1
malabar	1
making	1
makes	1
majestic	1
main	1
mail	1
magnify	1
magnificently	1
madonna	1
madkly	1
mad	1
m.p	1
lyres	1
luxury	1
lurks	1
losing	1
loses	1
looking	1
lookest	1
looked	1
longs	1
london	1
loiter	1
log	1
loftiest	1
lodge	1
lively	1
lived	1
littleness	1
listening	1
listen	1
lip	1
lingers	1
lingered	1
lineament	1
limits	1
limit	1
limb	1
lily	1
lights	1
lifted	1
lietween	1
lids	1
liberty	1
libanus	1
levelled	1
lest	1
lessons	1
lesson	1
lending	1
legends	1
legendary	1
legend	1
lee	1
leaps	1
leanness	1
lean	1
leafiness	1
leads	1
lead	1
lea	1
lazarus	1
lawny	1
lawn	1
laved	1
laurel	1
laughing	1
latter	1
lasting	1
lashes	1
lark	1
largess	1
lap	1
lank	1
lane	1
landscapes	1
lamps	1
lamp	1
lama	1
lair	1
laggard	1
labours	1
labour	1
kore	1
knowledge	1
knightly	1
knelt	1
kith	1
kisdon	1
kindness	1
kindling	1
kind	1
key	1
kept	1
keld	1
keeper	1
keep'st	1
keen	1
keel	1
jutting	1
jungles	1
joyfully	1
joyful	1
joyaunce	1
journey	1
joins	1
join	1
jet	1
jasper	1
jagged	1
ivory	1
ivelet	1
itself	1
issue	1
isle	1
isaiah	1
inwardly	1
inward	1
invisible	1
inviolate	1
invented	1
intuitive	1
intrust	1
introduction	1
intervening	1
intervals	1
intertwined	1
interpreter	1
interpose	1
interest	1
interdict	1
integrity	1
insult	1
instructed	1
instruct	1
instantaneous	1
inspection	1
innocent	1
innocence	1
inmost	1
inmates	1
injured	1
inglorious	1
ingenious	1
infirmary	1
infect	1
infancy	1
indissoluble	1
incentives	1
incense	1
incarnate	1
impression	1
impressed	1
important	1
imperfectly	1
impending	1
imparts	1
imparted	1
imagine	1
imagination	1
illumines	1
illness	1
ilex	1
ignoble	1
idol	1
idlesse	1
ideal	1
ibotson	1
hut	1
hunters	1
hungry	1
hundred	1
humour	1
humming	1
humility	1
humbly	1
humbler	1
humanity	1
hum	1
howling	1
however	1
howard	1
hovering	1
horrid	1
hood	1
honourest	1
honey	1
homer	1
homeless	1
homebred	1
holly	1
hollow	1
hoarse	1
hoarfrost	1
hoards	1
hoarded	1
hindu	1
hindoo	1
hiin	1
highly	1
hied	1
hid	1
hi	1
hers	1
heroes	1
hermit	1
heritage	1
hereafter	1
herds	1
heralding	1
hepatica	1
hence	1
hell	1
heir	1
heightening	1
heeded	1
heed	1
hee	1
heavy	1
heaving	1
heaviness	1
hearted	1
hearken	1
hearest	1
heaped	1
heap	1
healthier	1
haze	1
haunted	1
haughtiest	1
hatred	1
hateful	1
hate	1
hasty	1
harsh	1
harpy	1
harps	1
harp	1
harms	1
harmonies	1
harm	1
hark	1
hardly	1
hard	1
harbour	1
happiest	1
halls	1
hallow	1
hailstorm	1
haggard	1
hack	1
h	1
gush	1
guise	1
guiltless	1
guileless	1
guile	1
guiding	1
guess	1
guardian	1
grows	1
grown	1
grovel	1
group	1
grounds	1
grot	1
grosser	1
greets	1
greek	1
grazed	1
graves	1
graved	1
gratefully	1
grandsire	1
grand	1
got	1
gory	1
goodwill	1
goldfinch	1
goes	1
goblet	1
goal	1
glows	1
glossy	1
glistening	1
glimpses	1
gliding	1
glides	1
glided	1
glide	1
glen	1
gleaming	1
gladdening	1
gladdened	1
girl	1
gilgats	1
gilead	1
gild	1
gifted	1
gently	1
gentleness	1
gennesaret	1
genesis	1
gazes	1
gazer	1
gayest	1
gates	1
garner	1
garments	1
garish	1
gardens	1
game	1
galling	1
galilee	1
gains	1
gaieties	1
futurity	1
fury	1
further	1
furnace	1
fun	1
fugitive	1
fuel	1
fruits	1
frowning	1
frost	1
frontispiece	1
frolic	1
fro	1
frigid	1
frenchman	1
freightage	1
freeze	1
freeborn	1
fray	1
fraud	1
france	1
framed	1
fragment	1
fourth	1
fountain	1
founders	1
founder	1
foul	1
fought	1
forward	1
forum	1
fortress	1
forgets	1
forfeit	1
foreign	1
foreground	1
forebodings	1
forbids	1
forbid	1
forbear	1
footsteps	1
fondest	1
follows	1
follower	1
fold	1
foes	1
foamy	1
flows	1
flora	1
floor	1
floodgates	1
flood	1
floats	1
flitting	1
flit	1
fleeting	1
fleecy	1
flask	1
flashes	1
fitful	1
fisher	1
firma	1
fireside	1
firelight	1
fir	1
fingers	1
finest	1
fine	1
final	1
fill	1
fifty	1
fiercest	1
feudal	1
fetter	1
fervent	1
ferny	1
felt	1
felixtow	1
feiend	1
feels	1
feat	1
feasts	1
feasted	1
fearfully	1
fauns	1
faun	1
fathers	1
father	1
fate	1
fatal	1
fat	1
fast	1
fashions	1
fashioned	1
farer	1
fancied	1
familiar	1
false	1
fairy	1
fairly	1
fairies	1
faintly	1
failing	1
faded	1
faculty	1
faction	1
fact	1
fabrics	1
fables	1
fabled	1
exult	1
external	1
extends	1
expression	1
expressed	1
expect	1
expanse	1
expands	1
expanded	1
expand	1
exit	1
exists	1
exhibition	1
exhaustless	1
exerts	1
execution	1
exclaims	1
excited	1
exchanging	1
excess	1
excepted	1
except	1
exalted	1
evil	1
evidence	1
evermore	1
eureka	1
etching	1
et	1
estimates	1
estate	1
espoused	1
esft	1
erst	1
erect	1
equals	1
epochs	1
epitaph	1
entwining	1
entwined	1
entwine	1
entrance	1
entombed	1
entitled	1
enthroned	1
enthrals	1
enoch	1
enlivening	1
enlightened	1
enlarging	1
enlarge	1
enjoyment	1
enjoying	1
enhancing	1
engraved	1
engage	1
energy	1
endure	1
ended	1
encroachments	1
enchantress	1
empty	1
employed	1
emphatic	1
eminence	1
emerging	1
emblem	1
embalms	1
elsewhere	1
eloquent	1
elms	1
elisha	1
elijah	1
elf	1
elevates	1
elephanta	1
elements	1
element	1
elegance	1
elder	1
egret	1
efforts	1
effort	1
effigy	1
effected	1
efface	1
edifice	1
earthy	1
eartham	1
earlier	1
eagle	1
dying	1
dyed	1
dye	1
dwells	1
during	1
dungeon	1
dry	1
droop	1
drinks	1
drifted	1
dreary	1
dreariest	1
dreamlike	1
dreadful	1
drawing	1
drained	1
downy	1
dower	1
doubtful	1
doors	1
dooms	1
donor	1
don	1
domestic	1
domain	1
doge	1
doers	1
dividing	1
divided	1
disused	1
distrustful	1
distrust	1
disposer	1
displays	1
dispersing	1
disorder	1
disguise	1
disease	1
disciple	1
dirty	1
din	1
dignity	1
dignifies	1
dight	1
diadem	1
dews	1
devotion	1
devoted	1
device	1
devastations	1
destruction	1
destroyed	1
despond	1
despoiler	1
despite	1
desolating	1
desolate	1
designing	1
design	1
deserted	1
desert	1
descriptive	1
description	1
derided	1
depth	1
depicted	1
departeti	1
deny	1
denizens	1
denizen	1
denied	1
demands	1
deluge	1
delphic	1
deliverance	1
delighted	1
dejected	1
deigned	1
degenerate	1
defiled	1
defile	1
deferred	1
deer	1
deed	1
declared	1
decks	1
decisive	1
decency	1
deceived	1
deceive	1
dearest	1
dearer	1
dealings	1
deal	1
deafening	1
dazzling	1
daylight	1
dawning	1
dav	1
daughters	1
daughter	1
date	1
darkly	1
darker	1
darkening	1
daring	1
dared	1
dante	1
dancer	1
danced	1
damsel	1
dale	1
daisies	1
daily	1
customs	1
curtius	1
curlew	1
curled	1
curbed	1
cumber	1
crystal	1
crusader	1
cruel	1
crucified	1
crownless	1
crowning	1
crowded	1
crosses	1
crocus	1
critics	1
crimson	1
cried	1
crescent	1
creed	1
creatures	1
creation	1
create	1
craving	1
craved	1
crave	1
crags	1
crag	1
cowslip	1
cowpeb	1
courtly	1
courser	1
council	1
couldst	1
cottages	1
cottage	1
costly	1
corpse	1
corolla	1
corn	1
convulsed	1
convey	1
converts	1
converse	1
control	1
contrasted	1
contrary	1
contest	1
contented	1
content	1
contended	1
constancy	1
consolation	1
consecrate	1
conscious	1
conscience	1
conqueror	1
conquering	1
conjecture	1
confused	1
confine	1
confide	1
confessed	1
condition	1
condescending	1
complaining	1
compass	1
compare	1
communing	1
common	1
command	1
comfort	1
colours	1
colossal	1
coldly	1
coldest	1
colder	1
coffers	1
clutches	1
clouded	1
clothing	1
clothe	1
closer	1
cliff	1
clearly	1
clarkson	1
clamours	1
claims	1
claimed	1
circle	1
circe	1
cicestria	1
church	1
chum	1
chrysalis	1
chronicler	1
chronicled	1
christmas	1
christianity	1
chorus	1
chooses	1
choose	1
choice	1
chivalrous	1
chieftain	1
chief	1
chestnut	1
cheops	1
cheers	1
cheerfulness	1
checked	1
chastisement	1
chastened	1
charlotte	1
charge	1
character	1
chanted	1
channels	1
changes	1
changeless	1
changed	1
chanced	1
chance	1
champion	1
chambers	1
chains	1
cer	1
cephrenes	1
central	1
censure	1
cells	1
celestial	1
celebration	1
celebrated	1
ceaseless	1
cautious	1
causelessly	1
catching	1
catch	1
cataract	1
casts	1
castles	1
casting	1
casket	1
casement	1
carnival	1
carest	1
cares.and	1
caravan	1
captured	1
captivity	1
captives	1
captive	1
captain	1
capricious	1
cape	1
canvas	1
canute	1
cant	1
cancel	1
canaletto	1
cana	1
calyx	1
calv'ry	1
calls	1
called	1
caliban	1
byron	1
buy	1
butterfly	1
butterflies	1
bust	1
bursts	1
burns	1
burning	1
buried	1
buoyant	1
buoy	1
bulls	1
bulk	1
builds	1
build	1
bugle	1
buffon	1
budding	1
bucke'a	1
brute	1
bruce	1
browse	1
brothers	1
brother	1
broomy	1
brooklet	1
brook	1
brood	1
broker	1
broke	1
briton	1
british	1
briny	1
brings	1
bringing	1
brine	1
brimful	1
brightens	1
brightened	1
brighten	1
briefest	1
bridge	1
bride	1
bridal	1
bred	1
breathless	1
breathed	1
breathe	1
breasts	1
breasting	1
breakers	1
bravest	1
brand	1
branching	1
bracing	1
boys	1
boyhood	1
bowed	1
bounteous	1
bounding	1
bounded	1
bought	1
bosom	1
borrowed	1
borders	1
bookcase	1
bombay	1
boldness	1
boldly	1
boldest	1
boisterous	1
body	1
boards	1
blythesome	1
blythely	1
blotted	1
blot	1
blooms	1
bloody	1
blithe	1
blissful	1
blighted	1
bled	1
blast	1
blame	1
blackbird	1
bitterest	1
birthplace	1
bind	1
billowy	1
billow	1
bigot	1
bier	1
bfifore	1
between	1
bestrewed	1
bestowed	1
bereft	1
bereaved	1
bequeath	1
benighted	1
bends	1
bells	1
being	1
beholds	1
beholders	1
beheld	1
beguiles	1
beguiled	1
beguile	1
beginning	1
began	1
bees	1
beechen	1
beech	1
becoming	1
beauteous	1
beats	1
beaten	1
beat	1
beaming	1
battlemented	1
bathed	1
bat	1
bashful	1
barkless	1
barbarous	1
bar	1
baptist	1
baptismal	1
baptised	1
banquets	1
banish	1
baneful	1
bane	1
bands	1
bandit	1
band	1
bale	1
babylonish	1
babe	1
aye	1
awhile	1
awfully	1
awakens	1
avenges	1
auspicious	1
aught	1
audits	1
attracts	1
attract	1
attentive	1
attend	1
attain	1
attachment	1
asylum	1
assign	1
asserts	1
assert	1
assails	1
assailed	1
aspire	1
asleep	1
asking	1
aside	1
ashes	1
ashamed	1
ascent	1
ascending	1
arts	1
artists	1
arrowy	1
arrow	1
arrests	1
arose	1
army	1
armies	1
ariel	1
arci	1
architecture	1
architect	1
archer	1
araby	1
arabia	1
approved	1
approve	1
appropriate	1
approach	1
applause	1
appetite	1
appeared	1
appalling	1
apostasy	1
apart	1
antlered	1
antiquity	1
ant	1
answering	1
answer	1
animates	1
animate	1
angling	1
anger	1
amoritish	1
amorites	1
amorite	1
amongst	1
amd	1
ambitious	1
ambition	1
amaze	1
amaranthine	1
altered	1
already	1
allure	1
allows	1
allowed	1
alive	1
alders	1
alcoves	1
alcove	1
alchemy	1
alarming	1
airy	1
ain	1
ago	1
ages	1
afflictions	1
aerial	1
adversity	1
adore	1
admittance	1
admire	1
admiration	1
adds	1
addressed	1
add	1
adam	1
actively	1
active	1
acres	1
acquainted	1
acorns	1
accounted	1
accorded	1
accept	1
accents	1
abused	1
>	1
2vz	1
/*	1
/"	1
..	1
.-:	1
.''	1
.'	1
*%	1
),	1
)	1
''	1
'"	1
!")	1
