,	636
the	443
.	349
and	193
of	141
a	141
;	133
i	112
in	110
to	106
that	101
|'s|	83
with	82
!	76
as	71
love	69
my	62
is	62
"	60
it	54
but	53
on	50
her	48
his	45
you	44
be	44
for	42
?	41
all	40
she	39
not	38
its	36
—	35
me	33
he	32
by	32
we	31
was	31
thee	30
who	29
rose	29
one	29
from	29
:	28
thy	27
or	27
night	27
if	27
'	27
yet	26
so	26
might	26
no	25
heart	24
through	23
like	23
at	23
would	22
sea	22
|romannumeral|	21
|arabic2digit|	21
when	21
how	21
were	20
t	19
spinner	19
have	19
your	18
what	18
still	18
some	18
thou	17
upon	16
life	16
where	15
this	15
may	15
while	14
which	14
sweet	14
each	14
dead	14
will	13
than	13
sun	13
should	13
over	13
light	13
know	13
eyes	13
day	13
an	13
|arabic1digit|	12
world	12
there	12
pain	12
old	12
now	12
has	12
comrade	12
ah	12
why	11
though	11
song	11
shall	11
see	11
our	11
once	11
nought	11
more	11
had	11
did	11
breast	11
are	11
vain	10
time	10
they	10
their	10
since	10
out	10
moon	10
kiss	10
go	10
fate	10
far	10
dark	10
bliss	10
air	10
well	9
too	9
those	9
then	9
swift	9
slow	9
room	9
nor	9
never	9
must	9
dream	9
dread	9
could	9
can	9
wild	8
us	8
till	8
sky	8
self	8
lost	8
knows	8
joy	8
golden	8
forget	8
fair	8
dim	8
clear	8
bitter	8
again	8
sweetest	7
sure	7
stars	7
soul	7
sight	7
side	7
sailor	7
red	7
only	7
mother	7
most	7
lover	7
lichen	7
let	7
him	7
hand	7
half	7
garden	7
free	7
death	7
been	7
art	7
above	7
."	7
*	7
whose	6
until	6
truth	6
thus	6
thought	6
tell	6
star	6
spun	6
spring	6
shone	6
second	6
sang	6
run	6
long	6
knew	6
into	6
highest	6
grave	6
gold	6
give	6
fold	6
first	6
fancy	6
fall	6
dear	6
content	6
come	6
cannot	6
came	6
boat	6
bird	6
between	6
being	6
beauty	6
along	6
afar	6
^	6
words	5
up	5
tower	5
tides	5
tears	5
such	5
strange	5
stand	5
spirit	5
spell	5
speed	5
scorn	5
said	5
rain	5
place	5
pauseless	5
pale	5
new	5
mystic	5
morning	5
morn	5
moment	5
memory	5
maiden	5
made	5
least	5
lay	5
last	5
hope	5
high	5
hands	5
grief	5
god	5
gloom	5
glance	5
gave	5
flood	5
feel	5
false	5
doom	5
do	5
divine	5
deeds	5
days	5
constant	5
close	5
cheek	5
called	5
brown	5
bought	5
both	5
born	5
blue	5
bloom	5
before	5
because	5
away	5
years	4
woodland	4
without	4
wine	4
wind	4
white	4
wheel	4
whatever	4
went	4
way	4
wailing	4
voice	4
toward	4
tn	4
thread	4
these	4
tf	4
taught	4
sudden	4
strain	4
stone	4
spirits	4
soft	4
snow	4
sleep	4
sir	4
shadow	4
set	4
sense	4
seen	4
saw	4
rest	4
prove	4
presence	4
perfume	4
own	4
other	4
music	4
make	4
maid	4
low	4
loved	4
lotus	4
longing	4
living	4
lisa	4
late	4
laid	4
keen	4
j	4
instant	4
indian	4
hour	4
here	4
heaven	4
grace	4
gone	4
glow	4
gives	4
flowers	4
flower	4
fled	4
fear	4
face	4
endless	4
dusky	4
dreams	4
doubt	4
does	4
cry	4
claim	4
bright	4
amid	4
alone	4
\	4
|arabic5+digit|	3
|arabic3digit|	3
young	3
you'd	3
yearning	3
worships	3
word	3
wonder	3
won	3
woman	3
wings	3
wake	3
waiting	3
very	3
unto	3
unborn	3
twilight	3
turned	3
true	3
troubled	3
touched	3
today	3
thrill	3
things	3
them	3
summer	3
stood	3
step	3
stay	3
start	3
sought	3
sorrow	3
solitude	3
smile	3
singing	3
sing	3
silver	3
silent	3
shine	3
shed	3
sees	3
seemed	3
seem	3
say	3
sail	3
rode	3
ring	3
rent	3
recognition	3
rapture	3
r	3
quick	3
pure	3
prince	3
pride	3
power	3
pours	3
pluck	3
phcebe	3
perhaps	3
passion	3
passed	3
outer	3
oft	3
o	3
nothing	3
northern	3
none	3
nightingale	3
nigh	3
n	3
mirror	3
mine	3
midnight	3
met	3
men	3
loveth	3
longs	3
lone	3
live	3
lips	3
lightest	3
lies	3
ledge	3
leave	3
lattice	3
kissed	3
jacqueminot	3
inez	3
ill	3
i'm	3
however	3
hopes	3
holy	3
held	3
happiest	3
grey	3
gracious	3
gleam	3
ghost	3
gate	3
ganges	3
gain	3
fraught	3
foam	3
floods	3
floating	3
fine	3
fatal	3
fairest	3
fairer	3
failure	3
fail	3
eyed	3
ever	3
even	3
ere	3
edge	3
ear	3
eager	3
dying	3
drop	3
drew	3
dream'st	3
done	3
die	3
deeps	3
deadly	3
darkness	3
danza	3
dance	3
cupid	3
countless	3
consolation	3
coming	3
chill	3
chance	3
calm	3
cadence	3
brought	3
brings	3
bring	3
breaks	3
boon	3
blossoms	3
blessed	3
beam	3
band	3
another	3
among	3
.*.	3
youth	2
yourself	2
wronged	2
wreck	2
worthy	2
woo	2
woeful	2
woe	2
witching	2
wistful	2
winter	2
winds	2
win	2
whether	2
whenever	2
wet	2
weird	2
wedding	2
wearing	2
weakest	2
wave	2
waste	2
walk	2
wakes	2
wait	2
vow	2
violets	2
violet	2
vial	2
vase	2
vague	2
utmost	2
unchosen	2
two	2
twixt	2
tune	2
truly	2
trembling	2
trees	2
trampled	2
tragedy	2
touch	2
tomorrow	2
tomb	2
toffana	2
tnder	2
thrilled	2
thousand	2
think	2
thine	2
thereby	2
tekel	2
taper	2
tales	2
takes	2
sweetness	2
surely	2
sunset	2
sunny	2
suit	2
success	2
subtle	2
strong	2
strive	2
strays	2
story	2
storm	2
stirred	2
stiff	2
state	2
stair	2
spot	2
spoil	2
spite	2
speak	2
southern	2
soon	2
songs	2
son	2
sometimes	2
snowy	2
smote	2
small	2
skies	2
sketchbook	2
sinister	2
simple	2
silence	2
sighs	2
sighing	2
shrieks	2
show	2
shivering	2
shapes	2
shape	2
shade	2
severed	2
sends	2
send	2
seems	2
seek	2
seal	2
satin	2
salt	2
sake	2
sails	2
ruth	2
ruin	2
row	2
round	2
robe	2
rising	2
rhythmic	2
reversing	2
remembered	2
remain	2
relenteth	2
relent	2
rejection	2
regret	2
reason	2
reach	2
ray	2
ranges	2
queen	2
purple	2
prize	2
prey	2
pressed	2
press	2
present	2
possession	2
poor	2
pool	2
poet	2
plead	2
played	2
play	2
pity	2
piercing	2
petals	2
perchance	2
pearl	2
parting	2
pang	2
palm	2
p	2
opal	2
oh	2
odours	2
obey	2
notte	2
nights	2
neither	2
near	2
much	2
mournful	2
mocking	2
mind	2
mid	2
metempsychosis	2
messengers	2
mere	2
memnon	2
mark	2
margery	2
many	2
man	2
lute	2
lure	2
lovers	2
loss	2
lordship	2
lord	2
lives	2
little	2
lithe	2
lingering	2
lineage	2
less	2
left	2
leaves	2
leaf	2
lea	2
le	2
land	2
lament	2
known	2
keep	2
keenest	2
jocund	2
itself	2
italian	2
initiation	2
immortal	2
image	2
idle	2
hungry	2
hot	2
horseman	2
home	2
hilad	2
heredity	2
heed	2
heat	2
heard	2
hate	2
harm	2
hair	2
h	2
guile	2
guerdon	2
green	2
great	2
good	2
glowed	2
glory	2
gleams	2
furled	2
full	2
fruition	2
fro	2
friends	2
forgive	2
fond	2
fly	2
floats	2
flitting	2
flame	2
fixed	2
fitful	2
fires	2
fire	2
finches	2
filled	2
fell	2
felicissima	2
favoured	2
father	2
fantasy	2
fain	2
fades	2
either	2
dust	2
dull	2
drear	2
dreaming	2
dreamed	2
downward	2
down	2
disdain	2
discover	2
died	2
dial	2
dewy	2
devotion	2
desir	2
della	2
delights	2
delight	2
deathless	2
dart	2
danced	2
cruel	2
cried	2
crave	2
covered	2
couplet	2
count	2
coryphee	2
cool	2
comes	2
clouds	2
clinging	2
clay	2
clasp	2
cheeks	2
changes	2
chamber	2
cause	2
cast	2
canticles	2
calls	2
burns	2
burning	2
burned	2
broken	2
brine	2
bridal	2
breezes	2
breathes	2
breath	2
break	2
bough	2
blindness	2
blessing	2
black	2
beyond	2
best	2
beryl	2
beloved	2
begun	2
bed	2
beat	2
battle	2
bark	2
bare	2
ballad	2
babe	2
awful	2
awaits	2
assured	2
assuage	2
asked	2
arrant	2
around	2
aqua	2
any	2
anguish	2
am	2
although	2
alike	2
age	2
against	2
after	2
affright	2
[	2
.]	2
￼howe'er	1
￼	1
»	1
~	1
zeal	1
yours	1
yesterday	1
yellow	1
yearns	1
year	1
ye	1
wrought	1
wrong'st	1
writhe	1
wringing	1
wrench	1
wreaths	1
wounded	1
worthiness	1
worthiest	1
worth't	1
worth	1
worst	1
worm	1
works	1
wore	1
wooed	1
woodlands	1
wondrous	1
woke	1
within	1
wished	1
wiped	1
wintergreen	1
wins	1
winged	1
wing	1
windy	1
winding	1
wilson	1
wilful	1
widow	1
whole	1
whoever	1
whither	1
whiter	1
western	1
welcoming	1
welcomes	1
weirdly	1
weeping	1
weakness	1
weakly	1
weak	1
wayside	1
ways	1
waves	1
wavered	1
waters	1
watching	1
wasting	1
warmth	1
wanders	1
wanderer	1
wander	1
wan	1
walnut	1
wall	1
walks	1
walking	1
walked	1
waken	1
waked	1
waited	1
wailed	1
wail	1
wage	1
wafts	1
w	1
vows	1
vouchsafes	1
vouchsafed	1
volatile	1
voices	1
vivid	1
visions	1
vision	1
vex	1
vessel	1
vermilion	1
venice	1
vaughan	1
varying	1
value	1
vainly	1
ut	1
use	1
unwise	1
unveiled	1
untrue	1
untried	1
unswerving	1
unseen	1
unmatched	1
unless	1
unlearn	1
unknown	1
unknowing	1
university	1
unflinching	1
unfingered	1
under	1
unbalanced	1
unavailing	1
una	1
twisted	1
twas	1
twain	1
tv	1
turns	1
turning	1
turn	1
ttow	1
ttis	1
tthis	1
tt	1
troutlings	1
tropic	1
troop	1
trolled	1
triolets	1
trilliums	1
tricks	1
tremors	1
trellis	1
treasures	1
treason	1
transient	1
transcends	1
train	1
trail	1
tp	1
tossed	1
tortuously	1
took	1
tonight	1
tongue	1
tome	1
told	1
token	1
together	1
to^our	1
tith	1
tiny	1
tingled	1
tinged	1
times	1
tid	1
thunder	1
thrusts	1
thrust	1
throes	1
throbbing	1
thrills	1
thrilling	1
thrice	1
three	1
threats	1
threatening	1
thoughts	1
thorns	1
thorn	1
thither	1
thistledown	1
third	1
thing	1
therefore	1
tender	1
tenants	1
teeth	1
tear	1
taste	1
tassels	1
tampered	1
tall	1
tale	1
tacks	1
tack	1
swound	1
sword	1
swirl	1
swelled	1
sweetly	1
sweetheart	1
sweeter	1
sweep	1
swear	1
swathed	1
swart	1
swarmed	1
surf	1
supposed	1
suppose	1
supplement	1
supple	1
sunshine	1
sung	1
sunbeams	1
summons	1
sue	1
subdue	1
stung	1
strove	1
striving	1
strives	1
stricken	1
strayed	1
strangest	1
stranger	1
straight	1
storms	1
stopped	1
stole	1
stir	1
stings	1
sting	1
stiletto	1
steel	1
steals	1
steal	1
stave	1
statue	1
startled	1
starting	1
starboard	1
standing	1
standard	1
stained	1
stain	1
stabbed	1
stab	1
squanders	1
sprung	1
springtide	1
springing	1
sprang	1
spots	1
splendours	1
splendid	1
splashed	1
spins	1
spin	1
spill	1
spider	1
spicy	1
spicery	1
spells	1
speech	1
spectral	1
speckled	1
spear	1
sparkles	1
sparkle	1
spark	1
spared	1
space	1
sovereign	1
sounds	1
sound	1
souls	1
sore	1
soothing	1
soothed	1
sooner	1
songster	1
somewhere	1
something	1
somehow	1
solution	1
solemn	1
softest	1
soaring	1
snared	1
snare	1
snake	1
snail	1
smooth	1
smoke	1
smith	1
smiled	1
smart	1
slumbrous	1
slips	1
slimy	1
slime	1
slim	1
sliding	1
sleeps	1
sleeping	1
slave	1
slain	1
sketch	1
sinuous	1
sinuate	1
sinks	1
sings	1
single	1
silt	1
silly	1
silken	1
signify	1
sights	1
sigh	1
sibilance	1
shy	1
shuts	1
shuddereth	1
shrouds	1
shrinking	1
showed	1
should'st	1
short	1
shoreward	1
shore	1
shivered	1
shines	1
shimmer	1
shifting	1
shelters	1
shell	1
sheen	1
shame	1
shadows	1
shad	1
sex	1
sewing	1
setteth	1
service	1
serenade	1
sere	1
september	1
separation	1
sentry	1
senorita	1
selfsame	1
seer	1
seeks	1
seeking	1
seeing	1
secrets	1
seaward	1
seagull	1
scud	1
scorning	1
scores	1
scoffing	1
schooner	1
scents	1
scenes	1
scene	1
scarcely	1
scanty	1
save	1
sat	1
sank	1
sand	1
same	1
salutes	1
saith	1
sailing	1
sailed	1
safe	1
sad	1
sacrifice	1
sacred	1
s	1
ruthlessly	1
rushed	1
running	1
rune	1
rue	1
rt<wice	1
rt	1
roundelays	1
rough	1
rouge	1
rosebud	1
rogue	1
rocks	1
rock	1
robins	1
roar	1
road	1
river	1
rises	1
riding	1
rider	1
ride	1
richness	1
richest	1
rich	1
ribald	1
revolve	1
reverie	1
revealing	1
retorted	1
restitution	1
resting	1
response	1
resistless	1
resign	1
reproach	1
repose	1
reply	1
repentance	1
repeated	1
reparation	1
remove	1
remorse	1
remembering	1
remember	1
regrets	1
refrain	1
reflections	1
recluse	1
reckoning	1
ready	1
re	1
rather	1
rate	1
raised	1
raiment	1
radiance	1
r"phree	1
quite	1
question	1
quenched	1
quaint	1
pursuit	1
purpose	1
purer	1
pureness	1
pulses	1
pulseless	1
prowess	1
prow	1
provoking	1
provoke	1
proves	1
proved	1
protest	1
proof	1
promised	1
promise	1
profit	1
primly	1
prevail	1
presume	1
prescience	1
prayers	1
prayed	1
prattling	1
prate	1
powers	1
post	1
portal	1
poplars	1
pools	1
pomp	1
pomegranate	1
pollution	1
pointing	1
poignant	1
plunge	1
plays	1
playing	1
plaintive	1
plain	1
placid	1
placed	1
pittance	1
pictured	1
phoebe	1
phere	1
phantom	1
petty	1
pensioner	1
peered	1
peer	1
peal	1
peak	1
peace	1
pay	1
pauses	1
pause	1
patience	1
path	1
past	1
passes	1
pass	1
paseo	1
panting	1
panted	1
pallid	1
pall	1
pains	1
pace	1
p\angerous	1
owlets	1
owe	1
overhead	1
ove	1
outward	1
outshone	1
otill	1
ooze	1
oblivion	1
oar	1
o'ershadowing	1
nuptial	1
nun	1
note	1
noontime	1
nodding	1
next	1
nevermore	1
nether	1
needle	1
need	1
neath	1
nay	1
naughty	1
nature	1
named	1
name	1
nails	1
nacre	1
myths	1
mystery	1
myself	1
muses	1
muse	1
murmured	1
mrougjtt	1
moves	1
moved	1
move	1
motes	1
morrow	1
moods	1
mood	1
monks	1
monarchs	1
modern	1
mocks	1
mockest	1
mockery	1
moanings	1
moaning	1
moan	1
mix	1
misunderstood	1
misunderstanding	1
mists	1
mistress	1
mistake	1
mist	1
missing	1
miss	1
misery	1
mingle	1
milky	1
mete	1
merry	1
merely	1
memories	1
melting	1
melted	1
mellow	1
meet	1
meek	1
measures	1
measured	1
meant	1
means	1
meaning	1
mean	1
meadow	1
matter	1
mask	1
marks	1
mankind	1
manhood	1
manacles	1
makes	1
mail	1
magic	1
lying	1
lybian	1
lustre	1
lurid	1
lupine	1
lulled	1
loving	1
loves	1
lovely	1
lot	1
longings	1
longer	1
loneness	1
lombardy	1
loins	1
loftier	1
loathsome	1
loathing	1
lo	1
lizards	1
livelong	1
litheness	1
lit	1
listless	1
list	1
liquid	1
lip	1
linked	1
lingered	1
linen	1
lily	1
lilies	1
lights	1
lightnings	1
lightning	1
lighted	1
lie	1
level	1
lest	1
lee	1
led	1
learned	1
leap	1
leaned	1
lead	1
lawful	1
law	1
lavished	1
laughter	1
laughing	1
lashed	1
languid	1
lands	1
lamenting	1
lamentation	1
lagoon	1
lady	1
lack	1
knelt	1
kings	1
king	1
kindness	1
kinder	1
kind	1
key	1
ken	1
keeping	1
keel	1
june	1
judsean	1
joys	1
joyance	1
jostle	1
jolly	1
john	1
jade	1
italy	1
invade	1
intents	1
intent	1
intense	1
inner	1
ineffable	1
indeed	1
includes	1
incense	1
imaged	1
ignoble	1
ife	1
idlesse	1
ice	1
i've	1
hushed	1
hush	1
human	1
hued	1
hpwo	1
hps	1
howso	1
howled	1
house	1
hours	1
hound	1
hough	1
hosts	1
horsemen	1
hopeless	1
honeysuckles	1
hollow	1
holds	1
holding	1
hold	1
hindoo	1
himself	1
higher	1
hide	1
hidden	1
hid	1
hewn	1
hers	1
heroes	1
hero	1
herd	1
henry	1
hen	1
hem	1
helpless	1
helm	1
hell	1
heights	1
heavy	1
heavenly	1
hearts	1
heartless	1
hearted	1
hears	1
hearing	1
hear	1
heaps	1
heal	1
heads	1
head	1
haunt	1
hath	1
hardihood	1
hard	1
happy	1
hap	1
hang	1
hallows	1
hallowed	1
hailed	1
hag	1
guilt	1
guest	1
grown	1
grimmest	1
grim	1
grew	1
greensward	1
grasses	1
grasps	1
grasp	1
grandsire	1
grand	1
graceful	1
gown	1
goethe	1
goes	1
godlike	1
glows	1
glorious	1
gloating	1
glints	1
glimmer	1
glides	1
gleeful	1
gleaming	1
gleamed	1
glassing	1
glass	1
gladly	1
giving	1
girlhood	1
girl	1
gird	1
gibe	1
ghostly	1
getting	1
genius	1
gay	1
gathering	1
garment	1
galloped	1
galled	1
furry	1
frosts	1
fright	1
friendship	1
friendless	1
friend	1
fresh	1
frayed	1
frantic	1
frank	1
frail	1
fountain	1
found	1
foul	1
fortune	1
forms	1
form	1
forlorn	1
forgotten	1
forgets	1
forego	1
footfall	1
fondly	1
folly	1
following	1
flying	1
flushed	1
flows	1
flow	1
flout	1
flock	1
floated	1
float	1
flinging	1
flight	1
flew	1
fleeting	1
flees	1
flee	1
flecked	1
flax	1
flashes	1
flake	1
fisher	1
fired	1
fingers	1
fills	1
filling	1
fight	1
fiery	1
fierce	1
fickle	1
fhile	1
festal	1
fervors	1
fervid	1
ferns	1
feltest	1
felt	1
fellow	1
fed	1
fears	1
fearing	1
fearful	1
fays	1
fay	1
fare	1
fancies	1
falters	1
falling	1
faithful	1
faith	1
faintest	1
faint	1
fails	1
failed	1
faced	1
eyelids	1
eye	1
exonerate	1
exhale	1
excuse	1
exchange	1
evil	1
evening	1
eternity	1
eternal	1
et	1
essence	1
equity	1
enwrapped	1
entranced	1
enshrouds	1
enring	1
energy	1
ends	1
ember	1
else	1
elfin	1
elf	1
egyptian	1
eglantine	1
effort	1
effect	1
eden	1
ecstasy	1
easy	1
easily	1
earthly	1
ears	1
earliest	1
dyed	1
dusty	1
dusted	1
dusk	1
dumb	1
due	1
dry	1
drowned	1
drops	1
droning	1
dree	1
drawn	1
draw	1
drave	1
dragon	1
dragged	1
dozing	1
dove	1
doubtful	1
dotards	1
don't	1
dominion	1
doleful	1
dole	1
doing	1
dly	1
dizzy	1
dishonour	1
disguises	1
disclose	1
direful	1
dims	1
dimmest	1
dignity	1
dies	1
destiny	1
despite	1
desolation	1
desire	1
depths	1
denied	1
deneath	1
deign	1
deft	1
defeats	1
deep	1
deed	1
declined	1
decline	1
declaring	1
decked	1
decay	1
debt	1
debonair	1
dearest	1
darkling	1
dared	1
dancing	1
dame	1
dale	1
daffodilly	1
curse	1
curling	1
curled	1
cureless	1
cunning	1
cue	1
crystalline	1
crying	1
crushed	1
crowds	1
crouched	1
crone	1
crinkles	1
crimsoned	1
crew	1
creole	1
creeping	1
create	1
craved	1
crannies	1
cpeechless	1
cowslips	1
covers	1
course	1
courage	1
counts	1
costuraer	1
cost	1
corpse	1
contrite	1
consume	1
constellations	1
constancy	1
consecration	1
conscious	1
confronted	1
confessed	1
completeness	1
compare	1
comfort	1
column	1
columbine	1
cold	1
coarse	1
clutch	1
cloud	1
cling	1
climes	1
climbed	1
climb	1
clearer	1
clash	1
churl	1
chrysoprase	1
chorrera	1
chord	1
chillness	1
child	1
chickweed	1
cherry	1
cheerless	1
cheer	1
chatted	1
charnel	1
chanted	1
chant	1
changed	1
chanced	1
chalk	1
chains	1
certainty	1
cerements	1
censure	1
cedarn	1
catch	1
casuistry	1
casuistky	1
castle	1
casement	1
cased	1
carved	1
carriage	1
caressing	1
care	1
caprice	1
capes	1
canvas	1
canst	1
campobello	1
cambridge	1
calms	1
calling	1
call	1
cactus	1
bygone	1
buzzed	1
buy	1
bush	1
burn	1
buried	1
buds	1
brushed	1
brooks	1
broke	1
broadswords	1
brink	1
brightens	1
brier	1
brief	1
bride	1
breeze	1
breathed	1
breathe	1
breakers	1
brand	1
brake	1
brain	1
boy	1
box	1
bound	1
bosom	1
borrow	1
bond	1
body	1
bode	1
blushes	1
blushed	1
blows	1
blown	1
blow	1
bloodred	1
blood	1
blithely	1
blissful	1
blisses	1
blinding	1
bleed	1
blameless	1
blame	1
birds	1
bidden	1
bewitching	1
bewitched	1
bettina	1
better	1
betrayed	1
betide	1
beside	1
berries	1
bereft	1
bent	1
benign	1
beneath	1
bending	1
bend	1
believe	1
beldame	1
behind	1
beggar	1
bees	1
beats	1
beating	1
beaten	1
bears	1
beach	1
bay	1
battles	1
basking	1
bars	1
bandit	1
bamboo	1
balsams	1
balsam	1
balm	1
ballet	1
bale	1
backward	1
back	1
babes	1
azure	1
aware	1
awake	1
avoid	1
aver	1
avail	1
autumn	1
aurelian	1
aubado	1
aty	1
attaining	1
attain	1
atonement	1
atone	1
assurance	1
assumption	1
assuages	1
aspiring	1
askance	1
ask	1
aroused	1
arms	1
aright	1
areless	1
ardent	1
aphrodite	1
apart	1
angry	1
anew	1
anemone	1
amended	1
ambushed	1
amaze	1
altar	1
already	1
alms	1
almost	1
alive	1
alder	1
alas	1
airs	1
ages	1
afraid	1
affection	1
aether	1
adorned	1
admire	1
adder	1
acts	1
actor	1
acted	1
across	1
accorded	1
absolved	1
absolve	1
abase	1
a/tute	1
a/tight	1
a.d	1
7tth	1
7ith	1
/^vne	1
/^ount	1
/""ontented	1
/	1
..	1
.*-	1
''"	1
&	1
"\	1
"'	1
!.	1
!'	1
!"	1
