,	1926
the	1627
and	931
of	588
.	587
;	480
to	458
!	414
in	344
|'s|	276
that	267
a	244
with	222
i	216
is	188
on	180
love	177
thy	164
her	161
all	139
as	138
their	128
when	122
are	122
from	120
but	106
by	103
my	102
his	100
which	94
we	92
'	92
be	89
its	86
thou	85
?	82
was	80
for	79
who	76
—	72
she	72
like	70
have	68
thee	67
our	67
over	66
heart	66
sweet	65
they	63
or	62
it	62
bright	61
he	60
where	58
not	58
earth	58
through	57
there	57
no	57
may	57
one	56
has	56
then	54
so	54
how	53
dark	53
fair	52
this	49
o	49
light	49
at	49
will	48
would	47
were	45
|arabic1digit|	44
ye	44
what	44
shall	42
while	41
those	41
t	41
man	40
god	40
|arabic2digit|	38
life	38
sea	37
more	37
heaven	37
|romannumeral|	36
your	36
upon	36
ocean	36
truth	35
pure	35
me	35
night	34
men	34
holy	33
hearts	33
can	33
long	32
hand	32
above	32
whose	31
soul	31
day	31
if	30
each	30
come	30
sky	29
time	28
some	28
spirit	27
loved	27
joys	27
flowers	27
deep	27
sun	26
gentle	26
far	26
us	25
tide	25
home	25
had	25
white	24
than	24
land	24
high	24
came	24
away	24
see	23
round	23
now	23
joy	23
forest	23
along	23
yet	22
way	22
such	22
still	22
every	22
down	22
world	21
wave	21
power	21
never	21
must	21
last	21
human	21
friendship	21
up	20
ship	20
many	20
him	20
free	20
fond	20
divine	20
waves	19
voice	19
song	19
pine	19
nature	19
hope	19
green	19
days	19
beauty	19
beautiful	19
art	19
warm	18
summer	18
sleep	18
out	18
mother	18
most	18
moon	18
mind	18
lay	18
dear	18
years	17
wild	17
thus	17
rise	17
ray	17
maid	17
hour	17
here	17
forth	17
beneath	17
before	17
an	17
:	17
woman	16
within	16
them	16
star	16
side	16
should	16
old	16
morn	16
let	16
good	16
gone	16
full	16
eye	16
ever	16
blessed	16
birds	16
been	16
you	15
worth	15
whom	15
true	15
till	15
thought	15
shore	15
sand	15
poet	15
made	15
lovely	15
hours	15
heard	15
form	15
could	15
cloud	15
bliss	15
around	15
air	15
|arabic3digit|	14
youth	14
went	14
view	14
thine	14
spirits	14
silent	14
sacred	14
rocks	14
rest	14
nahant	14
mighty	14
lonely	14
little	14
know	14
hast	14
care	14
beside	14
below	14
alone	14
word	13
wide	13
well	13
trees	13
tears	13
strong	13
storm	13
spread	13
sight	13
shine	13
scene	13
name	13
morning	13
might	13
joyous	13
gaze	13
find	13
feel	13
eyes	13
distant	13
cold	13
again	13
wind	12
tree	12
tear	12
skies	12
sister	12
seen	12
seek	12
scenes	12
rolled	12
praise	12
peace	12
new	12
go	12
flower	12
evening	12
dim	12
being	12
bay	12
woe	11
weary	11
wealth	11
too	11
thunder	11
thousand	11
thoughts	11
tell	11
stood	11
stars	11
stand	11
sparkling	11
shrine	11
shone	11
rich	11
prove	11
memory	11
lone	11
hear	11
glow	11
friend	11
few	11
faith	11
ere	11
darkness	11
brave	11
bosom	11
beach	11
affection	11
afar	11
winter	10
virtue	10
vain	10
though	10
these	10
tall	10
sung	10
sound	10
souls	10
shining	10
set	10
secret	10
sad	10
rolling	10
plain	10
path	10
past	10
only	10
oft	10
nor	10
mankind	10
left	10
into	10
indian	10
harp	10
great	10
friends	10
eternal	10
early	10
dwell	10
do	10
delight	10
brow	10
breeze	10
worship	9
words	9
woes	9
winds	9
why	9
vessel	9
think	9
sorrow	9
shells	9
save	9
salem	9
remember	9
proud	9
pleasures	9
passed	9
own	9
native	9
maids	9
low	9
lover	9
lost	9
look	9
known	9
kind	9
hill	9
given	9
found	9
forms	9
flow	9
feet	9
fear	9
evil	9
eve	9
child	9
bound	9
blue	9
bless	9
bird	9
billows	9
anxious	9
ages	9
!'	9
vast	8
vale	8
things	8
sweetest	8
social	8
snow	8
smiles	8
shines	8
selfish	8
say	8
roam	8
rising	8
red	8
radiant	8
prize	8
other	8
mountain	8
mid	8
make	8
loud	8
living	8
leap	8
keep	8
head	8
happy	8
grove	8
grace	8
gold	8
glowed	8
glory	8
glide	8
gems	8
gave	8
formed	8
flame	8
fire	8
fall	8
faithful	8
endure	8
death	8
comes	8
cliff	8
burns	8
burning	8
brother	8
bow	8
bid	8
bed	8
band	8
back	8
arose	8
yes	7
wert	7
welcome	7
waters	7
war	7
varied	7
tale	7
take	7
sunny	7
suffer	7
sublime	7
stranger	7
strange	7
spring	7
spray	7
sphere	7
slow	7
shade	7
send	7
rolls	7
rock	7
purer	7
pray	7
poured	7
place	7
people	7
part	7
pale	7
pain	7
once	7
mountains	7
midnight	7
met	7
m	7
lustre	7
lord	7
looked	7
ll	7
hymn	7
hallowed	7
grief	7
goes	7
glowing	7
gem	7
footsteps	7
flood	7
first	7
earthly	7
did	7
dew	7
devotion	7
desert	7
converse	7
children	7
call	7
breast	7
bard	7
bade	7
arch	7
among	7
ago	7
-	7
yon	6
woods	6
wood	6
without	6
win	6
west	6
water	6
wake	6
visions	6
very	6
treasures	6
tranquil	6
trace	6
tis	6
tie	6
tempest	6
teach	6
swells	6
strength	6
stream	6
strand	6
springs	6
speak	6
source	6
sorrows	6
soon	6
sons	6
soft	6
smiling	6
smile	6
small	6
sigh	6
shores	6
share	6
serene	6
sends	6
seem	6
saw	6
run	6
rose	6
roar	6
right	6
reward	6
reign	6
realms	6
rays	6
purple	6
pour	6
pleasure	6
pleasant	6
others	6
onward	6
near	6
move	6
mortal	6
mirth	6
meet	6
mary	6
makes	6
lilies	6
lie	6
leave	6
knelt	6
kiss	6
jerusalem	6
hung	6
hills	6
hair	6
glorious	6
glad	6
gathered	6
forever	6
food	6
fish	6
filled	6
fears	6
father	6
error	6
ella	6
elate	6
ecstatic	6
dwelling	6
dome	6
die	6
depart	6
dead	6
cliffs	6
christian	6
charms	6
brighter	6
breath	6
boughs	6
bland	6
birch	6
bells	6
behold	6
ardent	6
angel	6
across	6
works	5
work	5
wonted	5
wings	5
wing	5
whippoorwill	5
weep	5
verdant	5
twine	5
turned	5
turn	5
toil	5
thick	5
theme	5
tells	5
taught	5
sunlight	5
sudden	5
stands	5
spreads	5
sport	5
space	5
sought	5
sleeping	5
single	5
sing	5
since	5
silver	5
shed	5
shalt	5
shadows	5
seraph	5
seems	5
scorn	5
same	5
sails	5
said	5
roll	5
rocky	5
return	5
repose	5
rare	5
rain	5
race	5
quiet	5
pride	5
polished	5
poetry	5
perhaps	5
peaceful	5
passions	5
pass	5
orbs	5
often	5
northern	5
noble	5
mine	5
marble	5
maiden	5
lot	5
looks	5
lips	5
line	5
lies	5
less	5
language	5
king	5
incense	5
impulse	5
ill	5
humble	5
hopes	5
homes	5
health	5
haven	5
haply	5
graceful	5
golden	5
gleaming	5
glade	5
give	5
frozen	5
fountain	5
foam	5
fly	5
fields	5
fell	5
fading	5
face	5
even	5
endless	5
dusky	5
dream	5
dost	5
doomed	5
dazzling	5
daughter	5
crystal	5
common	5
cheerful	5
canto	5
calm	5
burn	5
bring	5
brightest	5
bride	5
break	5
bond	5
benignant	5
benevolence	5
beauteous	5
bear	5
bark	5
banks	5
another	5
anguish	5
amid	5
am	5
almighty	5
ah	5
.'	5
young	4
yellow	4
year	4
wouldst	4
worlds	4
wondrous	4
wonder	4
wife	4
weight	4
weed	4
waste	4
want	4
wandered	4
walls	4
walk	4
vainly	4
twilight	4
tribe	4
trembling	4
town	4
towers	4
tongue	4
ties	4
three	4
thing	4
thin	4
terror	4
temple	4
swell	4
store	4
steps	4
spotless	4
splendour	4
son	4
solitude	4
skill	4
sit	4
shady	4
sent	4
self	4
seemed	4
seas	4
sat	4
sandy	4
sailors	4
sabbath	4
romantic	4
robes	4
ride	4
reveal	4
rent	4
regard	4
reason	4
reach	4
presence	4
prayer	4
pours	4
poets	4
pensive	4
paths	4
owl	4
oak	4
nought	4
notes	4
nobler	4
neck	4
nations	4
nation	4
music	4
murmurs	4
moved	4
moment	4
minstrel	4
mild	4
mellow	4
masts	4
mantle	4
loves	4
live	4
lightning	4
leaves	4
lamp	4
lake	4
knew	4
kindred	4
husband	4
hold	4
height	4
hardy	4
guide	4
grow	4
ground	4
grass	4
gladness	4
gives	4
gay	4
gale	4
ft	4
freedom	4
foaming	4
fled	4
finds	4
felt	4
feelings	4
feeling	4
fatal	4
fade	4
enthroned	4
employ	4
e	4
dwells	4
drink	4
dreams	4
dread	4
doom	4
display	4
despair	4
depths	4
cot	4
clouds	4
clime	4
city	4
chosen	4
cheer	4
cease	4
cave	4
cause	4
cast	4
cannot	4
called	4
brook	4
broad	4
born	4
bold	4
boast	4
blooming	4
blood	4
belles	4
believe	4
beauties	4
bat	4
autumn	4
arrayed	4
arc	4
appear	4
against	4
adore	4
■	3
|arabic5+digit|	3
yields	3
wrong	3
wretched	3
wounded	3
winged	3
wine	3
winding	3
whole	3
whence	3
waving	3
watch	3
wasted	3
wants	3
wander	3
void	3
voices	3
vital	3
vision	3
virgin	3
viewed	3
veil	3
valiant	3
utmost	3
used	3
use	3
universal	3
types	3
truths	3
triumph	3
touch	3
tossed	3
torn	3
tone	3
tomorrow	3
tomb	3
toll	3
told	3
together	3
tints	3
thrilling	3
thrill	3
thoughtful	3
thanks	3
thank	3
tender	3
task	3
talk	3
sword	3
surges	3
supreme	3
stroke	3
strife	3
strains	3
strain	3
stormy	3
storms	3
stone	3
stirs	3
stirred	3
splendid	3
south	3
soars	3
soar	3
slowly	3
slender	3
sinking	3
sink	3
sin	3
silence	3
sides	3
showers	3
show	3
shocks	3
shell	3
shared	3
shadowy	3
shadow	3
shades	3
seraphim	3
seeks	3
search	3
scarce	3
sail	3
s	3
rude	3
rt	3
rove	3
room	3
river	3
riven	3
rights	3
restore	3
renewed	3
remotest	3
remains	3
religion	3
relief	3
reflects	3
redeem	3
recall	3
rear	3
raptures	3
rapture	3
raise	3
rainbow	3
prime	3
prevail	3
praises	3
poverty	3
poor	3
play	3
plan	3
passion	3
parting	3
parents	3
pant	3
orphan	3
note	3
north	3
none	3
need	3
muse	3
much	3
moss	3
monarch	3
moments	3
million	3
middle	3
melody	3
mast	3
margin	3
maidens	3
lovers	3
longing	3
longer	3
lofty	3
locks	3
listen	3
list	3
liquid	3
linked	3
liberty	3
lesson	3
length	3
lends	3
leaf	3
lays	3
lave	3
latent	3
late	3
kindly	3
kept	3
just	3
judah	3
jordan	3
isles	3
iron	3
intervals	3
insure	3
impart	3
immortal	3
ills	3
ice	3
i've	3
hued	3
houses	3
hot	3
hosts	3
holds	3
hide	3
heavy	3
heaves	3
heavens	3
hearth	3
hate	3
harbour	3
halls	3
hall	3
half	3
gun	3
groves	3
group	3
grieve	3
grew	3
grecian	3
grave	3
grateful	3
godlike	3
goal	3
glows	3
gloom	3
glittering	3
gleam	3
glance	3
gild	3
gifts	3
giant	3
gently	3
garden	3
frost	3
friendly	3
fragrant	3
forehead	3
foot	3
font	3
foes	3
foe	3
floating	3
flit	3
fir	3
fill	3
field	3
fate	3
farthest	3
farewell	3
famous	3
faithless	3
fairest	3
fairer	3
explore	3
expanse	3
evils	3
essays	3
enough	3
echoes	3
dwellers	3
dwelled	3
dull	3
dry	3
drops	3
dove	3
dispense	3
dies	3
died	3
didst	3
desolation	3
desolate	3
delights	3
delicate	3
deck	3
dearest	3
dawn	3
dashed	3
dart	3
darkest	3
daring	3
crushed	3
crowns	3
crowned	3
crew	3
course	3
cottage	3
cool	3
control	3
command	3
close	3
clear	3
claims	3
church	3
christ	3
chieftain	3
cherished	3
cherish	3
cheek	3
chaos	3
changed	3
change	3
cell	3
celestial	3
catch	3
car	3
bygone	3
build	3
broke	3
brings	3
breezes	3
breathe	3
breaking	3
bread	3
branches	3
bowers	3
bowed	3
boundless	3
boston	3
boon	3
bonds	3
boat	3
blazing	3
blaze	3
blast	3
blade	3
bind	3
beyond	3
between	3
bethlehem	3
bends	3
behind	3
bee	3
beams	3
beam	3
bars	3
balmy	3
ask	3
arms	3
arise	3
appears	3
angels	3
anew	3
ancient	3
airy	3
aged	3
age	3
after	3
add	3
abode	3
*	3
(	3
"	3
•	2
»	2
zephyr	2
youthful	2
yore	2
yonder	2
y	2
xahant	2
wretches	2
wreathy	2
wrath	2
wrapped	2
wounds	2
worthless	2
worn	2
wooes	2
won	2
wish	2
wisdom	2
wipes	2
wilt	2
wile	2
wildfowl	2
widowed	2
widow	2
whippoorwlll	2
whip	2
wherever	2
wheresoever	2
wend	2
ween	2
wear	2
ways	2
wasting	2
warriors	2
wanders	2
waking	2
wakes	2
waken	2
wail	2
w	2
visit	2
virtues	2
violets	2
village	2
victory	2
vexed	2
venus	2
veins	2
vapours	2
urns	2
universe	2
unite	2
u	2
tyrants	2
two	2
twinkling	2
tune	2
trust	2
troop	2
tried	2
tribes	2
treasured	2
treasure	2
tread	2
traveller	2
towering	2
tossing	2
torrents	2
tonight	2
tones	2
today	2
tinkling	2
throng	2
thrones	2
threw	2
thrall	2
thousands	2
thon	2
themselves	2
texture	2
ten	2
tempted	2
tearful	2
taste	2
sympathy	2
sweets	2
sweetly	2
sweeter	2
sway	2
swampscot	2
swallows	2
surrounded	2
supplies	2
sunshine	2
sunset	2
suns	2
sunk	2
summit	2
sullen	2
succour	2
struck	2
strown	2
strove	2
stretching	2
stretched	2
street	2
streams	2
stray	2
steep	2
steel	2
steals	2
stayed	2
standing	2
spurn	2
spot	2
spoken	2
spoke	2
spent	2
spell	2
spear	2
sparrow	2
southern	2
sounds	2
sounding	2
songs	2
sometimes	2
sole	2
softly	2
sod	2
society	2
snow-white	2
snare	2
snake	2
smoke	2
smiled	2
slumber	2
slept	2
sleeps	2
slave	2
skilful	2
skiffs	2
sits	2
sion	2
sings	2
simple	2
silken	2
silently	2
shuts	2
shrouded	2
shows	2
short	2
shipwrecked	2
ships	2
shelter	2
sheds	2
shame	2
sever	2
serpent	2
seraphs	2
seraphic	2
sending	2
selfishness	2
sego	2
seeing	2
sedate	2
sects	2
seat	2
seaman	2
seal	2
scream	2
scaly	2
says	2
saugus	2
sang	2
samarcand	2
safety	2
safe	2
sadly	2
saddened	2
rustic	2
roman	2
rod	2
robe	2
roamed	2
rippling	2
rill	2
rhyme	2
returning	2
replied	2
rejoicing	2
regret	2
regions	2
refreshed	2
refinement	2
recompense	2
reckless	2
realm	2
read	2
rapid	2
ran	2
ramble	2
raised	2
rage	2
quiver	2
quite	2
purest	2
proved	2
prospects	2
prophets	2
prophet	2
promise	2
proclaim	2
prince	2
primal	2
pressed	2
prayers	2
powers	2
potent	2
porphyry	2
point	2
plenty	2
pledged	2
please	2
plants	2
planned	2
plains	2
placed	2
pink	2
pinions	2
pillow	2
pile	2
piety	2
phiz	2
pervading	2
perish	2
perfection	2
pennon	2
pecan	2
pearly	2
pearls	2
peal	2
patient	2
party	2
parent	2
pare	2
paradise	2
pang	2
pane	2
palm	2
palaces	2
pageant	2
owe	2
ours	2
ought	2
origin	2
order	2
ordained	2
orb	2
off	2
noxious	2
nothing	2
noon	2
ni	2
nerve	2
neglect	2
nazareth	2
names	2
n	2
mutual	2
murmuring	2
murmur	2
mournful	2
mount	2
mound	2
moonlight	2
modes	2
mockery	2
mists	2
misfortune	2
mirrored	2
minds	2
mien	2
merry	2
melodies	2
measured	2
mc	2
master	2
massy	2
mass	2
marriage	2
marked	2
mark	2
mar	2
maple	2
majesty	2
maj	2
lynn	2
lust	2
lovest	2
loveliest	2
load	2
listening	2
listened	2
limb	2
lighten	2
lighted	2
lifts	2
lend	2
learn	2
lead	2
law	2
launched	2
latticed	2
lady	2
ladies	2
laden	2
knights	2
kindness	2
june	2
joyful	2
jove	2
jarred	2
j	2
island	2
intellectual	2
inspires	2
illume	2
icy	2
hurled	2
hundred	2
hum	2
hull	2
howling	2
house	2
host	2
honour	2
ho	2
himself	2
highest	2
henceforth	2
held	2
heavenly	2
heave	2
heat	2
hears	2
heal	2
heads	2
hath	2
harvest	2
harry	2
happiness	2
happier	2
hangs	2
hail	2
h	2
gushing	2
guilt	2
guess	2
grey	2
greater	2
gratitude	2
grasp	2
graces	2
goodness	2
glories	2
gloomy	2
globe	2
glimmered	2
glen	2
glades	2
girl	2
gilds	2
gifted	2
geove	2
gentlest	2
genius	2
genial	2
gemmed	2
gazer	2
gain	2
future	2
fury	2
fulfil	2
frosted	2
freshness	2
fresh	2
frances	2
fragrance	2
fox	2
founts	2
fount	2
forma	2
forget	2
fondly	2
fondest	2
follow	2
foliage	2
folded	2
flung	2
flowing	2
flowed	2
floods	2
floats	2
flight	2
flies	2
fleeting	2
fleecy	2
flaming	2
flag	2
fills	2
filling	2
fight	2
fevered	2
fertile	2
fellow	2
features	2
feathered	2
feast	2
farewells	2
fame	2
falsehood	2
falls	2
falling	2
fallen	2
faiths	2
faint	2
fain	2
fail	2
f.iirest	2
existence	2
eventide	2
eternity	2
essential	2
essayed	2
entered	2
enrapturing	2
england	2
enfold	2
endured	2
endued	2
endears	2
endearing	2
enchanting	2
enchanted	2
empire	2
emotions	2
emma	2
emeralds	2
embrace	2
edge	2
east	2
earthquake	2
ear	2
dye	2
dust	2
due	2
dropping	2
drank	2
doubt	2
door	2
done	2
domes	2
does	2
dizzy	2
displays	2
displayed	2
direct	2
dews	2
dewdrops	2
destroy	2
depth	2
deplore	2
dells	2
deer	2
deemed	2
deeds	2
decree	2
deadly	2
daylight	2
david	2
dashes	2
dash	2
dare	2
dance	2
dagger	2
curse	2
currents	2
curling	2
crown	2
crossed	2
cross	2
creative	2
coverts	2
countless	2
corn	2
constant	2
conscious	2
connubial	2
congenial	2
companion	2
coming	2
columbia	2
climb	2
classic	2
clad	2
circles	2
choir	2
chill	2
cherubim	2
cherub	2
chaste	2
chased	2
chase	2
charm	2
chant	2
chance	2
chamber	2
chains	2
chain	2
cedar	2
ceaseless	2
caverns	2
cattle	2
castles	2
carpeted	2
carnage	2
careering	2
cape	2
canoe	2
calls	2
calling	2
busy	2
burr	2
burnished	2
burden	2
brought	2
broken	2
brightened	2
bridal	2
breathing	2
breathed	2
breaks	2
braved	2
brand	2
branch	2
bounded	2
boldly	2
blind	2
blighted	2
blight	2
blessings	2
blessing	2
bleeding	2
bleed	2
bj	2
bis	2
billow	2
bids	2
better	2
bending	2
beloved	2
beholds	2
began	2
beds	2
became	2
bearing	2
battlements	2
ball	2
b	2
azure	2
awful	2
awakes	2
awake	2
aught	2
astray	2
ashes	2
ascend	2
artless	2
arm	2
arid	2
arching	2
any	2
answer	2
angry	2
ample	2
ami	2
aloft	2
almost	2
allure	2
alas	2
aim	2
afric	2
accents	2
abundance	2
abroad	2
[	2
!-	2
■every	1
•ho	1
•god	1
}	1
zarepath	1
z	1
youths	1
yours	1
younglings	1
yo	1
yielding	1
yield	1
yells	1
yell	1
yearly	1
ye're	1
ycaia	1
yc	1
xn	1
wrung	1
wrought	1
wronged	1
written	1
writhes	1
writhe	1
wretch	1
wrenched	1
wrecks	1
wreaths	1
wreath	1
wreak	1
wrathful	1
wrap	1
wove	1
wouxded	1
wound	1
would'st	1
worthy	1
worshipped	1
worse	1
workers	1
wooed	1
woody	1
woo	1
wonderful	1
wolf	1
woftdiwo&tb	1
woed	1
wki.l	1
witter	1
witers	1
wished	1
wisely	1
wise	1
wis	1
wipe	1
winning	1
window	1
willows	1
willow	1
wiilri'ookwill	1
wight	1
whorls	1
whither	1
whispers	1
whirring	1
whirls	1
whippoorwiu	1
whippoorwille	1
whipped	1
whereon	1
where^man	1
whelming	1
whelm	1
wheels	1
whales	1
whale	1
wet	1
western	1
wells	1
well-known	1
welkin	1
wedded	1
wed	1
webster	1
wears	1
weapon	1
weal	1
weak	1
wbom	1
wayward	1
wayi	1
wavo	1
wavelets	1
waved	1
watery	1
waterfowl	1
watching	1
watchful	1
watched	1
washed	1
wars	1
warrior	1
warmth	1
warmly	1
warmer	1
warmed	1
ward	1
wanting	1
wandering	1
wanderer	1
wand	1
wampum	1
walnut	1
wall	1
waked	1
waited	1
wait	1
wailing	1
wafting	1
wading	1
waded	1
vow	1
votive	1
vonderwort	1
volume	1
vocal	1
vn	1
vlsitest	1
violate	1
vinton	1
vine	1
viiitingi	1
vigils	1
views	1
viewless	1
vie	1
victims	1
vesture	1
vestment	1
vest	1
vesper	1
verned	1
verge	1
ventured	1
vengeful	1
vene	1
veiling	1
veiled	1
vegetation	1
veer	1
vaulted	1
vapour	1
vanished	1
value	1
valleys	1
vales	1
usurps	1
ust	1
useless	1
useful	1
urn	1
urged	1
urchin	1
upward	1
uprose	1
uprolledl	1
uprears	1
upper	1
upland	1
upholding	1
upholdest	1
upheld	1
unveiled	1
unvaried	1
unused	1
untried	1
untold	1
unto	1
untimely	1
unsullied	1
unspeakable	1
unsheathed	1
unscared	1
unrolled	1
unreal	1
unmoved	1
unmixed	1
unmindful	1
unknown	1
unknowing	1
unites	1
union	1
unhealthy	1
unharmed	1
unfolds	1
unfold	1
unexhausted	1
unexerted	1
undying	1
undone	1
undisturbed	1
understand	1
under	1
undefined	1
undecayed	1
uncurst	1
unconscious	1
unceasingly	1
unbroken	1
uiat	1
ud	1
ua	1
tyrant	1
tyrannous	1
typified	1
twinkled	1
twines	1
twined	1
twigs	1
turns	1
turbulent	1
turbid	1
tuneful	1
tuee	1
tube	1
tub	1
trusting	1
trunnel	1
troops	1
trod	1
triumphal	1
trills	1
tries	1
tribute	1
triads	1
trembled	1
tremble	1
treeless	1
traverse	1
trampled	1
traitor	1
tracks	1
trackless	1
toxd	1
touched	1
torturing	1
torrid	1
tore	1
tor	1
topsail	1
top	1
took	1
toiling	1
toe	1
todj	1
tn	1
tlei	1
title	1
tinging	1
tinged	1
tine	1
timid	1
times	1
tills	1
tilling	1
tilings	1
tile	1
tiger	1
ti	1
thundering	1
thrush	1
thrown	1
throne	1
throbbing	1
thrilled	1
thousand^woes	1
thoud'st	1
tho't	1
thistle	1
thirsty	1
thirst	1
thinks	1
thickening	1
thftt	1
thence	1
theirstore	1
theirs	1
the.call	1
thanksgiving	1
tet	1
testimony	1
tenth	1
tempt	1
temples	1
tempests	1
telt	1
teeth	1
tea	1
te	1
tbua	1
tbjno	1
tbej	1
tasted	1
tassels	1
taper	1
tales	1
takes	1
taken	1
tabernacles	1
systems	1
swung	1
swords	1
swoop	1
swollen	1
swim	1
swiftly	1
swift	1
swerve	1
swept	1
swelling	1
swelled	1
sweetness	1
sweep	1
swayed	1
swampacot	1
swallow	1
sutler	1
sustained	1
sustain	1
susceptlons	1
surveying	1
surprising	1
surprise	1
surpassed	1
surge	1
surface	1
surest	1
surely	1
sure	1
support	1
supplied	1
sunlit	1
sunflower	1
sunbeam	1
summons	1
summits	1
sultry	1
sullied	1
suffused	1
sufficient	1
suffering	1
suffered	1
successive	1
subterranean	1
substitutes	1
submissive	1
sublimest	1
stye	1
stupendously	1
stupendous	1
stunned	1
stun	1
sttll	1
strung	1
stronger	1
striving	1
striven	1
strive	1
striped	1
stripe	1
strings	1
strictest	1
strewn	1
strew	1
stretch	1
streamlets	1
streaming	1
streamers	1
streak	1
straying	1
strayed	1
straw	1
strangers	1
strained	1
straight	1
story	1
storied	1
stoop	1
stones	1
stole	1
stock	1
stir	1
stinted	1
stings	1
stifled	1
stepped	1
stenest	1
stems	1
stem	1
steer	1
steeples	1
steeple	1
steal	1
steady	1
stay	1
stately	1
starving	1
startles	1
starlight	1
stare	1
stanzas	1
stanza	1
stamp	1
stains	1
stainless	1
st	1
squandered	1
squadrons	1
spy	1
spurns	1
spreading	1
sprang	1
spouting	1
spousal	1
spotted	1
sportive	1
splits	1
split	1
spite	1
spire	1
spheres	1
speeds	1
speech	1
sped	1
spectre	1
spectator	1
specks	1
speakest	1
sparkled	1
sparkle	1
spar	1
spangled	1
span	1
soula	1
sore	1
soothes	1
soothe	1
sooth	1
soonest	1
solyma	1
solitudes	1
solitary	1
solicitude	1
solemn	1
solace	1
soitows	1
societies	1
so2tg	1
snug	1
smilingly	1
slumbers	1
slumbering	1
slumbered	1
sloping	1
slim	1
slew	1
slavery	1
slaughters	1
slaughter	1
skiff	1
six	1
sirius	1
sires	1
sins	1
sinks	1
singing	1
singest	1
sinee	1
sincere	1
simplest	1
simoom	1
silvery	1
signs	1
sign	1
sighs	1
sighed	1
sickness	1
sickly	1
sick	1
si	1
shy	1
shun	1
shrouds	1
shroud	1
shriue	1
shrines	1
shrill	1
shriekings	1
shrieking	1
shriek	1
shown	1
shower	1
shouts	1
shout	1
shouldst	1
shorn	1
shook	1
sho	1
shield	1
shepherds	1
shepherd	1
sheltering	1
shelly	1
sheila	1
sheep	1
shedding	1
sheathed	1
shaupuii	1
sharks	1
shares	1
sharer	1
shapeless	1
shape	1
shammed	1
shallow	1
shakes	1
shafts	1
shaded	1
setting	1
sets	1
servile	1
serrknt	1
seest	1
sees	1
seeming	1
sedge	1
secure	1
sect	1
seaweed	1
seasons	1
season	1
seamen	1
seabirds	1
scornful	1
scorned	1
scorched	1
scope	1
school	1
scented	1
scent	1
scattered	1
scars	1
scarlet	1
scarf	1
scaree	1
scarcely	1
scaped	1
scan	1
saved	1
satis	1
sating	1
sappho	1
sapphire	1
salvation	1
salaam	1
saints	1
sailing	1
sailed	1
safes	1
safely	1
sadness	1
sacrifice	1
sacramental	1
sacrament	1
sachem	1
ruthless	1
rustling	1
rustled	1
rushing	1
rush	1
runs	1
rules	1
rule	1
ruin	1
rue	1
rowed	1
roucht	1
rosy	1
roses	1
rosebuds	1
rorest	1
rope	1
rooted	1
rooks	1
roof	1
roe	1
rocking	1
robin	1
robbers	1
rob	1
roars	1
roams	1
rivers	1
risking	1
ripples	1
ripple	1
rings	1
ring	1
rills	1
rilla	1
rightful	1
righteous	1
riding	1
richest	1
richer	1
rewards	1
revere	1
reveals	1
revealing	1
returns	1
retires	1
retirement	1
retired	1
retire	1
retains	1
resurrection	1
resurgent	1
resumes	1
resume	1
result	1
restored	1
restless	1
resting	1
rested	1
responses	1
response	1
resplendent	1
resounding	1
resound	1
resort	1
requite	1
reposes	1
reply	1
repine	1
repay	1
repair	1
repaid	1
renovate	1
renew	1
rends	1
removed	1
remote	1
remorse	1
remnant	1
remembrances	1
remembrance	1
remembered	1
remain	1
reluctant	1
relation	1
rejoice	1
reigns	1
reigning	1
regulus	1
regards	1
refulgent	1
refuge	1
refreshing	1
reflection	1
reflecting	1
reflected	1
redolent	1
redemption	1
recollections	1
recollect	1
reclines	1
recline	1
received	1
receive	1
receding	1
rebound	1
rears	1
reared	1
reap	1
reads	1
readied	1
reader	1
raves	1
ravens	1
rave	1
rapturous	1
raptured	1
rapt	1
rang	1
rambles	1
raleigh	1
rainbows	1
rages	1
radiance	1
racks	1
rack	1
rabbits	1
quietly	1
quick	1
question	1
quench	1
queenly	1
queen	1
pyramid	1
pylades	1
put	1
purity	1
published	1
public	1
psaltery	1
prtat	1
proudly	1
proudest	1
protuberances	1
protecting	1
prosperity	1
proportion	1
proof	1
pronounced	1
pronounce	1
prompt	1
prom	1
prolonged	1
prolong	1
proflers	1
proffer	1
produce	1
proclamation	1
proclaims	1
prized	1
privilegea	1
private	1
prison	1
print	1
principle	1
princess	1
primary	1
priests	1
priesthood	1
priceless	1
prey	1
prevails	1
pressure	1
press	1
preserves	1
preseot«t	1
presents	1
presented	1
prepared	1
prelate	1
preferred	1
precipitated	1
preceding	1
preaenc%	1
preachers	1
prayed	1
potency	1
possessed	1
portrayed	1
portion	1
pool	1
ponder	1
pond	1
politic	1
pole	1
polar	1
pointers	1
poetic	1
poeteaa	1
poesy	1
pocahontas	1
plunges	1
plunged	1
plumy	1
plumes	1
plumed	1
plucks	1
plucked	1
plowees	1
plight	1
pleiads	1
pledge	1
pleasing	1
pleased	1
pleasantly	1
played	1
plato	1
plat	1
plastic	1
plant	1
plank	1
planets	1
planet	1
plaint	1
pity	1
pirate	1
pious	1
pines	1
pined	1
pinea	1
pilla/s	1
pilgrim	1
piles	1
piled	1
pierced	1
pierce	1
pieces	1
pictures	1
pictured	1
phclfic	1
pewit	1
persecuted	1
perishing	1
perished	1
perfume	1
perch	1
perceptive	1
peopled	1
peninsula	1
pen	1
pekln	1
peerless	1
peered	1
peer	1
peculiar	1
pebbles	1
pebblei	1
pebbled	1
peasant	1
pearl	1
peals	1
pays	1
pavilioned	1
paused	1
pause	1
pathway	1
partner	1
partial	1
parted	1
partakes	1
partake	1
panther	1
pangs	1
paly	1
palmy	1
pallid	1
palace	1
painter	1
painted	1
paid	1
pageants	1
p	1
owns	1
owned	1
owls	1
overturn	1
overtake	1
overhead	1
overcast	1
outvied	1
outshone	1
outline	1
outcast	1
ouf^ame	1
otway	1
otherworlds	1
oswego	1
ossian	1
oscar	1
orison	1
orient	1
orders	1
oppressed	1
opening	1
opened	1
open	1
oped	1
ootta~	1
ooaan	1
onnahahton	1
ones	1
omnipotence	1
om	1
oil	1
ofti	1
offending	1
odours	1
ode	1
oceans	1
ocapwl	1
observant	1
obeyed	1
obey	1
oar	1
oalm	1
oaken	1
o'ershaded	1
o'erpowering	1
o'erlooked	1
o'erlay	1
nsh	1
np	1
notl	1
notice	1
nothingness	1
norway	1
noontide	1
noisy	1
nods	1
nod.and	1
nod	1
noblest	1
nile	1
nil	1
nights	1
nighthawk	1
newfoundland	1
neva	1
nest	1
negro	1
neglected	1
needs	1
navigators	1
natures	1
nativity	1
named	1
mysteries	1
myriads	1
mute	1
mussey	1
mushing	1
murmured	1
murmun	1
murder	1
multitude	1
multiplied	1
ms	1
mourners	1
mourner	1
mourn	1
mounds	1
mouldered	1
motive	1
motion	1
moruiug	1
mortals	1
moral	1
moonlit	1
moonbeams	1
moonbeam	1
mood	1
months	1
month	1
monster	1
monadnock	1
molest	1
modest	1
mocks	1
mock	1
moaning	1
moan	1
mlghtv	1
misty	1
mistress	1
mister	1
mistaken	1
mist	1
missionary	1
misery	1
mischief	1
minute	1
ministry	1
minister	1
mingled	1
miles	1
mexico	1
methinks	1
messenger	1
message	1
merrimack	1
merrily	1
meridian	1
mercy	1
mental	1
mem	1
melts	1
melancholy	1
meets	1
meed	1
meditate	1
meas	1
means	1
meaner	1
meal	1
meadow	1
mazy	1
mayest	1
maun	1
maturer	1
mats	1
matrons	1
maternal	1
mate	1
masses	1
marvel	1
mars	1
marks	1
marigold	1
march	1
mansion	1
manners	1
maniac	1
manhood	1
mandate	1
mammoth	1
malignant	1
malacca	1
majestic	1
maintenance	1
mailed	1
magician	1
magic	1
lvap	1
lute	1
lutba	1
lustrous	1
lured	1
lure	1
lulls	1
lull	1
lu	1
lter	1
lowly	1
lowing	1
lower	1
lowell	1
loving	1
loveth	1
lovelier	1
lovel	1
lovb	1
louder	1
lots	1
loss	1
lored	1
lore	1
loon	1
longs	1
longest	1
lonesome	1
loi	1
lock	1
llewellyn	1
lives	1
livelong	1
littlo	1
lit	1
lister	1
listens	1
listeners	1
lis	1
linnet	1
links	1
lines	1
limpid	1
limbs	1
lights	1
lightly	1
lightens	1
lift	1
lifeless	1
lifeblood	1
lids	1
lias	1
lewis	1
leucu	1
lesbian	1
legend	1
ledge	1
led	1
lebanon	1
leathern	1
learns	1
learning	1
learned	1
leaping	1
leans	1
leaning	1
leal	1
leafy	1
leafless	1
lea	1
lcngui	1
lazy	1
laws	1
lavish	1
laved	1
lavalette	1
laughing	1
laugh	1
laud	1
lattice	1
lashes	1
lashed	1
languid	1
lament	1
lamberton	1
lakes	1
lain	1
laid	1
la	1
kraken	1
koulla	1
kor^eave	1
ko	1
knows	1
knoweth	1
kneel	1
knee	1
km	1
kkji	1
kit	1
kissed	1
kisa	1
kird	1
kingly	1
kindlings	1
kindling	1
kindle	1
kindjy	1
kinder	1
kills	1
killest	1
kiel	1
kew	1
kerith	1
kerchief	1
kelpy	1
kelp	1
keel	1
keats	1
kahant	1
kafnah	1
juniper	1
judea	1
jsahant	1
joyfulness	1
jovial	1
journeyed	1
journey	1
joumeyers	1
jonah	1
joliba	1
joined	1
john	1
jewels	1
jewel	1
jesus	1
jest	1
jehovah	1
jeans	1
jaunt	1
jarring	1
january	1
ivory	1
itself	1
items	1
ita	1
israel	1
iso	1
islands	1
inwrought	1
invoke	1
invisible	1
interminable	1
interests	1
interest	1
instinct	1
inspiring	1
inspired	1
inspiration	1
insight	1
insects	1
inner	1
inmost	1
inlaid	1
injured	1
inhales	1
inhale	1
influence	1
infant	1
inew	1
ineffable	1
inducing	1
indubitable	1
indignant	1
indians	1
indeed	1
increasing	1
inclined	1
incessant	1
impregnable	1
importune	1
impels	1
immortals	1
immaculate	1
imbued	1
imaginings	1
images	1
image	1
ilwn	1
illumes	1
ilery	1
iio	1
iiarpings	1
iiagrada	1
ihelli	1
ihe	1
igonj	1
iflre	1
ifaaubft	1
if't	1
ibj	1
ia	1
i6	1
i'd	1
hydra	1
hy	1
hxraiox	1
hunter	1
hummingbird	1
humfrey	1
humanlike	1
hues	1
hue	1
howl	1
howe'ermy	1
hotel	1
horse	1
horny	1
horn	1
hooting	1
hoot	1
hook	1
honours	1
honoured	1
honk	1
honeysuckle	1
honest	1
homaged	1
homage	1
hollow	1
hoard	1
hnmble	1
hlf	1
hive	1
hite	1
hit	1
history	1
hilt	1
highlands	1
highland	1
hies	1
hidden	1
hid	1
hi	1
hers	1
hero	1
hermit	1
herb	1
hence	1
hemlock	1
helpless	1
helms	1
hell	1
helicon	1
heed	1
hebrew	1
hearty	1
heartfelt	1
hearing	1
hearest	1
hawthorn	1
having	1
haunts	1
haunt	1
haughty	1
hatred	1
hateful	1
hat	1
hastening	1
harps	1
harmony	1
harmonies	1
harmless	1
harmed	1
harks	1
hard	1
happily	1
happiest	1
hang	1
hands	1
han	1
hamlet	1
haired	1
hades	1
hade	1
gushes	1
gush	1
gurgling	1
gurgles	1
gulls	1
gull	1
gulf	1
guides	1
guided	1
guards	1
gsovb	1
growth	1
grotto	1
grot	1
groan	1
griefs	1
greet	1
greenwood	1
grecia	1
grazing	1
graves	1
gravel	1
grated	1
grape	1
granite	1
grand	1
gracious	1
gracefulness	1
governed	1
gothic	1
gospel	1
gore	1
goose	1
glossy	1
glitter	1
glimmering	1
glimmer	1
gliding	1
glides	1
glided	1
glassy	1
glassed	1
glass	1
gladsomeness	1
glads	1
gladdened	1
gladden	1
girt	1
gilding	1
gift	1
ght	1
gertrude	1
geovb	1
gennesaret	1
gem'd	1
gazing	1
gazelle	1
gathering	1
gather	1
gate	1
gaove	1
gaols	1
gall	1
galilee	1
gales	1
galaxy	1
gains	1
fulfilled	1
fuel	1
fts	1
ftnd	1
fry	1
fruits	1
fruit	1
frram	1
frowning	1
frown	1
fron	1
frighted	1
friendships	1
freshest	1
frequented	1
frequent	1
freezing	1
freeze	1
freest	1
frayed	1
frame	1
fragments	1
fowler	1
fouut	1
fountains	1
foul	1
fought	1
fortune	1
forgone	1
foreign	1
forego	1
foredoomed	1
foreboding	1
force	1
foolish	1
fondness	1
folly	1
following	1
followers	1
folks	1
folk	1
fold	1
foamt	1
foams	1
flyt	1
flying	1
flutters	1
fluttering	1
flutter	1
flu	1
flsh	1
flows	1
flown	1
floor	1
flocks	1
flock	1
float	1
flitted	1
flits	1
flings	1
fleet	1
flee	1
flecked	1
fleck	1
flaw	1
flaunt	1
flattered	1
flashing	1
flashed	1
flap	1
flake	1
flagging	1
fixed	1
fit	1
fissures	1
fishermen	1
finny	1
fine	1
finding	1
fifty	1
fiercely	1
fettered	1
festal	1
fertilised	1
female	1
fellows	1
feigned	1
feeble	1
feasts	1
feasted	1
fearthe	1
fearless	1
fearful	1
fche	1
favouring	1
favoured	1
fault	1
fathoms	1
fast	1
fashioned	1
fashion	1
fascinating	1
farmerwas	1
fanny	1
fanning	1
fane	1
fancy	1
fancifully	1
fan	1
family	1
famed	1
faltering	1
false	1
fairyland	1
fainting	1
fainter	1
failed	1
fabric	1
fable	1
f	1
eyed	1
extremity	1
extend	1
expressive	1
expressed	1
express	1
explores	1
expiring	1
expand	1
existent	1
exert	1
except	1
exceedingly	1
examples	1
exalts	1
exalted	1
everywhere	1
everything	1
evermore	1
everlasting	1
evergreen	1
euphony	1
eternally	1
esteem	1
essay	1
erst	1
erring	1
erive	1
erf	1
equal	1
entrusts	1
enticingly	1
enthusiast	1
enters	1
enshrined	1
enraptured	1
enlarge	1
enjoyments	1
enjoyed	1
enjoy	1
engraved	1
energy	1
enemies	1
endowed	1
endow	1
end	1
encounter	1
enclosed	1
encircle	1
enchantments	1
enchantment	1
enamoured	1
emulation	1
empty	1
empress	1
emperor	1
emerald	1
else	1
eloquent	1
elm	1
el	1
ejta	1
eiergrecn	1
ehell	1
egean	1
effective	1
eels	1
eden	1
ecstasy	1
ebony	1
eaten	1
eat	1
easy	1
eastern	1
ease	1
ears	1
earnest	1
eaple	1
e&ootng	1
dyed	1
dwellings	1
duty	1
duteous	1
dungeons	1
dug	1
duck	1
dseek	1
drunk	1
drooped	1
driven	1
drive	1
drew	1
dressed	1
dress	1
drenched	1
dreary	1
drear	1
dreamy	1
dreads	1
dreadful	1
draws	1
draw	1
dram	1
drag	1
downy	1
doubled	1
doth	1
domestic	1
domain	1
dolphins	1
dog	1
dodo	1
dl	1
divinejl	1
diverging	1
distressed	1
distress	1
dispel	1
disowned	1
dismissed	1
disappointed	1
directing	1
din	1
dime	1
dignity	1
diamond	1
diadem	1
dewy	1
devoted	1
devils	1
destinies	1
designs	1
designed	1
design	1
descends	1
descending	1
descended	1
descend	1
deprived	1
deprive	1
deprivation	1
dense	1
dens	1
denied	1
den	1
demons	1
demands	1
dell	1
delighted	1
delicious	1
delicately	1
deigns	1
deign	1
deified	1
deform	1
deficient	1
defeat	1
deface	1
deeply	1
deeplj	1
deepest	1
deem	1
dedicate	1
decreed	1
declared	1
declare	1
deceive	1
deart	1
dearly	1
dealing	1
deafening	1
ddutt	1
dawned	1
dava	1
daughters	1
datzling	1
darlingnow	1
darkly	1
darkened	1
daringly	1
dar	1
dappled	1
dank	1
dangers	1
danger	1
dandelion	1
dancing	1
damp	1
damon	1
dale	1
daily	1
d	1
cycles	1
custom	1
cushion	1
curve	1
curses	1
curls	1
curl	1
cure	1
curaed	1
cups	1
cup	1
culls	1
cull	1
crystallised	1
cry	1
crushing	1
cruse	1
cruel	1
crowding	1
crowd	1
crosses	1
crocodile	1
critics	1
crimson	1
crime	1
cricket	1
crest	1
creatnrai	1
creation	1
created	1
create	1
creaking	1
crammed	1
crags	1
craggy	1
cracks	1
cowry	1
cowper	1
cowering	1
cousin	1
courts	1
court	1
courses	1
countenance	1
counted	1
counsels	1
council	1
couch	1
cottages	1
cots	1
cosy	1
costly	1
corses	1
corrupts	1
corruption	1
coronet	1
cord	1
coracles	1
copenhagen	1
cope	1
coot	1
conveyed	1
continued	1
content	1
consenting	1
conquest	1
conquers	1
congo	1
conflicting	1
confiding	1
confessed	1
conferred	1
confer	1
condescend	1
condemned	1
conceal	1
complete	1
complain	1
complacent	1
compelled	1
compasses	1
compare	1
company	1
como	1
communities	1
commotion	1
commandment	1
commanding	1
comet	1
columns	1
columbine	1
coloured	1
colonnades	1
collect	1
cohorts	1
coffin	1
coffers	1
cod	1
coast	1
coarse	1
co1tage	1
co	1
cmmt	1
clusters	1
clustering	1
cloudy	1
cloudless	1
clothes	1
closed	1
clod	1
cloak	1
clinging	1
climes	1
climbing	1
climbidg	1
climbed	1
clears	1
cleared	1
clays	1
clasped	1
civic	1
cities	1
citadels	1
circumscribe	1
circlet	1
circle	1
churches	1
christians	1
chords	1
chord	1
chirp	1
chinese	1
childhood	1
chief	1
chastening	1
charities	1
chaplet	1
chanted	1
chanm	1
changes	1
chambers	1
censer	1
cenotaph	1
celebrate	1
cedars	1
ceased	1
ceaae	1
caves	1
cautiously	1
causing	1
caused	1
cathedral	1
cataracts	1
cascades	1
carried	1
carl	1
cares	1
careless	1
canzonet	1
canst	1
cancel	1
camel	1
calvary	1
calmer	1
california	1
calendar	1
cain	1
caflre	1
cable	1
bykoh	1
bush	1
bursts	1
burst	1
buried	1
burda	1
bunflsh	1
buch	1
bubbles	1
btill	1
brush	1
brownish	1
brown	1
brotherhood	1
broods	1
brooded	1
brine	1
brim	1
brilliant	1
brightens	1
brighten	1
bridemaid	1
breezo	1
breathes	1
breaker	1
brandished	1
brake	1
brain	1
bpring	1
bower	1
bouthbt	1
bouis	1
bought	1
bouganvllle	1
bottom	1
bore	1
borders	1
book	1
bong	1
bolted	1
bolt	1
boll	1
body	1
bodies	1
boatmen	1
boasted	1
board	1
blushing	1
blushes	1
blow	1
blossoms	1
blooms	1
bloom	1
bloodless	1
block	1
blinded	1
blighting	1
blew	1
bleepy	1
bleeds	1
bleating	1
bleak	1
blasphemy	1
blamed	1
blame	1
black	1
bitterest	1
birthplace	1
birth	1
birchen	1
binds	1
biikok	1
bheus	1
beware	1
betimes	1
bestow	1
best	1
bespangled	1
besought	1
berve	1
berries	1
benches	1
belt	1
belongs	1
belief	1
beings	1
begun	1
beguiling	1
beguile	1
begins	1
befell	1
bees	1
becomes	1
become	1
because't	1
because	1
beautifully	1
beats	1
beating	1
beasts	1
bears	1
beaming	1
beacon	1
bbakspk	1
bayonets	1
baugus	1
battling	1
battle	1
battered	1
bath	1
base	1
barrier	1
barren	1
barefoot	1
bards	1
barbarian	1
bar	1
baptismal	1
bants	1
banquet	1
banners	1
banner	1
banished	1
bane	1
bands	1
balm	1
ballad	1
baedum	1
bad	1
bacon	1
ay	1
axe	1
awed	1
awe	1
avert	1
aud	1
auburn	1
atone	1
atomy	1
atoms	1
atlantic	1
asunder	1
ast	1
assumed	1
association	1
assistance	1
assert	1
assembled	1
assemblage	1
assail	1
aspire	1
asled	1
aslant	1
asked	1
aside	1
ashamed	1
ash	1
ascends	1
artist	1
arthur	1
artemisia	1
arrows	1
arrowed	1
array	1
arranged	1
army	1
armour	1
armed	1
aright	1
arcturus	1
arches	1
approach	1
applauding	1
appearanoes	1
apd	1
anthems	1
anthem	1
ant	1
animate	1
angling	1
angler	1
anger	1
and.so	1
and'klndled	1
anchor	1
ancestors	1
anarch	1
amber	1
amazed	1
amaranthine	1
amalefeite	1
alwnym	1
always	1
alternate	1
alter	1
altars	1
altar	1
aloud	1
alonzo	1
alligators	1
alien	1
alarms	1
alanson	1
aite	1
aimed	1
ail	1
aide	1
aid	1
aharte	1
agree	1
agony	1
agoiilzlngconscience	1
aganippe	1
ag	1
africa	1
afrfc	1
affright	1
adrift	1
adoreil	1
adored	1
admiring	1
admires	1
admire	1
admiration	1
acts	1
actions	1
act	1
acres	1
acquainted	1
aching	1
accord	1
abyss	1
about	1
abject	1
abideth	1
?,	1
8aw	1
->	1
-;	1
-:	1
-.	1
';	1
',	1
&*jt	1
&	1
".	1
!.	1
