,	6711
the	3730
.	2661
and	2208
—	1812
of	1213
to	1173
a	1087
in	1079
!	1042
i	1038
'	971
that	633
with	631
my	621
for	600
|'s|	585
as	542
|romannumeral|	541
her	495
on	446
;	435
is	434
it	408
from	390
his	388
?	384
me	380
not	365
she	344
we	324
all	324
love	322
he	306
thee	287
but	285
thy	282
thou	282
by	280
at	267
be	248
so	245
you	237
which	225
:	224
no	213
god	210
when	205
if	205
this	203
their	201
have	201
or	198
was	194
they	187
are	185
our	184
one	180
up	176
|arabic3digit|	169
through	169
who	162
will	161
o	157
shall	156
eyes	150
your	148
did	145
upon	144
heart	144
out	143
down	142
them	140
like	138
would	137
.'	135
while	134
may	134
what	132
little	130
where	129
its	128
ye	125
then	120
slowly	120
were	119
us	115
said	115
toll	113
face	113
now	112
can	112
earth	111
him	109
than	108
more	108
yet	107
sun	106
there	105
life	104
do	104
look	101
too	99
see	97
dead	97
soul	96
own	94
had	94
still	93
light	91
tears	90
over	90
such	87
child	87
sweet	86
mine	85
an	85
oh	83
let	83
only	82
never	82
could	80
go	79
hand	78
how	77
fair	77
am	77
say	76
man	76
though	74
thine	74
mother	74
death	74
world	72
think	69
heaven	68
white	67
thought	66
smile	66
sleep	66
head	66
ever	66
!'	66
these	64
silence	64
should	64
pan	64
hear	64
day	64
(	64
rose	63
nor	63
each	63
round	62
has	62
flowers	62
art	62
last	61
old	60
name	60
come	60
before	60
voice	59
first	59
dream	59
some	58
beside	58
river	56
once	56
here	56
away	56
|arabic1digit|	55
till	55
must	55
beloved	55
place	54
men	54
low	54
deep	54
heard	53
done	53
back	53
word	52
within	52
spirit	52
poet	52
long	52
pale	51
made	51
above	51
strong	50
sound	50
none	50
calm	50
time	49
grave	49
beneath	49
without	48
very	48
those	48
stand	48
lady	48
hands	48
wind	47
might	47
make	47
into	47
high	47
dark	47
cold	47
alone	47
young	46
song	46
trees	45
sight	45
near	45
lips	45
feet	45
dear	45
cloud	45
other	44
n	44
loved	44
words	43
looked	43
keep	43
around	43
speak	42
same	42
angels	42
ah	42
well	41
right	41
music	41
know	41
green	41
good	41
bride	41
new	40
half	40
great	40
call	40
things	39
since	39
night	39
father	39
fast	39
children	39
whose	38
tree	38
seen	38
sea	38
free	38
because	38
any	38
angel	38
again	38
two	37
take	37
stood	37
full	37
true	36
thus	36
soft	36
nature	36
left	36
far	36
birds	36
beauty	36
run	35
rest	35
holy	35
glory	35
fall	35
cannot	35
breath	35
wild	34
sing	34
page	34
loving	34
lie	34
hills	34
hath	34
golden	34
feel	34
drop	34
air	34
years	33
used	33
red	33
nay	33
lay	33
close	33
bright	33
)	33
vow	32
singing	32
leave	32
grief	32
dew	32
cry	32
along	32
sat	31
praise	31
most	31
many	31
human	31
hope	31
bring	31
both	31
among	31
went	30
weep	30
sweetest	30
stars	30
shadow	30
poor	30
knee	30
clear	30
between	30
being	30
behind	30
against	30
woman	29
wall	29
unto	29
touch	29
thoughts	29
summer	29
steed	29
pure	29
off	29
mouth	29
lost	29
live	29
give	29
foot	29
doth	29
black	29
beyond	29
weary	28
truth	28
souls	28
sky	28
seemed	28
seem	28
sad	28
purple	28
ground	28
die	28
change	28
brown	28
brow	28
blessed	28
answer	28
"	28
why	27
stone	27
sit	27
silent	27
ride	27
instead	27
hold	27
grew	27
gold	27
even	27
|arabic2digit|	26
tender	26
shining	26
m	26
grow	26
fell	26
ere	26
childhood	26
another	26
*	26
wilt	25
smiling	25
silver	25
past	25
ocean	25
noble	25
hearts	25
hair	25
garden	25
friends	25
evermore	25
dust	25
crown	25
bless	25
bird	25
wrong	24
vol	24
vn	24
tis	24
spirits	24
solemn	24
softly	24
sang	24
open	24
onora	24
hast	24
friend	24
floweth	24
dropped	24
came	24
blind	24
across	24
vision	23
skies	23
side	23
read	23
passion	23
neath	23
looks	23
leaves	23
bower	23
blood	23
bear	23
after	23
wood	22
weeping	22
under	22
sweetness	22
spake	22
sin	22
room	22
reach	22
pray	22
less	22
leaf	22
hill	22
every	22
door	22
crowned	22
best	22
way	21
turned	21
thing	21
sudden	21
slow	21
shade	21
part	21
need	21
morning	21
meet	21
grey	21
grace	21
enough	21
about	21
work	20
wings	20
wear	20
warm	20
self	20
pass	20
lover	20
kiss	20
joy	20
house	20
hour	20
eyelids	20
dost	20
cheek	20
brave	20
ay	20
wine	19
weak	19
sword	19
sunshine	19
strange	19
straight	19
star	19
shut	19
saw	19
much	19
living	19
knight	19
kept	19
grass	19
found	19
find	19
divine	19
break	19
born	19
walk	18
today	18
teach	18
struck	18
spring	18
sorrow	18
snow	18
rosary	18
others	18
moon	18
laugh	18
happy	18
gods	18
evil	18
broad	18
body	18
better	18
youth	17
year	17
yea	17
whom	17
voices	17
speech	17
smooth	17
smiled	17
priest	17
prayer	17
praised	17
pitiful	17
pain	17
mute	17
move	17
lord	17
lifted	17
knew	17
indeed	17
help	17
gone	17
fear	17
falling	17
dying	17
drew	17
dim	17
curse	17
comes	17
called	17
blue	17
bitter	17
yes	16
west	16
water	16
tremble	16
thunder	16
three	16
tear	16
small	16
show	16
sheep	16
shame	16
set	16
sense	16
second	16
scorn	16
roses	16
roll	16
quick	16
queen	16
proud	16
poets	16
laid	16
heavy	16
gave	16
fine	16
felt	16
east	16
count	16
clay	16
city	16
chamber	16
been	16
aloud	16
alas	16
woe	15
waters	15
use	15
upward	15
turn	15
throw	15
tell	15
strike	15
stream	15
shadows	15
sake	15
ring	15
rain	15
prove	15
oath	15
mountain	15
mind	15
merry	15
meek	15
lovely	15
lift	15
land	15
knelt	15
kissed	15
just	15
home	15
fire	15
eye	15
died	15
dare	15
childish	15
cast	15
burning	15
book	15
below	15
bell	15
!)	15
wife	14
waves	14
wait	14
vl	14
view	14
twixt	14
sounds	14
sooth	14
soon	14
son	14
sometimes	14
sir	14
sigh	14
shine	14
save	14
saints	14
praying	14
power	14
mild	14
met	14
master	14
mark	14
lilies	14
laughed	14
large	14
ladies	14
having	14
ha	14
faces	14
dreams	14
doubt	14
cross	14
cheeks	14
castle	14
bosom	14
behold	14
bed	14
also	14
wound	13
worthy	13
worth	13
won	13
wide	13
wheels	13
wandering	13
vain	13
unless	13
turning	13
tread	13
toward	13
together	13
swept	13
sung	13
shroud	13
sent	13
scarce	13
saith	13
safe	13
rather	13
put	13
pretty	13
prayers	13
praises	13
perhaps	13
nest	13
lily	13
least	13
lean	13
king	13
inward	13
image	13
h	13
glad	13
forehead	13
fly	13
flower	13
either	13
cup	13
build	13
brought	13
breast	13
blossoms	13
betwixt	13
beat	13
amid	13
ago	13
womanhood	12
wing	12
winds	12
vowed	12
tonight	12
told	12
swear	12
step	12
speaking	12
smiles	12
sleeping	12
sighing	12
ran	12
press	12
presence	12
pleasure	12
play	12
palm	12
onward	12
often	12
oft	12
nothing	12
mortal	12
makes	12
loud	12
looking	12
loneness	12
leigh	12
learned	12
kind	12
hundred	12
hid	12
heat	12
guess	12
gift	12
fit	12
faith	12
faint	12
end	12
earthly	12
drawn	12
despair	12
choose	12
changed	12
brother	12
brain	12
bold	12
altar	12
?'	12
whence	11
wet	11
wept	11
ween	11
ware	11
waiting	11
thinking	11
talk	11
tale	11
spread	11
sonnets	11
slumber	11
sits	11
sister	11
seems	11
people	11
passing	11
nightingale	11
mystic	11
miss	11
memory	11
memories	11
height	11
heavenly	11
harken	11
hard	11
growing	11
grasses	11
giveth	11
gently	11
gaze	11
future	11
forest	11
floor	11
fingers	11
f	11
ears	11
earnest	11
drops	11
doing	11
didst	11
delight	11
content	11
common	11
brows	11
breathe	11
bound	11
always	11
xn	10
woods	10
winter	10
wave	10
wake	10
until	10
underneath	10
twas	10
trod	10
took	10
throne	10
talked	10
symbol	10
strength	10
somewhat	10
something	10
shrine	10
serene	10
seeming	10
quickly	10
places	10
pity	10
passed	10
nr	10
nearer	10
napoleon	10
myself	10
murmur	10
moan	10
longer	10
itself	10
ill	10
honour	10
held	10
grows	10
grown	10
given	10
float	10
false	10
england	10
ear	10
dread	10
downward	10
days	10
darkness	10
cried	10
catch	10
carry	10
canst	10
brothers	10
bow	10
boat	10
blush	10
bloom	10
bees	10
ask	10
aright	10
."	10
xvn	9
worn	9
wonder	9
winding	9
win	9
whisper	9
wert	9
wed	9
watch	9
uses	9
top	9
tongue	9
tired	9
tenderly	9
taught	9
sure	9
strikes	9
stands	9
spinning	9
softened	9
sings	9
sign	9
seeing	9
scarcely	9
rocks	9
roar	9
rise	9
rhyme	9
pride	9
plain	9
ours	9
next	9
motion	9
mirth	9
maidens	9
loss	9
lonely	9
lies	9
leaping	9
leap	9
island	9
iron	9
hung	9
goes	9
gentle	9
gazing	9
gate	9
funeral	9
follow	9
flowing	9
flow	9
faster	9
falls	9
fain	9
except	9
english	9
ends	9
earl	9
e	9
dry	9
dog	9
dared	9
cover	9
complete	9
coldly	9
chapel	9
breaking	9
bowed	9
bough	9
blindly	9
blessing	9
backward	9
aye	9
apart	9
answered	9
anguish	9
albeit	9
agony	9
woodland	8
weight	8
troth	8
trembling	8
tower	8
tomorrow	8
therefore	8
taken	8
street	8
straightway	8
state	8
stair	8
st	8
sprang	8
sob	8
sitting	8
sinned	8
seven	8
seek	8
secret	8
seat	8
royal	8
root	8
rich	8
quoth	8
quiet	8
pulses	8
proved	8
portuguese	8
peace	8
palace	8
nought	8
nigh	8
moving	8
mock	8
measure	8
marble	8
lying	8
lightning	8
lead	8
lark	8
knees	8
kneel	8
kisses	8
keeping	8
jest	8
ivy	8
humanity	8
hound	8
hopes	8
hoof	8
ho	8
hide	8
heavens	8
harm	8
hall	8
greenly	8
get	8
gathered	8
front	8
fountain	8
forbear	8
followed	8
few	8
feeling	8
fancy	8
fail	8
eternity	8
enter	8
dumb	8
dull	8
duchess	8
draw	8
dews	8
deserted	8
desert	8
cursed	8
creation	8
corpse	8
corn	8
colours	8
closely	8
christ	8
charm	8
broken	8
bridegroom	8
breeze	8
boy	8
blow	8
blame	8
bee	8
battle	8
aside	8
arm	8
ancient	8
•	7
women	7
whole	7
wherein	7
waving	7
walked	7
waking	7
wail	7
vows	7
vm	7
valleys	7
vainly	7
uttered	7
utter	7
universe	7
twain	7
turns	7
trumpet	7
tried	7
times	7
thrown	7
sweeter	7
sunken	7
strife	7
speaketh	7
south	7
songs	7
sink	7
silken	7
silently	7
shook	7
shone	7
shed	7
sees	7
seas	7
saving	7
saint	7
sadness	7
sadder	7
sabbath	7
s	7
rv	7
runs	7
rising	7
rides	7
reed	7
reading	7
prison	7
princely	7
present	7
prayed	7
pour	7
poem	7
pleasures	7
playing	7
pilgrim	7
path	7
ones	7
nx	7
neck	7
mountains	7
moment	7
melancholy	7
meant	7
meadows	7
meadow	7
maiden	7
mad	7
lute	7
lose	7
lights	7
lieth	7
lids	7
liberty	7
level	7
leaning	7
lattice	7
kingly	7
higher	7
hidden	7
hearted	7
hears	7
hearing	7
grand	7
gloom	7
gifts	7
frost	7
forth	7
five	7
fallen	7
fairer	7
else	7
eden	7
droppeth	7
doves	7
dogs	7
departed	7
degree	7
defiled	7
cries	7
crept	7
creep	7
creature	7
court	7
company	7
coming	7
clouds	7
closed	7
chief	7
charge	7
certes	7
care	7
calmly	7
burden	7
brighter	7
breathed	7
boughs	7
bertram	7
begun	7
beautiful	7
beating	7
baby	7
babe	7
azure	7
anew	7
anear	7
age	7
afar	7
...	7
-	7
yesterday	6
xvm	6
wrought	6
write	6
wouldst	6
worse	6
worlds	6
worldly	6
wish	6
wise	6
window	6
willow	6
whatever	6
weal	6
watching	6
waste	6
visions	6
verily	6
valley	6
tuscan	6
tune	6
trust	6
triumph	6
trembled	6
track	6
tombs	6
tall	6
takes	6
swim	6
sweep	6
sunny	6
suddenly	6
strain	6
storm	6
stir	6
steep	6
steel	6
steeds	6
steady	6
staring	6
stall	6
springs	6
speaks	6
social	6
six	6
singer	6
simple	6
shore	6
sharp	6
shalt	6
scorning	6
scarlet	6
saying	6
sank	6
rush	6
running	6
rule	6
rolling	6
roan	6
ringlets	6
rays	6
rare	6
pull	6
promise	6
poetic	6
poems	6
plucked	6
pluck	6
pleasant	6
pause	6
patient	6
patience	6
pardon	6
outward	6
oneness	6
noises	6
noise	6
nobler	6
natural	6
names	6
murmuring	6
mourning	6
mournful	6
mood	6
months	6
moaning	6
mist	6
mere	6
meaning	6
madam	6
luti	6
lower	6
lovers	6
lo	6
lived	6
listen	6
linteged	6
line	6
lightly	6
lest	6
length	6
led	6
learn	6
leans	6
known	6
knightly	6
keeps	6
july	6
innocent	6
ingemisco	6
hush	6
hours	6
holds	6
hellas	6
guest	6
greek	6
goethe	6
glossy	6
glorious	6
glittering	6
glee	6
gazed	6
gay	6
game	6
further	6
fro	6
footsteps	6
fond	6
folded	6
fold	6
foe	6
flash	6
flame	6
fields	6
fetch	6
faithful	6
fade	6
early	6
eagle	6
duty	6
dropping	6
drinking	6
drink	6
dreary	6
dreamed	6
draws	6
drawing	6
dole	6
does	6
deeper	6
deathly	6
daughter	6
daisies	6
cypress	6
creatures	6
cometh	6
clung	6
climb	6
clasp	6
claim	6
churchyard	6
church	6
chill	6
chariot	6
chanting	6
changes	6
chair	6
bridal	6
breathing	6
breaks	6
bore	6
boon	6
blushed	6
blessings	6
bells	6
beheld	6
bay	6
b	6
aspect	6
antique	6
answers	6
adam	6
■	5
youths	5
xxm	5
xvl	5
written	5
wreath	5
wrath	5
wrack	5
withered	5
withal	5
wished	5
whiteness	5
whenever	5
wellaway	5
wears	5
ways	5
watched	5
wandered	5
walls	5
viewed	5
using	5
unlike	5
undone	5
undefiled	5
unaware	5
twice	5
truly	5
trouble	5
trembles	5
tied	5
thrushes	5
thrones	5
thorns	5
thorn	5
thin	5
themselves	5
theirs	5
thanks	5
tent	5
tempest	5
swoon	5
sward	5
swans	5
swan	5
suits	5
suffered	5
stroke	5
string	5
streams	5
stirred	5
stay	5
stately	5
stark	5
standing	5
standeth	5
stain	5
sphere	5
speed	5
smell	5
sleek	5
shows	5
showers	5
showed	5
shout	5
ship	5
shake	5
serve	5
serenely	5
separate	5
senses	5
seeth	5
seed	5
rushing	5
roots	5
rode	5
rock	5
rivers	5
rite	5
ringing	5
return	5
repose	5
remember	5
rein	5
ready	5
raised	5
rains	5
race	5
r	5
purely	5
pulse	5
psalm	5
point	5
pledge	5
played	5
planted	5
placed	5
pine	5
perfect	5
pastoral	5
passive	5
parting	5
overhead	5
nun	5
nuleeni	5
nodding	5
nights	5
narrow	5
muses	5
murmurs	5
moss	5
monarch	5
mission	5
midnight	5
loyal	5
loves	5
loose	5
lit	5
listening	5
linden	5
lifting	5
lea	5
laughter	5
kings	5
judgement	5
judge	5
impotent	5
il	5
humble	5
hot	5
horses	5
hoofs	5
hither	5
hector	5
heavily	5
haply	5
grieve	5
greenwood	5
graves	5
gliding	5
glance	5
gesture	5
fruit	5
fresh	5
frequent	5
freedom	5
frail	5
forsooth	5
form	5
forget	5
flee	5
flashed	5
fixed	5
finger	5
finely	5
finches	5
filled	5
fight	5
field	5
farewell	5
fancies	5
fame	5
falsehood	5
faintly	5
ellie	5
drive	5
dripping	5
dreaming	5
dove	5
doom	5
dimly	5
dilated	5
deeds	5
dearest	5
dawn	5
daily	5
cruel	5
crossed	5
crimson	5
comfort	5
column	5
coldness	5
circle	5
chime	5
chant	5
cause	5
calleth	5
burn	5
bringing	5
brightness	5
branches	5
brake	5
bounds	5
books	5
blushing	5
blooms	5
bind	5
bier	5
bid	5
besides	5
bend	5
bars	5
awful	5
arms	5
arise	5
appeared	5
alive	5
act	5
xxni	4
xxn	4
xvni	4
xrv	4
wring	4
worst	4
wore	4
woodlands	4
witness	4
wilderness	4
wicked	4
whispered	4
whereof	4
whereat	4
weepest	4
weeds	4
wealth	4
weakness	4
weakest	4
warrior	4
ward	4
wander	4
vocal	4
vni	4
virtue	4
vileness	4
victory	4
victim	4
verses	4
verse	4
urn	4
upright	4
understood	4
unclean	4
train	4
town	4
tops	4
thrush	4
thrills	4
thrice	4
thousand	4
thinks	4
thick	4
therein	4
thanked	4
thank	4
t	4
sylvan	4
swound	4
sweepeth	4
surprise	4
surely	4
sunlight	4
sublime	4
stronger	4
stricken	4
stretched	4
stop	4
steps	4
steam	4
starry	4
spheres	4
spent	4
sought	4
solitude	4
solemnly	4
snows	4
snort	4
snatched	4
smileth	4
single	4
sighed	4
shrive	4
shrink	4
shriek	4
shrank	4
shouts	4
ships	4
shines	4
shepherds	4
shakes	4
send	4
seemeth	4
search	4
scornful	4
scene	4
saviour	4
satisfied	4
saintly	4
runneth	4
ruin	4
rows	4
road	4
rights	4
reply	4
rendered	4
remain	4
reeds	4
rapture	4
rapid	4
raising	4
question	4
queenly	4
prophecy	4
proof	4
prince	4
priestly	4
prevail	4
presently	4
praiseth	4
poured	4
plato	4
pit	4
pierce	4
perfumed	4
paths	4
pathetic	4
parted	4
pansies	4
pall	4
palestine	4
paled	4
outside	4
outer	4
north	4
nook	4
nine	4
ni	4
nevermore	4
neither	4
mystical	4
mystery	4
mysteries	4
mr	4
mortals	4
moonlight	4
moaned	4
missed	4
mirror	4
minstrel	4
minster	4
mile	4
mighty	4
mid	4
mercies	4
meeting	4
mean	4
mart	4
marriage	4
manifold	4
majestic	4
maids	4
maid	4
lowly	4
lovest	4
losses	4
losing	4
lords	4
looketh	4
lone	4
lofty	4
lives	4
listened	4
lip	4
link	4
lines	4
lifts	4
lied	4
letters	4
learning	4
leaned	4
leafy	4
laurel	4
laughing	4
lately	4
lasting	4
larger	4
ladye	4
lack	4
knows	4
knowing	4
knoweth	4
kirk	4
joys	4
j	4
islands	4
inner	4
immortal	4
images	4
hymn	4
hut	4
hum	4
however	4
household	4
horse	4
holding	4
hillside	4
heroic	4
henceforth	4
heel	4
hearth	4
heap	4
hate	4
haste	4
harp	4
hadst	4
hades	4
guy	4
greet	4
gradual	4
gorses	4
glorified	4
glories	4
glide	4
glass	4
giving	4
gives	4
geraldine	4
genius	4
gazes	4
gardens	4
freely	4
four	4
forward	4
forms	4
foes	4
foam	4
flung	4
floors	4
flies	4
fitter	4
fill	4
fever	4
feeble	4
feast	4
fears	4
fate	4
fashion	4
farther	4
fairy	4
faced	4
erst	4
ended	4
emotion	4
echo	4
ease	4
earthy	4
drooping	4
driven	4
dreamer	4
dreadful	4
double	4
doors	4
distant	4
disdain	4
dewy	4
desolation	4
depart	4
deeply	4
deaf	4
darksome	4
darkly	4
darken	4
dares	4
cyprus	4
curls	4
curl	4
cuckoo	4
crying	4
created	4
cowslips	4
courtship	4
country	4
counted	4
convent	4
consecrated	4
conquer	4
completeness	4
colour	4
colder	4
closer	4
clinging	4
clean	4
clasping	4
christian	4
chosen	4
choral	4
chin	4
cheer	4
chance	4
cedars	4
caught	4
casque	4
casement	4
case	4
calls	4
calling	4
buried	4
bud	4
brightly	4
breathes	4
bowers	4
boast	4
blown	4
blossom	4
bliss	4
blank	4
bitterly	4
betrothed	4
benediction	4
believe	4
beeches	4
beati	4
banks	4
athwart	4
asunder	4
asked	4
ashes	4
approve	4
apple	4
appear	4
answering	4
anon	4
amber	4
almost	4
agnes	4
abroad	4
abbess	4
^	4
..	4
.)	4
),	4
''	4
yearning	3
y	3
xxxn	3
xxvni	3
xxvm	3
xxl	3
xm	3
wycombe	3
wrung	3
wrapped	3
wrap	3
wounds	3
worship	3
works	3
wondrous	3
womanly	3
woke	3
wisdom	3
wis	3
winters	3
whoever	3
whiter	3
wherewith	3
whereon	3
wheel	3
wheat	3
weighed	3
weeps	3
weed	3
wedding	3
wedded	3
wanted	3
walter	3
walks	3
wakes	3
waken	3
wailing	3
violets	3
viol	3
vines	3
vine	3
vesture	3
vesper	3
vernal	3
veined	3
vapour	3
vanished	3
vacant	3
unknown	3
undo	3
understand	3
unconsciously	3
type	3
twere	3
turneth	3
trying	3
trump	3
troy	3
trow	3
tries	3
trick	3
tresses	3
travel	3
trample	3
trailed	3
trail	3
tradition	3
touching	3
touches	3
tomb	3
tolled	3
tide	3
throbbing	3
throat	3
thrill	3
threw	3
thread	3
third	3
thickets	3
thereby	3
temple	3
teaching	3
taste	3
tame	3
taking	3
tail	3
sympathies	3
swelleth	3
swell	3
swathed	3
sussex	3
surrender	3
sunless	3
suitors	3
sucked	3
stung	3
stretch	3
stories	3
stoop	3
stones	3
stoled	3
stole	3
stirring	3
sting	3
stern	3
steadfast	3
stead	3
statues	3
statue	3
start	3
stains	3
squirrels	3
spreading	3
spray	3
spoke	3
sphered	3
speechless	3
spear	3
speakers	3
spark	3
spade	3
sow	3
sore	3
solely	3
sole	3
soil	3
soften	3
sod	3
sobs	3
smote	3
slaves	3
slave	3
slanderer	3
sitteth	3
sipping	3
sins	3
sinner	3
sinks	3
sighs	3
sides	3
sick	3
shriven	3
shrieks	3
shoot	3
shivered	3
shifting	3
shield	3
shepherd	3
sheath	3
shape	3
shades	3
served	3
seraphs	3
sepulchral	3
sensual	3
sends	3
seest	3
screen	3
scorched	3
schiller	3
scattered	3
sands	3
sacrament	3
rushed	3
ruled	3
rue	3
rough	3
romaunt	3
romance	3
rolls	3
roars	3
riseth	3
rings	3
replied	3
repeat	3
rent	3
render	3
recoiling	3
reap	3
real	3
reader	3
range	3
rang	3
quivering	3
quite	3
quickened	3
questioned	3
purpose	3
pulled	3
prodigal	3
pricked	3
pressure	3
prank	3
poppies	3
ponder	3
pomp	3
please	3
pines	3
pindar	3
pilgrims	3
picture	3
phrase	3
perished	3
pent	3
peers	3
peasants	3
pauses	3
pastime	3
passionate	3
parts	3
paris	3
paradise	3
paper	3
pages	3
paces	3
overflow	3
overcome	3
overcame	3
oracles	3
oak	3
nut	3
number	3
notes	3
note	3
nose	3
noon	3
nobly	3
nightly	3
needs	3
native	3
nations	3
natheless	3
named	3
naiads	3
mutual	3
musical	3
mused	3
muse	3
moved	3
mourner	3
mourn	3
mount	3
mould	3
motions	3
motionless	3
mosses	3
mortui	3
morn	3
moor	3
moonlit	3
moments	3
mocking	3
mix	3
milk	3
meekly	3
mankind	3
mane	3
making	3
majesty	3
locks	3
likely	3
lighted	3
liberal	3
libation	3
leisure	3
lees	3
leaved	3
leaps	3
leading	3
law	3
laurels	3
laughs	3
latest	3
late	3
lashes	3
las	3
lap	3
language	3
lands	3
lamp	3
laden	3
knowest	3
kneeling	3
kindling	3
kill	3
ken	3
k	3
justified	3
joyous	3
jove	3
join	3
jewel	3
instrument	3
instruct	3
insensate	3
inly	3
infinite	3
infant	3
impassioned	3
immortality	3
ideal	3
hy	3
hummingbird	3
humming	3
honey	3
hollow	3
hoary	3
hoarse	3
himself	3
hilt	3
hero	3
heights	3
heaped	3
haunted	3
harmony	3
harmonious	3
harmless	3
hark	3
hares	3
happier	3
hangs	3
guide	3
guard	3
grind	3
greater	3
grassy	3
granted	3
grandeur	3
gracious	3
goeth	3
godhead	3
goal	3
goad	3
glow	3
gloaming	3
glitter	3
glimmering	3
gladness	3
gladly	3
girl	3
gifted	3
ghosts	3
geste	3
gathering	3
gather	3
gateway	3
garland	3
gaily	3
fullness	3
fuller	3
fruits	3
frozen	3
frantic	3
france	3
forlorn	3
foretold	3
forests	3
forego	3
forced	3
force	3
foolish	3
foliage	3
folds	3
flowings	3
flowed	3
floats	3
floating	3
floated	3
fling	3
flesh	3
flat	3
fish	3
finding	3
filbert	3
fiend	3
fellow	3
feels	3
feed	3
feared	3
familiar	3
faithless	3
fairest	3
fading	3
exhausted	3
exchange	3
everything	3
eve	3
eternal	3
esteem	3
espy	3
equal	3
endure	3
endless	3
ending	3
empty	3
embrace	3
electra	3
eke	3
edges	3
edge	3
earliest	3
dwell	3
duly	3
drove	3
droppings	3
drooped	3
drear	3
doorway	3
discrowned	3
din	3
dimple	3
digging	3
dig	3
differing	3
dies	3
devon	3
desolate	3
depth	3
demurely	3
deity	3
deer	3
deeps	3
declare	3
debonair	3
deathless	3
dearer	3
de	3
daylight	3
daughters	3
dashed	3
darkening	3
curses	3
curled	3
cunning	3
crowd	3
creeping	3
creator	3
covered	3
courtyard	3
course	3
courage	3
couch	3
corruption	3
conventions	3
commend	3
command	3
comer	3
climbing	3
clasped	3
chrism	3
choristers	3
choice	3
changing	3
chambere	3
chalice	3
certain	3
ceiling	3
ceased	3
casting	3
casements	3
carries	3
carried	3
carpet	3
careless	3
car	3
bush	3
brooks	3
brink	3
breadth	3
bread	3
breach	3
branch	3
bows	3
bowing	3
boundless	3
bosoms	3
borrow	3
border	3
boats	3
blows	3
bloomed	3
bleak	3
blasted	3
blast	3
bereft	3
beholding	3
beech	3
beauteous	3
beast	3
bearing	3
beads	3
beaded	3
bark	3
bare	3
bacchus	3
ave	3
aud	3
atmosphere	3
aspiration	3
ashamed	3
arrows	3
approach	3
amiss	3
amain	3
already	3
alleys	3
alice	3
agree	3
afraid	3
affection	3
accents	3
absent	3
able	3
abeles	3
[	3
?)	3
'?	3
'.	3
♦	2
|arabic5+digit|	2
zn	2
z	2
youthful	2
yourselves	2
yours	2
yore	2
yield	2
yellow	2
yearn	2
xxvil	2
xrx	2
xlvl	2
xin	2
wroth	2
writing	2
writes	2
wreathing	2
wreathed	2
wreathe	2
wove	2
wounded	2
wot	2
worthier	2
worm	2
worketh	2
wooing	2
wondered	2
wives	2
witnessed	2
withdrew	2
wist	2
wisest	2
wiser	2
wisely	2
winning	2
winged	2
windows	2
windlike	2
wills	2
willed	2
wildly	2
wildest	2
wifehood	2
wield	2
whitening	2
whips	2
whether	2
wherever	2
whereupon	2
wherefore	2
whereby	2
wheeling	2
western	2
welcome	2
weird	2
weareth	2
weakly	2
wayside	2
waved	2
wast	2
washed	2
warmer	2
war	2
wants	2
wanting	2
wan	2
waited	2
vowing	2
volume	2
voiced	2
vital	2
visionings	2
visionary	2
virtues	2
vin	2
viler	2
vigour	2
viewing	2
vibration	2
vibrant	2
vest	2
verity	2
verge	2
verdant	2
vengeance	2
veins	2
veil	2
vehement	2
vast	2
various	2
vanish	2
uttermost	2
utterance	2
upwardly	2
upper	2
uplifted	2
upland	2
unwritten	2
unworthy	2
unweary	2
untouched	2
untold	2
untired	2
unsunned	2
unseen	2
unquenched	2
unmoved	2
unmated	2
unlost	2
union	2
unfulfilled	2
unfit	2
undertone	2
underfoot	2
uncle	2
unchildlike	2
uncertain	2
unbelieving	2
unawares	2
unable	2
ulysses	2
tyre	2
twine	2
twilight	2
twenty	2
twelve	2
turret	2
turnings	2
turf	2
turbulent	2
tuneful	2
tuned	2
ttt	2
tryst	2
try	2
truthful	2
trusting	2
tropic	2
trodden	2
trickle	2
trial	2
treasures	2
treasure	2
treason	2
treads	2
travelling	2
travelled	2
traitor	2
trailing	2
towers	2
tossed	2
torrid	2
tongues	2
tone	2
token	2
toil	2
titan	2
tiring	2
tiny	2
tie	2
thymy	2
thundered	2
thundercloud	2
throwing	2
throb	2
thoughtful	2
thoughted	2
thorny	2
thereunto	2
thereof	2
thereat	2
theocritus	2
thence	2
thanking	2
ten	2
telling	2
teeth	2
teacheth	2
tasted	2
tapers	2
talking	2
symbols	2
swinging	2
swing	2
swells	2
sweetly	2
sweeps	2
sweeping	2
swang	2
swam	2
swallow	2
sustain	2
surviving	2
supreme	2
sunward	2
suntide	2
suns	2
sunrise	2
sunbeams	2
sunbeam	2
summit	2
summers	2
sum	2
suited	2
suit	2
suffice	2
sue	2
subtle	2
substance	2
student	2
struggled	2
strove	2
strongest	2
stroking	2
stringed	2
striking	2
strewn	2
strewed	2
streets	2
strangers	2
stranger	2
strangely	2
strand	2
strains	2
stops	2
stopped	2
stoops	2
stooping	2
stooped	2
stirs	2
stilled	2
steeply	2
stealthy	2
stayed	2
stature	2
station	2
started	2
stamped	2
stairs	2
staggered	2
stag	2
staff	2
sprung	2
sprite	2
springing	2
spoken	2
spoilt	2
splendours	2
splashes	2
spite	2
spire	2
spin	2
speeches	2
speaker	2
spaces	2
sounding	2
sounded	2
sorest	2
sons	2
songful	2
softer	2
snowy	2
snakes	2
smoother	2
smoke	2
smite	2
smilingly	2
slumbering	2
slower	2
sloping	2
slopes	2
sloicly	2
slippers	2
slept	2
slender	2
slay	2
slant	2
slackened	2
slacken	2
slack	2
skirts	2
sisters	2
sinning	2
sinketh	2
singest	2
sinful	2
significance	2
signed	2
sigheth	2
shy	2
shuts	2
shun	2
shuddering	2
shrunk	2
shrined	2
shrieked	2
shower	2
shouting	2
shouted	2
shouldst	2
shoulder	2
shot	2
shoe	2
shell	2
sheen	2
shedding	2
shattered	2
shared	2
share	2
shaped	2
shallow	2
shaking	2
sever	2
servitor	2
serfs	2
sepulchre	2
senseless	2
selle	2
selfsame	2
seer	2
seeks	2
seeking	2
sedge	2
secure	2
season	2
searching	2
sculptured	2
scriptures	2
scorned	2
sceptre	2
sceptic	2
scented	2
sayeth	2
satisfy	2
sand	2
sanctities	2
sanctify	2
salt	2
saileth	2
sail	2
saidest	2
sadly	2
saddest	2
ruth	2
rustling	2
rung	2
ruined	2
ruffled	2
rude	2
ruddy	2
row	2
rounded	2
rosemary	2
roof	2
rood	2
romances	2
rolled	2
riven	2
risen	2
rippling	2
ripples	2
rind	2
rightly	2
rife	2
riding	2
rice	2
ribbon	2
rhythmic	2
rhythm	2
reverts	2
reverie	2
reverent	2
returned	2
resurrection	2
resumed	2
restless	2
resting	2
rested	2
respect	2
resistance	2
resigning	2
requirements	2
reposing	2
repeated	2
repair	2
renounced	2
renewing	2
rend	2
removing	2
remind	2
remembered	2
rejoice	2
reined	2
rehearse	2
regret	2
regnant	2
refused	2
referring	2
reeled	2
reddened	2
recorded	2
reconciled	2
recoil	2
receiving	2
receive	2
recall	2
reads	2
reaching	2
reaches	2
re	2
ralph	2
raise	2
rainbow	2
radiance	2
quiver	2
queens	2
quaint	2
pushed	2
pursuing	2
purples	2
provided	2
prophet	2
promised	2
priests	2
prick	2
price	2
pressing	2
pressed	2
preserve	2
presences	2
prepared	2
precede	2
preach	2
pouring	2
possible	2
porch	2
poplar	2
poised	2
poetry	2
plenty	2
plays	2
plants	2
plans	2
plaintive	2
plains	2
plainly	2
plague	2
pined	2
pillow	2
piled	2
piercing	2
pictured	2
perplexed	2
perish	2
perchance	2
peradventure	2
peck	2
pear	2
paynims	2
pay	2
pavement	2
paved	2
paused	2
patriot	2
pathways	2
passions	2
passes	2
partake	2
pardie	2
pane	2
palsied	2
palms	2
paler	2
paleness	2
paint	2
pageantries	2
pageant	2
pagan	2
pace	2
owl	2
owe	2
overweep	2
overlean	2
overgrown	2
overflowing	2
outlaughed	2
osier	2
orphaned	2
orphan	2
organised	2
orestes	2
opens	2
opened	2
olive	2
oldest	2
older	2
odour	2
odorous	2
occasion	2
oblivion	2
obedient	2
o'erbrowzed	2
nympholeptic	2
nuns	2
nostrils	2
nostril	2
noses	2
noontide	2
nonce	2
noblest	2
nobles	2
nightingales	2
nigher	2
niches	2
newly	2
newcomer	2
nets	2
neighed	2
neighbours	2
ne'ertheless	2
naming	2
naiad	2
myrrh	2
muttering	2
mutest	2
musings	2
musing	2
muckle	2
moves	2
mouths	2
mouthed	2
mournfully	2
mound	2
motioned	2
mothers	2
moses	2
moontide	2
mooned	2
moods	2
month	2
moist	2
modern	2
moans	2
mixed	2
mitford	2
misty	2
mists	2
mistress	2
mistook	2
misdoubt	2
ministers	2
minister	2
mingled	2
mimicked	2
midst	2
mice	2
methought	2
metallic	2
metal	2
mercy	2
melted	2
meets	2
meeter	2
meekest	2
meeker	2
meeken	2
medea	2
meanings	2
meanest	2
maud	2
maternal	2
match	2
mask	2
mary	2
marvelled	2
marvel	2
mars	2
marks	2
manhood	2
mangles	2
malvern	2
maidenhood	2
magnified	2
madrigals	2
madness	2
lyric	2
lvl	2
lowest	2
loveth	2
louder	2
lot	2
lordship	2
longest	2
london	2
loiter	2
locked	2
lock	2
lithe	2
listeth	2
lions	2
linked	2
lingers	2
linen	2
limes	2
likes	2
likeness	2
lid	2
letter	2
lend	2
leaven	2
lays	2
laughters	2
lash	2
larks	2
lapsing	2
languid	2
lane	2
knife	2
kneeleth	2
kissing	2
kine	2
kindled	2
kin	2
kerchief	2
justify	2
juno	2
joining	2
john	2
jewels	2
jet	2
jesus	2
jesting	2
jasper	2
iu	2
issues	2
issued	2
iris	2
invite	2
invisible	2
interpose	2
intense	2
instruments	2
innocence	2
injure	2
inherit	2
influences	2
infidels	2
indian	2
incense	2
ignorance	2
idle	2
idiot	2
ida	2
hyaline	2
hunter	2
hunt	2
hue	2
howbeit	2
horror	2
horned	2
horn	2
hopefully	2
hopeful	2
homer	2
holiness	2
hole	2
hoarsely	2
hive	2
hitter	2
hindoo	2
highest	2
hides	2
hi	2
herself	2
hers	2
heroes	2
hermit	2
hermes	2
heir	2
hedgerow	2
heaving	2
health	2
heads	2
headlong	2
hawk	2
harness	2
hardest	2
harder	2
halfway	2
hairs	2
hail	2
gush	2
guessed	2
guerdon	2
guarded	2
grove	2
grinding	2
grieving	2
grieved	2
greenest	2
greenery	2
greener	2
greeks	2
grecian	2
greatness	2
gravity	2
graved	2
gratitude	2
grate	2
grapes	2
grant	2
gown	2
gossip	2
gorgeous	2
going	2
godlike	2
gnat	2
glares	2
glancing	2
glances	2
glamour	2
glaive	2
glads	2
glade	2
gladder	2
girls	2
girlish	2
gild	2
giant	2
ghost	2
gestes	2
gentler	2
generations	2
general	2
gelid	2
gates	2
gasped	2
garment	2
gardener	2
gamesome	2
gallant	2
gains	2
fruition	2
fronted	2
frogs	2
french	2
freeze	2
frank	2
fragments	2
fount	2
forsaken	2
forgone	2
forgive	2
forgetting	2
foresee	2
foreheads	2
forbid	2
footstep	2
fools	2
folly	2
following	2
folding	2
foemen	2
flushed	2
flowest	2
floods	2
flood	2
flight	2
flew	2
flatteries	2
flashing	2
flanks	2
fittest	2
fissures	2
firefly	2
finite	2
finished	2
finest	2
finds	2
fills	2
fifty	2
fiery	2
fictions	2
festive	2
fellows	2
fellow-creature	2
features	2
featured	2
feathers	2
fearless	2
fearing	2
fawns	2
faunus	2
fault	2
fashioned	2
fantastic	2
fan	2
fames	2
falcon	2
fairness	2
faints	2
fadeth	2
fable	2
eyed	2
exultation	2
exult	2
exile	2
excess	2
exaltations	2
exaltation	2
evohe	2
everywhere	2
everlasting	2
eventide	2
evening	2
eschew	2
erect	2
erase	2
eose	2
enwrought	2
entreat	2
entrance	2
entered	2
enfolding	2
endures	2
endeth	2
encoloured	2
en	2
elm	2
electric	2
elastic	2
eglantine	2
eggs	2
eclipse	2
echoes	2
eaves	2
eagles	2
dyed	2
dwellings	2
during	2
dullness	2
duke	2
dryads	2
drunken	2
droop	2
droning	2
drivers	2
drifted	2
dreamy	2
dreamlight	2
drave	2
dowered	2
dovelike	2
doubting	2
doorways	2
donned	2
doeth	2
divinest	2
divineness	2
divinely	2
distinct	2
distance	2
dissemble	2
disrupt	2
dismal	2
disguise	2
discover	2
dirge	2
dimpled	2
dilating	2
different	2
dial	2
despite	2
departing	2
deny	2
denied	2
delighting	2
deepening	2
deem	2
deed	2
declining	2
debt	2
dashing	2
dash	2
darkest	2
darker	2
dante	2
dances	2
dance	2
dale	2
d	2
cut	2
curved	2
curtains	2
curtain	2
cupola	2
cull	2
crystal	2
crushed	2
crocus	2
crieth	2
crawl	2
crash	2
cradle	2
crabbed	2
cowper	2
covert	2
covers	2
covering	2
courtesy	2
courteous	2
counting	2
counterfeit	2
countenance	2
counsel	2
cost	2
coronals	2
cord	2
copse	2
coolness	2
cooing	2
contented	2
constantly	2
conscious	2
conquering	2
confluence	2
confess	2
compare	2
coiled	2
coal	2
cloudy	2
closes	2
clefts	2
cleft	2
clearer	2
clasps	2
clash	2
clare	2
clap	2
claimed	2
christs	2
christians	2
chooses	2
choir	2
childlike	2
chestnuts	2
chestnut	2
cheerful	2
chaucer	2
charged	2
chanted	2
champ	2
chain	2
celestial	2
cedipus	2
cedar	2
caverns	2
cavelike	2
cave	2
cars	2
carriage	2
cares	2
cared	2
canopied	2
candles	2
calms	2
cadenced	2
bury	2
burst	2
burns	2
brutal	2
browed	2
brotherhood	2
broadly	2
brings	2
brim	2
brightening	2
brief	2
brazen	2
bowl	2
bounding	2
bought	2
bonnet	2
boldly	2
bodily	2
bodies	2
bo	2
blowing	2
bloody	2
bloodred	2
blissful	2
blindness	2
blessedest	2
bleeding	2
blee	2
bland	2
blackness	2
bit	2
birth	2
binding	2
bewildering	2
beseeching	2
beseech	2
bertha	2
bent	2
bending	2
beloveds	2
belong	2
belief	2
began	2
beds	2
become	2
beautify	2
beats	2
beasts	2
beam	2
beaker	2
beak	2
bathing	2
basin	2
barken	2
bank	2
bands	2
band	2
ballad	2
bale	2
bade	2
bad	2
babes	2
babel	2
avenge	2
autocratic	2
aught	2
astonied	2
assured	2
assumed	2
assume	2
assist	2
aspire	2
asphodel	2
asleep	2
arrow	2
arose	2
archers	2
archangel	2
arch	2
arbour	2
april	2
approached	2
appears	2
appealing	2
apace	2
anointing	2
american	2
amen	2
altars	2
alpine	2
aloof	2
allow	2
alder	2
aisles	2
airs	2
afterward	2
affirm	2
adore	2
adieu	2
address	2
acts	2
actions	2
acres	2
achilles	2
accursed	2
abstractions	2
abstraction	2
abstract	2
absolute	2
absence	2
abode	2
abasement	2
\	2
/	2
.,	2
•loli	1
•go	1
•.>	1
»	1
¥	1
~	1
}'	1
|arabic4digit|	1
|	1
zone	1
zm	1
zeus	1
zenith	1
younger	1
yonder	1
yiii	1
yields	1
yieldingly	1
yielded	1
yestreen	1
yesterweek	1
yestermorn	1
yawns	1
yawn	1
xxxvl	1
xxxvin	1
xxxvih	1
xxxni	1
xxxm	1
xxxin	1
xxvn	1
xxvl	1
xxil	1
xvx	1
xvra	1
xvil	1
xt	1
xrn	1
xra	1
xow	1
xon	1
xoi	1
xo	1
xni	1
xlviu	1
xlm	1
xlhi	1
xiil	1
xhi	1
xcm	1
wthich	1
wronged	1
writer	1
writ	1
wrist	1
wrinkles	1
wrinkle	1
wretch	1
wrecks	1
wreck	1
wreaths	1
wrangled	1
woven	1
wottest	1
worthless	1
worthily	1
worthiest	1
worshippers	1
worshipped	1
wormlike	1
worldlings	1
workings	1
working	1
worked	1
wordsworth	1
worcestershire	1
woollen	1
wool	1
wooer	1
wooed	1
woodside	1
woo	1
wont	1
wonders	1
wonderful	1
wolf	1
witnessing	1
witness*of	1
withstood	1
withering	1
wither	1
withdraws	1
wit	1
wishing	1
wishes	1
wiping	1
wipes	1
wipe	1
wintery	1
winsome	1
winnings	1
winking	1
winful	1
winecup	1
windi	1
wiling	1
wilful	1
wildness	1
wilderment	1
wilder	1
wifely	1
wie	1
widows	1
widowed	1
widow	1
widest	1
widen	1
whosoever	1
wholly	1
whitest	1
whitepma(18	1
whitened	1
whitely	1
whistled	1
whistle	1
whiskered	1
whirring	1
whirl	1
whine	1
whichever	1
wheue'er	1
wheresoever	1
whereso	1
whereno	1
wheeleth	1
wheeled	1
whatsoever	1
westwood	1
westminster	1
wended	1
welters	1
well-known	1
welkin	1
welcoming	1
weisheit	1
weighs	1
weighing	1
weigh	1
weepeth	1
weeper	1
weeneth	1
weeks	1
weekdays	1
weeding	1
weeded	1
wedges	1
wedge	1
weather	1
wearing	1
wearied	1
wearest	1
weapon	1
wealthy	1
waxeth	1
waxen	1
waxed	1
wavings	1
waveth	1
waterloo	1
watering	1
watercourse	1
watchful	1
watcheth	1
watches	1
watchers	1
wasted	1
washington	1
warriors	1
warring	1
warmth	1
warmed	1
warder	1
warden	1
warble	1
want	1
wanner	1
wanes	1
wanderings	1
walking	1
wak'st	1
waits	1
waist	1
wains	1
wails	1
wailers	1
wages	1
wag	1
vx	1
vvould'st	1
vulture	1
vui	1
vtl	1
vtj	1
vt	1
vr	1
voyage	1
vower	1
vouchsafing	1
voters	1
votary	1
vot	1
voiceless	1
vocation	1
vnt	1
vjt	1
vistas	1
visor	1
visioned	1
visibly	1
virginitate	1
virginal	1
virgin	1
virelay	1
viols	1
violet	1
violate	1
vindicating	1
vil	1
viil	1
vih	1
viewless	1
victorious	1
victoria	1
victor	1
vibratory	1
vibrating	1
vibrated	1
vibrate	1
vex	1
vests	1
vesta	1
vespers	1
venus	1
venice	1
veneration	1
veering	1
ve	1
vaunting	1
vastitude	1
vassals	1
vase	1
vanishing	1
valued	1
valhalla	1
vales	1
vale	1
uvn	1
utterly	1
utmost	1
usest	1
urns	1
upturning	1
upturn	1
upsprang	1
upraised	1
upraise	1
uplooking	1
upliftings	1
uplifting	1
uplands	1
upbreathed	1
unwrought	1
unwon	1
unwomaned	1
unwilled	1
unweeting	1
unwearied	1
untroubled	1
untrodden	1
unthankful	1
unsweetened	1
unstained	1
unspread	1
unspoken	1
unsped	1
unsold	1
unsmooth	1
unshaken	1
unsetting	1
unseemly	1
unsanctified	1
unsaid	1
unruled	1
unrhymed	1
unretrievingly	1
unrest	1
unreproving	1
unreproved	1
unremoved	1
unreal	1
unquiet	1
unquickened	1
unproved	1
unprepared	1
unpraised	1
unowned	1
unoriginated	1
unnumbered	1
unmoving	1
unministered	1
unmeet	1
unloaded	1
unlearned	1
unknowing	1
unkissed	1
unjust	1
universal	1
uninvoked	1
unhonoured	1
unholy	1
unheeding	1
unheard	1
ungrateful	1
ungraceful	1
ungenerous	1
unfurled	1
unforsook	1
unforbidding	1
unfolded	1
unfitting	1
unfinished	1
unfed	1
unfaintly	1
unexpected	1
unexcelling	1
uneven	1
unelastic	1
undying	1
unduly	1
undreaming	1
undoing	1
undoeth	1
undisproved	1
undiscerned	1
undim	1
underwave	1
understands	1
undersized	1
undershine	1
underground	1
undergo	1
underbreath	1
undefined	1
uncrowned	1
unconscious	1
uncomprehending	1
uncomforted	1
unclosing	1
uncharged	1
unchanging	1
unchanged	1
unchallenged	1
uncadenced	1
unbroken	1
unbreathing	1
unbought	1
unbodkined	1
unblamed	1
unbidden	1
unbereaven	1
unbent	1
unaverred	1
unavailing	1
unassoiled	1
unanswering	1
unanimity	1
unaltered	1
unadvised	1
unaccomplished	1
una	1
uieschylus	1
uie	1
ugly	1
tyrant	1
types	1
txxvi	1
txin	1
twisted	1
twirled	1
twined	1
twill	1
twa	1
turtle	1
turmoils	1
turbulence	1
tumult	1
tulips	1
tttt	1
tt^btt	1
tt.tt	1
tt	1
ts	1
trysting	1
trysted	1
truths	1
trunk	1
trumpets	1
truest	1
truer	1
troubled	1
troop	1
triumphing	1
tripped	1
tripod	1
trim	1
trident	1
tricksy	1
tricks	1
trickling	1
trftrtlfxlffsl	1
tremulous	1
tremblement	1
treeless	1
treatise	1
treat	1
treadings	1
treading	1
treadest	1
treaders	1
travail	1
transformed	1
transfigured	1
tranquil	1
trance	1
trampleth	1
trampled	1
tramping	1
tramp	1
traitors	1
trains	1
trades	1
trade	1
tracked	1
trace	1
toy	1
tourney	1
touched	1
tossing	1
toss	1
torrent	1
torquay	1
torn	1
tore	1
torches	1
torch	1
toppling	1
tooth	1
tones	1
tolling	1
tokens	1
toad	1
tliiuk	1
titles	1
title	1
titania	1
tinkling	1
tinctured	1
tin	1
timid	1
timeless	1
tilling	1
tilled	1
tight	1
tiger	1
tides	1
tideless	1
thyself	1
thunderstruck	1
thunderstroke	1
thunderous	1
thronged	1
throneward	1
throe	1
throbs	1
throbbings	1
throated	1
thrilled	1
thrid	1
threshold	1
threaten	1
thousands	1
thoughtfully	1
thou'rt	1
thornless	1
thong	1
thkiff^arnest	1
thither	1
thirteen	1
thirsty	1
thinkers	1
thickly	1
thicker	1
thickening	1
thewarmthof	1
therewithal	1
themes	1
theii	1
thankfulness	1
thankfully	1
thankful	1
thames	1
tfuunr	1
tf	1
text	1
tether	1
testifies	1
testified	1
testament	1
terrors	1
terror	1
terrene	1
terrace	1
tennyson	1
tendrils	1
tending	1
tendernesses	1
tenderness	1
tenderhearted	1
tenderest	1
tendencies	1
tended	1
tempted	1
temples	1
tempests	1
tempered	1
telleth	1
tellest	1
tedious	1
tearful	1
teachings	1
tbansfigubed	1
tawny	1
taube	1
tatius	1
tasselled	1
task	1
tapestried	1
taper	1
tangles	1
tand	1
tamer	1
taller	1
tali	1
tales	1
takest	1
taints	1
tails	1
tables	1
t.ttttt	1
t.ttt	1
t.tt	1
synesius	1
symbolise	1
sylvanly	1
syhesius	1
sycamores	1
sycamore	1
swung	1
sworn	1
swore	1
swords	1
sworded	1
swoons	1
swooning	1
swooned	1
swings	1
swingingtops	1
swimming	1
sweetnesses	1
swart	1
sware	1
swards	1
swarded	1
svfeetest	1
survived	1
survey	1
surpassing	1
surmise	1
surging	1
surface	1
supplies	1
supplied	1
supplication	1
supinely	1
supernal	1
superfluous	1
suntime	1
sunshiny	1
sunset	1
sunned	1
sunlit	1
sunk	1
sunder	1
summits	1
sullen	1
suitor	1
suing	1
suggestive	1
suggested	1
suggest	1
sugared	1
sufficiently	1
sufficiency	1
sufficiencies	1
suffers	1
suffer	1
sucks	1
suck	1
sublimity	1
sublimes	1
sublimed	1
subduing	1
subdueth	1
subdued	1
sturdy	1
stuff	1
study	1
studious	1
stubhle	1
struggling	1
struggle	1
structure	1
strown	1
stroked	1
strive	1
stripe	1
strifes	1
strew	1
stretches	1
strengths	1
strengthened	1
streaks	1
streaked	1
strategy	1
strangled	1
strangle	1
straitest	1
strait	1
straining	1
strained	1
straightly	1
straightened	1
straighten	1
straggling	1
story	1
stormy	1
storms	1
store	1
stoppers	1
stony	1
stirrup	1
stirrest	1
stilly	1
stills	1
stillness	1
stiller	1
stifling	1
stifled	1
stifle	1
stiffening	1
sticketh	1
stick	1
sternness	1
steeple	1
steadfastly	1
statured	1
statuary	1
statesman	1
starving	1
startled	1
starting	1
starteth	1
starlit	1
starlight	1
stares	1
stare	1
stanzas	1
standest	1
stancies	1
stalls	1
stalk	1
stalactite	1
stakes	1
stake	1
stained	1
stagnant	1
staglike	1
stage	1
stab	1
squirrel	1
squander	1
spy	1
spun	1
sprinkled	1
spouse	1
spot	1
sportive	1
sport	1
spontaneous	1
sponges	1
spoil	1
splendour	1
spinosa	1
spill	1
spice	1
sphinx	1
spenser	1
spending	1
speeding	1
spectrum	1
special	1
speared	1
spasm	1
sparks	1
sparkles	1
sparing	1
spar	1
spans	1
spain	1
spacious	1
space	1
sovranty	1
sovranly	1
southern	1
sources	1
soundly	1
soundless	1
soulless	1
sorry	1
sorrowful	1
sorely	1
sophocles	1
soothing	1
soothe	1
sonnkts	1
songless	1
solitary	1
solemnity	1
solemnising	1
soldier	1
sold	1
soh	1
softnesses	1
softens	1
softening	1
sods	1
sobbing	1
sobbeth	1
sobbed	1
soaring	1
soar	1
snowstorm	1
snowflakes	1
snowdrop	1
snowball	1
snatches	1
snare	1
snapped	1
smouldering	1
smouldered	1
smoothed	1
smiting	1
smiteth	1
smites	1
smilest	1
smelling	1
smelled	1
slyly	1
slurs	1
slouiy	1
slope	1
sloirty	1
slips	1
slipping	1
slippery	1
slip	1
sliears	1
slides	1
slid	1
slew	1
sleeps	1
sleepeth	1
sleeper	1
sleeken	1
slaye	1
slants	1
slanteth	1
slanted	1
slain	1
slackly	1
skull	1
skirt	1
skin	1
skied	1
sittest	1
sis	1
sire	1
sip	1
sion	1
sinnest	1
sinners	1
sinless	1
singly	1
singeth	1
singers	1
sing'st	1
sinewy	1
sinews	1
simples	1
simeon	1
silverly	1
silly	1
silks	1
silk	1
silences	1
signifies	1
signified	1
sights	1
sighless	1
siege	1
sidmouth	1
sidging	1
sideways	1
sideway	1
sidelong	1
sickness	1
sickly	1
si	1
shyness	1
shutting	1
shutteth	1
shuddered	1
shrubberies	1
shroudless	1
shrivest	1
shrinking	1
shrines	1
shrieking	1
shriekest	1
shred	1
shown	1
showing	1
showering	1
short	1
shores	1
shoon	1
shoetcomings	1
shod	1
shobtcomings	1
shivers	1
shiver	1
shipwrecked	1
shingle	1
shiftings	1
shift	1
shields	1
sheet	1
she^tried	1
shawl	1
shaweth	1
shaven	1
sharpness	1
sharon	1
sharing	1
shaping	1
shapes	1
shapen	1
shaming	1
shakest	1
shaken	1
shady	1
shadowed	1
shading	1
shadeless	1
shaded	1
sewn	1
sewing	1
service	1
servest	1
serrated	1
serpents	1
serpent	1
serious	1
serf	1
sere	1
seraph	1
sepulchres	1
sepulchred	1
separated	1
sentences	1
sending	1
selfishly	1
select	1
seldom	1
seethed	1
seethe	1
seeketh	1
secures	1
secrets	1
secretly	1
seaward	1
seasons	1
seaside	1
seared	1
searches	1
sealeth	1
seacoasts	1
scythes	1
sculptures	1
sculptor	1
scroll	1
screams	1
screamed	1
scorns	1
scornings	1
scornfully	1
scornfuller	1
scorneth	1
scorch	1
scooped	1
scold	1
scoffing	1
scimitar	1
science	1
schools	1
schoolboy	1
school	1
scenting	1
scenes	1
scathing	1
scarred	1
scant	1
scan	1
says	1
sawest	1
saunter	1
saturnus	1
satisfying	1
satisfaction	1
satire	1
sat'st	1
saracens	1
sappho	1
sapped	1
sanscrit	1
sanguine	1
sangreal	1
sandy	1
sandals	1
sanctifying	1
saluted	1
salute	1
saloon	1
sages	1
safely	1
saddlebow	1
saddened	1
sadden	1
sacristans	1
sacredness	1
sacharissa	1
sabrina	1
rxi	1
rx	1
rvx	1
rustles	1
rustle	1
russias	1
rushes	1
runaway	1
rumpled	1
ruins	1
rugged	1
rueing	1
ruby	1
rtxgffwz	1
rr	1
royally	1
rowers	1
rowen	1
rowans	1
rouse	1
roundness	1
rounding	1
roughs	1
rots	1
rosebud	1
roseate	1
rosalinda	1
ropes	1
rooted	1
rooks	1
roofless	1
ronald	1
roland	1
rocky	1
rocking	1
rocketh	1
robert	1
robber	1
roaring	1
rlxret	1
riverhead	1
ripened	1
ringers	1
ringer	1
rinaldo	1
rills	1
righteousness	1
righteous	1
rideth	1
riders	1
rider	1
ridden	1
richer	1
rialto	1
ri	1
rhymer	1
rhetoric	1
rhea	1
rewarding	1
revive	1
revile	1
reverently	1
reverence	1
revels	1
revel	1
reveillie	1
reveals	1
revealed	1
returning	1
returneth	1
retrieves	1
retrieve	1
retorted	1
retinues	1
retain	1
resumes	1
restlessness	1
response	1
responding	1
respond	1
resources	1
resounding	1
resisteth	1
resigned	1
reserve	1
resembling	1
resemble	1
rescued	1
requite	1
required	1
reprove	1
reproach	1
repression	1
represented	1
report	1
replying	1
replies	1
repels	1
repeating	1
reorganise	1
renunciative	1
renunciations	1
rents	1
renouncing	1
renounce	1
renewable	1
renew	1
removed	1
remove	1
remorseful	1
remorse	1
reminding	1
reminded	1
remembrance	1
remembers	1
remarkable	1
remains	1
remaining	1
remained	1
relic	1
relative	1
relations	1
rejected	1
regular	1
region	1
regality	1
regalia	1
regal	1
refreshed	1
refraction	1
refracted	1
reflecting	1
refer	1
reels	1
reeling	1
redeemed	1
reddest	1
redder	1
reddening	1
red'st	1
recovered	1
recover	1
record	1
recollections	1
recoils	1
recognise	1
recks	1
reckoning	1
reckoned	1
reck	1
recipient	1
recesses	1
recapture	1
recallitig	1
rebecks	1
reassure	1
reason	1
rears	1
rear	1
reapers	1
reaper	1
reality	1
readers	1
rayed	1
ray	1
rations	1
rat	1
rash	1
rareness	1
rarely	1
rapt	1
rapacious	1
ransomed	1
rank	1
ranges	1
rallied	1
rake	1
raindrops	1
rail	1
radiant	1
r.ttt	1
quietude	1
quicker	1
quickening	1
quicken	1
querulous	1
quenched	1
quells	1
queendom	1
quarrel	1
quailed	1
quail	1
qivt	1
q	1
pythian	1
pythia	1
pyre	1
pyramidal	1
pyramid	1
pygmies	1
puts	1
pushing	1
pursued	1
pursue	1
purse	1
purpureal	1
purply	1
purity	1
purer	1
pureness	1
purchase	1
pulseless	1
public	1
ptolemies	1
pshaw	1
psalter	1
psalmist	1
proving	1
providing	1
proves	1
proverb	1
proudly	1
prouder	1
prostration	1
prostrated	1
proserpina	1
propitious	1
proofs	1
prometheus	1
projection	1
progress	1
profound	1
profession	1
profaned	1
prodigious	1
procession	1
proceed	1
problem	1
prized	1
prize	1
private	1
printers	1
princess	1
princes	1
priesthood	1
prided	1
prickt	1
priam	1
previsions	1
pretence	1
presseth	1
presses	1
presiding	1
preserving	1
preserveth	1
preserves	1
prescience	1
pregnant	1
prefigure	1
prefers	1
precipitate	1
preacher	1
prays	1
prayeth	1
praising	1
pothers	1
pot	1
possession	1
possessed	1
position	1
posies	1
portugue8e	1
portugcese	1
portion	1
portdguese	1
portals	1
portal	1
port	1
porsons	1
porpoise	1
populous	1
popular	1
poorer	1
ponderous	1
pond	1
pomegranate	1
polypheme	1
pollute	1
polar	1
poison	1
points	1
pointing	1
poetuses	1
poetus	1
poetess	1
po	1
ply	1
pluto	1
plutarch	1
plunge	1
plumy	1
plummet	1
plumes	1
plumed	1
plumage	1
plucks	1
plucketh	1
ploughman	1
plough	1
plighted	1
plight	1
plied	1
pleiades	1
pleased	1
pleasantly	1
pleasance	1
pleading	1
pleaded	1
plead	1
plea	1
playtime	1
playthings	1
playfulness	1
play'st	1
platforming	1
plashed	1
plant	1
plank	1
planets	1
plainer	1
pitied	1
piper	1
pipe	1
pinks	1
pinions	1
pining	1
pin	1
pilgrimage	1
piers	1
pierceth	1
pierced	1
pieces	1
piece	1
phrenzies	1
phrases	1
phoebus	1
philosophy	1
phemius	1
pharamond	1
phantoms	1
petrarch	1
peter	1
petals	1
petalled	1
pet	1
pervious	1
pervading	1
personal	1
perpetually	1
perpetual	1
permitted	1
permits	1
permit	1
perjuries	1
perjured	1
periwinkles	1
perfumes	1
perfectings	1
perfecteth	1
percents	1
perceives	1
peoples	1
peopled	1
pensive	1
pendulous	1
peepul	1
pedant	1
peculiar	1
pearls	1
pearl	1
peaks	1
peaked	1
peak	1
peacocks	1
paynim	1
pawing	1
pauseth	1
pauseless	1
patmos	1
pathway	1
pathos	1
pathfinder	1
pathetically	1
pat	1
passeth	1
passaoe	1
partridge	1
partly	1
partings	1
partaking	1
parmenides	1
parliament	1
park	1
parias	1
parian	1
parents	1
pardoned	1
paraphrase	1
paralysed	1
paphia	1
papers	1
panther	1
pant	1
pangs	1
pang	1
panes	1
palpitation	1
palpitating	1
palpitate	1
palmer	1
pallid	1
pallas	1
paling	1
paladin	1
pairs	1
painter	1
pains	1
paining	1
paid	1
pageantry	1
packed	1
owner	1
owned	1
own'st	1
owls	1
owlets	1
owed	1
overwept	1
overturn	1
overtaking	1
oversweeping	1
overstooped	1
overstay	1
overrun	1
overpass	1
overmuch	1
overlook	1
overleaping	1
overhlown	1
overglide	1
overfloweth	1
overflowed	1
overfell	1
overfair	1
overcoming	1
overcomest	1
overbreathe	1
overbranch	1
oval	1
outworn	1
outweighs	1
outwardly	1
outstretched	1
outrunning	1
outline	1
outgrows	1
outbalanced	1
ourselves	1
ought	1
otherwhere	1
orphans	1
ororororoi	1
orion	1
orinda	1
oriel	1
organ	1
oreads	1
order	1
orchard	1
orbs	1
orb	1
orange	1
oraculorum	1
oracle	1
oppose	1
openly	1
opening	1
op	1
onwardly	1
onoru	1
onoba	1
omnipotence	1
olympian	1
olives	1
oil	1
oi	1
oftly	1
ofter	1
offing	1
offered	1
offended	1
odes	1
oceanides	1
occurs	1
occupation	1
occasioned	1
obvious	1
obtain	1
obolus	1
obolum	1
oblivious	1
obligation	1
objects	1
obedience	1
oaths	1
oat	1
oaks	1
o'erwatcheth	1
o'erwatch	1
o'erfloat	1
nymphs	1
nydesdale	1
nyde	1
nuts	1
nursed	1
nurse	1
nunnery	1
numerous	1
november	1
nourishment	1
nourished	1
notion	1
nosegays	1
nosegay	1
northside	1
normans	1
noonday	1
noisy	1
noiseless	1
nod	1
noblyas	1
nobleness	1
noblemen	1
nn	1
niobe	1
nilotic	1
nighttime	1
niece	1
niche	1
nicely	1
news	1
newgate	1
newfound	1
newer	1
nevertheless	1
netted	1
nestles	1
nerves	1
nereid	1
neptune	1
neighs	1
neighbourhood	1
negligence	1
neglecter	1
needed	1
nee	1
neat	1
nearness	1
nearing	1
neareth	1
nearest	1
nazianzen	1
nave	1
natures	1
nativity	1
nation	1
nameless	1
nakedly	1
naiades	1
mythic	1
myrtles	1
myrtle	1
muter	1
mutely	1
mussulmans	1
musk	1
musician	1
mushed	1
musers	1
muser	1
murmurous	1
murmured	1
murdered	1
mummied	1
multiply	1
mullion	1
muffling	1
muffled	1
mttford	1
mown	1
moveth	1
movest	1
moveless	1
mourns	1
mournfuller	1
mourneth	1
mourners	1
mourned	1
mounting	1
mounted	1
mountainous	1
moulded	1
moths	1
moth	1
mossy	1
mortality	1
morrow	1
mornings	1
morass	1
moral	1
moors	1
moored	1
moony	1
moonstruck	1
moonshine	1
moonless	1
monstrous	1
monotone	1
monody	1
monarchs	1
mon	1
moistened	1
modulates	1
mocked	1
mochylvh	1
moat	1
moanings	1
mixeth	1
mistake	1
missay	1
misprized	1
misplaced	1
misnomer	1
misknown	1
miserere	1
miser	1
mischief	1
mirrors	1
miracle	1
minute	1
minstrelsy	1
ministering	1
mingling	1
mingles	1
mines	1
minds	1
minding	1
mindeth	1
minded	1
mincing	1
mimic	1
milton	1
milking	1
mildness	1
mihi	1
middle	1
mi	1
mew	1
mettle	1
methinks	1
message	1
meseems	1
meru	1
merrymake	1
merited	1
merit	1
meridian	1
merely	1
merciful	1
merchandise	1
mentioned	1
melt	1
melody	1
melodious	1
meles	1
meetings	1
meeknesses	1
meekness	1
meed	1
meditation	1
medici	1
medicated	1
mediating	1
mediate	1
measures	1
measured	1
meanwhile	1
mayest	1
may-day	1
may'st	1
matthews	1
mates	1
mated	1
mate	1
matcheth	1
matched	1
mastery	1
marys	1
martyrs	1
martial	1
marrying	1
marry	1
marring	1
markest	1
marked	1
mariners	1
margin	1
march	1
mar	1
maple	1
manors	1
manners	1
manner	1
manifested	1
maniac	1
mango	1
mandragore	1
mandragora	1
mandolin	1
maketh	1
majestically	1
majestical	1
maintaining	1
maintain	1
mailed	1
mail	1
maidens'lips	1
maidenly	1
magnitude	1
magi	1
maenads	1
madrigal	1
madder	1
maddened	1
mace	1
macaroons	1
lyre	1
lydian	1
lxxxr	1
lxxxm	1
lxxvri	1
lxxvhi	1
lxxni	1
lxxn	1
lxvn	1
lxvm	1
lxni	1
lvni	1
lvn	1
lviu	1
lvh	1
lux	1
lutes	1
lusus	1
lulled	1
lull	1
lucky	1
ltv	1
lowings	1
lowering	1
lowell	1
lowborn	1
loveliest	1
lovelier	1
lough	1
loudly	1
lotus	1
loth	1
losest	1
lordships	1
lordly	1
loosens	1
loosed	1
loom	1
lookest	1
lolling	1
loitering	1
logic	1
loddon	1
locking	1
localised	1
loathing	1
loathed	1
loathe	1
ljly	1
lizards	1
liveth	1
literature	1
lists	1
listlessly	1
list	1
lisps	1
lipped	1
lion	1
linneeus	1
lingering	1
lined	1
lindens	1
lime	1
lil	1
liketh	1
likest	1
likened	1
liken	1
liked	1
lightness	1
lighting	1
lighthearted	1
lightest	1
lightened	1
lifeless	1
lifeblood	1
lichens	1
liberties	1
libations	1
letteth	1
lets	1
lethargy	1
leopards	1
lengths	1
lengthening	1
legs	1
legions	1
legates	1
legal	1
leered	1
leddest	1
leaving	1
leavest	1
learns	1
learneth	1
leapt	1
leapest	1
leanings	1
leaneth	1
leafless	1
leads	1
lazy	1
laying	1
lawyers	1
lavished	1
laureate	1
launch	1
laughest	1
latter	1
latch	1
lasts	1
largo	1
largesse	1
lapse	1
laps	1
languish	1
langlande	1
landed	1
lance	1
lamps	1
lamenting	1
lamentable	1
lament	1
lambs	1
ladylove	1
ladder	1
lackeys	1
la	1
knowledge	1
knots	1
knocking	1
knit	1
knights	1
knewest	1
knell	1
kneels	1
kneads	1
kisseth	1
kirkyard	1
kinsmen	1
kinsman	1
kinship	1
kingdom	1
kingcups	1
kinds	1
kindred	1
kindness	1
kindle	1
kindest	1
kills	1
killing	1
killed	1
kighteousness	1
keys	1
key	1
kerchiefs	1
kerchiefed	1
kenyon	1
kenyan	1
kemembering	1
keitai	1
keepest	1
keepers	1
justice	1
jupiter	1
junos	1
june	1
julia	1
jugglers	1
judicial	1
judges	1
judged	1
joyously	1
joying	1
joyfully	1
joyful	1
joyaunce	1
journey	1
jostling	1
jostled	1
jonson	1
joined	1
jocund	1
jewish	1
jesu	1
jests	1
jestings	1
jerked	1
jeopardy	1
jeer	1
javelins	1
jason	1
jars	1
jarring	1
jar	1
j7s	1
ixxxyii	1
ixvm	1
ivx	1
ivhl	1
iv'bw)."*	1
iterance	1
italy	1
it^was	1
isolate	1
iscarcelyhear	1
isaiajt	1
inwound	1
inwardly	1
invoking	1
invoked	1
invocation	1
invocated	1
invited	1
invest	1
inurning	1
intuitions	1
intonation	1
interwoven	1
interwound	1
intervene	1
interrupted	1
interpreting	1
interpretation	1
interposition	1
interpenetration	1
interlaid	1
interlaces	1
interlaced	1
interfuse	1
inter	1
intention	1
intent	1
intensely	1
intellect	1
insufficiency	1
instinct	1
instantly	1
instant	1
instance	1
inspiring	1
inspired	1
inspirations	1
inspiration	1
insphere	1
inside	1
insects	1
inscribing	1
inscribed	1
inquiring	1
inquire	1
inland	1
inlaid	1
ink	1
infuse	1
infrequent	1
infliction	1
infinitest	1
infiniteness	1
inferior	1
infantine	1
infancy	1
indulge	1
indoor	1
individual	1
indignation	1
india	1
index	1
increase	1
incorruptible	1
incompletion	1
incompleteness	1
inclusions	1
includes	1
include	1
incline	1
inches	1
incarnadined	1
inaugurate	1
inarticulate	1
inadequate	1
impulsion	1
impulse	1
impossible	1
imperially	1
impassive	1
immanuel	1
imagined	1
im	1
illumed	1
ilium	1
ignoble	1
iethereal	1
ieschylus	1
idyl	1
idlesse	1
idiocy	1
identity	1
ideas	1
iambic	1
i'm	1
i'll	1
hyssops	1
hymettus	1
hw	1
hushing	1
husband	1
hurts	1
hurtles	1
hurtle	1
hurry	1
hurried	1
hurricanes	1
huntsman	1
hunted	1
hummed	1
humblest	1
humbleness	1
humbled	1
humanly	1
humanities	1
huge	1
hues	1
huds	1
huddled	1
hubert	1
hrowzing	1
howsoever	1
howitt	1
hovered	1
houses	1
housed	1
hostile	1
hosannas	1
horrent	1
hopeless	1
hop	1
hoots	1
hooded	1
honoured	1
honest	1
homeward	1
homeros	1
hollows	1
hollowly	1
hollowed	1
hollo	1
holla	1
holiest	1
holier	1
holiday	1
holder	1
hoard	1
hitotrai	1
historical	1
hisfangs	1
hireling	1
hird	1
hip	1
hindereth	1
himmaleh	1
himalaya	1
hiil	1
highway	1
highborn	1
high'at	1
hieing	1
hie	1
hiding	1
hideth	1
hia	1
heth	1
hersmile	1
heretofore	1
herein	1
henceforward	1
hence	1
helm	1
hellenic	1
hell	1
heliodorus	1
helena	1
helen	1
heiress	1
heirdom	1
heft	1
hedges	1
hedgerows	1
hedgehogs	1
hedged	1
hedge	1
hebrew	1
hebe	1
heave	1
heath	1
heartwarm	1
heartlight	1
hearkened	1
hearken	1
hearings	1
heaper	1
headed	1
he*	1
hazels	1
hazel	1
hawthorn	1
haunt	1
haughty	1
hatch	1
hasty	1
hastily	1
hasten	1
harvest	1
harpocrate	1
harping	1
harpers	1
harper	1
harkeu	1
harkening	1
hardly	1
happiest	1
happens	1
happened	1
happen	1
hang	1
handfuls	1
hamlets	1
hamadeva	1
halves	1
halve	1
halo	1
halls	1
hallowed	1
haired	1
haggling	1
haekbn	1
hack	1
habitants	1
gyve	1
gutter	1
gushing	1
guns	1
gun	1
gums	1
guitar	1
guilty	1
guilt	1
guile	1
guiding	1
guests	1
guesses	1
guesser	1
guarding	1
guardian	1
grudge	1
growth	1
group	1
grounds	1
gross	1
groping	1
groped	1
grope	1
grooving	1
groom	1
groans	1
groaned	1
groan	1
grinder	1
grimly	1
grieves	1
griev	1
griefs	1
griechenlands	1
greyness	1
greyhound	1
greetings	1
greeted	1
greece	1
greatly	1
greatest	1
grazing	1
gravitation	1
graven	1
gravely	1
gratefulness	1
grateful	1
grasping	1
grapelets	1
granting	1
grange	1
grandly	1
grammar	1
graces	1
graceful	1
gowans	1
gourd	1
gould	1
gory	1
goodwill	1
goodluck	1
goodbye	1
goldfinch	1
goest	1
godward	1
godships	1
godship	1
godly	1
godlight	1
goddis	1
goblet	1
goats	1
goat	1
goals	1
gnawed	1
gnats	1
gnashing	1
gnashed	1
gnarled	1
glove	1
gloriously	1
glorify	1
gloomily	1
gloomed	1
globe	1
glitterings	1
glittered	1
glistening	1
glisten	1
glimmer	1
glen	1
glebe	1
glean	1
gleams	1
gleaming	1
gleam	1
glassed	1
glanced	1
gladsome	1
gladdest	1
gladdened	1
gladden	1
givest	1
givers	1
giver	1
gittern	1
girth	1
girt	1
gird	1
gins	1
gin	1
gillyflowers	1
gills	1
gigantic	1
gibbering	1
giaours	1
ghostly	1
ghosted	1
ghastly	1
gf	1
getting	1
gestures	1
germany	1
german	1
genuflexions	1
gentleness	1
gentlemen	1
gentianellas	1
genial	1
generous	1
gem	1
gehaldine	1
gebaldine	1
gdark	1
gazeth	1
gavest	1
gauntlet	1
gauntand	1
gauges	1
gauge	1
gaudy	1
gauds	1
gathers	1
gathereth	1
gasping	1
garments	1
garlands	1
gardened	1
garb	1
gaping	1
ganges	1
gamester	1
galls	1
galilee	1
gainst	1
gainsay	1
gain	1
g	1
futurity	1
futurities	1
futures	1
fused	1
fuse	1
furzy	1
funerals	1
fullest	1
fulfilled	1
ftu	1
ft	1
fruitions	1
frosts	1
frore	1
fronts	1
fronting	1
fringes	1
fright	1
friendly	1
freshness	1
freshening	1
frenzy	1
frenchmen	1
freighted	1
freight	1
freed	1
frame	1
fragrance	1
fourth	1
fourteen	1
founts	1
fountains	1
founded	1
fought	1
forwarder	1
fortt	1
fortnight	1
fortitude	1
forsaking	1
forsake	1
former	1
formed	1
forlornest	1
forgotten	1
forgot	1
forgiven	1
forgets	1
forged	1
foretells	1
foretelling	1
foretell	1
forerunneth	1
foreign	1
forces	1
forbore	1
forbidden	1
footprint	1
footing	1
foolishness	1
fooling	1
fonts	1
font	1
fondling	1
fondest	1
folio	1
foeman	1
fodder	1
foaming	1
flying	1
flutterings	1
fluttered	1
flutter	1
flutes	1
flushes	1
flowerets	1
florence	1
flooded	1
flogging	1
floateth	1
flings	1
flinging	1
flingeth	1
flieth	1
flickers	1
flicker	1
fleets	1
fleet	1
fleece	1
flecked	1
fleck	1
flax	1
flawed	1
flattering	1
flapping	1
flapped	1
flank	1
flaming	1
flambeaus	1
flakes	1
fixing	1
fitting	1
fitted	1
fitly	1
fitful	1
fishers	1
firstborn	1
fires	1
filmed	1
fillets	1
fillet	1
filberts	1
figures	1
figure	1
figments	1
fiercely	1
fierce	1
fier	1
fiends	1
fickle	1
fibred	1
ffitherial	1
fewer	1
fevered	1
fetlocks	1
fetched	1
festival	1
festering	1
fervid	1
feelings	1
feeding	1
feebly	1
fed	1
feasting	1
feareth	1
fearest	1
fay	1
fawning	1
fawn	1
favour	1
fauns	1
faulchion	1
fathom	1
fathers	1
fatherly	1
fatherland	1
fat	1
fasting	1
fastened	1
fashions	1
farthest	1
farms	1
fantasy	1
fantastical	1
fantasque	1
fantasies	1
fancied	1
faltered	1
falsified	1
faithfulness	1
fairly	1
fairies	1
fainting	1
fainted	1
failure	1
failed	1
faggot	1
faded	1
factories	1
fact	1
fabled	1
eyries	1
eyrie	1
eyne	1
eyeballs	1
eyaws	1
extortions	1
externe	1
external	1
extended	1
exquisite	1
expression	1
expressed	1
express	1
expound	1
expiring	1
expire	1
expands	1
expand	1
exorcised	1
existent	1
exclusion	1
exclaim	1
excited	1
excellent	1
exceeds	1
exceed	1
exanimate	1
exampler	1
example	1
exacts	1
exacting	1
eves	1
everyday	1
event	1
evanished	1
evangel	1
europe	1
euripides	1
eureka	1
ethiopia	1
eth	1
etc	1
et	1
esteemed	1
est	1
essential	1
essence	1
eschewed	1
erred	1
ermined	1
ermine	1
erewhile	1
epitaph	1
entwine	1
entrapped	1
entice	1
enthroned	1
enthralleth	1
entertwined	1
enters	1
ensued	1
enslaves	1
enrich	1
enlarge	1
enhances	1
engines	1
enforces	1
enfolder	1
endomes	1
encumber	1
encrusteth	1
enclasped	1
enchanted	1
empyreal	1
empire	1
empery	1
emmarbled	1
embroidered	1
embracing	1
embraces	1
elms	1
elizabeth	1
elfin	1
elements	1
eldest	1
elder	1
elbow	1
el	1
eine	1
eighteen	1
eidola	1
egyptian	1
eecoil	1
educated	1
ecstatic	1
ecstasy	1
echoless	1
echoings	1
echoing	1
ebbing	1
ebb	1
easy	1
eastern	1
easily	1
earthward	1
earths	1
earthlies	1
earnestness	1
earnestly	1
earned	1
eankly	1
eaising	1
eager	1
eaduceus	1
dyes	1
dwells	1
dwelling	1
dweli	1
dwarf	1
dusty	1
dustman	1
dusky	1
dusk	1
dun	1
duller	1
du0hes3	1
du	1
dryad	1
drunk	1
drum	1
drowning	1
drown	1
droops	1
drones	1
droit	1
drinkers	1
drily	1
driftings	1
drieth	1
dried	1
dress	1
drenching	1
drenched	1
dreariness	1
dreamland	1
dreamingly	1
dreameth	1
drawer	1
dramatic	1
dragged	1
drag	1
dowry	1
downy	1
downwards	1
doubtful	1
doubted	1
doubly	1
doubling	1
doubles	1
dote	1
dotards	1
don	1
domination	1
doleful	1
dodona	1
doctrine	1
diviner	1
divided	1
divide	1
disturbs	1
distrusting	1
distraught	1
distrain	1
distracting	1
distorted	1
distort	1
distinction	1
distillations	1
distich	1
distent	1
dissolves	1
disserts	1
disrupted	1
disregarding	1
dispute	1
disproving	1
disprove	1
dispossessed	1
disparting	1
disorder	1
disloyal	1
disinherited	1
dishonouring	1
dishonour	1
disguised	1
disentwine	1
disentangled	1
disembodied	1
discreetness	1
discordance	1
discord	1
discontent	1
discloses	1
disclaim	1
disastrous	1
disappears	1
disallowed	1
directly	1
direction	1
dips	1
dipping	1
dip	1
dimming	1
dimmed	1
dilation	1
dilateth	1
dilates	1
dilate	1
dignity	1
diggers	1
diffuse	1
difference	1
differ	1
dieu	1
diest	1
dice	1
diapason	1
diadems	1
diadem	1
dewless	1
dewlaps	1
devotes	1
devil	1
destroyed	1
destinies	1
despot	1
despondence	1
despond	1
despised	1
despise	1
despairs	1
desolated	1
desire	1
desecrates	1
desecrated	1
desecrate	1
descrieth	1
descried	1
descended	1
descend	1
derivatum	1
derision	1
depths	1
depress	1
deprecate	1
denying	1
dense	1
denies	1
demonstration	1
demean	1
delved	1
delve	1
dells	1
dell	1
delightsome	1
delights	1
delicate	1
dejections	1
deities	1
deign	1
deft	1
deferred	1
defer	1
defend	1
defence	1
defectu	1
defaced	1
deepest	1
deepened	1
deeming	1
deemed	1
deductions	1
deduction	1
dedicature	1
dedicate	1
decry	1
decrees	1
decreeing	1
decreed	1
decree	1
decked	1
decide	1
deceiving	1
deceive	1
decaying	1
decayeth	1
decayed	1
decay	1
debonaire	1
deathweights	1
deathward	1
deathlessness	1
deathbell	1
deathbed	1
deal	1
deadly	1
dc	1
dazzles	1
daze	1
dawnlight	1
dauntless	1
dauntings	1
dart	1
darks	1
darkened	1
dappled	1
dank	1
dangerous	1
dancing	1
dancers	1
dancer	1
danced	1
damps	1
damp	1
dames	1
dame	1
daisy	1
dainty	1
dagger	1
daffodilly	1
daffodillies	1
daelino	1
da)ts	1
da	1
cypris	1
cyclop	1
cybele	1
cuts	1
custom	1
cushion	1
curveting	1
curtsy	1
curtsies	1
curtained	1
cursing	1
curlews	1
curfews	1
curfew	1
curdle	1
cups	1
culminates	1
culls	1
cu	1
csesars	1
crystalline	1
crushing	1
crush	1
crumpled	1
crumbling	1
crumbles	1
crumble	1
cruelly	1
crownless	1
crownings	1
crowning	1
crowin	1
croweth	1
crowds	1
crouch	1
cropping	1
crop	1
crook	1
croft	1
critical	1
crispy	1
cripples	1
cricket	1
crest	1
cresses	1
creeps	1
creeper	1
creating	1
creaks	1
crawls	1
crawling	1
crawleth	1
crawled	1
crashing	1
cradles	1
cradled	1
crackling	1
cracked	1
crack	1
cows	1
coverlid	1
covenants	1
covenanted	1
covenant	1
courtly	1
courtlier	1
courtier	1
courtesies	1
courses	1
countries	1
countless	1
counterparts	1
counterpart	1
couldst	1
coughs	1
coubtship	1
cottage	1
cothurns	1
cot	1
costly	1
cosmo	1
corses	1
corridors	1
correspond	1
correggio	1
corpses	1
coronets	1
cornelius	1
cords	1
cordial	1
corded	1
copses	1
copious	1
coping	1
cools	1
cool	1
convey	1
converse	1
contrariousness	1
contrarious	1
continuous	1
continual	1
contentedly	1
contain	1
consumed	1
consume	1
constraint	1
constrained	1
constellate	1
constant	1
consonant	1
consisting	1
consecration	1
consecrate	1
consciousness	1
consciously	1
conscience	1
conquereth	1
conies	1
congregation	1
confound	1
confirmed	1
confirm	1
confidingly	1
confession	1
confesses	1
confer	1
cone	1
conclusion	1
concluding	1
conceive	1
con	1
comprising	1
comprised	1
compression	1
comprehending	1
comprehended	1
comprehend	1
composite	1
compliment	1
completing	1
completes	1
completer	1
completed	1
complaints	1
complaint	1
competence	1
compassing	1
companies	1
compact	1
communion	1
communing	1
commons	1
commixed	1
commix	1
commission	1
commingled	1
commemorate	1
commands	1
comest	1
combine	1
combating	1
comb	1
columbine	1
coloured	1
colone	1
cologne	1
collars	1
collared	1
coldest	1
coconut	1
cocoa	1
coated	1
coast	1
clown	1
cloudlets	1
clouded	1
closing	1
cloistral	1
cloistered	1
clock	1
clips	1
clipped	1
clings	1
climbeth	1
cliffs	1
cliff	1
click	1
clenching	1
clenched	1
cleaving	1
cleaves	1
cleave	1
clearly	1
clearing	1
cleared	1
cleanse	1
classic	1
classed	1
clashed	1
clapper	1
clanging	1
clang	1
claims	1
claimest	1
clad	1
civil	1
civic	1
cities	1
citadel	1
circumstances	1
churl	1
chrysostom	1
christianity	1
christdom	1
chose	1
chorus	1
choosing	1
choicest	1
chivalry	1
chirrup	1
chirps	1
chirping	1
chinks	1
chiming	1
chimeth	1
chimed	1
chimar	1
chilly	1
chills	1
chillness	1
childly	1
chiefs	1
chidden	1
chian	1
cherubic	1
cheery	1
chase	1
charnel	1
charming	1
charmers	1
charmed	1
charity	1
chariots	1
charger	1
channel	1
changeth	1
changeless	1
chancing	1
chanceth	1
chances	1
chanced	1
chains	1
chafed	1
chafe	1
cestus	1
ceres	1
ceremonial	1
cerement	1
centuries	1
centric	1
centred	1
centre	1
centaur	1
cenomel	1
celestials	1
celebrated	1
cease	1
caves	1
caverned	1
cautious	1
causes	1
caused	1
caudle	1
cats	1
catrine	1
catherine	1
cathedral	1
cat	1
casts	1
castles	1
cassandra	1
carven	1
carved	1
cartel	1
cart	1
carrieth	1
cark	1
caressing	1
caresses	1
caress	1
carelessly	1
captives	1
captive	1
captain	1
cape	1
capacious	1
cannon	1
cankered	1
canidian	1
canes	1
candlelight	1
camoens	1
calves	1
calmnesses	1
calmest	1
calmer	1
callow	1
cages	1
caesars	1
caesar	1
cadence	1
cactuses	1
cabman	1
buzzing	1
buy	1
butterfly	1
butterflies	1
business	1
bushes	1
burnished	1
burnings	1
burned	1
buriest	1
burdens	1
bum	1
built	1
building	1
builders	1
buffaloes	1
buds	1
budding	1
budded	1
brute	1
brushing	1
brushed	1
bruise	1
browsed	1
browning	1
brothel	1
broom	1
brook	1
brooded	1
brood	1
brooches	1
brooch	1
brokenly	1
brokenhearted	1
broke	1
broidery	1
brocken	1
broadening	1
british	1
bristling	1
bristle	1
brisk	1
bringest	1
bringer	1
brine	1
brimming	1
brighten	1
brier	1
bridge	1
bribe	1
breezy	1
breezes	1
breathless	1
breathings	1
breastplate	1
breasteth	1
breasted	1
breaketh	1
breakest	1
breakers	1
breaker	1
braver	1
bravely	1
brass	1
brand	1
branchless	1
branching	1
branched	1
brambles	1
bramble	1
braid	1
bradbury	1
boys	1
boyd	1
box	1
bowery	1
bounded	1
bossed	1
bosky	1
bosk	1
boses	1
bose	1
borders	1
booms	1
bones	1
bondsman	1
bonds	1
bond	1
bolts	1
bolted	1
bolt	1
boldness	1
bolder	1
boasting	1
boastest	1
boards	1
board	1
blyther	1
blushful	1
blusheth	1
bloweth	1
blooming	1
blither	1
blinded	1
blesseth	1
blesses	1
bleed	1
bled	1
bleatings	1
bleating	1
bleated	1
blaze	1
blasting	1
blasphemers	1
blare	1
blanchingly	1
blackly	1
blackbirds	1
bishops	1
birthday	1
birchen	1
bion	1
bindings	1
bim	1
bide	1
biddings	1
bidding	1
bewilderment	1
beware	1
bettiue	1
bettine	1
betrays	1
betrayed	1
bethlehem	1
bethink	1
betake	1
bestrode	1
bestial	1
bestead	1
besought	1
besieging	1
besiege	1
berry	1
bereaved	1
ber	1
benison	1
benignities	1
benevolence	1
bends	1
bendeth	1
benches	1
ben	1
belt	1
belongs	1
believing	1
believes	1
believed	1
belfry	1
beldame	1
belated	1
behoving	1
behove	1
beholder	1
beguiling	1
beginning	1
begin	1
beggar	1
befit	1
befell	1
befalleth	1
befall	1
beechwood	1
beechen	1
bedropt	1
became	1
beatitude	1
beatings	1
beateth	1
beareth	1
bearest	1
bearers	1
beards	1
beard	1
beaks	1
bays	1
battlement	1
bats	1
bathed	1
bask	1
basil	1
bashful	1
basements	1
basely	1
base	1
bartering	1
barter	1
barrier	1
barred	1
bareheaded	1
bards	1
bard	1
baptismally	1
baptism	1
banner	1
banged	1
bane	1
ballads	1
ball	1
bald	1
balance	1
badgers	1
backed	1
bace	1
bacchantes	1
babyhood	1
babies	1
axe	1
awfully	1
aweary	1
awave	1
aware	1
awaking	1
awake	1
awaiteth	1
avros	1
averted	1
avenger	1
avenged	1
availed	1
avail	1
autumn	1
authob	1
austria	1
austerlitz	1
austere	1
aureole	1
augustly	1
augsburg	1
augels	1
audibly	1
atween	1
attune	1
attributed	1
attesting	1
attested	1
attestations	1
attest	1
attempted	1
atoning	1
atones	1
atone	1
ather	1
atheists	1
ate	1
astonishment	1
astonished	1
assuming	1
assumes	1
assoil	1
associations	1
associate	1
assimilation	1
assert	1
aspectable	1
aslant	1
asking	1
ashen	1
ascetic	1
ascent	1
ascensions	1
asa	1
artists	1
articulate	1
arthur	1
arrest	1
arraying	1
arointed	1
aroint	1
armour	1
armed	1
arisen	1
argue	1
argosies	1
area	1
ardent	1
archer	1
arched	1
arcady	1
arab	1
approved	1
approaching	1
apprehends	1
apprehend	1
appreciating	1
appraising	1
appointed	1
applies	1
applicative	1
applause	1
appearing	1
appeareth	1
appeal	1
apparition	1
apollo	1
apocalyptic	1
aphrodite	1
aphelion	1
aornus	1
anything	1
antlered	1
antidotes	1
anthem	1
antelopes	1
antedate	1
anointed	1
annunciation	1
ankles	1
angry	1
angered	1
angelus	1
angelina	1
anears	1
anchored	1
ancestral	1
ancestor	1
anapsestic	1
anacreon	1
amulet	1
amreeta	1
ampler	1
ample	1
amount	1
amethyst	1
america	1
amerce	1
ambuscade	1
ambitions	1
ambers	1
amazed	1
amaranths	1
amaranthine	1
amalgamate	1
alternated	1
alit	1
alike	1
alight	1
alien	1
alchemise	1
albert	1
alarm	1
aladdin	1
ak**v>	1
ajar	1
aisled	1
airy	1
aileth	1
ai	1
agonising	1
agonised	1
aghast	1
ages	1
aged	1
afresh	1
afoot	1
afflated	1
affections	1
affectionately	1
affectionate	1
aether	1
aeon	1
advert	1
adverse	1
adventurous	1
advent	1
advantage	1
advances	1
advance	1
adoration	1
adonis	1
admonisht	1
admit	1
admiring	1
admired	1
admetus	1
adjures	1
adjure	1
adjurations	1
adeep	1
addressing	1
addressed	1
add	1
ad	1
active	1
acquired	1
acolyte	1
acold	1
acock	1
acknowledging	1
aching	1
achieves	1
achievements	1
achieve	1
ache	1
accuse	1
accumulated	1
according	1
accord	1
accomplished	1
accompanied	1
acclamations	1
accessible	1
accepts	1
acceptive	1
acceptation	1
accept	1
accent	1
academic	1
acacias	1
acacia	1
abstemious	1
absorb	1
absently	1
abreast	1
abound	1
abnegation	1
abides	1
abhorrence	1
abba	1
abased	1
a.a.e.c	1
\}|	1
?-	1
<r	1
<	1
6miled	1
3toung	1
....	1
.''	1
.!	1
+	1
).	1
)!.	1
('	1
',	1
')."	1
'),	1
')	1
'!	1
#	1
",	1
""	1
!.	1
!-	1
!),	1
