,	2782
the	1417
.	1057
and	969
i	690
to	655
!	526
—	513
a	509
of	475
;	461
in	449
that	377
my	368
|romannumeral|	288
not	281
for	262
|'s|	252
was	246
but	221
her	212
me	211
with	205
as	200
his	191
?	186
you	184
on	176
"	169
or	164
is	163
he	162
they	160
it	160
from	160
their	159
bothwell	156
part	154
by	145
when	132
all	131
no	130
your	123
were	121
who	119
had	116
:	115
have	114
so	112
she	110
be	108
at	107
what	103
there	98
'	91
are	89
will	87
yet	86
queen	84
now	83
|arabic1digit|	82
more	82
him	79
then	78
them	76
if	76
this	75
men	72
like	72
one	68
nor	68
than	67
|arabic3digit|	66
would	65
though	63
man	63
|arabic2digit|	61
here	61
we	60
never	58
might	58
must	55
well	54
lord	50
hand	50
could	50
upon	49
our	49
too	48
mary	48
know	48
did	48
let	45
may	44
heart	44
come	44
day	43
why	41
should	41
within	40
time	40
mine	40
far	40
say	39
do	39
free	38
been	38
how	37
without	36
such	36
love	36
face	36
darnley	36
word	35
still	35
came	35
over	34
land	34
heard	34
down	34
up	33
through	33
name	33
life	33
heaven	33
god	33
ever	33
an	33
!"	33
shall	32
old	32
has	32
tis	31
scotland	31
place	31
right	30
its	30
fear	29
before	29
back	29
throne	28
saw	28
royal	28
power	28
high	28
death	28
."	28
thought	27
those	27
stood	27
some	27
night	27
morton	27
every	27
which	26
where	26
thou	26
speak	26
see	26
can	26
bear	26
make	25
long	25
knight	25
ear	25
any	25
?"	25
true	24
sound	24
shame	24
out	24
once	24
foe	24
crown	24
away	24
again	24
lay	23
knew	23
hall	23
fight	23
dead	23
alone	23
woman	22
stand	22
soul	22
hour	22
field	22
faith	22
against	22
vain	21
till	21
thy	21
thee	21
take	21
rise	21
rest	21
ready	21
peer	21
need	21
many	21
left	21
kirkaldy	21
king	21
i'll	21
go	21
gave	21
friends	21
forth	21
brave	21
am	21
wide	20
said	20
own	20
none	20
near	20
made	20
look	20
hear	20
head	20
fair	20
done	20
blood	20
band	20
wild	19
tell	19
side	19
low	19
hath	19
first	19
false	19
each	19
cold	19
above	19
words	18
think	18
these	18
sword	18
scottish	18
prayer	18
passed	18
other	18
lost	18
little	18
hold	18
guilt	18
friend	18
eye	18
crime	18
care	18
cannot	18
yield	17
while	17
way	17
us	17
thoughts	17
strong	17
since	17
lords	17
lie	17
keep	17
grave	17
give	17
fire	17
even	17
dare	17
claim	17
cause	17
because	17
whom	16
war	16
trust	16
spoke	16
set	16
pass	16
nothing	16
nobles	16
meet	16
holyrood	16
great	16
die	16
clear	16
call	16
brow	16
bold	16
whose	15
twas	15
rose	15
ormiston	15
nay	15
mind	15
guard	15
eyes	15
ere	15
deed	15
better	15
went	14
wait	14
voice	14
steel	14
speech	14
ring	14
pride	14
only	14
madam	14
light	14
home	14
held	14
felt	14
else	14
deep	14
bring	14
bound	14
bed	14
around	14
answer	14
aid	14
ride	13
noble	13
late	13
known	13
honour	13
hill	13
help	13
hell	13
grace	13
fell	13
england	13
dared	13
command	13
comes	13
blow	13
battle	13
arm	13
yonder	12
win	12
weak	12
until	12
spare	12
space	12
short	12
seen	12
seek	12
sea	12
scarce	12
save	12
round	12
preachers	12
plain	12
most	12
least	12
kept	12
husband	12
good	12
foes	12
feet	12
despair	12
degree	12
dear	12
challenge	12
castle	12
bright	12
best	12
air	12
wise	11
we'll	11
treason	11
train	11
swords	11
surely	11
strange	11
spear	11
sought	11
smile	11
sin	11
sign	11
sent	11
rule	11
lethington	11
lady	11
i've	11
hope	11
hearts	11
hate	11
follow	11
find	11
earth	11
dunbar	11
door	11
dark	11
beneath	11
ay	11
yes	10
wrong	10
tonight	10
today	10
state	10
pray	10
people	10
past	10
pain	10
open	10
less	10
last	10
knave	10
fortune	10
fool	10
father	10
fame	10
fail	10
enough	10
earl	10
deeds	10
chivalry	10
chance	10
brought	10
broke	10
breath	10
both	10
border	10
between	10
below	10
behind	10
wretched	9
welcome	9
try	9
tread	9
took	9
tide	9
therefore	9
thanks	9
strength	9
sight	9
seton	9
seemed	9
saint	9
room	9
road	9
raised	9
prince	9
peers	9
new	9
murder	9
met	9
message	9
mean	9
makes	9
loved	9
lives	9
led	9
leave	9
kirk	9
into	9
half	9
green	9
flame	9
fate	9
fall	9
dull	9
duke	9
dream	9
days	9
danger	9
cry	9
court	9
child	9
bride	9
breast	9
brain	9
beside	9
bent	9
bend	9
yea	8
worth	8
worse	8
won	8
wind	8
vow	8
valiant	8
twere	8
told	8
thus	8
tarry	8
sway	8
sun	8
strove	8
stay	8
sir	8
sense	8
secret	8
safe	8
rebellion	8
proud	8
path	8
pardon	8
often	8
mirth	8
knaves	8
i'd	8
host	8
gate	8
gain	8
foreign	8
foot	8
fierce	8
felon	8
easy	8
duty	8
course	8
count	8
charge	8
change	8
cast	8
bolton	8
beyond	8
believe	8
awful	8
arms	8
ah	8
work	7
villain	7
view	7
trumpet	7
troopers	7
traitor	7
town	7
thunder	7
things	7
swift	7
strike	7
strife	7
straight	7
stir	7
sovereign	7
sore	7
sleep	7
sky	7
shrink	7
shield	7
shed	7
send	7
rein	7
red	7
reach	7
rage	7
presence	7
poor	7
phantom	7
pale	7
ours	7
neither	7
needs	7
names	7
murray	7
mourn	7
mood	7
laws	7
knightly	7
knee	7
kind	7
ill	7
homage	7
highness	7
hard	7
ha	7
grange	7
gone	7
glorious	7
gentle	7
force	7
filled	7
feel	7
douglas	7
devil	7
deemed	7
cared	7
broad	7
brand	7
black	7
bid	7
betrayed	7
aside	7
art	7
array	7
arose	7
ye	6
wretch	6
wrath	6
worst	6
worship	6
wife	6
whatever	6
waste	6
very	6
utter	6
tried	6
tower	6
touch	6
times	6
thousand	6
tears	6
sweet	6
swear	6
sure	6
sullen	6
spring	6
spouse	6
son	6
something	6
slave	6
shut	6
showed	6
sharp	6
secure	6
scorn	6
sad	6
rude	6
rome	6
rode	6
roar	6
range	6
race	6
prepared	6
plot	6
perchance	6
peace	6
partner	6
palace	6
oath	6
myself	6
much	6
mercy	6
marriage	6
loud	6
longer	6
league	6
keen	6
isle	6
indeed	6
hide	6
hermitage	6
heath	6
hateful	6
ground	6
grief	6
glen	6
full	6
fray	6
france	6
foul	6
forget	6
flight	6
fled	6
fit	6
farewell	6
faint	6
evil	6
equal	6
either	6
dying	6
dungeon	6
dumb	6
drive	6
divine	6
disgrace	6
died	6
delay	6
close	6
church	6
cheer	6
cheek	6
began	6
beat	6
base	6
answered	6
angry	6
ambition	6
along	6
alive	6
yore	5
years	5
wore	5
wine	5
wilt	5
weary	5
wear	5
wall	5
wake	5
waits	5
waited	5
vows	5
vile	5
venture	5
vengeance	5
twain	5
turned	5
truth	5
trusty	5
trooper	5
tongue	5
tent	5
tear	5
tale	5
swore	5
street	5
strain	5
storm	5
stirred	5
stately	5
stars	5
star	5
stain	5
sounds	5
soon	5
song	5
soft	5
smite	5
sister	5
single	5
shroud	5
show	5
shook	5
service	5
seat	5
seas	5
savage	5
same	5
sake	5
rung	5
ruled	5
roof	5
remains	5
recall	5
read	5
rain	5
quit	5
quarrel	5
purpose	5
pure	5
prompt	5
prison	5
priests	5
priest	5
powers	5
phrase	5
pause	5
passage	5
paid	5
owned	5
o	5
nought	5
mountain	5
mortal	5
morn	5
moor	5
mate	5
marked	5
mark	5
mar	5
madman	5
mad	5
lonely	5
listen	5
lingered	5
limb	5
lift	5
lies	5
laird	5
laid	5
knox	5
knights	5
joy	5
john	5
intent	5
idle	5
however	5
holy	5
hills	5
hideous	5
hepburn	5
heavy	5
hated	5
hands	5
hail	5
guide	5
guest	5
groom	5
gold	5
front	5
fought	5
form	5
foremost	5
flashed	5
fiery	5
fawn	5
fart	5
elliot	5
elizabeth	5
durst	5
drawn	5
defiance	5
deem	5
deal	5
daughter	5
dame	5
dagger	5
curse	5
coward	5
counsel	5
common	5
burst	5
burghers	5
bruce	5
breathed	5
break	5
boy	5
born	5
bore	5
bitter	5
beware	5
bell	5
bade	5
ask	5
argyle	5
appear	5
ancient	5
amidst	5
alike	5
aim	5
across	5
young	4
wrung	4
wrapped	4
wound	4
women	4
woe	4
winds	4
window	4
whole	4
whisper	4
weep	4
ween	4
waves	4
waters	4
water	4
warm	4
warden	4
wane	4
walk	4
voices	4
vassal	4
van	4
valour	4
urge	4
unless	4
trysting	4
tramp	4
traitors	4
track	4
traced	4
trace	4
token	4
throughout	4
throng	4
thrill	4
thing	4
temper	4
task	4
tarried	4
tales	4
taken	4
taint	4
sweep	4
surge	4
suit	4
subject	4
strive	4
strained	4
stout	4
story	4
stooped	4
steep	4
start	4
stark	4
stands	4
stalwart	4
spotless	4
spirit	4
spell	4
spears	4
sorrow	4
soldiers	4
snow	4
snare	4
slow	4
slight	4
simple	4
silent	4
silence	4
signal	4
shake	4
seldom	4
scream	4
sceptre	4
sand	4
rumour	4
reply	4
renown	4
refuse	4
rebel	4
raise	4
quite	4
quick	4
promise	4
proclaim	4
prize	4
preacher	4
pile	4
pay	4
passing	4
orkney	4
off	4
obey	4
north	4
nigh	4
nature	4
murderer	4
moss	4
moon	4
mistress	4
mist	4
methought	4
memories	4
match	4
master	4
mail	4
madness	4
luckless	4
louder	4
lose	4
live	4
lips	4
lion	4
lindsay	4
lightning	4
leap	4
law	4
lair	4
knelt	4
kings	4
kill	4
james	4
infamy	4
i'art	4
huntley	4
howl	4
honest	4
holds	4
ho	4
herself	4
hence	4
haunt	4
guilty	4
grim	4
greet	4
greater	4
goes	4
glare	4
gaoler	4
frantic	4
found	4
forward	4
forced	4
fold	4
fly	4
floor	4
few	4
fearless	4
fatal	4
fast	4
fain	4
europe	4
english	4
end	4
empty	4
earthly	4
due	4
drum	4
drove	4
drives	4
dreary	4
doubts	4
doubt	4
does	4
dismay	4
desperate	4
designed	4
den	4
deign	4
deeper	4
deadliest	4
cross	4
craft	4
courtly	4
courage	4
country	4
content	4
consent	4
condemned	4
company	4
combat	4
clan	4
claimed	4
city	4
chief	4
charm	4
champion	4
chafe	4
cease	4
calm	4
brook	4
broken	4
brings	4
bravely	4
bower	4
blows	4
blessed	4
bids	4
bide	4
betray	4
behold	4
bay	4
aye	4
atholl	4
another	4
angel	4
among	4
almost	4
alas	4
aha	4
ago	4
after	4
action	4
accursed	4
abroad	4
-	4
!'	4
zeal	3
yours	3
yon	3
yell	3
year	3
wronged	3
world	3
wooing	3
wooed	3
woes	3
wished	3
winter	3
widow	3
widely	3
white	3
whispers	3
wherefore	3
west	3
weight	3
week	3
wedded	3
wed	3
warrior	3
warning	3
warn	3
wander	3
walks	3
waked	3
visions	3
villains	3
victory	3
ventured	3
vassals	3
vanished	3
two	3
turn	3
trusted	3
truly	3
trow	3
tree	3
towards	3
torture	3
torches	3
tomorrow	3
tomb	3
together	3
thundering	3
thrown	3
throw	3
thrilled	3
three	3
thick	3
theirs	3
texts	3
teviotdale	3
tells	3
tarrying	3
tarries	3
talla	3
t	3
sward	3
surprise	3
sunny	3
summons	3
suffice	3
studied	3
stream	3
stopped	3
stern	3
steeped	3
stair	3
st	3
spy	3
spurn	3
spread	3
sport	3
spire	3
speed	3
sped	3
somewhat	3
solemn	3
smites	3
smiled	3
slay	3
slaves	3
sit	3
shrine	3
shriek	3
shows	3
shout	3
ship	3
shalt	3
shadows	3
selfsame	3
selfish	3
seems	3
scouts	3
scene	3
scared	3
scaffold	3
sabbath	3
rushed	3
run	3
rugged	3
rouse	3
rolling	3
rolled	3
roll	3
risk	3
risen	3
rings	3
rights	3
revelry	3
resolved	3
reign	3
refuge	3
recreant	3
reckon	3
rebels	3
reached	3
rather	3
rash	3
rare	3
rank	3
raging	3
radiant	3
provoked	3
prove	3
proudly	3
protest	3
present	3
prate	3
praise	3
pour	3
post	3
pomp	3
plunging	3
pledge	3
pleasant	3
play	3
planned	3
placed	3
pity	3
pent	3
penitence	3
paused	3
passes	3
parted	3
park	3
paris	3
parchment	3
paradise	3
palfrey	3
pakt	3
others	3
order	3
onward	3
offered	3
nuptial	3
northern	3
norman	3
neighbour	3
mutter	3
morning	3
monstrous	3
monarch	3
mien	3
methinks	3
merry	3
memory	3
mass	3
marvel	3
marches	3
majesty	3
magic	3
loyal	3
loving	3
lover	3
looked	3
lone	3
loathed	3
loathe	3
line	3
lights	3
liar	3
lest	3
lent	3
length	3
lend	3
leagued	3
leaders	3
leader	3
large	3
lack	3
knows	3
knife	3
knell	3
kingdom	3
key	3
jest	3
insult	3
instinct	3
instant	3
insolence	3
innocent	3
innocence	3
human	3
hum	3
horses	3
heed	3
heaving	3
he's	3
he'll	3
he'd	3
hasty	3
haste	3
harsh	3
happy	3
guise	3
grew	3
graves	3
graver	3
glencairn	3
glad	3
gives	3
giant	3
gates	3
garb	3
gallant	3
frown	3
fresh	3
freely	3
frankly	3
frank	3
frame	3
forgive	3
folly	3
flodden	3
flames	3
fixed	3
fiend	3
fields	3
fie	3
feud	3
fettered	3
fence	3
feign	3
feast	3
fears	3
fathers	3
falter	3
falsehood	3
faithless	3
faithful	3
fairest	3
fainter	3
evening	3
eve	3
escape	3
ends	3
early	3
eagle	3
eager	3
dust	3
driven	3
drew	3
draw	3
doctrines	3
distant	3
dismal	3
din	3
dim	3
dew	3
despite	3
despise	3
desire	3
demand	3
debt	3
deadly	3
dawn	3
darkness	3
cursed	3
cup	3
crush	3
crowd	3
crossed	3
creed	3
craftsmen	3
courtesy	3
council	3
corpse	3
control	3
concealed	3
complete	3
coming	3
comfort	3
clouds	3
cloud	3
closely	3
cleave	3
churl	3
christ	3
choose	3
choice	3
chiefs	3
cell	3
cassilis	3
case	3
captive	3
camp	3
called	3
burning	3
burn	3
breeze	3
bred	3
breathe	3
bravest	3
brake	3
bowed	3
bow	3
bonds	3
body	3
bloody	3
blind	3
blew	3
blast	3
blame	3
birth	3
bier	3
bereft	3
bells	3
being	3
becomes	3
beauty	3
beast	3
baron	3
bark	3
bare	3
banners	3
awe	3
avail	3
arthur	3
armed	3
arise	3
apart	3
anguish	3
although	3
altar	3
aloof	3
agony	3
afraid	3
abode	3
abide	3
\"	3
•	2
|arabic4digit|	2
youth	2
you'll	2
yielded	2
yesterday	2
yester	2
yeomen	2
yeoman	2
written	2
wounds	2
wot	2
worthy	2
worthless	2
worshipped	2
worn	2
wood	2
woo	2
wont	2
wolf	2
woeful	2
witnessed	2
witness	2
wish	2
wiser	2
wins	2
wings	2
wing	2
willing	2
wile	2
wield	2
whistle	2
whirling	2
whirl	2
wherever	2
wedding	2
web	2
weapon	2
wealth	2
weal	2
ways	2
wavering	2
wave	2
watched	2
watch	2
warders	2
ward	2
wandered	2
wan	2
wakened	2
wail	2
vr	2
vouch	2
visit	2
violets	2
village	2
victor	2
victim	2
vex	2
verse	2
veins	2
valley	2
utterance	2
used	2
use	2
urgence	2
unused	2
unto	2
unscathed	2
unkind	2
unfriended	2
unborn	2
unanswered	2
twixt	2
twice	2
tweed	2
tumult	2
tullibardine	2
trusting	2
tremendous	2
trembling	2
tremble	2
trampled	2
trample	2
townsfolk	2
towers	2
torn	2
topmost	2
tool	2
tied	2
tie	2
thronged	2
throbbing	2
thrice	2
threw	2
threat	2
thrall	2
thine	2
they'll	2
they'd	2
thanked	2
teviot	2
terrors	2
terror	2
terrible	2
ten	2
tempter	2
temples	2
taste	2
talk	2
tainted	2
swung	2
swiftly	2
swerve	2
sweeter	2
surly	2
surging	2
support	2
summer	2
sue	2
sudden	2
succour	2
succeed	2
subtle	2
stuart	2
struck	2
strongest	2
strikes	2
stricken	2
stretched	2
streets	2
stoop	2
stone	2
stirring	2
stirling	2
stilled	2
stifle	2
steps	2
steeds	2
steed	2
stealthy	2
stayed	2
staunch	2
started	2
stare	2
standard	2
stamped	2
stamp	2
staid	2
squire	2
spurs	2
spurred	2
spurned	2
spreads	2
spleen	2
spite	2
spilled	2
spectral	2
speaks	2
spared	2
spake	2
soothed	2
sooth	2
sometimes	2
sole	2
soldier	2
sold	2
sneer	2
snarl	2
slowly	2
slippery	2
sleet	2
skies	2
sits	2
sincere	2
sigh	2
sickness	2
shun	2
shrill	2
shines	2
shelter	2
sheen	2
sheathed	2
shaken	2
shadow	2
sets	2
serve	2
sentence	2
seeks	2
sdeath	2
scot	2
score	2
scarcely	2
sat	2
saints	2
sain	2
sailed	2
sacrifice	2
sacred	2
ruthven	2
rush	2
runs	2
ruffians	2
roused	2
rough	2
rood	2
rolls	2
rock	2
roars	2
roaring	2
river	2
riding	2
riccio	2
rhyme	2
revolt	2
reverend	2
reverence	2
return	2
restraint	2
restrain	2
respect	2
resigned	2
repaid	2
rent	2
renew	2
rend	2
remorse	2
remember	2
remain	2
regard	2
refused	2
refrain	2
recks	2
reckoning	2
reckless	2
receive	2
rebuke	2
reared	2
realm	2
ran	2
rally	2
rack	2
rabble	2
question	2
queens	2
queenly	2
quaking	2
quail	2
put	2
pulpit	2
prudence	2
proved	2
protect	2
profound	2
proffer	2
profaned	2
proclaimed	2
prized	2
private	2
princes	2
priceless	2
prey	2
prevail	2
press	2
prepare	2
preach	2
prance	2
postern	2
possess	2
policy	2
plunge	2
pledged	2
pleased	2
please	2
piteous	2
pious	2
pine	2
pictures	2
perplexed	2
perjured	2
perish	2
perfect	2
penance	2
pealed	2
peak	2
passions	2
passion	2
parting	2
parley	2
parade	2
panting	2
pair	2
pack	2
paced	2
pace	2
owns	2
overhead	2
ordained	2
opened	2
onwards	2
odious	2
ocean	2
obedience	2
numbered	2
notes	2
note	2
noblest	2
next	2
neglected	2
needed	2
nearer	2
narrow	2
myriad	2
mute	2
music	2
murmur	2
murderers	2
murdered	2
moving	2
moves	2
moved	2
move	2
mount	2
mother	2
moody	2
month	2
moment	2
mock	2
misrule	2
mirk	2
minute	2
mile	2
mild	2
midst	2
midnight	2
messengers	2
melt	2
meeting	2
measure	2
meant	2
meaning	2
meanest	2
meaner	2
matchless	2
masque	2
mask	2
maries	2
marchmont	2
manner	2
maitland	2
main	2
maiden	2
madden	2
m	2
lying	2
lust	2
lowly	2
lovers	2
loth	2
loosing	2
loose	2
longed	2
lodged	2
load	2
living	2
lived	2
listed	2
list	2
lisp	2
linked	2
lily	2
lifted	2
liege	2
liddesdale	2
lennox	2
leech	2
lean	2
leaf	2
leads	2
lead	2
lazy	2
laughter	2
laugh	2
latest	2
lands	2
lances	2
lance	2
lake	2
lacked	2
kinsman	2
kindling	2
kin	2
kight	2
ker	2
keenly	2
keener	2
justified	2
judgement	2
joined	2
johnstone	2
jack	2
issue	2
invoking	2
invade	2
intrigue	2
impeach	2
hymn	2
hush	2
hundred	2
humble	2
huge	2
hounds	2
hound	2
horsemen	2
horror	2
holiday	2
hither	2
himself	2
highest	2
higher	2
hid	2
hi	2
hers	2
herald	2
helping	2
helm	2
heir	2
height	2
heel	2
heavens	2
hearth	2
headsman	2
headlong	2
hay	2
hatred	2
hair	2
hailed	2
gush	2
gulf	2
guiltier	2
guile	2
guess	2
guardian	2
guarded	2
gruff	2
grovelling	2
greeting	2
greatest	2
grasp	2
gracious	2
glowed	2
glow	2
gloom	2
glitter	2
glistening	2
gliding	2
gleam	2
glancing	2
gladly	2
ghostly	2
get	2
gesture	2
george	2
gentler	2
generous	2
general	2
gear	2
gazing	2
gaze	2
gauge	2
gathering	2
gathered	2
garments	2
game	2
galled	2
gained	2
further	2
furious	2
fugitive	2
fret	2
french	2
freedom	2
fortunes	2
fortress	2
forthwith	2
former	2
forest	2
forehead	2
forego	2
fond	2
following	2
follower	2
foemen	2
foeman	2
flowers	2
flower	2
flow	2
flew	2
flattered	2
flashing	2
flash	2
fitter	2
firm	2
fill	2
fiercer	2
feuds	2
feels	2
feelings	2
feared	2
favourite	2
fane	2
fancy	2
fanatic	2
famous	2
falls	2
falkland	2
falcon	2
faces	2
faced	2
f	2
errol	2
errand	2
equipped	2
entreat	2
entered	2
endure	2
emprise	2
eiccio	2
ease	2
earlier	2
dusk	2
dry	2
drown	2
dropped	2
drear	2
dread	2
draught	2
dower	2
doubly	2
doth	2
doors	2
doom	2
divorce	2
displayed	2
dignity	2
dies	2
diadem	2
depends	2
denied	2
delight	2
deigned	2
defy	2
defend	2
david	2
darkened	2
dares	2
dangerous	2
damp	2
cur	2
crimes	2
crichton	2
craves	2
crave	2
craigmillar	2
craig	2
cozen	2
courtship	2
counsellor	2
couch	2
cost	2
cordial	2
cord	2
conscience	2
concert	2
combine	2
clown	2
closed	2
clash	2
clans	2
clamour	2
clad	2
churches	2
christmas	2
chimes	2
chieftains	2
chide	2
cheerless	2
check	2
cheat	2
charms	2
charger	2
charged	2
changed	2
champions	2
chain	2
cessford	2
castaway	2
captain	2
caitiff	2
caithness	2
cage	2
buy	2
bursting	2
burns	2
brutal	2
brotherhood	2
brother	2
brooked	2
brood	2
britain	2
brief	2
bribed	2
breathes	2
brawl	2
braes	2
bothwbll	2
borthwick	2
boom	2
book	2
bondage	2
bodement	2
boast	2
blunt	2
blue	2
blown	2
bloom	2
blaze	2
bishops	2
birds	2
bind	2
bickering	2
beset	2
bends	2
bending	2
belted	2
believed	2
belief	2
begun	2
beautiful	2
beaten	2
battlefield	2
baser	2
barred	2
bar	2
banquet	2
banner	2
bank	2
banishment	2
banished	2
awaits	2
avenger	2
audience	2
assail	2
aspen	2
aspect	2
ascending	2
arrayed	2
aroused	2
armstrong	2
armies	2
approach	2
appointed	2
anything	2
anger	2
angels	2
andrews	2
andrew	2
ancestral	2
amongst	2
alarm	2
adder	2
act	2
accuser	2
account	2
acclaim	2
accents	2
about	2
able	2
abject	2
abbey	2
zone	1
zealot	1
yule	1
youthful	1
yourself	1
you're	1
yoke	1
yawned	1
yawn	1
y	1
xxvm	1
xxm	1
wynd	1
wrought	1
wrongs	1
writhing	1
writhe	1
write	1
writ	1
wring	1
wrenched	1
wreathed	1
wreaked	1
wrathful	1
wraps	1
wrap	1
wounded	1
worked	1
woods	1
woodlands	1
wonted	1
wondrous	1
wonder	1
womankind	1
woke	1
woidd	1
wizard	1
witted	1
witnesses	1
withdrew	1
withdraw	1
withal	1
witches	1
witchcraft	1
wit	1
wishes	1
wire	1
wiped	1
winner	1
windows	1
winding	1
wince	1
wiliest	1
wilful	1
wildest	1
wields	1
widened	1
wholesome	1
whoever	1
whitehaugh	1
whilst	1
whether	1
whereon	1
whereof	1
wherein	1
whenever	1
whelm	1
wheeled	1
wet	1
westlin	1
western	1
wert	1
weirdest	1
weighty	1
weighs	1
weighed	1
weigh	1
weeping	1
weeds	1
wedlock	1
weaving	1
wears	1
wearier	1
wearied	1
weakness	1
weakly	1
weakest	1
we've	1
waxes	1
waxed	1
waver	1
waved	1
watery	1
watchword	1
watcher	1
wassail	1
waspish	1
washed	1
warns	1
warned	1
wanting	1
wallowing	1
wallow	1
wallace	1
waken	1
waive	1
waiting	1
wailed	1
vx	1
vulgar	1
voyage	1
vouchsafe	1
void	1
vixen	1
vivid	1
visor	1
visage	1
vine	1
vindicate	1
vilely	1
victorious	1
vicegerents	1
vesper	1
verier	1
venturous	1
vent	1
venged	1
velvet	1
vein	1
vault	1
vanquished	1
vane	1
value	1
vail	1
vague	1
vagrant	1
vacancy	1
utterer	1
uttered	1
utmost	1
usurp	1
usher	1
useless	1
urging	1
urged	1
upward	1
upheld	1
unworth	1
unwilling	1
untrue	1
untouched	1
untampered	1
unsummoned	1
unsound	1
unsinged	1
unshriven	1
unscared	1
unsay	1
unrighteous	1
unrestrained	1
unrest	1
unregarded	1
unpaid	1
unnoticed	1
unmoved	1
unmanly	1
unloose	1
unknown	1
unknowing	1
universal	1
unite	1
unheard	1
unexpected	1
unequal	1
undismayed	1
understood	1
understand	1
underlies	1
unction	1
uncomplete	1
uncertain	1
unblent	1
unbend	1
uke	1
u	1
tyrant	1
tyrannous	1
twilight	1
twenty	1
tutored	1
turret	1
turns	1
tumultuous	1
tumults	1
tufts	1
tudor	1
tuck	1
truthful	1
trustiest	1
trumpets	1
truce	1
troublous	1
troth	1
trooping	1
triumphs	1
triumph	1
trim	1
trickled	1
tremor	1
trembled	1
trees	1
treaty	1
treachery	1
treacherous	1
transcendant	1
trance	1
trained	1
trail	1
trafficked	1
trackless	1
toy	1
townsmen	1
toward	1
touched	1
tossed	1
tortures	1
torrents	1
torment	1
tore	1
tor	1
tongues	1
tone	1
tome	1
tolled	1
tokens	1
tiny	1
tinkling	1
tinging	1
timorous	1
timid	1
tilt	1
tiger	1
tidings	1
ticking	1
thwart	1
thundered	1
thrust	1
thrones	1
throat	1
thrills	1
threshold	1
threats	1
thorough	1
thorny	1
thirty	1
thinks	1
thin	1
thieves	1
thickets	1
thickened	1
thewes	1
thenceforward	1
themselves	1
theme	1
thank	1
test	1
tern	1
tenure	1
tented	1
tenfold	1
tend	1
tenant	1
tempts	1
temptress	1
temptations	1
tempt	1
temple	1
tempests	1
tempered	1
teacher	1
teach	1
taxed	1
tasted	1
tarnished	1
tarnish	1
targe	1
tamely	1
tame	1
syren	1
swound	1
sworn	1
sworder	1
swollen	1
swells	1
swell	1
sweeping	1
swayed	1
swathed	1
swart	1
swarms	1
swallows	1
suspected	1
suspect	1
surrounded	1
surgery	1
surcharged	1
supreme	1
supplicate	1
superfluous	1
sunk	1
sunder	1
sunbeams	1
summon	1
summit	1
sumburgh	1
suits	1
suffered	1
subtler	1
styled	1
style	1
sty	1
stupify	1
stupified	1
stung	1
stun	1
stumbled	1
stubborn	1
struggling	1
struggled	1
stroma	1
strokes	1
stroke	1
strives	1
strip	1
striding	1
strictly	1
strict	1
stretch	1
streamed	1
streak	1
strath	1
stranger	1
strand	1
straightway	1
straggler	1
stoutly	1
store	1
stop	1
stony	1
stones	1
stole	1
stirs	1
stinted	1
stiffened	1
stiff	1
sterner	1
stepped	1
step	1
stemmed	1
steered	1
steeled	1
steals	1
steady	1
steadfast	1
statesmen	1
statesman	1
starving	1
startle	1
standing	1
standest	1
stanchest	1
stamping	1
stalwartly	1
stalked	1
stake	1
stabbed	1
stab	1
squires	1
square	1
squadrons	1
spurring	1
spun	1
sprinkled	1
spray	1
sprang	1
spot	1
spoilers	1
split	1
splinters	1
splendour	1
splashed	1
spies	1
spider	1
spellbound	1
speeding	1
spectres	1
spectre	1
spearmen	1
sparkling	1
sparkles	1
spark	1
spares	1
spans	1
spanned	1
spain	1
sovran	1
southron	1
south	1
sounded	1
sort	1
sordid	1
solitude	1
solemnly	1
soiled	1
soil	1
softly	1
snows	1
snarling	1
snapped	1
smote	1
smoothes	1
smooth	1
smirched	1
smiles	1
sly	1
slumbers	1
slumbering	1
slumber	1
sluggards	1
slips	1
slipped	1
slew	1
slept	1
sleeps	1
slaughtered	1
slaughter	1
slant	1
slander	1
slain	1
slacks	1
slacked	1
skulk	1
skims	1
skilled	1
skill	1
sire	1
sinks	1
sinking	1
sink	1
singly	1
sing	1
sinful	1
simply	1
silver	1
silken	1
silk	1
sighed	1
sift	1
siege	1
sickly	1
sickening	1
sick	1
shuddering	1
shudder	1
shrunk	1
shrive	1
shrinking	1
shrieks	1
shrewish	1
shown	1
shouted	1
shortly	1
shore	1
shivered	1
shiver	1
shine	1
shields	1
sheugh	1
shepherds	1
shepherd	1
sheeted	1
sheaves	1
shaw	1
shaveling	1
sharply	1
shares	1
share	1
shapinsay	1
shamelessness	1
shambles	1
shallower	1
shakes	1
shaft	1
shadowed	1
shades	1
shackles	1
severed	1
severe	1
sever	1
setting	1
servile	1
serves	1
serpent	1
sermon	1
seraphim	1
sequestered	1
sepulchre	1
sentry	1
semblance	1
sell	1
self	1
seized	1
seers	1
secrets	1
second	1
sebastian	1
season	1
seared	1
search	1
seals	1
scurvy	1
sculptured	1
scroll	1
screens	1
scowls	1
scowl	1
scour	1
scots	1
scolded	1
scheme	1
sceptred	1
scathe	1
scare	1
scar	1
scanty	1
scan	1
saviour	1
satisfied	1
satan	1
salvation	1
saloon	1
sallies	1
saintlike	1
sail	1
safety	1
safer	1
safely	1
rv	1
ruth	1
rushing	1
rushes	1
rumours	1
rulers	1
ruler	1
ruins	1
ruined	1
ruin	1
ruffian	1
rued	1
rudest	1
ruder	1
rudely	1
ruddy	1
royally	1
row	1
rout	1
roundelay	1
ross	1
rooms	1
romans	1
roman	1
roe	1
rocks	1
robbed	1
roared	1
rivet	1
riven	1
rival	1
risked	1
rises	1
riot	1
rills	1
rill	1
rigour	1
rigid	1
righteous	1
riddles	1
revoke	1
retreat	1
retent	1
retainers	1
resume	1
restless	1
respite	1
resolute	1
resistless	1
resistance	1
rescue	1
required	1
require	1
requiem	1
repose	1
repel	1
repeat	1
repast	1
removed	1
remonstrance	1
reminding	1
remained	1
rely	1
relish	1
religion	1
relieve	1
relax	1
rejoice	1
reigns	1
reigned	1
rehearse	1
regicide	1
regarded	1
reeling	1
reeled	1
reel	1
reeds	1
redress	1
reddened	1
recorded	1
record	1
reckoned	1
recked	1
reck	1
received	1
rebelled	1
rears	1
rear	1
realms	1
razed	1
ravins	1
rave	1
ratify	1
rated	1
rashness	1
rashly	1
rapiers	1
ransom	1
ranks	1
rankle	1
rang	1
rancour	1
ramps	1
railing	1
raid	1
rages	1
rafters	1
racked	1
racing	1
raced	1
r	1
quivering	1
quietness	1
quickly	1
quell	1
quake	1
quaffed	1
quaff	1
puzzles	1
pursuit	1
pursued	1
purple	1
purity	1
purge	1
pulses	1
pulseless	1
pulse	1
pulpits	1
psalmody	1
psalm	1
prudent	1
prowling	1
provokes	1
provoke	1
proverbs	1
protested	1
proposed	1
proper	1
proof	1
pronounced	1
prone	1
prompts	1
prompted	1
promised	1
proffers	1
proffered	1
professed	1
profane	1
procession	1
probing	1
privy	1
prisoner	1
princely	1
primrose	1
prime	1
primate	1
priestcraft	1
price	1
pretext	1
pretence	1
presage	1
prelates	1
prelate	1
prefers	1
preferred	1
precious	1
preached	1
prayed	1
prates	1
powder	1
possessed	1
ports	1
portend	1
port	1
pools	1
pool	1
pontiff	1
polished	1
poison	1
point	1
plunged	1
pledging	1
pledges	1
plead	1
plays	1
played	1
plashing	1
plant	1
plans	1
plainly	1
plague	1
pit	1
pistols	1
pinion	1
pining	1
pined	1
pilot	1
pillowed	1
pike	1
piercing	1
phantoms	1
peter	1
petard	1
persuaded	1
perished	1
perils	1
perilous	1
peril	1
perhaps	1
perfume	1
pentlands	1
pentland	1
pens	1
pennons	1
pelf	1
peerless	1
peasant	1
peals	1
peal	1
peacefully	1
pauses	1
patrols	1
paths	1
partisan	1
partings	1
pari	1
papist	1
papal	1
pant	1
panoply	1
pane	1
pander	1
paltrier	1
paltering	1
palter	1
pall	1
paler	1
pail	1
paht	1
pageantry	1
pageant	1
pabt	1
owning	1
overwhelms	1
overwhelming	1
overrun	1
overrule	1
overact	1
ouzel	1
outwards	1
outward	1
outrageous	1
outraged	1
outrage	1
outline	1
orchard	1
oppose	1
oped	1
omitted	1
omen	1
older	1
olden	1
oil	1
oh	1
officer	1
offer	1
offence	1
occasion	1
obedient	1
oaths	1
nutters	1
nr	1
noted	1
noisy	1
noise	1
nod	1
nobly	1
nobleness	1
ninth	1
nine	1
niddrie	1
news	1
newly	1
nets	1
nest	1
neigh	1
neglect	1
neck	1
nearly	1
nattering	1
native	1
natheless	1
narrowing	1
naked	1
n	1
mystic	1
mysterious	1
muttered	1
mutely	1
mustered	1
murky	1
murders	1
murderess	1
mumbled	1
multitude	1
mouth	1
mourning	1
mourned	1
mounted	1
mountaineer	1
mound	1
mould	1
motley	1
motionless	1
motion	1
morions	1
moral	1
moors	1
moored	1
monster	1
monotony	1
monk	1
mongrel	1
molest	1
modern	1
moaned	1
moan	1
mixed	1
mix	1
mists	1
mission	1
missed	1
mislaid	1
misery	1
miser	1
mischief	1
mirror	1
minutes	1
minstrelsy	1
minstrel	1
minions	1
mingled	1
mined	1
mimic	1
milking	1
mighty	1
mi	1
mettle	1
meteor	1
merriment	1
mere	1
men-at-arms	1
melvilles	1
melting	1
melted	1
melancholy	1
meetest	1
meek	1
meditation	1
meditate	1
meddler	1
meddle	1
meanwhile	1
means	1
meads	1
meadow	1
mead	1
may'st	1
matters	1
mattered	1
matter	1
mastiff	1
mastery	1
masterless	1
masterhood	1
masterful	1
mast	1
martyrdom	1
marred	1
marks	1
march	1
marble	1
manly	1
manhood	1
mangerton	1
mandate	1
mammon	1
malignant	1
malcolm	1
malapert	1
maker	1
maintain	1
maids	1
maid	1
magnates	1
magician	1
maelstrom	1
madly	1
maddened	1
ma	1
lydian	1
lute	1
lustre	1
luring	1
lurid	1
lured	1
lure	1
lurch	1
loyalty	1
lowest	1
lower	1
loves	1
loveliness	1
lovelier	1
lothians	1
lothian	1
lot	1
loom	1
looks	1
lookest	1
loiter	1
log	1
loftier	1
lodging	1
locked	1
lock	1
lochleven	1
loathsome	1
loathly	1
lo	1
livid	1
livelong	1
litter	1
lit	1
lists	1
listener	1
listened	1
liquid	1
lioness	1
linn	1
lingering	1
linger	1
limn	1
limit	1
lilies	1
liking	1
lighted	1
lifeblood	1
lied	1
liddel	1
licence	1
lewdness	1
levin	1
levelled	1
letters	1
lesser	1
leslies	1
leslie	1
leper	1
lends	1
leisure	1
legend	1
leaves	1
learned	1
learn	1
leaps	1
leaning	1
leal	1
leaguered	1
later	1
lass	1
lashed	1
lark	1
laps	1
lapland	1
language	1
lane	1
lamp	1
laggard	1
lads	1
lad	1
lacks	1
lackeys	1
koyal	1
kode	1
knowledge	1
knocking	1
knit	1
knightship	1
kneel	1
knavery	1
kith	1
kiss	1
kirkwall	1
kingly	1
kingcraft	1
kindled	1
kiccio	1
keys	1
kernes	1
keeps	1
k	1
justly	1
justify	1
justice	1
just	1
june	1
juncture	1
juice	1
juggling	1
judges	1
judge	1
joyous	1
joyful	1
join	1
jezebel	1
jewel	1
jeers	1
jean	1
jealousy	1
jackmen	1
jackman	1
j	1
itself	1
italy	1
italian	1
issued	1
iscariot	1
ire	1
inward	1
invoked	1
invite	1
intrude	1
intervene	1
interval	1
interrupt	1
insults	1
insulted	1
instrument	1
instead	1
insensate	1
insecure	1
insatiate	1
inmates	1
ink	1
injured	1
inheritors	1
influence	1
infernal	1
infects	1
infants	1
incomplete	1
impulse	1
imprecates	1
imploring	1
implanted	1
imperious	1
images	1
idolatry	1
idolatress	1
idly	1
idiot	1
ice	1
hypocrites	1
hut	1
hushed	1
hurtling	1
hurrying	1
hurry	1
hurried	1
hurricane	1
hurls	1
hurleys	1
hurl	1
huntsman	1
hunters	1
hunted	1
hunt	1
hungered	1
hung	1
humanity	1
hue	1
howls	1
howling	1
hover	1
houseless	1
house	1
hours	1
hot	1
hostile	1
hostage	1
horn	1
hopes	1
hopeless	1
hood	1
honours	1
honoured	1
honeyed	1
honesty	1
homestead	1
holt	1
hollowed	1
holier	1
holding	1
hoary	1
hoarse	1
hive	1
hist	1
hinge	1
hind	1
hilt	1
highland	1
hiccup	1
hey	1
hewn	1
hew	1
hesitate	1
herries	1
heroes	1
hero	1
hermit	1
herd	1
herb	1
heralds	1
hepburns	1
henceforth	1
hemmed	1
hemes	1
helpless	1
helmet	1
hellish	1
hellebore	1
heaviest	1
heavier	1
heartless	1
heartier	1
hearted	1
hearken	1
hearers	1
heaped	1
heap	1
health	1
headpiece	1
headlands	1
headland	1
hazel	1
hazard	1
hawthorn	1
haunts	1
haughty	1
haughtiest	1
hatched	1
hasted	1
hast	1
harmony	1
harmless	1
harm	1
harlots	1
hark	1
happiness	1
hampered	1
hamlet	1
hamiltons	1
halt	1
hallowed	1
hale	1
h	1
gusts	1
guiltiness	1
guides	1
guests	1
guessed	1
guerdon	1
guards	1
guardians	1
grows	1
grown	1
growing	1
grow	1
grooms	1
groan	1
grizzly	1
greeks	1
greedy	1
greatness	1
greatly	1
gravely	1
grappling	1
granting	1
granted	1
grandsire	1
grandeur	1
grand	1
graithed	1
grain	1
graced	1
gorcock	1
gome	1
godly	1
goad	1
glove	1
glossy	1
gloss	1
glory	1
gloomy	1
globe	1
gloated	1
glitters	1
glides	1
glided	1
glide	1
glens	1
glee	1
gleaming	1
gleamed	1
glared	1
glance	1
glamour	1
glade	1
given	1
giles	1
gilded	1
gifts	1
gift	1
gibbet	1
gibber	1
ghastly	1
ghastlier	1
genius	1
gem	1
gazed	1
gay	1
gaunt	1
gatherings	1
gasp	1
gaping	1
gallows	1
galling	1
galley	1
gallants	1
gallantly	1
gall	1
gainst	1
g	1
fuses	1
fury	1
furnace	1
fumbling	1
fulsome	1
fulfilled	1
fulfil	1
froze	1
frowned	1
frost	1
frequented	1
frenzied	1
frenchman	1
freed	1
freaks	1
freak	1
frays	1
frames	1
framed	1
frail	1
four	1
fountains	1
fountain	1
foulness	1
foully	1
fortified	1
forsooth	1
forms	1
formal	1
forlorn	1
forgotten	1
forgot	1
forgiven	1
forge	1
forfeit	1
forestall	1
foresight	1
forebodement	1
forbidden	1
forbear	1
fools	1
food	1
fondly	1
follows	1
followed	1
folk	1
folds	1
folded	1
foam	1
fluttered	1
flush	1
flung	1
flows	1
flown	1
flowing	1
flowed	1
flood	1
flock	1
flitter	1
fling	1
fleck	1
flattery	1
flattering	1
flatterer	1
flags	1
fix	1
fittest	1
fitted	1
fits	1
fishers	1
firmament	1
fired	1
fingers	1
fine	1
figures	1
figure	1
fife	1
fiercest	1
fiercely	1
fiends	1
fiction	1
feverish	1
feudal	1
fetched	1
fertile	1
fergus	1
fen	1
felons	1
fells	1
fellow	1
feed	1
fed	1
feasting	1
fealty	1
fawning	1
fawdonside	1
fault	1
fatigues	1
fathom	1
fated	1
fastening	1
fashions	1
fashion	1
farther	1
fared	1
fare	1
fantasy	1
fantastic	1
fanciful	1
fancied	1
famine	1
familiar	1
faltering	1
falsest	1
falser	1
fallen	1
fakt	1
fairy	1
fairer	1
fails	1
failed	1
fading	1
fade	1
factions	1
exhorted	1
exemption	1
excuse	1
exclaimed	1
evidence	1
evermore	1
euthven	1
euddy	1
eternal	1
estate	1
established	1
essayed	1
espied	1
esk	1
escort	1
error	1
erred	1
erased	1
eoyal	1
eoars	1
envy	1
envious	1
entry	1
entrance	1
entertain	1
enter	1
enmity	1
enjoined	1
enemy	1
endured	1
encounter	1
encompassed	1
emptied	1
empires	1
embers	1
ember	1
elsewhere	1
elder	1
elate	1
eight	1
egmont	1
edinburgh	1
echoes	1
echo	1
ebbed	1
eaves	1
eased	1
ears	1
earnestly	1
eang	1
e	1
dwindle	1
dwelled	1
dwell	1
dutiful	1
duresse	1
dun	1
duly	1
dully	1
dullest	1
duller	1
dule	1
drumlanrig	1
drugged	1
drowsy	1
drops	1
drop	1
dripping	1
drifting	1
dressed	1
drenched	1
dreams	1
dreads	1
dreadful	1
drank	1
doubtless	1
doubting	1
doubtful	1
doubted	1
dotard	1
doomed	1
dominion	1
domains	1
distraught	1
distinct	1
dissembler	1
disposal	1
display	1
disguise	1
disgraced	1
disdainful	1
discarded	1
disc	1
disallow	1
dirk	1
direst	1
direct	1
dire	1
differ	1
dictate	1
devour	1
devotion	1
devised	1
devise	1
device	1
detests	1
determined	1
detected	1
despised	1
deserving	1
deserved	1
deserted	1
descended	1
descend	1
departed	1
depart	1
deny	1
demon	1
demean	1
dell	1
deified	1
deftly	1
defied	1
defence	1
deer	1
deeply	1
deepened	1
declared	1
decked	1
decide	1
deceit	1
decamp	1
debtor	1
debaucheries	1
debate	1
debased	1
debarred	1
dearer	1
dealt	1
deals	1
deafening	1
deaf	1
deadlier	1
dazzled	1
daze	1
dawned	1
dauntless	1
dastard	1
darkling	1
darkest	1
danish	1
dangers	1
dane	1
dancing	1
dance	1
damsels	1
damning	1
damned	1
dally	1
dalhousie	1
daily	1
curses	1
curb	1
cups	1
cunning	1
cumberland	1
cumbered	1
culprit	1
cubs	1
crushed	1
crozier	1
crow	1
crones	1
croaks	1
crisis	1
cripple	1
criminal	1
cricket	1
crew	1
crests	1
crest	1
creeping	1
creep	1
creeds	1
creature	1
creaking	1
crazed	1
craze	1
crawls	1
crawford	1
craven	1
craved	1
crashes	1
crashed	1
crags	1
crafty	1
cozened	1
cower	1
cowards	1
cousin	1
courtyard	1
courtiers	1
courtier	1
courtesies	1
courteous	1
courted	1
courser	1
countess	1
counter	1
counsellors	1
cot	1
corridors	1
cools	1
cool	1
controlling	1
contending	1
contend	1
contemptuous	1
contempt	1
constant	1
constable	1
consented	1
conqueror	1
conned	1
conjure	1
congregation	1
confront	1
confession	1
confer	1
confederates	1
conceived	1
conceal	1
comyn	1
comrades	1
composed	1
comply	1
compliment	1
comparison	1
compact	1
communed	1
commons	1
commissioned	1
commandments	1
comest	1
combined	1
colours	1
colour	1
coil	1
code	1
coat	1
clutched	1
cluster	1
clowns	1
clothed	1
closer	1
closa*	1
clocks	1
clock	1
cloak	1
cliffs	1
clerks	1
cleft	1
clearly	1
clearer	1
cleared	1
cleanse	1
clay	1
clattering	1
clashing	1
clanging	1
claims	1
civil	1
civic	1
cited	1
circle	1
churls	1
churchmen	1
christendom	1
chosen	1
chorus	1
choir	1
chimed	1
chilli	1
chilled	1
chill	1
children	1
childish	1
cherished	1
cheerful	1
cheeks	1
cheated	1
chastellar	1
chased	1
charity	1
charging	1
chaplet	1
chapel	1
chant	1
changes	1
chanced	1
chamber	1
challenged	1
chains	1
chafed	1
ceremonial	1
central	1
celebrates	1
cecil	1
caves	1
caused	1
caught	1
catching	1
cassar	1
casement	1
cased	1
carry	1
carnival	1
carefully	1
career	1
carberry	1
captured	1
capricious	1
canongate	1
canny	1
cannon	1
canmore	1
candle	1
calls	1
callow	1
callous	1
calling	1
calculating	1
caged	1
bypast	1
bygone	1
butterfly	1
butchers	1
butchered	1
busiest	1
busied	1
burned	1
buried	1
burial	1
burgher	1
burden	1
bull	1
bugles	1
bugle	1
budded	1
bud	1
buckler	1
buccleuch	1
brunt	1
bruited	1
broil	1
bristled	1
bringing	1
brim	1
bridles	1
bressay	1
breezes	1
breeds	1
breed	1
breathings	1
breathing	1
breaks	1
breaking	1
breakers	1
bread	1
bray	1
bravery	1
brands	1
branded	1
brainless	1
braggart	1
bps	1
boyish	1
boyd	1
bounteous	1
bothsay	1
borgia	1
borders	1
booths	1
boor	1
bonny	1
bonnet	1
bondsman	1
bond	1
bolts	1
boleyn	1
boldly	1
bolder	1
boihwell	1
bodies	1
bodes	1
boded	1
boasting	1
boaster	1
board	1
blush	1
bluntly	1
blowing	1
blowest	1
blot	1
bloomed	1
bloodhounds	1
blithesome	1
blithe	1
bliss	1
blindly	1
blinding	1
blinded	1
bless	1
blends	1
blench	1
bleeding	1
bleed	1
bled	1
blazoned	1
blazon	1
blazed	1
blasts	1
blaspheme	1
blankness	1
blades	1
blade	1
bitterly	1
bishop	1
bis	1
bird	1
birches	1
billows	1
billhope	1
bigot	1
bield	1
biccio	1
betide	1
bestrode	1
bestowed	1
bespeak	1
beseems	1
beseemed	1
belt	1
bellowing	1
bellowed	1
belie	1
beguile	1
begone	1
begins	1
begin	1
beggar	1
beg	1
beckons	1
beckon	1
beck	1
beauteous	1
beatoun	1
bearing	1
beady	1
battlement	1
bated	1
bastardy	1
baseness	1
bars	1
barely	1
banish	1
bandoleers	1
bandies	1
banded	1
ban	1
baited	1
bailie	1
baffled	1
bad	1
backward	1
backs	1
backed	1
babel	1
b	1
axe	1
awake	1
await	1
avow	1
avenge	1
avails	1
availed	1
autumn	1
authors	1
august	1
aught	1
attire	1
attain	1
atonement	1
assured	1
assurance	1
assorted	1
associate	1
assent	1
assembled	1
aspires	1
asked	1
ash	1
ascension	1
ascend	1
arts	1
artful	1
arras	1
arran	1
army	1
armour	1
arming	1
archers	1
arch	1
arbiter	1
apt	1
approvers	1
applause	1
appetite	1
appeared	1
appeal	1
apostles	1
anton	1
antic	1
anthem	1
anon	1
anguished	1
anew	1
anchor	1
anarchy	1
ambush	1
amazed	1
always	1
altered	1
altars	1
also	1
already	1
aloft	1
alloy	1
allows	1
allowed	1
allow	1
allies	1
ale	1
alchemist	1
aisles	1
aims	1
aimless	1
aids	1
agree	1
aghast	1
ages	1
age	1
afternoon	1
affright	1
afford	1
affect	1
affairs	1
afar	1
advice	1
advanced	1
advance	1
admiral	1
addressed	1
acted	1
acquittal	1
aching	1
accuses	1
accused	1
accomplished	1
accomplice	1
accidents	1
abyss	1
abused	1
abstain	1
abhors	1
abbeys	1
abashed	1
abandoned	1
abandon	1
[	1
*	1
