,	2116
the	1158
and	702
.	635
of	610
to	466
;	464
in	378
a	337
i	299
that	289
my	261
thy	225
is	223
me	204
?	197
"	190
thou	179
thee	173
all	173
it	172
for	170
not	160
with	158
be	147
as	142
:	138
he	130
o	128
on	127
but	122
|'s|	105
god	99
by	93
his	92
from	87
are	86
lord	79
her	79
him	78
joy	76
|arabic2digit|	75
who	73
will	71
they	71
we	68
was	68
us	68
our	67
love	67
or	65
."	64
no	63
—	61
its	59
great	59
!	59
this	58
then	58
what	57
know	57
light	56
one	55
heart	54
there	53
things	51
life	51
never	50
where	49
see	49
through	48
if	48
upon	47
like	46
being	44
may	43
ever	43
|arabic1digit|	41
when	41
their	41
she	41
oh	41
come	41
wind	40
so	40
set	40
let	40
down	40
them	39
now	39
'	39
do	38
at	38
which	37
soul	37
sing	37
shall	37
little	36
good	36
art	36
word	35
thus	34
out	34
far	34
very	33
sweet	33
only	33
have	33
did	33
vain	32
sea	32
river	32
go	32
yet	31
water	30
day	30
would	29
words	29
way	29
still	29
am	29
were	28
up	28
though	28
saw	28
into	28
fire	28
unto	27
said	27
how	27
hast	27
whom	26
sun	26
such	26
green	26
can	26
an	26
you	25
yea	25
praise	25
made	25
look	25
has	25
had	25
even	25
|arabic3digit|	24
too	24
song	24
say	24
place	24
peace	24
night	24
fear	24
dost	24
blue	24
air	24
time	23
glory	23
about	23
ye	22
thine	22
own	22
over	22
before	22
again	22
within	21
why	21
well	21
spirit	21
sky	21
music	21
more	21
make	21
long	21
found	21
end	21
doth	21
world	20
till	20
thoughts	20
rain	20
quiet	20
man	20
lover	20
holy	20
hath	20
flowers	20
dear	20
call	20
bright	20
thing	19
some	19
days	19
could	19
child	19
thought	18
should	18
pass	18
nor	18
house	18
high	18
each	18
colours	18
angels	18
those	17
th	17
rejoice	17
forth	17
ways	16
waters	16
these	16
pool	16
mountain	16
kind	16
hand	16
garden	16
flow	16
father	16
fair	16
eyes	16
deep	16
(	16
trees	15
sudden	15
strength	15
round	15
pain	15
near	15
mist	15
find	15
feet	15
battle	15
any	15
wait	14
than	14
small	14
sin	14
rock	14
once	14
new	14
mountains	14
low	14
lay	14
grey	14
fern	14
face	14
earth	14
christ	14
back	14
away	14
young	13
thread	13
shining	13
secret	13
room	13
red	13
power	13
old	13
nay	13
leaves	13
hold	13
here	13
didst	13
death	13
aware	13
years	12
white	12
while	12
two	12
singing	12
right	12
pure	12
land	12
hour	12
heard	12
glad	12
every	12
broken	12
alone	12
ago	12
|romannumeral|	11
work	11
welcome	11
voices	11
voice	11
under	11
tree	11
strong	11
stream	11
soft	11
sense	11
seen	11
rocks	11
other	11
must	11
looked	11
lieth	11
knew	11
king	11
help	11
heavenly	11
hark	11
grass	11
gladness	11
full	11
flower	11
calm	11
blind	11
)	11
your	10
wild	10
whose	10
whole	10
war	10
walk	10
valley	10
until	10
true	10
tell	10
tears	10
swift	10
swept	10
spiritual	10
son	10
something	10
pleasant	10
olive	10
much	10
moon	10
mirth	10
lights	10
known	10
head	10
fruit	10
forest	10
filled	10
fall	10
dust	10
door	10
depths	10
cool	10
clear	10
city	10
care	10
cannot	10
blessed	10
among	10
above	10
without	9
wilt	9
verily	9
usual	9
today	9
stood	9
spray	9
silence	9
quick	9
play	9
plain	9
open	9
need	9
mystery	9
most	9
might	9
men	9
many	9
lest	9
last	9
ill	9
hope	9
hearts	9
ground	9
gone	9
forget	9
flesh	9
eternal	9
duty	9
die	9
desire	9
black	9
birds	9
bird	9
been	9
across	9
withered	8
winds	8
turn	8
truth	8
thyself	8
strange	8
stand	8
show	8
shalt	8
quietness	8
poor	8
path	8
pains	8
none	8
mind	8
mighty	8
meet	8
loving	8
lovely	8
live	8
lead	8
law	8
laugh	8
keep	8
itself	8
home	8
hill	8
hide	8
hear	8
grow	8
grace	8
golden	8
fountains	8
first	8
fell	8
eternity	8
dream	8
dim	8
dawn	8
cry	8
coming	8
bitter	8
beside	8
bells	8
behind	8
another	8
angel	8
afraid	8
wounded	7
wood	7
wonderful	7
waves	7
troubled	7
touch	7
toil	7
tired	7
think	7
therefore	7
take	7
sound	7
silver	7
seek	7
saviour	7
rest	7
powers	7
pleasure	7
off	7
nothing	7
neither	7
morning	7
mere	7
melody	7
lost	7
lie	7
joys	7
innocent	7
india	7
human	7
hot	7
hills	7
held	7
hands	7
grant	7
free	7
flute	7
floor	7
felt	7
feel	7
faith	7
fail	7
explain	7
distress	7
dark	7
common	7
choose	7
cease	7
came	7
burn	7
bud	7
bubbles	7
brown	7
blow	7
beyond	7
beautiful	7
after	7
wrought	6
woe	6
wise	6
watch	6
vision	6
vanity	6
valleys	6
use	6
unknown	6
tranquillity	6
towards	6
touched	6
told	6
tender	6
sweetness	6
sore	6
smile	6
single	6
simple	6
shadows	6
shadow	6
save	6
sat	6
run	6
rod	6
reach	6
quickened	6
precious	6
pity	6
perfect	6
people	6
passing	6
nought	6
myself	6
mortal	6
moment	6
missing	6
mine	6
lighted	6
lies	6
inward	6
illumination	6
hidden	6
gold	6
glorious	6
glories	6
given	6
gentle	6
gardener	6
foolish	6
fly	6
fields	6
falls	6
faces	6
ecclesiasticus	6
ear	6
dressed	6
dews	6
darkness	6
cloud	6
cause	6
canst	6
calvary	6
called	6
broke	6
break	6
boat	6
blown	6
between	6
below	6
beloved	6
bell	6
believe	6
beauty	6
battles	6
around	6
always	6
alive	6
ages	6
against	6
adore	6
wounds	5
wonder	5
whisper	5
wheels	5
went	5
weariness	5
wear	5
turning	5
try	5
triumph	5
tossed	5
tonight	5
tomorrow	5
tis	5
thunder	5
thousand	5
sword	5
suddenly	5
strife	5
streams	5
storm	5
stars	5
spread	5
space	5
since	5
shout	5
shore	5
shine	5
sharp	5
shape	5
shame	5
sent	5
self	5
schools	5
sang	5
sand	5
reed	5
question	5
proved	5
places	5
perish	5
patience	5
passed	5
pale	5
overhead	5
ours	5
ordinary	5
opened	5
often	5
obey	5
obedience	5
naked	5
mysteries	5
met	5
loose	5
living	5
listened	5
learn	5
lately	5
knows	5
knowest	5
just	5
invisible	5
iniquity	5
hushed	5
hung	5
hours	5
heaven	5
heat	5
happy	5
growing	5
grasses	5
give	5
gethsemane	5
gains	5
friend	5
fret	5
forgot	5
forgetting	5
force	5
flash	5
fill	5
fierce	5
field	5
familiar	5
fallen	5
faithful	5
edge	5
dumb	5
dull	5
dress	5
dreams	5
dreaming	5
desperate	5
delicate	5
dealt	5
creatures	5
corn	5
content	5
comforted	5
comfort	5
cleansed	5
certain	5
caught	5
catch	5
breath	5
bless	5
bare	5
awake	5
along	5
ah	5
written	4
worthy	4
wont	4
wings	4
wide	4
waste	4
walls	4
walked	4
wake	4
vexed	4
vase	4
utmost	4
understand	4
treasures	4
track	4
torn	4
took	4
tempest	4
telling	4
surprise	4
sunlit	4
stir	4
star	4
stands	4
standing	4
spun	4
springs	4
spring	4
spoke	4
speak	4
sparkling	4
sorrow	4
soon	4
songs	4
smooth	4
slip	4
slay	4
sings	4
silent	4
shy	4
shut	4
send	4
seemed	4
seasons	4
says	4
same	4
rough	4
rose	4
root	4
road	4
rise	4
rejoicing	4
reign	4
ran	4
radiant	4
race	4
quickening	4
put	4
prepared	4
pray	4
praised	4
penitence	4
pearl	4
past	4
moving	4
months	4
mixed	4
miss	4
mingled	4
mercy	4
manifold	4
maketh	4
majesty	4
lying	4
lovest	4
loves	4
loved	4
lo	4
lives	4
listen	4
lightnings	4
lift	4
left	4
leaf	4
keen	4
jubilant	4
joyful	4
individual	4
immortality	4
himself	4
herself	4
healing	4
hardly	4
hard	4
hair	4
greenwood	4
gracious	4
goes	4
glowing	4
gloom	4
gay	4
gate	4
garments	4
gardens	4
further	4
front	4
forward	4
form	4
follow	4
foam	4
floats	4
fled	4
fishing	4
firm	4
fills	4
festal	4
fells	4
feed	4
fears	4
fast	4
faint	4
exalted	4
everywhere	4
evening	4
endeavour	4
else	4
dwelling	4
drowned	4
draw	4
doubt	4
done	4
does	4
dew	4
deeper	4
dead	4
cut	4
crowned	4
cross	4
cries	4
creation	4
countenance	4
conscience	4
community	4
command	4
comforts	4
comfortable	4
comes	4
colour	4
close	4
clean	4
children	4
changes	4
calls	4
buds	4
born	4
blows	4
blood	4
bent	4
behold	4
because	4
barren	4
bank	4
arouse	4
amber	4
also	4
aloof	4
alight	4
yesterday	3
yellow	3
year	3
wrote	3
wrong	3
woven	3
wouldst	3
woke	3
wistful	3
wine	3
wholly	3
whispered	3
whether	3
wherefore	3
whence	3
wetted	3
wet	3
weakness	3
waterfall	3
wall	3
waited	3
visible	3
violet	3
verity	3
venomous	3
various	3
undefiled	3
unawares	3
turned	3
turmoil	3
trumpet	3
trouble	3
trodden	3
trivial	3
treasure	3
travail	3
transparent	3
thorns	3
thirst	3
thin	3
themselves	3
terrible	3
temple	3
tall	3
talk	3
sympathy	3
surely	3
sunbeams	3
summer	3
sullen	3
suffering	3
suffer	3
succour	3
substance	3
stripped	3
stray	3
strand	3
straight	3
stony	3
stillness	3
stay	3
spear	3
souls	3
sons	3
sometimes	3
solemn	3
smote	3
smite	3
slowly	3
singular	3
signs	3
shown	3
shone	3
shelter	3
shells	3
shed	3
shapes	3
shadowy	3
servant	3
seed	3
secrets	3
satisfied	3
saint	3
sails	3
sad	3
sacrifice	3
running	3
rules	3
rooms	3
roll	3
rivers	3
revived	3
returns	3
resignation	3
renew	3
redeemer	3
recognised	3
read	3
rack	3
profit	3
private	3
prayer	3
pour	3
pools	3
played	3
piled	3
pierced	3
perceiving	3
perceive	3
passeth	3
parted	3
part	3
painted	3
outside	3
ourselves	3
otherwise	3
others	3
nursery	3
note	3
noble	3
mystic	3
mother	3
mosses	3
moods	3
moaned	3
misery	3
minute	3
mile	3
medical	3
maybe	3
master	3
mad	3
luminous	3
loss	3
line	3
lily	3
least	3
leap	3
late	3
knowing	3
knife	3
judgments	3
joyance	3
jewels	3
io	3
inwardly	3
innocence	3
influences	3
immortal	3
imaginings	3
hush	3
hurt	3
hurrying	3
hunted	3
hollow	3
higher	3
henceforth	3
hence	3
heights	3
heavy	3
heavily	3
heats	3
heap	3
having	3
hate	3
happiness	3
hallowing	3
hallow	3
guest	3
grieved	3
grief	3
greet	3
greatly	3
going	3
gifts	3
gentleness	3
gazed	3
gathering	3
gain	3
futile	3
friends	3
fountain	3
forlorn	3
forgotten	3
forgiven	3
forester	3
food	3
folk	3
flying	3
flung	3
flows	3
flowing	3
floated	3
flies	3
fish	3
fine	3
fiery	3
feeds	3
fearest	3
fain	3
fade	3
eye	3
except	3
entreat	3
entered	3
endure	3
employ	3
ease	3
drown	3
drops	3
dread	3
drawing	3
discovers	3
discipline	3
desolate	3
delight	3
deeds	3
deed	3
darkening	3
darkened	3
daily	3
curves	3
cup	3
criticised	3
cried	3
courage	3
coolness	3
conceived	3
comforteth	3
coloured	3
cold	3
cobweb	3
climb	3
clamour	3
chant	3
caused	3
castle	3
cast	3
carved	3
caress	3
caecilia	3
burnt	3
burning	3
burial	3
bruised	3
brooding	3
breaking	3
bread	3
boy	3
bound	3
border	3
book	3
bold	3
boats	3
bliss	3
bewilderment	3
belong	3
began	3
beating	3
beat	3
bar	3
balm	3
awful	3
asleep	3
ashamed	3
arise	3
apart	3
amethyst	3
afar	3
acceptance	3
•	2
|arabic4digit|	2
youth	2
yield	2
yes	2
write	2
worth	2
worship	2
worse	2
wore	2
woodland	2
woo	2
wonders	2
wither	2
winter	2
winged	2
window	2
winding	2
win	2
wills	2
wilderness	2
whoso	2
whirled	2
whips	2
wheat	2
welcoming	2
welcometh	2
weeks	2
weeds	2
web	2
wearisome	2
wastes	2
warrior	2
wandering	2
wander	2
walks	2
waits	2
waiting	2
vital	2
vine	2
victory	2
vein	2
veils	2
vehemently	2
vanishing	2
utter	2
upland	2
unrecognised	2
unlock	2
unkindly	2
underworld	2
underfoot	2
uncurl	2
unconscious	2
unaware	2
tune	2
tumultuous	2
trust	2
truly	2
tropic	2
tried	2
tread	2
touches	2
torch	2
top	2
tongue	2
token	2
toiled	2
together	2
toes	2
tiny	2
times	2
tides	2
tide	2
thrust	2
thrilled	2
three	2
thrall	2
thou'st	2
thou'rt	2
thoroughly	2
thorn	2
thomas	2
thither	2
thick	2
they'll	2
theme	2
tenfold	2
tells	2
telegram	2
tedious	2
tasted	2
taste	2
tarries	2
swim	2
swiftly	2
sweeping	2
sweep	2
surprised	2
sure	2
supreme	2
sunset	2
summit	2
sucked	2
subtle	2
stubble	2
struck	2
stroke	2
strivings	2
striven	2
strikes	2
stricken	2
strewn	2
street	2
straw	2
story	2
stirred	2
sting	2
step	2
stem	2
steeps	2
steep	2
steadfast	2
standest	2
stain	2
splendid	2
spirits	2
spinning	2
spent	2
speech	2
specks	2
sparkles	2
spaces	2
sought	2
sorrows	2
somewhere	2
soldier	2
softly	2
snow	2
smitten	2
smiles	2
slung	2
slipped	2
skilled	2
skill	2
six	2
sitting	2
sins	2
sinless	2
singeth	2
sincere	2
silken	2
side	2
sickness	2
showeth	2
shot	2
shock	2
ships	2
ship	2
shines	2
shake	2
setting	2
serpent	2
sending	2
selfishness	2
seems	2
seem	2
seeds	2
searcher	2
search	2
scourged	2
scorn	2
scorching	2
scorched	2
scorch	2
school	2
scheme	2
scant	2
saying	2
sap	2
sake	2
saith	2
saints	2
sail	2
sadness	2
rust	2
rush	2
royal	2
rotifer	2
roots	2
roof	2
rolled	2
roar	2
risen	2
riot	2
rich	2
reward	2
reverence	2
reply	2
religious	2
relief	2
reins	2
regret	2
regarded	2
refuse	2
refreshed	2
refrain	2
reckoned	2
receive	2
reason	2
reached	2
rains	2
rainbow	2
quite	2
quietly	2
quicken	2
pursue	2
purpose	2
purple	2
purity	2
purify	2
purge	2
prove	2
prevail	2
presses	2
pressed	2
press	2
preference	2
prayed	2
plumed	2
pluck	2
plains	2
pitiful	2
petals	2
perpetual	2
perished	2
peculiar	2
pearls	2
peak	2
pavilion	2
pause	2
patterns	2
patterned	2
patient	2
pasture	2
parent	2
paradise	2
palm	2
paled	2
palace	2
outgoings	2
otherwhere	2
ordered	2
orange	2
oil	2
offer	2
ocean	2
oblation	2
nourished	2
noiseless	2
nights	2
nigh	2
nest	2
nature	2
named	2
name	2
myth	2
mystical	2
myriads	2
musical	2
multiplied	2
moveth	2
moves	2
movement	2
moved	2
move	2
mourn	2
moonless	2
mix	2
misty	2
ministry	2
mild	2
mid	2
microscope	2
merrily	2
mellow	2
medals	2
measured	2
meanwhile	2
mean	2
march	2
manner	2
making	2
makes	2
majestic	2
maidenhair	2
magic	2
lute	2
lowly	2
loveth	2
loveliness	2
lot	2
losing	2
lose	2
lonely	2
lone	2
load	2
lit	2
listening	2
lilies	2
lightest	2
lighteneth	2
lifted	2
levels	2
letter	2
less	2
lent	2
length	2
lendeth	2
led	2
lawns	2
lawn	2
laughter	2
laughs	2
lashed	2
language	2
lands	2
lamps	2
lamp	2
lain	2
laborious	2
knewest	2
kingdom	2
kempis	2
joyous	2
jewel	2
jesus	2
irresponsible	2
iron	2
intimate	2
interruptions	2
interpret	2
intent	2
instrument	2
instant	2
inspirer	2
informed	2
infinite	2
indian	2
image	2
hymn	2
hurricane	2
hunter	2
humble	2
however	2
horizon	2
hopes	2
honour	2
holiness	2
hither	2
hiss	2
hillside	2
hid	2
hew	2
heretofore	2
hereafter	2
height	2
hedges	2
heaviness	2
hearest	2
health	2
healed	2
haste	2
harp	2
happen	2
hanging	2
hallowed	2
gusty	2
grovel	2
grottoes	2
grievous	2
griefs	2
greater	2
grave	2
granting	2
granite	2
grain	2
goodness	2
goodly	2
glittering	2
gleaming	2
glass	2
glancing	2
givest	2
gird	2
general	2
gave	2
gathered	2
games	2
gaiety	2
future	2
furious	2
fulfil	2
fronds	2
frolic	2
fringing	2
fringes	2
friendly	2
fresh	2
fray	2
frames	2
framed	2
foundations	2
forsaken	2
followed	2
folds	2
fold	2
flood	2
flints	2
fleet	2
flames	2
flame	2
fitly	2
fires	2
fingers	2
finds	2
film	2
fight	2
few	2
festival	2
fervent	2
feeling	2
feathery	2
fearing	2
fearful	2
fathom	2
fashioned	2
fashion	2
false	2
faithfulness	2
fainted	2
failed	2
faded	2
express	2
explore	2
excel	2
exceeding	2
evil	2
evelyn	2
enter	2
entangled	2
ended	2
endeavours	2
empty	2
emerald	2
elsewhere	2
edges	2
edged	2
earthly	2
eager	2
dying	2
duties	2
dusty	2
drum	2
drowsy	2
drew	2
drear	2
dreamed	2
doubts	2
doeth	2
diverse	2
distresses	2
distinguished	2
distinct	2
distant	2
displeasure	2
discover	2
disappointed	2
din	2
diamond	2
desolation	2
desert	2
departed	2
delusion	2
delights	2
delicately	2
deeps	2
deepest	2
deck	2
deceptive	2
deal	2
deafening	2
deaf	2
darts	2
dare	2
dancing	2
danceth	2
dances	2
curved	2
currents	2
curls	2
crystals	2
crystal	2
crucified	2
crown	2
crowd	2
crouched	2
crossed	2
creeping	2
create	2
crawled	2
coward	2
course	2
country	2
count	2
cords	2
contentment	2
consumed	2
consider	2
conqueror	2
confusion	2
confess	2
concern	2
comrades	2
compassed	2
company	2
companion	2
commit	2
comforter	2
cometh	2
clouds	2
clothed	2
clinging	2
climbing	2
cleansing	2
clay	2
circles	2
chosen	2
chose	2
choice	2
chime	2
chiefest	2
charles	2
changeful	2
changed	2
chance	2
cell	2
celestial	2
careth	2
cares	2
carefully	2
careful	2
captain	2
butterfly	2
butterflies	2
business	2
buried	2
brook	2
brier	2
brave	2
branches	2
bowl	2
bow	2
boundless	2
boulders	2
bough	2
bottom	2
both	2
borrow	2
bore	2
bordered	2
bloweth	2
blossom	2
bloom	2
blew	2
blast	2
better	2
benediction	2
beneath	2
believed	2
begun	2
beguile	2
begin	2
bed	2
become	2
beckon	2
beaten	2
beacon	2
battered	2
basra	2
base	2
balance	2
awoke	2
awhile	2
awaken	2
august	2
attend	2
asphodels	2
arrive	2
arm	2
approached	2
apprehend	2
appointed	2
appeared	2
appear	2
appeal	2
anywhere	2
ants	2
answer	2
anoint	2
anguish	2
ancient	2
aloud	2
aloofness	2
alien	2
airs	2
agatha	2
afterglow	2
affrighted	2
adorn	2
action	2
accusing	2
accepted	2
abyss	2
abound	2
.)	2
!"	2
|arabic5+digit|	1
ypres	1
yours	1
younger	1
yields	1
yielding	1
yearning	1
yawning	1
yachts	1
writes	1
wrinkles	1
wring	1
wrest	1
wrecked	1
wrath	1
wounding	1
wound	1
worshipped	1
worn	1
works	1
working	1
workers	1
worker	1
wooeth	1
wooed	1
woods	1
wondrous	1
wonderland	1
wonderingly	1
wonderfully	1
wondered	1
won	1
wold	1
woefully	1
withering	1
withdrew	1
withdraw	1
wist	1
wish	1
wisdom	1
winnow	1
winepress	1
windings	1
willing	1
widening	1
whosoever	1
whither	1
whitening	1
whitened	1
whistling	1
whistled	1
whistle	1
whispereth	1
whirls	1
whirlpools	1
whilst	1
whet	1
wheresoever	1
west	1
wert	1
wept	1
wells	1
welcomed	1
weight	1
weeping	1
weep	1
weed	1
weaves	1
weaver	1
weathers	1
weary	1
wearily	1
wearied	1
wealth	1
weakening	1
weaken	1
weak	1
wayside	1
wayfaring	1
waxing	1
watershed	1
waterfloods	1
watercourses	1
watcher	1
watched	1
wasted	1
wast	1
washes	1
wash	1
warm	1
want	1
wanders	1
walking	1
waiteth	1
voyage	1
vows	1
vorticellae	1
void	1
vocal	1
vivid	1
vitals	1
visions	1
violent	1
violence	1
village	1
vile	1
vigour	1
vigorous	1
view	1
vest	1
verse	1
verify	1
veriest	1
verdure	1
velvety	1
veins	1
veined	1
vehement	1
vehemence	1
variously	1
varied	1
variance	1
variableness	1
vanishings	1
vanished	1
vanish	1
vanguard	1
valorous	1
vale	1
vainglorious	1
uttermost	1
utterly	1
uttered	1
used	1
urged	1
upsprings	1
upraised	1
uplifted	1
unwittingly	1
unveiled	1
untroubled	1
untrodden	1
untrimmed	1
untoward	1
unsuccoured	1
unsubdued	1
unstern	1
unshod	1
unshakable	1
unsatisfied	1
unruly	1
unromantic	1
unresultful	1
unresponsive	1
unregarded	1
unravel	1
unperturbed	1
unoffended	1
unless	1
unkind	1
universe	1
united	1
unite	1
union	1
uninfluenced	1
unimagined	1
unheard	1
unfold	1
unextinguished	1
unexplored	1
undressed	1
undreamed	1
undone	1
undistinguished	1
undisciplined	1
undiminished	1
undesired	1
undermined	1
underglow	1
underflow	1
undealt	1
uncurls	1
uncurled	1
uncomprehending	1
uncomforted	1
uncharmed	1
unbroken	1
unborn	1
tyranny	1
twisted	1
twindd	1
twin	1
turns	1
turmoiled	1
tum	1
tryst	1
trusts	1
trusting	1
trusted	1
trunks	1
truest	1
trudge	1
trod	1
triumphant	1
triumphal	1
trenches	1
tremendous	1
treacheries	1
travellers	1
travel	1
transfigured	1
tranquillities	1
tranquil	1
tramples	1
trample	1
tramping	1
tramp	1
trained	1
trail	1
tradition	1
trackless	1
traced	1
town	1
towers	1
towering	1
tourmaline	1
touching	1
totter	1
tossing	1
toss	1
tortures	1
torturers	1
torture	1
torrent	1
tore	1
tops	1
tool	1
tongues	1
toiling	1
titles	1
title	1
tillage	1
tidy	1
thwarting	1
thunderbolts	1
thud	1
throughout	1
thronging	1
thronged	1
threatened	1
threads	1
thou'lt	1
thistle	1
thinking	1
thigh	1
thereof	1
thereafter	1
themes	1
thanks	1
texture	1
terribleness	1
tenderness	1
tenderly	1
temporal	1
tempestuous	1
tear	1
tawny	1
tastes	1
tarry	1
tar	1
tangles	1
talons	1
talking	1
taking	1
taken	1
table	1
swung	1
swing	1
swimming	1
swell	1
sweetest	1
sweeps	1
swayed	1
sustenance	1
sustain	1
suspicions	1
suspense	1
survive	1
surrounding	1
surprises	1
surpassed	1
surgical	1
surface	1
sureness	1
superficial	1
sunshine	1
sunrise	1
sunlight	1
sunken	1
sunk	1
sunday	1
sum	1
suitable	1
suggested	1
suffice	1
suffereth	1
suffered	1
succumb	1
submit	1
submission	1
stunted	1
stump	1
stuff	1
strode	1
strive	1
strips	1
stripes	1
strike	1
strew	1
stretch	1
stress	1
strenuously	1
streamlet	1
strayed	1
stratagem	1
strangled	1
stranger	1
strait	1
strained	1
strain	1
stormy	1
stoops	1
stooping	1
stooped	1
stoop	1
stole	1
stirs	1
stirreth	1
stinging	1
stigma	1
stifle	1
stern	1
steppest	1
stentor	1
steeped	1
steady	1
stayeth	1
starlit	1
stare	1
stall	1
staircase	1
stains	1
stainless	1
staining	1
stained	1
stabbing	1
stab	1
spurt	1
sprinkled	1
springing	1
springeth	1
sprang	1
spoken	1
spoils	1
spoiled	1
splash	1
spiritualism	1
spiral	1
spin	1
spiked	1
spider	1
speedily	1
speed	1
speck	1
sparkle	1
spark	1
spared	1
spare	1
spacious	1
sower	1
source	1
sounds	1
sounding	1
sounded	1
sorrowfully	1
sorest	1
sordid	1
soothing	1
soothes	1
soothe	1
somewhat	1
sometime	1
solitude	1
solely	1
sojourn	1
soil	1
sodden	1
sod	1
sober	1
soaked	1
snow-white	1
snake	1
smothering	1
smoothly	1
smoke	1
smiting	1
smiteth	1
smilet	1
smell	1
slow	1
sloth	1
slope	1
slips	1
slight	1
slender	1
sleepy	1
sleeping	1
sleep	1
skin	1
skies	1
sinners	1
sinner	1
sinned	1
sinkest	1
sink	1
sinister	1
sinews	1
simply	1
simplicity	1
silently	1
sights	1
sight	1
sighing	1
sickened	1
shyly	1
shuffling	1
shriven	1
shrivel	1
shrink	1
shrine	1
showed	1
shouting	1
shouted	1
shoulders	1
shouldering	1
shoulder	1
shortly	1
short	1
shook	1
shoals	1
shivering	1
shiver	1
shirk	1
shifting	1
shields	1
shepherd	1
shelterless	1
sheet	1
sheer	1
sheep	1
sheath	1
shatters	1
sharpness	1
share	1
shaming	1
shamefully	1
shambles	1
shallows	1
shaketh	1
shade	1
severity	1
several	1
sever	1
seven	1
settle	1
serve	1
servants	1
serious	1
serene	1
separate	1
sensual	1
sensitive	1
sends	1
self-love	1
selaginella	1
seize	1
sees	1
seeming	1
seeking	1
seeing	1
seedling	1
sedges	1
second	1
searcheth	1
seabirds	1
scrutinise	1
scroll	1
scourging	1
scorpion	1
scope	1
scimitar	1
scatters	1
scattered	1
scatter	1
scarring	1
scale	1
scald	1
satisfy	1
satisfies	1
satan	1
sapphire	1
sank	1
sane	1
sandy	1
sands	1
sandalled	1
sanctuary	1
saintlier	1
sailed	1
safe	1
saddle	1
sacred	1
sabbath	1
ruth	1
runneth	1
rundle	1
ruler	1
rule	1
ruin	1
ruffled	1
rude	1
ruby	1
rowing	1
routine	1
roundelay	1
rounded	1
rotting	1
rotten	1
roomed	1
robe	1
roared	1
roam	1
rivulet	1
risings	1
rises	1
rippling	1
rippled	1
ripeneth	1
ripen	1
rioting	1
rings	1
ring	1
rind	1
rim	1
righteous	1
ridge	1
ride	1
rid	1
ribbon	1
rhyme	1
revolving	1
revolt	1
revere	1
revealing	1
revealed	1
returned	1
return	1
retrieved	1
retrieve	1
reticence	1
restrains	1
restlessness	1
rested	1
respond	1
respect	1
resolve	1
resistless	1
resisting	1
requires	1
require	1
reputation	1
reposeful	1
repose	1
reported	1
replying	1
replies	1
repeat	1
repaired	1
renewed	1
removed	1
remembering	1
remembered	1
remains	1
remain	1
reluctant	1
relieving	1
rejoiced	1
reigns	1
reigneth	1
region	1
regatta	1
regardless	1
regard	1
refreshment	1
refresh	1
recovering	1
record	1
reconcile	1
recognitions	1
recognise	1
reckoneth	1
recent	1
receives	1
received	1
rebuketh	1
reassuring	1
reapers	1
real	1
reacheth	1
reaches	1
raymond	1
raw	1
ravine	1
rattle	1
rather	1
rasped	1
rare	1
ransack	1
raiseth	1
raised	1
raging	1
radiances	1
racing	1
quieted	1
quenched	1
quells	1
queens	1
queen	1
push	1
purposes	1
purges	1
punctiliously	1
pulse	1
pulling	1
pulleys	1
psalm	1
proves	1
prophesied	1
proper	1
proof	1
promised	1
profusion	1
profound	1
profitless	1
proffered	1
profess	1
proclaim	1
procession	1
processes	1
proceeding	1
proceeded	1
probe	1
privily	1
prisoner	1
prison	1
prince	1
prime	1
pricking	1
previous	1
prevailing	1
pretty	1
pretence	1
preserve	1
presently	1
presences	1
presence	1
prescience	1
prepare	1
praises	1
poverty	1
pout	1
pours	1
poured	1
pots	1
possibly	1
possible	1
possession	1
possess	1
port	1
pondering	1
ponder	1
polymorphus	1
pollution	1
polluted	1
polished	1
pointing	1
pointed	1
pod	1
ply	1
plunging	1
plunge	1
plough	1
plenteously	1
pledged	1
pleasures	1
plea	1
playing	1
platitudes	1
plants	1
planned	1
pitiless	1
pitifulness	1
pitifully	1
piteous	1
pitcher	1
pillar	1
pile	1
pierce	1
pieces	1
piece	1
pictures	1
picture	1
phantoms	1
phantom	1
petty	1
pettiness	1
pertains	1
pertain	1
persuasively	1
persuading	1
persistent	1
persistency	1
perplexities	1
perplexing	1
perplexed	1
perpetually	1
permit	1
perishing	1
perilous	1
perform	1
perfectly	1
perfecting	1
perfecteth	1
perfected	1
perceived	1
penetrating	1
penetrate	1
peevish	1
pedestal	1
peculiarly	1
pebble	1
pearly	1
peals	1
peaks	1
paved	1
pauses	1
pattern	1
patiently	1
pathway	1
paths	1
pathos	1
passionless	1
passionately	1
passion	1
passes	1
parents	1
parables	1
paper	1
panic	1
panes	1
pane	1
pandanus	1
paltry	1
palliate	1
palea	1
paint	1
owning	1
overwhelmed	1
overturn	1
overtaken	1
overpast	1
overborne	1
oval	1
outwearied	1
outwardly	1
outstretched	1
outright	1
outriders	1
outlines	1
outline	1
ought	1
otherwhile	1
organ	1
orders	1
order	1
oppression	1
oppresseth	1
oppresses	1
oppress	1
operate	1
opens	1
onward	1
ones	1
oldenburg	1
olden	1
oiled	1
oft	1
offscouring	1
offence	1
occasion	1
obtained	1
obscured	1
obliged	1
obeyed	1
obedient	1
nurturing	1
nurtured	1
nurseries	1
nucleus	1
nowise	1
nowhere	1
nous	1
noticing	1
nothingness	1
nosworthy	1
noonday	1
noon	1
nook	1
noisy	1
noise	1
nobler	1
nigher	1
ni	1
next	1
news	1
newborn	1
netted	1
net	1
nestlings	1
neglected	1
needs	1
needed	1
neath	1
nearest	1
nearer	1
natural	1
nations	1
narrow	1
names	1
mysteriously	1
mysterious	1
muttering	1
mute	1
musician	1
murmurs	1
murmurings	1
murmuring	1
murmured	1
multitudes	1
multitude	1
mrs	1
movest	1
mouthfuls	1
mourning	1
mourned	1
mountainside	1
mothers	1
motes	1
moss	1
mortals	1
morsels	1
morrow	1
morn	1
morass	1
moonshine	1
moonset	1
moonlight	1
moonbeams	1
moodiness	1
mood	1
month	1
monotony	1
moments	1
mockery	1
mock	1
moans	1
moaning	1
moan	1
mixing	1
mixes	1
missionary	1
misrule	1
misdoubt	1
mischance	1
miscalled	1
mire	1
mirage	1
minstrelsy	1
ministration	1
ministers	1
minister	1
mingling	1
mines	1
miles	1
mien	1
metals	1
meshes	1
merry	1
merle	1
mercies	1
merchandise	1
mended	1
menace	1
memory	1
melodious	1
meditate	1
meddle	1
meat	1
meant	1
meads	1
meadowlands	1
meadow	1
mead	1
mazy	1
may'st	1
maudlin	1
mating	1
material	1
massacre	1
mass	1
mary	1
marvellous	1
martyrs	1
marred	1
marked	1
manners	1
mankind	1
manifest	1
manhood	1
maker	1
majestical	1
maintain	1
mailed	1
maids	1
maid	1
magnify	1
maccabees	1
lyre	1
luxurious	1
lustrous	1
lurk	1
lullaby	1
lowland	1
lower	1
lovingly	1
lovers	1
loveliest	1
lovable	1
lostpgraves	1
loosed	1
loom	1
looking-glass	1
looking	1
lonesomely	1
loneliness	1
loins	1
logs	1
logged	1
loan	1
lived	1
liquid	1
lingering	1
lingered	1
linger	1
lines	1
limitless	1
limited	1
limbs	1
lilt	1
lightsome	1
lightness	1
lightly	1
lighting	1
lighter	1
lightened	1
lighten	1
lieut	1
licked	1
lichens	1
liar	1
letters	1
lets	1
lessons	1
lesser	1
lengthens	1
lengthened	1
lend	1
leisure	1
ledge	1
leaving	1
leapt	1
leaps	1
leaping	1
leans	1
leaning	1
leafless	1
leads	1
leader	1
layers	1
lava	1
lashing	1
large	1
lap	1
landscape	1
lambs	1
lamb	1
lakes	1
laid	1
lacking	1
lace	1
labelled	1
kraken	1
knowledge	1
knoweth	1
know'st	1
knotted	1
knelt	1
knell	1
knee	1
kiss	1
kinship	1
kingsley	1
kings	1
kingly	1
kine	1
kinds	1
kindness	1
kindliest	1
kindle	1
killed	1
kept	1
keeping	1
keenly	1
keener	1
joyousness	1
joyously	1
joyfullest	1
join	1
jewelled	1
jest	1
javelin	1
jangles	1
jagged	1
j	1
issued	1
islet	1
isle	1
irresolute	1
iridescent	1
ioo	1
inwrought	1
inwhole	1
involved	1
inviolate	1
invented	1
invent	1
intrusive	1
intrudes	1
intrude	1
intricate	1
intonation	1
interpreted	1
intermeddling	1
interior	1
interfere	1
intercepted	1
intentional	1
insults	1
instruments	1
instinct	1
instead	1
inspire	1
insistent	1
insincerity	1
insidious	1
insect	1
innermost	1
inner	1
influence	1
inflicting	1
inferred	1
inferior	1
infant	1
individually	1
indignation	1
indifferent	1
indelibly	1
indeed	1
indecision	1
increase	1
incorruption	1
incommunicable	1
incline	1
inch	1
impulse	1
imprisonment	1
impress	1
impotent	1
impetuous	1
imperious	1
imperative	1
immanent	1
imagined	1
imagine	1
imagination	1
illusive	1
illusions	1
illusion	1
illuminations	1
illuminating	1
ignored	1
ignorant	1
ideal	1
i.m.s	1
i'm	1
i'll	1
husheth	1
hurts	1
hurry	1
hurries	1
hurled	1
hurl	1
hummed	1
humbled	1
humankind	1
hum	1
hull	1
hug	1
huddle	1
hrll	1
howled	1
household	1
hosts	1
host	1
hospital	1
horror	1
honours	1
honest	1
homing	1
holds	1
holding	1
holdeth	1
hinder	1
hillsides	1
highest	1
hideous	1
hewn	1
hesitate	1
hers	1
hero	1
herbert	1
helm	1
hell	1
heeds	1
heedless	1
hedge	1
hearing	1
healthily	1
heal	1
heads	1
he's	1
haze	1
hay	1
haven	1
haunting	1
haunted	1
hateful	1
harry	1
harpstrings	1
harmonious	1
harmonies	1
hardened	1
harass	1
happenings	1
handled	1
handfuls	1
handful	1
hammers	1
halls	1
halloweth	1
half	1
hail	1
hadst	1
h	1
gun	1
guise	1
guilty	1
guiding	1
guides	1
guide	1
guests	1
guardians	1
guard	1
grubbing	1
grows	1
grownup	1
grown	1
grovelling	1
groove	1
grieving	1
grieves	1
grieve	1
greys	1
grew	1
greenery	1
gravel	1
gratitude	1
granted	1
gradually	1
gradual	1
gossamer	1
gorse	1
goest	1
gnat	1
glume	1
glow	1
gloriously	1
glooms	1
gloomed	1
globe	1
glistening	1
glimpses	1
glimpse	1
glimmerings	1
glen	1
glees	1
gleam	1
glare	1
giver	1
gilead	1
get	1
george	1
gently	1
gentler	1
gayer	1
gavest	1
gather	1
gasps	1
garment	1
garland	1
gap	1
gaining	1
g	1
f€te	1
fuss	1
furtive	1
furry	1
furred	1
funeral	1
fullest	1
fugitive	1
fuel	1
fruitless	1
frowns	1
frowned	1
frosted	1
frost	1
fronting	1
frond	1
fringed	1
fringe	1
frightened	1
frighten	1
fretting	1
fretted	1
freshening	1
freed	1
fraternise	1
fought	1
fostered	1
forspent	1
forsaking	1
forked	1
forgiving	1
forgiver	1
forgiveness	1
forgive	1
forgetfulness	1
forever	1
foretold	1
forbiddingly	1
forbidden	1
forbear	1
footfall	1
fool	1
fondly	1
fondling	1
fond	1
folly	1
folded	1
foiled	1
fog	1
foes	1
foeman	1
foe	1
foaming	1
flush	1
fluid	1
fluctuations	1
flown	1
flowery	1
flowering	1
flouting	1
flout	1
floods	1
flooding	1
float	1
flinging	1
flingeth	1
flimsy	1
flight	1
flickering	1
flicker	1
flew	1
fleshliness	1
flee	1
flayed	1
flattened	1
flasheth	1
flashes	1
flashed	1
flake	1
flags	1
fixed	1
fitful	1
fit	1
fist	1
firmament	1
firelight	1
finding	1
filtered	1
filleth	1
file	1
fig	1
fife	1
fiercely	1
fictions	1
festooned	1
fervently	1
ferny	1
fens	1
fellow	1
fed	1
feb	1
feathers	1
feasts	1
feast	1
fearfully	1
favour	1
faultily	1
fathoms	1
fatherly	1
fatherless	1
fashioning	1
farther	1
fared	1
fare	1
fancies	1
fancied	1
famed	1
faltering	1
fallings	1
fallacy	1
faithless	1
faithfully	1
fairy	1
fainting	1
faintest	1
faction	1
faced	1
f	1
eyed	1
exult	1
extremity	1
expound	1
experience	1
expected	1
exhaustless	1
excess	1
excelling	1
exceeds	1
examine	1
evident	1
everlasting	1
esteemed	1
essential	1
especially	1
escaping	1
escapes	1
escape	1
ere	1
epitaph	1
ephemeral	1
enwoven	1
enthusiasms	1
entering	1
ensnare	1
enrich	1
enough	1
enjoy	1
english	1
england	1
enervate	1
energy	1
energies	1
enemy	1
enemies	1
enduring	1
endue	1
ends	1
endeth	1
encompass	1
enable	1
emptiness	1
employs	1
empire	1
emotion	1
emmewed	1
emerging	1
embrace	1
embittered	1
embers	1
embarrassed	1
eludeth	1
elf	1
either	1
effectual	1
effect	1
eddy	1
economy	1
eclipse	1
eaves	1
eat	1
easy	1
eastern	1
east	1
easily	1
eases	1
easefully	1
earthquake	1
earnest	1
eagle	1
eagerness	1
eagerer	1
e	1
dwell	1
dutiful	1
due	1
dry	1
drums	1
drummed	1
drudgery	1
dross	1
dropped	1
drop	1
drooped	1
driving	1
dripping	1
drinks	1
drinketh	1
drink	1
drifted	1
drift	1
dried	1
dressings	1
dressing	1
dresses	1
dreary	1
dreadful	1
dreadest	1
drawn	1
drag	1
drab	1
downward	1
downs	1
dower	1
dovelike	1
doubteth	1
doubling	1
double	1
doomed	1
domineer	1
dome	1
doctors	1
doctor	1
diviner	1
divine	1
dived	1
disturbed	1
distribution	1
distributed	1
distinguish	1
distances	1
dissolve	1
disquieted	1
displease	1
disobeyed	1
disguised	1
discovering	1
discovered	1
discourtesy	1
discoursing	1
discourse	1
disconsolate	1
disciplined	1
disarray	1
disappoint	1
directed	1
dig	1
difficult	1
differences	1
dies	1
died	1
diadem	1
dewdrops	1
devout	1
devours	1
devoured	1
devour	1
devious	1
devil	1
deviation	1
detaining	1
detained	1
despondent	1
despondency	1
despise	1
despair	1
desiring	1
desires	1
desired	1
descry	1
descries	1
descended	1
derision	1
depth	1
depletion	1
depleted	1
depart	1
denies	1
delusions	1
deluded	1
deliverer	1
delightsomeness	1
delightful	1
degenerate	1
defile	1
defiance	1
defence	1
defeats	1
defeated	1
deepen	1
deemed	1
dedicating	1
decrease	1
decorous	1
decorative	1
decent	1
decadent	1
debris	1
deaths	1
dazzled	1
dazeth	1
daytime	1
dastardly	1
darkly	1
dared	1
dangerous	1
danced	1
dance	1
dallying	1
d	1
custom	1
curve	1
curtains	1
curling	1
curled	1
curbed	1
cumbering	1
crumb	1
crowning	1
crowding	1
crowded	1
crosses	1
crooning	1
crisped	1
crippling	1
crimson	1
crept	1
creed	1
creator	1
crawl	1
cravens	1
craven	1
crashing	1
crash	1
cramped	1
crags	1
cradles	1
crackle	1
coy	1
covets	1
covered	1
cover	1
courts	1
courtesy	1
counts	1
counting	1
counter	1
couldst	1
costly	1
cost	1
corruptible	1
coronet	1
core	1
copper	1
copiously	1
cools	1
coolies	1
conventions	1
convenient	1
contrived	1
contrive	1
contrary	1
continues	1
continue	1
contented	1
contemn	1
consume	1
constrained	1
constantly	1
constancies	1
conspiring	1
conspired	1
consoled	1
consistent	1
conscious	1
conquering	1
confusions	1
confusedly	1
confused	1
confounded	1
confessed	1
cone	1
concerning	1
conceptions	1
conceive	1
conceal	1
comprehended	1
completion	1
complained	1
complain	1
compassionately	1
compare	1
companionship	1
companies	1
companied	1
comorin	1
communion	1
communed	1
commonplace	1
commanded	1
comfortless	1
comfortings	1
comforting	1
comforters	1
comb	1
coldness	1
coils	1
coil	1
coast	1
cloven	1
clout	1
clouded	1
clod	1
cloak	1
climber	1
climbed	1
clearness	1
cleanse	1
claws	1
clasp	1
clash	1
clan	1
clamoured	1
clamorous	1
claims	1
claimed	1
clad	1
circumstance	1
chrysolite	1
christian	1
chorlton	1
choosing	1
choir	1
choices	1
chilly	1
chill	1
chief	1
chiding	1
cherished	1
cherish	1
cheery	1
cheerfulness	1
cheer	1
cheekbone	1
chastised	1
chased	1
chase	1
charred	1
charms	1
chariot	1
charge	1
character	1
changing	1
changeling	1
champion	1
chalk	1
certainty	1
centuries	1
centre	1
central	1
celebrateth	1
causeth	1
causes	1
cathedral	1
casually	1
casual	1
castaway	1
cast-off	1
carven	1
carrying	1
carry	1
carpet	1
carols	1
caring	1
caressed	1
carelessly	1
car	1
captains	1
cape	1
cankering	1
canker	1
candles	1
candle	1
cancelled	1
calumny	1
calmed	1
calleth	1
calamity	1
cake	1
cadenced	1
busy	1
bush	1
burns	1
burnished	1
burden	1
built	1
build	1
bugle	1
buffets	1
budding	1
bubble	1
bruising	1
brow	1
broad	1
brinks	1
brings	1
bringeth	1
bring	1
brimming	1
brim	1
brilliance	1
brightness	1
brightening	1
brief	1
bridge	1
breezes	1
breeze	1
breathes	1
breathed	1
breathe	1
breast	1
breaks	1
breaketh	1
breakers	1
brand	1
branch	1
brake	1
bracing	1
braces	1
brace	1
boyhood	1
bowls	1
bowers	1
bountiful	1
bounding	1
boundary	1
boulder	1
borders	1
boon	1
boiled	1
boil	1
body	1
blunted	1
blues	1
bluer	1
blotted	1
blot	1
block	1
blistering	1
blinding	1
blinded	1
blessings	1
blessing	1
blesses	1
bled	1
bleat	1
bleak	1
blazes	1
blasts	1
blamed	1
blame	1
blade	1
birth	1
bind	1
big	1
bidst	1
bidden	1
bewildering	1
bewail	1
betrayed	1
bestir	1
beryl	1
berry	1
bereaved	1
benedictions	1
bendeth	1
belongest	1
beings	1
beguiled	1
befool	1
bees	1
beds	1
bedew	1
becoming	1
beckoneth	1
beckoned	1
became	1
beats	1
beateth	1
bear	1
beamed	1
beach	1
baths	1
bathes	1
bastions	1
basins	1
bars	1
barriers	1
barrenness	1
bared	1
barbarians	1
banks	1
banished	1
band	1
ban	1
baffleth	1
baffled	1
badly	1
backwash	1
babies	1
babes	1
awn	1
awe	1
awakes	1
await	1
avalanche	1
austere	1
aught	1
attuned	1
attracteth	1
attentive	1
attain	1
atoms	1
atmosphere	1
ate	1
astir	1
assuredly	1
assure	1
assurance	1
assault	1
assailed	1
aspire	1
aslant	1
ask	1
aside	1
ashes	1
arrows	1
arms	1
aright	1
ardent	1
arch	1
apprehensively	1
apprehends	1
apportioning	1
appeases	1
appease	1
appalling	1
apostle	1
anything	1
antidate	1
anticipated	1
answers	1
answered	1
annoy	1
anger	1
amen	1
amazingly	1
amazed	1
amass	1
although	1
altar	1
almost	1
alleluia	1
allegory	1
alice	1
alas	1
airman	1
aileth	1
agony	1
aglow	1
age	1
agag	1
aftermath	1
aforetime	1
aflame	1
affrights	1
afflict	1
affirmed	1
affections	1
aerial	1
advised	1
adoring	1
acts	1
acquiesce	1
aches	1
accustomed	1
account	1
accidie	1
accessible	1
accepting	1
accept	1
acacia	1
abloom	1
abide	1
abandonment	1
2nd	1
.,	1
.'	1
.!	1
).	1
),	1
'"	1
";	1
!:	1
!)	1
