,	687
the	647
and	450
.	222
to	158
in	156
a	153
i	145
;	133
of	130
all	98
my	92
you	77
is	76
with	74
on	72
!	65
that	56
at	56
|romannumeral|	53
by	52
me	51
as	50
are	50
he	49
it	45
we	43
—	42
little	41
go	41
for	40
where	36
when	36
see	35
children	34
but	32
be	32
up	30
|arabic2digit|	28
|arabic1digit|	28
|'s|	28
like	28
here	28
there	27
down	26
day	26
was	25
shall	25
or	25
night	25
can	25
bed	25
they	24
garden	24
'	24
o	23
things	22
so	22
out	22
not	22
play	21
sea	20
away	20
your	19
through	19
have	19
?	19
very	18
home	18
from	18
far	18
:	18
these	17
round	17
child	17
upon	16
till	16
happy	16
goes	16
every	16
come	16
trees	15
again	15
about	15
were	14
still	14
no	14
never	14
great	14
before	14
"	14
sun	13
land	13
how	13
his	13
an	13
tree	12
sailing	12
river	12
now	12
must	12
last	12
him	12
hear	12
green	12
eyes	12
door	12
air	12
wind	11
may	11
long	11
high	11
head	11
do	11
blue	11
their	10
than	10
tell	10
summer	10
rain	10
pleasant	10
old	10
marching	10
light	10
if	10
fire	10
find	10
among	10
while	9
well	9
water	9
wall	9
this	9
she	9
saw	9
over	9
other	9
one	9
morning	9
more	9
mill	9
house	9
has	9
grass	9
flowers	9
feet	9
fairy	9
books	9
beside	9
am	9
along	9
alone	9
window	8
will	8
who	8
what	8
way	8
town	8
tiny	8
time	8
then	8
story	8
stars	8
some	8
sing	8
should	8
ships	8
shadow	8
seas	8
red	8
people	8
man	8
ll	8
lie	8
keep	8
just	8
into	8
grow	8
goodbye	8
good	8
could	8
around	8
us	7
thought	7
sky	7
seen	7
room	7
picture	7
pass	7
our	7
nor	7
mother	7
meadow	7
lay	7
indian	7
i'm	7
hill	7
had	7
golden	7
dark	7
comes	7
clear	7
behind	7
back	7
woods	6
winter	6
two	6
take	6
sure	6
song	6
sit	6
sings	6
shining	6
sailor	6
safe	6
plain	6
places	6
nurse	6
made	6
lying	6
look	6
lies	6
frosty	6
eat	6
each	6
dusty	6
dear	6
days	6
close	6
city	6
black	6
birds	6
big	6
armies	6
across	6
abroad	6
yet	5
world	5
which	5
whenever	5
them	5
t	5
swing	5
sometimes	5
singing	5
ship	5
said	5
rise	5
read	5
pool	5
past	5
painted	5
overhead	5
off	5
none	5
nod	5
near	5
love	5
loud	5
let	5
leaves	5
lawn	5
kings	5
it's	5
houses	5
hills	5
her	5
heard	5
gone	5
going	5
get	5
gardener	5
gallop	5
full	5
field	5
fast	5
face	5
eye	5
ever	5
eggs	5
cool	5
coming	5
cold	5
cities	5
call	5
brown	5
bright	5
boat	5
below	5
young	4
yellow	4
would	4
wings	4
wide	4
wheel	4
warm	4
under	4
tramp	4
toys	4
tops	4
too	4
tom	4
think	4
thing	4
tea	4
such	4
street	4
soon	4
soldiers	4
soldier	4
sleepy	4
side	4
shut	4
shore	4
shadows	4
say	4
s	4
remember	4
playing	4
pictures	4
parlour	4
palace	4
nursie	4
mount	4
moon	4
make	4
live	4
left	4
leerie	4
lamp	4
know	4
hayloft	4
hand	4
grassy	4
foreign	4
foam	4
floor	4
fairies	4
everything	4
enough	4
drum	4
done	4
dolly	4
does	4
different	4
did	4
climb	4
boats	4
blowing	4
beyond	4
been	4
ah	4
after	4
word	3
wood	3
without	3
waves	3
walls	3
walk	3
vessel	3
ugly	3
true	3
tread	3
toy	3
today	3
though	3
thick	3
talking	3
stronger	3
stiller	3
steps	3
spring	3
sound	3
sort	3
sofa	3
smooth	3
smoke	3
slumber	3
sleep	3
simple	3
shelf	3
set	3
sandy	3
rose	3
rhymes	3
returns	3
reach	3
re	3
put	3
proper	3
playmate	3
place	3
phantom	3
party	3
open	3
only	3
once	3
nursery	3
nest	3
myself	3
much	3
mine	3
march	3
many	3
louis	3
looks	3
looking-glass	3
leave	3
late	3
lands	3
ladder	3
king	3
kind	3
its	3
hunter	3
humming	3
hole	3
hi	3
hen	3
hedges	3
harbour	3
hands	3
grownup	3
grown	3
ground	3
grasses	3
gloom	3
found	3
forest	3
flying	3
fly	3
fires	3
farther	3
falls	3
faces	3
english	3
empty	3
east	3
dim	3
dig	3
dew	3
daisy	3
curious	3
clean	3
cattle	3
cannot	3
came	3
cake	3
boys	3
both	3
bones	3
board	3
blows	3
block	3
best	3
behold	3
bee	3
bare	3
autumn	3
arise	3
another	3
always	3
above	3
(	3
yourself	2
wishes	2
wish	2
winds	2
windows	2
willie	2
why	2
whose	2
white	2
whistle	2
wherever	2
wet	2
west	2
wedding	2
watching	2
watched	2
watch	2
wars	2
walking	2
wake	2
volume	2
village	2
vessels	2
vanish	2
valley	2
turning	2
turned	2
turn	2
turk	2
try	2
treasures	2
travel	2
trail	2
tower	2
took	2
tomorrow	2
tiptoe	2
three	2
thousands	2
taller	2
tall	2
talk	2
takes	2
swallows	2
sunny	2
stream	2
stone	2
stick	2
steering	2
stays	2
starry	2
staring	2
star	2
stands	2
stand	2
spire	2
spider	2
sounds	2
smiling	2
slow	2
slice	2
skirts	2
skies	2
sioux	2
silver	2
sights	2
sides	2
showers	2
shone	2
shepherd	2
shells	2
sheep	2
shady	2
send	2
sees	2
seat	2
scarlet	2
sands	2
sand	2
sailors	2
sail	2
run	2
roof	2
roaring	2
roam	2
roads	2
rich	2
return	2
rest	2
rays	2
raining	2
race	2
quite	2
quiet	2
quick	2
puts	2
pools	2
please	2
playthings	2
pillows	2
pillow	2
pied	2
perhaps	2
passage	2
parents	2
papa	2
pane	2
others	2
organ	2
orange	2
older	2
nobody	2
nice	2
neat	2
nearly	2
names	2
name	2
musical	2
moving	2
moves	2
move	2
mouse	2
mountains	2
mountain	2
monterey	2
minnie	2
miles	2
might	2
mice	2
men	2
meat	2
makes	2
low	2
looking	2
looked	2
lonely	2
lions	2
lights	2
leaden	2
lead	2
laid	2
ladybird	2
lady	2
knee	2
kirk	2
kindly	2
keeps	2
jump	2
jolly	2
japanee	2
jane	2
india	2
i've	2
hours	2
hour	2
hot	2
honest	2
himself	2
highway	2
higher	2
hiding	2
hid	2
heroes	2
heaven	2
heather	2
heart	2
he's	2
hay	2
half	2
gun	2
grows	2
grey	2
grew	2
grenadier	2
gravel	2
grace	2
gold	2
glowing	2
glow	2
glory	2
glass	2
giant	2
gave	2
gardens	2
gabies	2
frozen	2
friends	2
friend	2
forget	2
forests	2
flows	2
flowing	2
floating	2
fish	2
firelit	2
fine	2
faster	2
farewell	2
fare	2
falling	2
fall	2
fairyland	2
fair	2
explore	2
evening	2
even	2
eve	2
eskimo	2
escape	2
ere	2
embers	2
else	2
either	2
eaten	2
dwell	2
dumb	2
drink	2
dress	2
don't	2
dog	2
divie	2
dine	2
digs	2
desert	2
dell	2
dawn	2
darkness	2
daisies	2
crying	2
crow	2
cow	2
counterpane	2
corner	2
coat	2
clover	2
clad	2
charging	2
chairs	2
castles	2
carrying	2
carried	2
caravan	2
candles	2
candlelight	2
candle	2
camp	2
burns	2
building	2
broken	2
bring	2
breath	2
breaking	2
bread	2
book	2
blown	2
blow	2
blinks	2
blinds	2
birdies	2
being	2
bedroom	2
beat	2
beast	2
bay	2
battle	2
babylon	2
babies	2
auntie	2
asleep	2
apple	2
any	2
alive	2
ages	2
afloat	2
afar	2
abed	2
!)	2
￼here	1
•	1
«	1
|arabicprice|	1
|arabic3digit|	1
younger	1
yonder	1
yew	1
years	1
ye	1
yawning	1
wrinkle	1
wrap	1
woody	1
wooden	1
wonder	1
won't	1
won	1
woke	1
witches	1
wiser	1
wisdom	1
wintery	1
winked	1
wink	1
windy	1
win	1
wimple	1
william	1
wild	1
wider	1
wicket	1
wicked	1
whip	1
whins	1
wherein	1
wheels	1
whalebones	1
went	1
weir	1
weave	1
weather	1
weary	1
wears	1
wearied	1
we've	1
wc	1
wary	1
warmly	1
want	1
wanders	1
wander	1
walks	1
waking	1
waken	1
waiting	1
wait	1
wagons	1
wade	1
voyage	1
vou	1
voices	1
voice	1
vlood	1
vanished	1
valleys	1
valiant	1
vale	1
use	1
upspringing	1
until	1
unseen	1
unruly	1
unkind	1
uniforms	1
unforgotten	1
unduly	1
underground	1
undaunted	1
uncle	1
umbrellas	1
twisted	1
twinkle	1
turtles	1
turns	1
turf	1
tucks	1
truth	1
trunk	1
trundle	1
trout	1
trouble	1
troops	1
trod	1
trips	1
travels	1
tramping	1
track	1
towers	1
tossed	1
toss	1
top	1
tools	1
tonight	1
told	1
together	1
toes	1
tired	1
tinkle	1
tingling	1
tin	1
times	1
tiles	1
tightly	1
tigers	1
tidy	1
thyme	1
thunder	1
thumbs	1
thrushes	1
thousand	1
thoughtful	1
those	1
thieves	1
theirs	1
tent	1
temples	1
teatime	1
tears	1
taster	1
tart	1
tar	1
tales	1
tale	1
system	1
swinging	1
swift	1
sweetly	1
sweet	1
sweep	1
swang	1
surprise	1
sunshine	1
sunless	1
suitor	1
successors	1
stuck	1
strong	1
stringing	1
streets	1
streams	1
stray	1
strangest	1
stranger	1
straight	1
storybooks	1
stories	1
stops	1
stoned	1
stitching	1
stir	1
sticks	1
steer	1
stayed	1
stay	1
stations	1
stately	1
starts	1
stares	1
stairs	1
stair	1
stable	1
squeaking	1
squalling	1
squadron	1
spy	1
springing	1
spreads	1
spreading	1
spoken	1
spite	1
spelled	1
spell	1
speed	1
speeches	1
speckled	1
sparrows	1
sparrow	1
spark	1
spain	1
spade	1
sorrel	1
songs	1
something	1
solitudes	1
sod	1
smock	1
smiles	1
smiled	1
smelling	1
smell	1
smaller	1
small	1
sluice	1
slowly	1
slips	1
slip	1
slides	1
slept	1
sleepyhead	1
sleepsin	1
sleeping	1
sled	1
sitting	1
sits	1
sister	1
sire	1
singer	1
since	1
sin	1
silly	1
sill	1
silence	1
sight	1
sick	1
siberia	1
si	1
show	1
shoulder	1
shoots	1
shivering	1
shines	1
shine	1
shields	1
shepherds	1
sheets	1
sheds	1
shaven	1
shapes	1
shamed	1
shame	1
shaken	1
shake	1
shade	1
several	1
sets	1
serious	1
sent	1
sensible	1
self	1
seems	1
seem	1
seeking	1
sedately	1
secret	1
sebastopol	1
seaweed	1
seated	1
seasons	1
seaside	1
searched	1
scythes	1
scythe	1
screens	1
scrambles	1
scout	1
scottish	1
scattered	1
saying	1
saturday	1
sanchez	1
sale	1
sake	1
sailed	1
sages	1
safety	1
sacred	1
rut	1
rusty	1
rustle	1
rushes	1
runs	1
running	1
rubber	1
rowing	1
row	1
rosy	1
roses	1
ropes	1
rooms	1
rooks	1
rom	1
rolls	1
rolling	1
roll	1
rocks	1
robins	1
robert	1
roar	1
road	1
rivers	1
ripe	1
rings	1
rind	1
right	1
riding	1
ride	1
rhyming	1
retiring	1
reposes	1
repose	1
remain	1
reindeer	1
refrain	1
reeds	1
rear	1
reappear	1
really	1
ready	1
reading	1
reader	1
reaching	1
rains	1
railway	1
r	1
questioned	1
queen	1
quays	1
quarrelled	1
quarrel	1
quaint	1
push	1
pursue	1
purse	1
pump	1
pull	1
prudent	1
prowled	1
prow	1
providence	1
proud	1
profit	1
printers	1
printer	1
printed	1
prince	1
pretty	1
presents	1
present	1
prayers	1
prayer	1
praise	1
posting	1
possess	1
portal	1
port	1
poor	1
pond	1
pointed	1
plunging	1
plumping	1
plough	1
plots	1
plot	1
plodding	1
pleasantest	1
plays	1
played	1
planted	1
plane	1
plains	1
pirate	1
pipers	1
pipe	1
pine	1
pinching	1
pillar	1
pillage	1
piled	1
pier	1
peter	1
perils	1
perched	1
perchance	1
pepper	1
penny	1
paven	1
patter	1
patience	1
path	1
pasted	1
passes	1
parrot	1
park	1
pardon	1
parcels	1
palanquin	1
palaces	1
paints	1
paint	1
pails	1
pail	1
packed	1
pacific	1
own	1
ought	1
ostrich	1
orderly	1
onward	1
ome	1
oit	1
oh	1
often	1
ocean	1
o'erhead	1
nuts	1
number	1
nt	1
notion	1
nothing	1
note	1
nose	1
northwest	1
noon	1
nooks	1
nook	1
nonsense	1
nile	1
nights	1
nigh	1
nieces	1
next	1
new	1
nests	1
nephews	1
negro	1
neared	1
naughty	1
napkin	1
named	1
nakedness	1
nails	1
nail	1
music	1
mown	1
mounting	1
mountaineers	1
motion	1
most	1
mosque	1
mortal	1
mornings	1
moored	1
moment	1
moil	1
minute	1
minnows	1
mind	1
minaret	1
millions	1
miller	1
mighty	1
met	1
merry	1
mending	1
meet	1
meddle	1
meantime	1
mean	1
meadows	1
mary	1
marvellous	1
martial	1
marten	1
mars	1
marriage	1
maria	1
marble	1
manse	1
manner	1
manhood	1
mamma	1
mama	1
malabar	1
maketh	1
maid	1
mad	1
lustre	1
lured	1
lumping	1
lumber	1
lucky	1
lowing	1
loves	1
lovely	1
lots	1
lost	1
longer	1
london	1
loiter	1
locks	1
load	1
lo	1
lived	1
lit	1
lingers	1
linen	1
lilacs	1
likes	1
life	1
level	1
letters	1
lest	1
lesson	1
legs	1
ledges	1
led	1
learn	1
leafy	1
leaflet	1
leads	1
lea	1
lazy	1
laurels	1
laurel	1
laughing	1
lantern	1
lane	1
lamps	1
lamplighter	1
lake	1
ladies	1
laddered	1
knows	1
knotty	1
knocking	1
knobs	1
knife	1
kites	1
kitchen	1
kissing	1
kissed	1
kingdom	1
kinds	1
keyhole	1
key	1
kept	1
keepsake	1
k	1
junks	1
jungles	1
joy	1
jointed	1
join	1
johnnie	1
jim	1
jet	1
japan	1
j	1
ivy	1
isut	1
islands	1
island	1
irrevocably	1
intent	1
intend	1
innocent	1
inmost	1
inhabits	1
indies	1
indeed	1
increases	1
immortal	1
ill	1
ihave	1
id	1
i'd	1
huts	1
hut	1
hurt	1
hurry	1
hunting	1
hunters	1
hunt	1
hundred	1
hums	1
hum	1
huge	1
hue	1
howling	1
horses	1
hopping	1
hopped	1
hope	1
honoured	1
homes	1
homely	1
hollyhocks	1
hollyhock	1
holes	1
hold	1
historical	1
highland	1
hide	1
henrietta	1
helps	1
help	1
helm	1
held	1
heels	1
heeding	1
heated	1
hearty	1
hearts	1
hearth	1
haunted	1
haunt	1
hates	1
hated	1
hat	1
hark	1
hard	1
happier	1
hang	1
handy	1
handles	1
handle	1
ham	1
hall	1
hair	1
h	1
guns	1
grounds	1
grinning	1
greater	1
grand	1
grain	1
got	1
gorse	1
gorgeous	1
goods	1
gods	1
goats	1
glowworm	1
glittering	1
glittered	1
glimpse	1
gleam	1
glade	1
glad	1
giving	1
gives	1
given	1
girls	1
girds	1
getting	1
gets	1
geese	1
gazes	1
gaze	1
gathering	1
gathered	1
gates	1
garters	1
gaily	1
furnaces	1
funniest	1
frosted	1
fro	1
frightening	1
fright	1
friendly	1
fresh	1
frenchmen	1
free	1
frailer	1
frail	1
four	1
forward	1
forks	1
fork	1
forgets	1
footsteps	1
footing	1
foot	1
fool	1
food	1
follow	1
fog	1
foaming	1
flutter	1
flown	1
flower	1
float	1
flies	1
flickers	1
flew	1
fleets	1
flee	1
flamingo	1
flame	1
five	1
first	1
fingers	1
finding	1
filled	1
fights	1
fiery	1
fields	1
few	1
festivals	1
felt	1
fell	1
fed	1
fearful	1
fear	1
father	1
farm	1
fame	1
fairest	1
faintly	1
fainted	1
fading	1
fade	1
fable	1
evermore	1
evenfall	1
eternal	1
estate	1
establish	1
escalade	1
envoys	1
england	1
end	1
enchanter	1
enchanted	1
emperors	1
embark	1
elders	1
eldei	1
egyptian	1
egg	1
edge	1
eats	1
eastern	1
earth	1
ears	1
early	1
ear	1
eagle	1
eager	1
dry	1
driving	1
driver	1
drills	1
drifting	1
dresses	1
dressed	1
dreams	1
dream	1
drawing	1
drawer	1
draw	1
doubt	1
double	1
doth	1
docks	1
divine	1
dive	1
ditches	1
distant	1
discovered	1
discover	1
disclose	1
dipping	1
dinner	1
diningroom	1
dimpling	1
dimpled	1
diminish	1
diet	1
dies	1
die	1
devouring	1
deserted	1
denies	1
demand	1
delight	1
deeper	1
deep	1
decent	1
deaf	1
dawns	1
darkened	1
daring	1
dames	1
dale	1
d	1
cuts	1
cut	1
currant	1
cupboard	1
cup	1
cuddle	1
cry	1
crusoes	1
crumbles	1
cruel	1
crowds	1
crops	1
crooks	1
crooked	1
crocodile	1
crimson	1
cries	1
creatures	1
cream	1
crawls	1
crawling	1
crawl	1
crack	1
coward	1
cousins	1
countryside	1
countries	1
count	1
corners	1
cook	1
content	1
commands	1
commander	1
comforter	1
comer	1
comb	1
coloured	1
colder	1
coconuts	1
cocks	1
cocked	1
cockatoos	1
cobwebs	1
coasts	1
coach	1
closing	1
closer	1
closely	1
clock	1
cloak	1
cling	1
climber	1
climbed	1
clearly	1
clearer	1
clambers	1
clamber	1
circus	1
circles	1
churning	1
church	1
christian	1
chorus	1
choose	1
chisel	1
chip	1
chink	1
china	1
chimney	1
childhood	1
cherry	1
cheerful	1
chased	1
changed	1
chance	1
chamber	1
chair	1
caves	1
caverns	1
cat	1
cart	1
carriage	1
carpet	1
carpenter	1
care	1
captain	1
cap	1
cannon	1
camel	1
called	1
cabinets	1
cabinet	1
buttons	1
butterfly	1
buttercup	1
busy	1
business	1
bush	1
burning	1
buried	1
bumble	1
built	1
build	1
bruce	1
brought	1
brother	1
broom	1
brooks	1
brittle	1
brink	1
bridges	1
breezes	1
breeze	1
breakfast	1
break	1
breach	1
braver	1
branches	1
branch	1
brambles	1
boy	1
bow	1
bound	1
boughs	1
borders	1
bonnet	1
bonfires	1
bogie	1
boating	1
blower	1
blots	1
blossoms	1
blooms	1
bloom	1
bloodred	1
blocks	1
blinking	1
blinding	1
blind	1
bleating	1
blazing	1
blazes	1
blade	1
bit	1
birdie	1
bird	1
bind	1
billows	1
bill	1
bids	1
bewildering	1
bent	1
belong	1
bells	1
bell	1
begins	1
begin	1
bees	1
beeches	1
bedtime	1
bedclothes	1
beats	1
beating	1
beans	1
bean	1
beads	1
beach	1
bazaar	1
battles	1
bathe	1
bat	1
basket	1
bars	1
barrow	1
bares	1
banner	1
banks	1
banker	1
bangles	1
balusters	1
ball	1
bad	1
backward	1
backs	1
bachelor	1
baby	1
baba	1
b	1
ay	1
awhile	1
attic	1
atlantic	1
associations	1
ashore	1
arrived	1
arrant	1
armour	1
aright	1
arbour	1
april	1
apples	1
appeared	1
apparelled	1
apes	1
apart	1
apace	1
anything	1
ants	1
antelope	1
ankle	1
ancient	1
anchored	1
although	1
altered	1
also	1
aloud	1
allies	1
alit	1
alert	1
albatross	1
alas	1
aint	1
ahead	1
ago	1
age	1
africa	1
adventure	1
adorned	1
actions	1
acquaintance	1
aboard	1
able	1
abirdie	1
aa	1
\	1
?"	1
>	1
-	1
