,	3922
the	2916
and	1882
.	1643
of	1176
to	746
;	728
in	673
a	669
that	514
i	473
with	425
|'s|	419
—	379
all	328
his	315
"	303
!	274
is	256
for	236
but	236
as	234
we	232
on	229
from	220
thy	212
her	209
he	208
by	198
our	187
their	183
no	180
so	177
my	172
not	170
are	167
?	166
or	160
|romannumeral|	159
through	156
you	151
it	145
'	145
was	143
like	136
when	133
they	132
me	128
she	127
one	127
who	122
at	121
thou	114
over	112
be	109
there	107
its	104
life	103
what	101
old	101
light	101
where	98
love	98
this	96
then	95
o	95
long	94
have	93
some	92
yet	88
were	88
your	86
whose	83
thee	83
now	83
still	82
shall	82
while	78
day	78
time	75
him	75
can	74
though	73
may	73
know	73
upon	71
."	71
will	70
us	70
soul	66
see	66
truth	65
heart	65
air	64
never	63
if	63
:	61
than	60
how	60
great	58
well	57
thought	56
said	56
night	56
till	55
those	54
nor	53
down	53
come	53
must	52
|arabic1digit|	51
would	51
out	51
into	50
god	50
too	49
these	49
here	48
could	48
away	48
sweet	47
days	47
up	46
eyes	46
world	45
why	45
which	44
such	44
more	44
youth	43
only	43
golden	43
alone	43
again	43
heaven	42
each	42
sun	41
has	41
half	41
earth	41
ah	41
had	40
ever	40
dream	40
death	39
an	39
stood	38
spring	38
music	38
fair	38
|arabic5+digit|	37
around	37
voice	36
should	36
once	36
man	36
hear	36
far	36
sing	35
rose	35
river	35
power	35
hope	35
hand	35
dreams	35
dark	35
art	35
years	34
song	34
sky	34
saw	34
own	34
little	34
deep	34
age	34
|arabic2digit|	33
poet	33
beyond	33
summer	32
round	32
past	32
good	32
face	32
along	32
thine	31
spirit	31
bring	31
best	31
beauty	31
words	30
morn	30
flowers	30
wind	29
stand	29
nation	29
gold	29
did	29
came	29
back	29
them	28
t	28
strong	28
sea	28
morning	28
land	28
home	28
faith	28
beneath	28
above	28
say	27
let	27
last	27
go	27
forever	27
fire	27
gone	26
forms	26
divine	26
tones	25
strange	25
seemed	25
nature	25
lights	25
heard	25
green	25
flower	25
fields	25
within	24
winds	24
war	24
people	24
new	24
give	24
fate	24
every	24
do	24
dead	24
born	24
against	24
might	23
lay	23
grand	23
garden	23
cloud	23
across	23
woods	22
wild	22
white	22
tell	22
storm	22
many	22
left	22
joy	22
friends	22
friend	22
flowing	22
dim	22
clouds	22
ye	21
skies	21
red	21
pain	21
other	21
none	21
name	21
men	21
made	21
leaves	21
grey	21
free	21
form	21
feet	21
fame	21
eye	21
bright	21
blue	21
about	21
trees	20
touch	20
think	20
strength	20
stars	20
star	20
smile	20
s	20
law	20
hearts	20
ere	20
clear	20
before	20
bear	20
word	19
wide	19
true	19
sang	19
read	19
head	19
dear	19
cold	19
breast	19
young	18
vision	18
thoughts	18
souls	18
soon	18
nought	18
mighty	18
mid	18
heights	18
full	18
flame	18
crowd	18
change	18
amid	18
am	18
whom	17
turn	17
thus	17
swift	17
sunshine	17
rome	17
rest	17
open	17
late	17
hours	17
held	17
freedom	17
forth	17
first	17
even	17
waves	16
warm	16
together	16
swept	16
rain	16
poor	16
peace	16
nations	16
low	16
living	16
leave	16
knows	16
knew	16
hidden	16
hast	16
fires	16
cannot	16
brave	16
blood	16
black	16
battle	16
wings	15
windows	15
voices	15
turned	15
thunder	15
temple	15
south	15
small	15
save	15
near	15
muse	15
mountain	15
moonlight	15
march	15
lost	15
lives	15
lie	15
hands	15
gave	15
future	15
force	15
feel	15
fall	15
door	15
church	15
breeze	15
between	15
aise	15
ago	15
work	14
winter	14
walls	14
two	14
toil	14
things	14
stream	14
state	14
stands	14
speech	14
speak	14
shadows	14
set	14
rocks	14
ring	14
right	14
praise	14
place	14
lonely	14
lit	14
least	14
lands	14
kings	14
june	14
hills	14
grim	14
grew	14
felt	14
fell	14
birds	14
below	14
another	14
wisdom	13
wealth	13
trust	13
tree	13
today	13
take	13
space	13
shalt	13
seen	13
seem	13
same	13
sad	13
presence	13
needs	13
moon	13
mine	13
m	13
lord	13
look	13
live	13
lies	13
known	13
human	13
hopes	13
hammer	13
grave	13
gain	13
freyia	13
found	13
find	13
filled	13
eternal	13
end	13
earnest	13
dull	13
despair	13
comes	13
century	13
broad	13
breath	13
been	13
bare	13
wrought	12
wondrous	12
wine	12
west	12
went	12
way	12
wall	12
ve	12
tone	12
tides	12
sure	12
strains	12
sleep	12
sit	12
since	12
sigh	12
shines	12
sat	12
rise	12
rich	12
pure	12
poets	12
plain	12
ocean	12
north	12
mother	12
mind	12
make	12
lift	12
lapis	12
house	12
hour	12
hill	12
high	12
hid	12
hard	12
happy	12
fresh	12
field	12
bird	12
better	12
after	12
-	12
yon	11
without	11
wise	11
very	11
use	11
unknown	11
under	11
tyrant	11
tender	11
sudden	11
strife	11
streams	11
snow	11
silent	11
shadowy	11
shadow	11
proud	11
press	11
passed	11
pass	11
move	11
mountains	11
meet	11
looked	11
less	11
king	11
just	11
italy	11
iron	11
heavenly	11
hath	11
ground	11
gods	11
forest	11
east	11
early	11
dome	11
distant	11
desert	11
dawn	11
common	11
children	11
centuries	11
call	11
boughs	11
books	11
behind	11
arm	11
worth	10
won	10
whole	10
wait	10
visions	10
vast	10
vain	10
upward	10
truths	10
took	10
three	10
talk	10
sweeter	10
strain	10
storms	10
splendours	10
singing	10
side	10
shone	10
seek	10
says	10
prison	10
priest	10
pride	10
pledged	10
perchance	10
part	10
pale	10
opening	10
nay	10
mystery	10
musical	10
much	10
hundred	10
higher	10
help	10
grows	10
greet	10
glowing	10
glow	10
fold	10
flew	10
fear	10
fashion	10
fain	10
dreamed	10
darkness	10
country	10
chords	10
care	10
calm	10
brain	10
blight	10
bitter	10
birth	10
apollo	10
ages	10
(	10
wrapped	9
winged	9
window	9
waiting	9
verse	9
thousand	9
tall	9
stone	9
springs	9
splendour	9
sound	9
songs	9
son	9
smiles	9
slowly	9
slave	9
shore	9
shepherd	9
secret	9
science	9
scarce	9
rings	9
rhyme	9
race	9
passing	9
off	9
noon	9
need	9
mystic	9
mortal	9
mist	9
mirth	9
marble	9
loved	9
lips	9
justice	9
jest	9
it's	9
humanity	9
horn	9
hall	9
grow	9
grace	9
glory	9
gloom	9
france	9
flying	9
fine	9
fills	9
few	9
fears	9
father	9
europe	9
dust	9
dreaming	9
doubt	9
creeds	9
creed	9
close	9
city	9
choose	9
chill	9
chaos	9
brow	9
bosom	9
bore	9
bloom	9
bell	9
bars	9
bands	9
autumn	9
apart	9
answer	9
•	8
yonder	8
yield	8
year	8
women	8
weary	8
wear	8
vistas	8
union	8
tossed	8
told	8
stretched	8
streets	8
stones	8
smoke	8
skill	8
sitting	8
sister	8
simple	8
show	8
shine	8
share	8
seems	8
scorn	8
sails	8
rosy	8
rolled	8
ringing	8
rights	8
richer	8
reason	8
re	8
radiant	8
queen	8
prophet	8
priests	8
prayer	8
pines	8
oft	8
nights	8
mute	8
moods	8
mingled	8
met	8
loki	8
lo	8
laws	8
large	8
kiss	8
isle	8
ill	8
huge	8
himself	8
grown	8
growing	8
grove	8
gleams	8
given	8
gaze	8
flash	8
falls	8
enough	8
enchanted	8
ears	8
doom	8
depths	8
daring	8
dare	8
crimson	8
claim	8
ching	8
chang	8
central	8
cause	8
called	8
built	8
brings	8
breathing	8
breathe	8
bound	8
blown	8
blast	8
artist	8
arms	8
afar	8
yellow	7
wreath	7
wood	7
woke	7
wing	7
windy	7
whether	7
whence	7
wed	7
waters	7
watch	7
wake	7
w	7
unto	7
until	7
tune	7
trumpet	7
towers	7
times	7
tide	7
throng	7
tent	7
sunset	7
strings	7
stern	7
states	7
spread	7
spoke	7
spirits	7
sometimes	7
solitude	7
soft	7
sod	7
smiled	7
sings	7
shut	7
shining	7
shapes	7
shame	7
shades	7
shade	7
serve	7
senses	7
sense	7
sees	7
sand	7
run	7
roses	7
reach	7
rather	7
ran	7
prove	7
prophets	7
primal	7
present	7
poesy	7
pictures	7
peas	7
patient	7
path	7
page	7
overhead	7
nt	7
notes	7
noble	7
most	7
misty	7
mean	7
mask	7
lyre	7
loving	7
lover	7
linked	7
leaf	7
lamps	7
laid	7
labour	7
kept	7
ideal	7
hung	7
horizon	7
honour	7
hassan	7
harp	7
grass	7
goes	7
gleaming	7
gleam	7
gay	7
fruits	7
foe	7
fly	7
flood	7
false	7
faces	7
f	7
evil	7
england	7
drowned	7
died	7
desire	7
dearest	7
crown	7
crowded	7
cross	7
costly	7
coming	7
child	7
caught	7
catch	7
brothers	7
bowers	7
blows	7
blow	7
blind	7
being	7
beat	7
arts	7
aroma	7
al	7
aim	7
wrong	6
wonder	6
woman	6
win	6
wife	6
wholesome	6
weed	6
weak	6
waving	6
wave	6
walks	6
walk	6
waking	6
vingthor	6
vines	6
view	6
vale	6
untold	6
tyranny	6
twilight	6
town	6
tower	6
touched	6
toiled	6
thrym	6
throne	6
thing	6
themes	6
tempest	6
tears	6
tablet	6
sweep	6
sunny	6
strive	6
step	6
statue	6
stained	6
spell	6
southern	6
source	6
sought	6
somewhere	6
smiling	6
slight	6
sleeping	6
sire	6
sir	6
silence	6
sight	6
ships	6
ship	6
shield	6
shadowed	6
seeming	6
sage	6
royal	6
robes	6
ride	6
remember	6
realm	6
rare	6
rang	6
prize	6
pope	6
play	6
pile	6
perhaps	6
outer	6
ours	6
olympian	6
note	6
northern	6
narrow	6
myself	6
moved	6
mood	6
memories	6
matter	6
master	6
marion	6
manhood	6
mad	6
lurid	6
lore	6
lords	6
lived	6
lifted	6
liberty	6
level	6
leafless	6
later	6
landscape	6
lamp	6
knowledge	6
keys	6
jove	6
jotunheim	6
jotun	6
image	6
hues	6
heroic	6
height	6
harvard	6
hardly	6
hair	6
guess	6
goddess	6
glittering	6
gifts	6
gems	6
gardens	6
forces	6
flush	6
fleeting	6
flashing	6
fitful	6
fill	6
feast	6
fast	6
fancy	6
fancies	6
fade	6
em	6
elms	6
earthly	6
drops	6
drew	6
drear	6
dread	6
doors	6
die	6
dew	6
destiny	6
delight	6
cry	6
courts	6
cool	6
conscience	6
colour	6
charms	6
changed	6
chance	6
cares	6
canst	6
burn	6
buried	6
build	6
brown	6
break	6
bow	6
boon	6
book	6
behold	6
ball	6
awake	6
april	6
anew	6
among	6
accident	6
yours	5
wondered	5
wit	5
willows	5
whispered	5
wherever	5
wet	5
weird	5
waste	5
wandering	5
violets	5
veils	5
vanished	5
type	5
twixt	5
trumpets	5
trance	5
track	5
torch	5
tonight	5
tongue	5
toiling	5
tints	5
thrills	5
thin	5
theirs	5
terror	5
task	5
symphony	5
swells	5
sunrise	5
street	5
stranger	5
steps	5
steep	5
steel	5
stately	5
sphere	5
spells	5
sons	5
social	5
smooth	5
sink	5
silver	5
sign	5
shout	5
shaped	5
shape	5
sent	5
self	5
seeds	5
scorned	5
scholar	5
scarlet	5
sap	5
saints	5
rules	5
rough	5
roof	5
rod	5
road	5
rising	5
rejoice	5
ready	5
raised	5
rains	5
quick	5
purpose	5
powers	5
poured	5
played	5
plains	5
picture	5
perfect	5
pen	5
pathway	5
party	5
parted	5
palm	5
palace	5
others	5
often	5
odours	5
oak	5
nurse	5
nothing	5
nooks	5
nobler	5
newer	5
mysterious	5
moment	5
mists	5
minstrel	5
message	5
melt	5
melody	5
melodies	5
measure	5
meaning	5
meadow	5
mass	5
mark	5
maiden	5
magic	5
loves	5
lovers	5
lines	5
led	5
lean	5
leafy	5
laughed	5
language	5
kind	5
keep	5
joyous	5
jar	5
itself	5
island	5
intent	5
ida	5
humble	5
horns	5
honest	5
ho	5
hide	5
hell	5
heed	5
heat	5
haunted	5
harmonies	5
hang	5
grasp	5
grain	5
glorious	5
gives	5
gift	5
gathering	5
gathered	5
gather	5
gates	5
fruit	5
frozen	5
frame	5
four	5
fountains	5
fought	5
floods	5
floats	5
floating	5
flit	5
finds	5
fight	5
fierce	5
farewell	5
fairy	5
fairest	5
fact	5
essence	5
ends	5
empty	5
else	5
electric	5
earlier	5
dumb	5
dry	5
dropped	5
dress	5
dreary	5
dims	5
didst	5
desolate	5
deeps	5
deeper	5
deathless	5
dared	5
d	5
cup	5
crushed	5
crowned	5
cries	5
course	5
colours	5
clover	5
cling	5
climb	5
cheered	5
changeful	5
cease	5
castle	5
cardinal	5
busy	5
burst	5
burned	5
brought	5
brightest	5
bride	5
bridal	5
breaks	5
branches	5
boundless	5
both	5
bold	5
blossoms	5
blinding	5
blighted	5
blew	5
blessed	5
blending	5
bleak	5
beside	5
bent	5
bells	5
believe	5
bee	5
because	5
banner	5
auroral	5
ask	5
aside	5
armed	5
arc	5
angel	5
already	5
airs	5
accord	5
|arabic3digit|	4
zone	4
yes	4
woven	4
worst	4
worn	4
works	4
woodland	4
wondering	4
withdrawn	4
wiser	4
wintery	4
winding	4
wills	4
willing	4
wilderness	4
whispering	4
western	4
welcoming	4
welcome	4
weather	4
water	4
wast	4
warp	4
walked	4
venice	4
veiled	4
veil	4
valleys	4
vague	4
unseen	4
unrest	4
universal	4
tuned	4
tufts	4
trod	4
triumphs	4
triumph	4
tricks	4
treacherous	4
train	4
tops	4
tongues	4
tomorrow	4
tomb	4
tom	4
toils	4
tinselled	4
thursar	4
thunders	4
thronged	4
thrones	4
thorns	4
therefore	4
thank	4
test	4
temples	4
taught	4
takes	4
taken	4
sympathetic	4
swing	4
swelling	4
sway	4
supreme	4
suns	4
sunday	4
sullen	4
suffered	4
suddenly	4
subtle	4
style	4
struggling	4
struck	4
strike	4
streamed	4
stop	4
standing	4
stamped	4
stalk	4
stage	4
sprang	4
split	4
spire	4
spent	4
spend	4
sped	4
spaces	4
soldier	4
slept	4
slant	4
sits	4
singer	4
shows	4
shell	4
sharp	4
shaft	4
send	4
seer	4
seed	4
seas	4
sculptured	4
sculptor	4
screen	4
school	4
scales	4
saint	4
sailors	4
rugged	4
rude	4
routine	4
roots	4
roman	4
rolling	4
rock	4
roar	4
roads	4
rises	4
record	4
rebellion	4
ray	4
range	4
raiment	4
quenched	4
quaint	4
put	4
purple	4
providence	4
prose	4
prisoned	4
prayers	4
port	4
pomp	4
poetic	4
ply	4
pleasure	4
please	4
playing	4
plant	4
planned	4
pine	4
peter	4
perplexed	4
perfume	4
peaceful	4
pause	4
paths	4
passion	4
paradise	4
pantheon	4
painted	4
organ	4
older	4
olden	4
obscure	4
noise	4
noblest	4
nearer	4
natural	4
names	4
mount	4
mossy	4
mocked	4
moans	4
mixed	4
minds	4
midnight	4
merry	4
melancholy	4
market	4
makes	4
maidens	4
maid	4
lute	4
lovely	4
loss	4
lose	4
longer	4
linger	4
lifts	4
letters	4
letter	4
lest	4
learned	4
learn	4
leap	4
leads	4
lead	4
laughter	4
lane	4
laden	4
knowing	4
joys	4
jotuns	4
jim	4
intense	4
instead	4
infant	4
imperial	4
immortal	4
ice	4
iasius	4
hurried	4
hot	4
hoped	4
homes	4
holds	4
heroes	4
henceforth	4
heavy	4
heavens	4
heal	4
halls	4
hallowed	4
gush	4
guests	4
guest	4
groans	4
greeting	4
greece	4
grander	4
goh	4
gnarled	4
glories	4
gloomy	4
glee	4
gilded	4
gild	4
giant	4
genius	4
generous	4
gazing	4
fuller	4
frost	4
footsteps	4
following	4
folds	4
foes	4
flushed	4
flown	4
flow	4
florence	4
floor	4
floated	4
flesh	4
flecked	4
flaw	4
firm	4
fingers	4
fifty	4
fellows	4
feels	4
fearless	4
familiar	4
falsehood	4
evening	4
error	4
eight	4
echo	4
earliest	4
ear	4
drowning	4
drifting	4
dressed	4
drawn	4
draw	4
dower	4
double	4
dost	4
done	4
domes	4
dogmas	4
dimmed	4
delights	4
deed	4
deck	4
decay	4
daylight	4
darker	4
darkening	4
dale	4
daily	4
custom	4
crowds	4
cried	4
couch	4
cost	4
continent	4
compromise	4
complete	4
columns	4
cloudy	4
clouded	4
closer	4
cliffs	4
clad	4
circle	4
chord	4
chief	4
chains	4
chained	4
cedars	4
ceased	4
cast	4
cambridge	4
calmly	4
burning	4
burden	4
builds	4
buds	4
brook	4
broke	4
brilliant	4
brief	4
breathed	4
brains	4
box	4
bowed	4
bolt	4
boast	4
board	4
blowing	4
bless	4
billows	4
benediction	4
beheld	4
beckoning	4
beams	4
beam	4
beach	4
base	4
bark	4
bards	4
bard	4
bang	4
balmy	4
bad	4
backward	4
awful	4
august	4
antique	4
angry	4
always	4
altar	4
alike	4
alas	4
*	4
)	4
younger	3
yesterday	3
yefid	3
wreaths	3
wreathed	3
wouldst	3
worlds	3
woof	3
wooes	3
withered	3
wires	3
whither	3
whirl	3
weep	3
weeds	3
webs	3
web	3
weaving	3
weave	3
wastes	3
washed	3
warning	3
warms	3
wandered	3
visionary	3
vine	3
viewless	3
verge	3
veins	3
varying	3
varied	3
van	3
utter	3
usual	3
useless	3
unlike	3
universe	3
underneath	3
unconfined	3
tyrants	3
twain	3
turns	3
trying	3
trunks	3
troubadour	3
tropic	3
triumphant	3
trill	3
tried	3
tremble	3
treaty	3
treason	3
treads	3
tread	3
traitor	3
trained	3
tracks	3
trace	3
tools	3
tinted	3
ties	3
thursday	3
thunderbolts	3
thrust	3
thrush	3
throw	3
throb	3
thrilling	3
thrilled	3
thrill	3
threads	3
thousands	3
thorn	3
thor	3
thirst	3
thinks	3
thief	3
thick	3
theologic	3
themselves	3
theme	3
thanks	3
ten	3
teacher	3
tangled	3
tame	3
taking	3
symbol	3
swell	3
sweeps	3
swamps	3
surprise	3
surface	3
superfluous	3
sunlight	3
sung	3
suffering	3
suffer	3
sublime	3
strikes	3
strewn	3
stranded	3
straight	3
stifled	3
stepped	3
stature	3
statelier	3
starlike	3
staring	3
stair	3
st	3
square	3
sprouting	3
spots	3
splendid	3
speranza	3
sparkling	3
spare	3
sounds	3
sot	3
sorrowing	3
sooner	3
sonnets	3
somewhat	3
something	3
solitudes	3
solid	3
soldiers	3
soil	3
softness	3
snows	3
snared	3
snare	3
slopes	3
slope	3
slippery	3
slid	3
slavery	3
sisters	3
singers	3
sights	3
shy	3
shuts	3
shrines	3
shrine	3
shoulders	3
shores	3
shocks	3
shellin	3
shelled	3
shattered	3
shamed	3
shaking	3
shake	3
shaded	3
sets	3
september	3
separate	3
seized	3
seers	3
seeing	3
sect	3
second	3
seat	3
scrolls	3
scorns	3
scents	3
sands	3
sadness	3
sadly	3
sacred	3
rustling	3
rule	3
rounded	3
rooted	3
rolls	3
robed	3
robe	3
roaring	3
roam	3
risen	3
rippling	3
ripe	3
richard	3
reverent	3
returning	3
reign	3
refuse	3
records	3
real	3
reads	3
rapture	3
rainbow	3
radiance	3
r	3
quivering	3
quite	3
question	3
queenly	3
pulsing	3
prophecy	3
promises	3
progress	3
profound	3
prince	3
prime	3
price	3
pressing	3
pressed	3
pray	3
plunge	3
plumage	3
plot	3
plenty	3
pledge	3
planted	3
plan	3
placed	3
pining	3
pined	3
phoebus	3
petals	3
perilous	3
pearly	3
peals	3
peaks	3
pay	3
pastures	3
parting	3
paris	3
pang	3
palestine	3
paints	3
painter	3
paint	3
paid	3
pages	3
orient	3
order	3
opened	3
opal	3
nymphs	3
nile	3
network	3
neither	3
neath	3
nameless	3
muttering	3
mused	3
murmuring	3
mud	3
moving	3
mouth	3
mould	3
moral	3
month	3
moaning	3
miss	3
minute	3
metal	3
memory	3
memorial	3
means	3
meadows	3
mast	3
making	3
lurk	3
lured	3
lowly	3
loveliest	3
looms	3
looks	3
listening	3
listened	3
lion	3
links	3
limbs	3
lilacs	3
lightning	3
lightly	3
length	3
leaving	3
learning	3
leaping	3
leagues	3
lawn	3
laugh	3
larger	3
lady	3
laboured	3
knit	3
knights	3
knees	3
knee	3
kissed	3
kindling	3
kill	3
keel	3
katy	3
joke	3
jn	3
jewels	3
instruments	3
instrument	3
inscription	3
infinite	3
indeed	3
impulse	3
illumined	3
illume	3
iesirs	3
hushed	3
hurry	3
hurled	3
humblest	3
hopeful	3
hollow	3
hoary	3
history	3
hint	3
hers	3
herald	3
hen	3
heave	3
hearth	3
heaps	3
health	3
haunts	3
hate	3
hat	3
harvest	3
harps	3
harmony	3
hanging	3
handed	3
halfway	3
hail	3
gusts	3
grouped	3
grounds	3
groping	3
grope	3
grief	3
grating	3
grandeur	3
graces	3
gown	3
got	3
glooms	3
glass	3
glad	3
girls	3
girl	3
ghosts	3
ghostly	3
gauge	3
furnace	3
fun	3
frown	3
fro	3
friendship	3
freeborn	3
fraught	3
fragrant	3
fragrance	3
formal	3
forget	3
foremost	3
foreign	3
food	3
fontainebleau	3
fond	3
follow	3
folks	3
fogs	3
foemen	3
flows	3
flowering	3
float	3
flight	3
flaunting	3
flaunted	3
flattering	3
flashes	3
flamed	3
flags	3
flag	3
finite	3
files	3
fever	3
festive	3
festal	3
felled	3
feebly	3
fearing	3
fated	3
fatal	3
fantastic	3
fancied	3
fan	3
famed	3
falling	3
faint	3
failing	3
fail	3
faded	3
eyed	3
eve	3
errors	3
erelong	3
entrancing	3
endeavour	3
eloquence	3
element	3
either	3
effort	3
eclipse	3
echoes	3
easy	3
eagle	3
dying	3
dwelling	3
duty	3
dusky	3
dusk	3
dungeons	3
dungeon	3
drooping	3
driven	3
drive	3
drink	3
drenched	3
dreamy	3
downward	3
dowered	3
don't	3
does	3
distress	3
distance	3
discordant	3
different	3
dews	3
destruction	3
desires	3
depth	3
deepest	3
deeds	3
decked	3
december	3
deaths	3
deaf	3
dawning	3
dashed	3
darkly	3
darkened	3
dares	3
dance	3
damp	3
curtain	3
curse	3
currents	3
culture	3
crystal	3
crumbling	3
crime	3
crept	3
creation	3
crashing	3
counting	3
corner	3
control	3
club	3
clothes	3
closed	3
clearer	3
clay	3
clanging	3
clang	3
circumstance	3
christ	3
chosen	3
chime	3
cherished	3
cheers	3
cheer	3
cheap	3
chase	3
charmed	3
charm	3
chant	3
ceaseless	3
cathedral	3
careless	3
cannon	3
candle	3
burnt	3
bubbling	3
brute	3
brows	3
brooks	3
brimming	3
breathes	3
boyhood	3
boston	3
body	3
boatman	3
blurred	3
blossoming	3
blossom	3
blooms	3
blooming	3
bloomed	3
blondel	3
blessing	3
blent	3
blare	3
bewildered	3
bend	3
beds	3
beautiful	3
beating	3
battles	3
baser	3
barred	3
bar	3
banners	3
ban	3
baffled	3
b	3
ay	3
awoke	3
awe	3
austrian	3
aught	3
ashes	3
arrows	3
arrow	3
arches	3
arcadian	3
any	3
anger	3
ancient	3
ancestral	3
america	3
ambrosial	3
amber	3
alpine	3
allotted	3
alive	3
alien	3
alice	3
ain't	3
aims	3
aid	3
act	3
accepted	3
accept	3
abroad	3
ablaze	3
abashed	3
^	3
',	3
■	2
|arabic4digit|	2
youths	2
youngest	2
yore	2
yields	2
yea	2
y	2
wrongs	2
written	2
writes	2
write	2
wrinkled	2
wrecks	2
wrecked	2
wreathe	2
wray	2
wrack	2
wound	2
worshipped	2
worse	2
wonted	2
wolf	2
wither	2
witchcraft	2
winning	2
wilt	2
whistling	2
whispers	2
whisper	2
whirls	2
whirled	2
wheeling	2
well-known	2
weight	2
weds	2
wednesday	2
ways	2
watchers	2
watched	2
wash	2
warriors	2
warmth	2
warble	2
want	2
waning	2
wand	2
wan	2
wakes	2
waited	2
vulgar	2
vows	2
vote	2
voiceless	2
voiced	2
vital	2
virtues	2
virgin	2
victory	2
victor	2
vent	2
veers	2
vaulting	2
vanish	2
vales	2
vainly	2
vaguely	2
uttered	2
utterance	2
used	2
upwards	2
uprose	2
unwilling	2
untrammelled	2
unsung	2
unsoiled	2
unskilled	2
unresponsive	2
unmeasured	2
unmask	2
unless	2
unhallowed	2
unfettered	2
undimmed	2
undertone	2
underground	2
underbrush	2
unconscious	2
unclouded	2
uncertain	2
unceasing	2
unce	2
unbound	2
unawares	2
unaided	2
typed	2
twisted	2
twine	2
twin	2
turning	2
tunes	2
tumultuous	2
tuesday	2
trunk	2
truly	2
truest	2
truer	2
troubles	2
troubled	2
troops	2
troop	2
trills	2
trilled	2
tresses	2
trembling	2
trembled	2
treasures	2
treasure	2
trances	2
trample	2
trade	2
tracts	2
towns	2
towards	2
toward	2
touching	2
tottering	2
tossing	2
tosses	2
toss	2
tortuous	2
torn	2
tore	2
top	2
toast	2
titian	2
tired	2
tinge	2
timid	2
tilings	2
tiger	2
tidings	2
thunderstorm	2
thrushes	2
throws	2
throes	2
throbbing	2
throat	2
thoughtful	2
third	2
thence	2
theflower	2
text	2
terrors	2
temperament	2
tells	2
telling	2
telescope	2
tease	2
teach	2
tea	2
tasks	2
tasked	2
tarnished	2
talks	2
talked	2
tale	2
table	2
symphonies	2
sympathies	2
swords	2
swinging	2
sweetness	2
sweetly	2
sweetest	2
sweeping	2
swarms	2
surly	2
surging	2
surge	2
surf	2
suppose	2
supermundane	2
sunsets	2
sundered	2
summits	2
summers	2
sucks	2
stuffed	2
stuff	2
studio	2
student	2
struggle	2
stroke	2
stripes	2
stretch	2
streaming	2
stray	2
story	2
store	2
stoops	2
stony	2
stirred	2
sting	2
stems	2
stemmed	2
steeps	2
steeped	2
stealthily	2
steal	2
steady	2
stay	2
station	2
statesman	2
starved	2
started	2
starlit	2
stamp	2
stalks	2
stain	2
stagnant	2
stabbed	2
spun	2
spot	2
spoken	2
spite	2
spiritual	2
spider	2
spice	2
spheres	2
spectral	2
speaks	2
spasms	2
sparkles	2
sparkled	2
sparkle	2
spark	2
span	2
spake	2
sovereign	2
sounding	2
sort	2
sorrowful	2
sorrow	2
somehow	2
somebody	2
solemn	2
softened	2
soaring	2
soar	2
snapped	2
smouldering	2
slumbered	2
slumber	2
slow	2
sloping	2
slightest	2
sleepy	2
sleepless	2
slain	2
skylight	2
single	2
sincere	2
sin	2
silvery	2
signed	2
sighs	2
sighed	2
sides	2
shuttles	2
shrubs	2
shreds	2
shouted	2
shouldst	2
shoulder	2
shot	2
short	2
shivers	2
shivering	2
shivered	2
shields	2
shelves	2
sheltered	2
sheik	2
sheets	2
shed	2
shares	2
shames	2
shameless	2
shakespeare	2
sever	2
seven	2
service	2
serves	2
served	2
servant	2
serious	2
serene	2
seraphs	2
sentinel	2
sensuous	2
sends	2
selfish	2
seeks	2
sects	2
secrets	2
sec	2
seal	2
scrawl	2
scowls	2
scorched	2
scope	2
schools	2
scholars	2
schemes	2
scene	2
scattered	2
scatter	2
saved	2
saturday	2
saturated	2
sardinia	2
santa	2
sank	2
san	2
sake	2
sailed	2
safe	2
saddened	2
sacrifice	2
rust	2
russet	2
rushing	2
runs	2
ruined	2
ruin	2
rotting	2
rooms	2
roofs	2
romances	2
roll	2
roland	2
rocking	2
roared	2
rites	2
riper	2
ripening	2
rills	2
rides	2
riddle	2
riches	2
rhythm	2
rhyming	2
rhymes	2
returns	2
returned	2
results	2
result	2
responsive	2
resistless	2
require	2
repose	2
renown	2
remote	2
remembering	2
release	2
region	2
refrain	2
reeling	2
reefs	2
reeds	2
recovered	2
recked	2
recast	2
recall	2
reap	2
rays	2
rattling	2
rattle	2
rate	2
rapturous	2
ranks	2
races	2
quiet	2
querulous	2
queerly	2
quarrelled	2
puppets	2
pulse	2
proudly	2
prospered	2
props	2
prophetic	2
prophesy	2
promise	2
profane	2
prized	2
prelude	2
precipice	2
potent	2
porch	2
pool	2
pontiff	2
ponderous	2
polls	2
politics	2
pole	2
poisonous	2
poisoned	2
poison	2
point	2
poems	2
pods	2
pod	2
plots	2
plea	2
planet	2
plaiting	2
plaintive	2
pipes	2
pipe	2
piles	2
pilate	2
piercing	2
pierce	2
picturesque	2
pianos	2
phrase	2
philosopher	2
pharos	2
petty	2
pervading	2
perish	2
perennial	2
peopled	2
peerless	2
peering	2
peal	2
paused	2
patriots	2
patriot	2
patch	2
passionate	2
passes	2
parthenon	2
pardon	2
pants	2
panes	2
pane	2
paled	2
pair	2
pace	2
p	2
overwhelming	2
overpowering	2
overlooking	2
outstrips	2
outside	2
outlives	2
orchestral	2
orchestra	2
orbed	2
orb	2
orange	2
office	2
offered	2
odin	2
october	2
oceans	2
oblivion	2
obeyed	2
oar	2
null	2
nothin	2
noonday	2
noiseless	2
nod	2
nobly	2
nipped	2
nigh	2
next	2
nerves	2
nerve	2
neighbour	2
needed	2
necklace	2
neck	2
nearing	2
napoleon	2
n	2
mystical	2
mysteries	2
myriad	2
muffled	2
motions	2
motion	2
moth	2
mosaic	2
morals	2
moping	2
moons	2
moonlit	2
monumental	2
monsters	2
monday	2
monastic	2
moments	2
mockery	2
moan	2
mix	2
misery	2
miracles	2
minor	2
mingling	2
millions	2
millionnaire	2
million	2
miles	2
merely	2
mere	2
mellower	2
mellow	2
meeting	2
medicinal	2
measureless	2
meant	2
meagre	2
mead	2
match	2
masking	2
mary	2
martyr	2
mart	2
marry	2
marching	2
maples	2
mandarins	2
magnetic	2
madness	2
maddened	2
machine	2
lying	2
lure	2
luminous	2
loyal	2
lower	2
loud	2
lot	2
looming	2
loom	2
looking	2
longing	2
longed	2
lofty	2
locust	2
locks	2
liu	2
listens	2
liquid	2
limits	2
limb	2
likes	2
liberal	2
lesson	2
lent	2
lend	2
legions	2
leapt	2
leaning	2
leader	2
lays	2
lawless	2
laurel	2
laughing	2
latter	2
latin	2
latest	2
lapse	2
lapping	2
lanes	2
lances	2
lamplight	2
ladies	2
lackeys	2
label	2
knightly	2
knife	2
knew'st	2
kneeling	2
kingdom	2
kindled	2
keynote	2
key	2
k	2
juster	2
juggling	2
judgement	2
jingle	2
jews	2
jewelled	2
jerusalem	2
jealous	2
jarred	2
jargon	2
j	2
italia	2
inward	2
invisible	2
invent	2
invader	2
intone	2
intellectual	2
insure	2
inspired	2
inspiration	2
insane	2
inquisitorial	2
inhuman	2
influence	2
inevitable	2
increased	2
incomplete	2
incessant	2
incarnate	2
imperfect	2
impelled	2
immortals	2
immortality	2
illustrious	2
illumes	2
ignorance	2
iesir	2
idly	2
ideals	2
icy	2
hut	2
hunger	2
humour	2
humbled	2
hue	2
however	2
hosts	2
horror	2
horoscope	2
hoping	2
homage	2
holy	2
hollows	2
hoarded	2
hlorridi	2
historic	2
historian	2
hilltop	2
highway	2
highest	2
hero	2
herbs	2
helmets	2
heedless	2
hedged	2
heaving	2
heats	2
hears	2
heap	2
haze	2
harmonious	2
harmless	2
harden	2
handmaid	2
handel	2
hailed	2
gulfs	2
guitar	2
guiding	2
guides	2
guide	2
guarded	2
guard	2
growth	2
groves	2
group	2
groaning	2
graves	2
grassy	2
grape	2
grant	2
grandly	2
gradual	2
graceful	2
going	2
goats	2
glows	2
glowed	2
gloss	2
glitter	2
glimmer	2
glides	2
glide	2
gleamed	2
glare	2
glances	2
glanced	2
glance	2
girdling	2
ghost	2
ghastly	2
get	2
gentle	2
geni	2
gazed	2
gathers	2
gate	2
gashed	2
gas	2
garibaldi	2
garb	2
ganymede	2
games	2
galaxies	2
gained	2
gabble	2
funeral	2
fulfilled	2
frowned	2
frolic	2
friendly	2
friday	2
freshness	2
fresher	2
french	2
freezing	2
freeze	2
freemen	2
framed	2
founts	2
fount	2
foul	2
formulas	2
forlorn	2
forgotten	2
forcing	2
forced	2
foot	2
fondest	2
follows	2
followed	2
foliage	2
folded	2
foggy	2
foeman	2
foam	2
flutter	2
flutes	2
flute	2
flushes	2
flowery	2
flooded	2
flock	2
flitting	2
flitted	2
flits	2
flies	2
flickering	2
fleetest	2
fled	2
flavour	2
flatter	2
flats	2
flashed	2
flared	2
flakes	2
flagging	2
fittest	2
fitter	2
fish	2
fireside	2
fir	2
finger	2
finer	2
filling	2
filched	2
fiery	2
feverish	2
fettered	2
ferns	2
fence	2
fellowship	2
fellowmen	2
feeble	2
fed	2
features	2
feathered	2
feather	2
fatherland	2
farthest	2
farmer	2
fanatic	2
falsehoods	2
fallen	2
faithless	2
faithful	2
fairer	2
faintly	2
failed	2
fading	2
facts	2
exuberant	2
expression	2
everywhere	2
estate	2
erected	2
ephemeral	2
entranced	2
enter	2
ensnare	2
enrich	2
endure	2
endowed	2
endless	2
enclosed	2
empire	2
emperor	2
emotions	2
embrace	2
embodies	2
embattled	2
elm	2
eden	2
ebbing	2
eaten	2
eastern	2
easter	2
easel	2
earn	2
e	2
dwell	2
dwarf	2
dulled	2
dukes	2
drunk	2
drown	2
dross	2
dropping	2
droop	2
drives	2
drinking	2
drifts	2
drift	2
draughts	2
draped	2
drank	2
drain	2
diviner	2
divides	2
dive	2
distilled	2
displace	2
dish	2
discover	2
discord	2
dimmer	2
dimly	2
dies	2
diadems	2
destroying	2
despot	2
desired	2
deserves	2
denied	2
demands	2
delusions	2
deliverance	2
delicate	2
deem	2
dedicated	2
deafening	2
dazzling	2
daughters	2
daughter	2
darkens	2
dappled	2
daisies	2
cut	2
cursed	2
current	2
curls	2
curled	2
cures	2
cunning	2
crypts	2
crying	2
crush	2
crows	2
crowns	2
crowning	2
crowding	2
crossed	2
cringe	2
creep	2
creating	2
crawl	2
crave	2
cravat	2
cramped	2
crags	2
crafty	2
craft	2
cracks	2
courtiers	2
courtesy	2
court	2
countrymen	2
countless	2
count	2
councils	2
council	2
core	2
cordial	2
copies	2
conviction	2
converse	2
conversation	2
continued	2
content	2
contempt	2
contains	2
contained	2
constellations	2
constant	2
consecrate	2
conscious	2
confusion	2
confused	2
comrades	2
company	2
combine	2
column	2
columbia	2
coloured	2
coldly	2
coining	2
coif	2
codes	2
coats	2
coat	2
clusters	2
cloudless	2
cloth	2
closely	2
cloisters	2
cloister	2
clod	2
clime	2
clefts	2
clears	2
clearly	2
classic	2
clasps	2
clasp	2
clarion	2
clanged	2
clan	2
clamorous	2
cities	2
circling	2
circles	2
choral	2
choice	2
chirp	2
childhood	2
cheering	2
cheek	2
chattering	2
changing	2
changes	2
chanced	2
chain	2
chafe	2
centre	2
censer	2
cell	2
celebration	2
cedar	2
cawing	2
caves	2
cattle	2
catches	2
cataract	2
castles	2
case	2
carved	2
carolling	2
cardinals	2
captive	2
canvas	2
candles	2
camps	2
calls	2
calling	2
californian	2
buzzing	2
bush	2
bursts	2
bursting	2
burns	2
burdened	2
builder	2
bubbles	2
brood	2
bristling	2
brink	2
bringing	2
breakfast	2
brazen	2
bravely	2
brass	2
branch	2
boys	2
boyish	2
boy	2
bounds	2
bough	2
bones	2
bolts	2
bodies	2
boat	2
bo	2
blush	2
bluest	2
blots	2
blot	2
bloody	2
bloodred	2
bliss	2
blindfold	2
blend	2
bleeding	2
bleed	2
bled	2
blaze	2
blackened	2
bit	2
birthday	2
bind	2
big	2
bier	2
bids	2
besiege	2
besides	2
bends	2
beginnings	2
beginning	2
begin	2
beeches	2
become	2
becalmed	2
bears	2
beard	2
beacon	2
bays	2
bayonet	2
baying	2
bay	2
battlements	2
bathed	2
basking	2
based	2
barren	2
barns	2
barbarous	2
barbaric	2
banquet	2
banks	2
bank	2
band	2
balls	2
bain	2
baffling	2
bade	2
babble	2
authentic	2
austria	2
aureole	2
aunt	2
auguries	2
atalanta	2
aspiring	2
asleep	2
asking	2
ascetic	2
artless	2
arrowy	2
aromatic	2
aromas	2
army	2
argument	2
ardors	2
arctic	2
apple	2
apostolic	2
answered	2
anointed	2
angelo	2
amulets	2
ambition	2
alphabet	2
aloud	2
allure	2
allied	2
agreed	2
aged	2
afternoon	2
afloat	2
affection	2
advancing	2
add	2
academic	2
abyss	2
abide	2
.-	2
.'	2
--	2
).	2
".	2
!'	2
!"	2
•silently	1
£*	1
zouaves	1
zodiac	1
zigzag	1
zeuxis	1
zeal	1
youthful	1
york	1
yoke	1
yielded	1
yestermom	1
yellowed	1
yearning	1
yearned	1
yawning	1
yankee	1
xlvin	1
wtsdom	1
wrote	1
wronged	1
writing	1
writ	1
wrinkling	1
wrinkles	1
wriggling	1
wrest	1
wrenched	1
wreathing	1
wrath	1
wraith	1
wounds	1
wounded	1
worthless	1
worthiness	1
worthier	1
worships	1
worshippers	1
worship	1
wormy	1
workmen	1
working	1
workers	1
wore	1
wordless	1
wooing	1
woofed	1
wooed	1
woody	1
woodpecker	1
woodlands	1
wooded	1
woo	1
wonderment	1
wonderful	1
won't	1
womanhood	1
woes	1
woe	1
wo	1
wizard	1
wits	1
witness	1
withheld	1
withering	1
withdraw	1
wish	1
wisest	1
wisely	1
wire	1
wiped	1
winters	1
wink	1
winging	1
windowpane	1
windless	1
windings	1
willow	1
wiles	1
wilds	1
wifehood	1
widest	1
wider	1
wicked	1
whiteweed	1
whiteness	1
whistled	1
whiskey	1
whirling	1
whine	1
wherewith	1
wherein	1
whereabouts	1
whenever	1
wheel	1
whatever	1
wend	1
well-bred	1
welcomes	1
welch	1
weights	1
weighted	1
weeping	1
ween	1
weeks	1
week	1
wedge	1
wedded	1
weber	1
weaves	1
weathercock	1
weasel	1
wears	1
wearied	1
wealthy	1
weakest	1
weaker	1
wc	1
wavers	1
wavering	1
waver	1
waterfalls	1
waterfall	1
watchman	1
watchful	1
watches	1
watcher	1
wasted	1
warts	1
wars	1
warrior	1
warring	1
warped	1
warmest	1
warmed	1
warbler	1
wanders	1
waltz	1
walking	1
wakened	1
waken	1
waked	1
waist	1
wailing	1
waifs	1
waif	1
waged	1
wafting	1
wafted	1
waft	1
vying	1
vow	1
votes	1
votary	1
vortex	1
volcano	1
volcanic	1
void	1
vitalize	1
visitation	1
virgil	1
viols	1
village	1
villafranca	1
villa	1
vile	1
vigour	1
victorious	1
victim	1
vices	1
vice	1
vicar	1
vibrations	1
vibrating	1
vibrates	1
vexed	1
veteran	1
versification	1
verses	1
verdure	1
verdict	1
venus	1
venture	1
veneering	1
veneered	1
velvet	1
vaunts	1
vaults	1
vaulted	1
vault	1
vassals	1
vase	1
varnished	1
various	1
varioloid	1
vapour	1
vapory	1
vane	1
vampire	1
valued	1
value	1
valour	1
valley	1
utters	1
utterly	1
utmost	1
ut	1
usurper	1
usurp	1
usumque	1
usher	1
upset	1
uprolled	1
uprises	1
upraised	1
upper	1
upland	1
upcurls	1
upborne	1
unworthy	1
unworn	1
unwonted	1
unwind	1
unwholesome	1
unwalled	1
unveiled	1
untwine	1
untutored	1
untruth	1
untried	1
untimely	1
unsympathizing	1
unsympathetic	1
unswayed	1
unsphere	1
unspent	1
unsolved	1
unsolaced	1
unsifted	1
unsheathes	1
unshadowed	1
unsevered	1
unsealed	1
unschooled	1
unscathed	1
unscarrcd	1
unsaddened	1
unroll	1
unrequited	1
unremitting	1
unrelenting	1
unreceptive	1
unreal	1
unquenched	1
unpossessed	1
unpainted	1
unnumbered	1
unnamed	1
unmourned	1
unmindful	1
unmeaning	1
unmasked	1
unmanly	1
unluckily	1
unlocked	1
unlettered	1
unkept	1
united	1
unimagined	1
unheard	1
unhealthy	1
unguarded	1
unfolding	1
unfold	1
unflinching	1
unfinished	1
unfelt	1
unfading	1
unexpressed	1
unexplored	1
unebbing	1
une	1
undismayed	1
undiscovered	1
undeveloped	1
undertones	1
understood	1
understand	1
underflows	1
uncouth	1
unconsecrated	1
uncoined	1
unclose	1
uncle	1
unbleached	1
unbinding	1
unbidden	1
unbends	1
unbarring	1
unbar	1
unanswered	1
unaltered	1
un	1
umbrella	1
ultimation	1
u	1
tyre	1
tyrannies	1
tyrannic	1
tympanums	1
twist	1
twirls	1
twirled	1
twinkling	1
twined	1
twilights	1
twenty	1
twanging	1
tutor	1
tuscan	1
turnest	1
turk	1
turf	1
turbaned	1
tuneless	1
tumult	1
tumbling	1
tt	1
try	1
trusts	1
trusted	1
trump	1
truce	1
troy	1
trouble	1
trooping	1
trombones	1
trojan	1
troas	1
trivial	1
triumphed	1
tritons	1
triple	1
trimmer	1
trim	1
trifle	1
tries	1
trickled	1
tricked	1
trick	1
tribute	1
tribe	1
trial	1
tremulous	1
trembles	1
treasury	1
treasuries	1
treading	1
treachery	1
travelling	1
travellers	1
travel	1
travail	1
traps	1
trapped	1
transparent	1
translate	1
transept	1
transatlantic	1
tranced	1
traits	1
traitors	1
traitorous	1
trails	1
tragic	1
tragedy	1
traced	1
toyed	1
towered	1
tow	1
touches	1
totters	1
tortures	1
tortoiseshell	1
torrents	1
torpor	1
torchlight	1
topmost	1
topics	1
tonne	1
toned	1
tombs	1
toll	1
tod	1
toaning	1
tmc	1
tjien	1
titles	1
title	1
titanic	1
titan	1
tissue	1
tipsy	1
tipsily	1
tip	1
tion	1
tiny	1
tinting	1
tinsel	1
tinkling	1
tinkle	1
tingled	1
timed	1
tilted	1
tilled	1
tiles	1
tighter	1
tight	1
tie	1
tidal	1
tiber	1
tiara	1
thyself	1
thymy	1
thwarted	1
thundered	1
thundercloud	1
thumb	1
thrum	1
thrown	1
throwing	1
throttling	1
throe	1
thriving	1
thrid	1
threw	1
threats	1
threatening	1
thousandfold	1
thoroughly	1
thorny	1
thiym	1
thins	1
thinking	1
thinkin	1
thinker	1
thieves	1
thickest	1
thicker	1
theym	1
thereon	1
thereof	1
thelimbslaid	1
thaws	1
thaw	1
texture	1
texts	1
tet	1
tests	1
terse	1
terrible	1
terrace	1
tents	1
tentacles	1
tense	1
tennessee	1
tenerift'e	1
tenedos	1
tendrils	1
tend	1
tempus	1
tempt	1
tempers	1
tempering	1
temper	1
telluric	1
tellest	1
telescopic	1
telescopes	1
telegraph	1
teeth	1
teeming	1
teemed	1
tear	1
team	1
taxed	1
tawny	1
tavern	1
taunt	1
tasted	1
taste	1
taper	1
tamer	1
tamely	1
taller	1
talking	1
talker	1
talisman	1
tales	1
takin	1
taketh	1
tainted	1
tacks	1
tablets	1
systems	1
system	1
syringa	1
sympathy	1
symmetric	1
symbols	1
sycamore	1
swung	1
swirled	1
swimming	1
swimmer	1
swim	1
swigs	1
swiftly	1
swiftest	1
swerved	1
swelled	1
sweetmeats	1
sweeten	1
swear	1
sways	1
swaying	1
swarm	1
swan	1
swaddling	1
sustained	1
sustain	1
suspicion	1
suspended	1
suspend	1
suspected	1
survives	1
surround	1
surprises	1
surpassed	1
surges	1
surgeon	1
supposed	1
supple	1
supper	1
superstitious	1
superstitions	1
superstition	1
superseding	1
supernal	1
superannuated	1
sunlit	1
sunken	1
sunk	1
sunflecked	1
summoned	1
sum	1
sulphurous	1
suit	1
suggest	1
suffrage	1
sufficing	1
sueh	1
succory	1
subtlest	1
subtler	1
subsidise	1
subjecting	1
suas	1
sua	1
stutter	1
stuns	1
stunned	1
stun	1
stumbling	1
stumbles	1
stumbled	1
stuffy	1
study	1
studious	1
stuck	1
strung	1
strumming	1
struggles	1
struggled	1
strove	1
strongly	1
strongest	1
stronger	1
strolled	1
strivest	1
striven	1
stringency	1
stride	1
strewed	1
stress	1
streamlet	1
streaked	1
straying	1
strayed	1
strata	1
strands	1
strand	1
straining	1
straightway	1
stout	1
stormy	1
stored	1
stops	1
stopping	1
stoppage	1
stooping	1
stoopest	1
stooped	1
stoop	1
stoodst	1
stolen	1
stockings	1
stirring	1
stir	1
stillness	1
stillest	1
stilled	1
stifling	1
stick	1
sternest	1
sterner	1
sterile	1
stereotyped	1
steinways	1
steered	1
steeples	1
steeds	1
steaming	1
steamers	1
stealthy	1
stealth	1
stayed	1
staves	1
statute	1
statues	1
staten	1
starving	1
start	1
starry	1
starred	1
starlight	1
stark	1
stared	1
stare	1
starched	1
standest	1
standards	1
stammer	1
stale	1
stairway	1
stairs	1
stainless	1
staff	1
squeaking	1
squared	1
squandered	1
spurned	1
sprinkling	1
sprinkled	1
sprinkle	1
springtime	1
spreads	1
spreading	1
spray	1
spouse	1
spotted	1
sports	1
sport	1
spool	1
sponged	1
spoils	1
spoiled	1
splinters	1
spleen	1
spiral	1
spinnets	1
spin	1
spied	1
spicy	1
spiced	1
spends	1
spellbound	1
speed	1
spectres	1
spectre	1
spectacles	1
specks	1
speckles	1
speck	1
special	1
spear	1
spatters	1
spat	1
sparrows	1
sparks	1
spared	1
spaniel	1
spangles	1
spain	1
sows	1
sowed	1
sow	1
sounded	1
sorry	1
sorrows	1
sorrento	1
sore	1
sordid	1
sorceress	1
sophists	1
soothe	1
sonorous	1
somcthin	1
solferino	1
sole	1
sold	1
softer	1
soever	1
sods	1
socket	1
society	1
sob	1
soared	1
soaking	1
soaked	1
soak	1
snowed	1
sneer	1
snatched	1
snarling	1
snaps	1
snap	1
snaky	1
snake	1
smoulder	1
smothering	1
smothered	1
smote	1
smoothing	1
smoky	1
smoking	1
smitten	1
smells	1
smelled	1
smarted	1
smaller	1
sly	1
slumbering	1
sluggish	1
slip	1
slighted	1
slides	1
slfouds	1
slew	1
slenderest	1
sleeved	1
sleet	1
sleeps	1
slay	1
slaves	1
slanting	1
slander	1
slamming	1
slack	1
skyward	1
skylights	1
skull	1
skulks	1
skulking	1
skirt	1
skins	1
skin	1
skilled	1
sketching	1
sketch	1
skeleton	1
sjemtjnd	1
size	1
six	1
sistine	1
sirs	1
siren	1
sips	1
sins	1
sinner	1
sinks	1
sinkiu	1
sinking	1
sinews	1
sinew	1
sincerity	1
sincerely	1
similes	1
silvering	1
silky	1
silken	1
silhouettes	1
silently	1
silenced	1
signet	1
sighing	1
sifting	1
sift	1
sickness	1
sickening	1
sicily	1
sibyls	1
sibyl	1
si	1
shutters	1
shun	1
shuffling	1
shuddering	1
shudder	1
shrunken	1
shrink	1
shrieking	1
shrieked	1
shown	1
showing	1
showery	1
showering	1
shovel	1
shouts	1
shortsighted	1
shortened	1
shoots	1
shook	1
shock	1
shirts	1
shinest	1
shimmerings	1
shimmering	1
shill	1
shifting	1
shift	1
shepherds	1
shells	1
sheer	1
sheepfold	1
sheaves	1
sheath	1
shattering	1
shatter	1
shark	1
sharing	1
shared	1
shapest	1
shapeless	1
shameful	1
shambling	1
sham	1
shakes	1
shady	1
severed	1
setting	1
settee	1
servile	1
servants	1
serried	1
serpent	1
serenaded	1
seraphim	1
sequestered	1
sentinels	1
senates	1
semblance	1
sell	1
selfhood	1
self-government	1
self-denying	1
seldom	1
seize	1
seething	1
seesaw	1
seductive	1
secretes	1
seaweed	1
seasons	1
season	1
seashells	1
search	1
seamless	1
sealed	1
seagirt	1
seabirds	1
scud	1
scroll	1
screened	1
screaming	1
scrawled	1
scrap	1
scrannel	1
scowling	1
scorching	1
scorch	1
scoffs	1
scoffed	1
scire	1
scimitar	1
sciences	1
schumann	1
schubert	1
scholastic	1
sceptre	1
scented	1
scent	1
scattering	1
scars	1
scarfs	1
scarf	1
scared	1
scarcely	1
scar	1
scandal	1
scaled	1
scale	1
scaffolding	1
saying	1
saxon	1
savours	1
saviours	1
savage	1
saunter	1
saucy	1
satire	1
satined	1
satin	1
sated	1
sapphire	1
sane	1
sandstorm	1
sandglass	1
sanctities	1
salvation	1
salt	1
saloon	1
salmons	1
saith	1
saintliness	1
sailor	1
sailing	1
sail	1
sagittas	1
sadder	1
sabbath	1
rutted	1
ruts	1
rustled	1
rustic	1
rushes	1
rushed	1
rush	1
runnest	1
runners	1
rung	1
runes	1
rumpus	1
rum	1
ruling	1
rufus	1
ruffian	1
rudest	1
ruddy	1
rudderless	1
rt	1
row	1
rounds	1
rounding	1
rounder	1
roughly	1
roth	1
rote	1
rot	1
rossini	1
root	1
room	1
rooks	1
romancer	1
romagna	1
rollest	1
rods	1
rode	1
rocked	1
robs	1
robins	1
robin	1
robber	1
robbed	1
roars	1
roadside	1
rivers	1
rivals	1
rival	1
risky	1
ripples	1
ripeness	1
ripened	1
ringer	1
ringed	1
rind	1
rimming	1
rim	1
rill	1
rigid	1
rigging	1
rig	1
rifts	1
rifles	1
rifle	1
ridges	1
richest	1
rhythmical	1
rhine	1
rhetoric	1
rewarded	1
revolution	1
reviving	1
reverence	1
revenge	1
reveller	1
revelation	1
revealed	1
reunited	1
retributions	1
retreats	1
retrace	1
retires	1
resurrection	1
restoration	1
restless	1
resting	1
responses	1
response	1
responds	1
respond	1
respite	1
respectable	1
resounding	1
resound	1
resolved	1
resolve	1
resists	1
resist	1
rescue	1
required	1
requiem	1
republics	1
replied	1
repeating	1
repeat	1
repairs	1
rents	1
renowned	1
renewing	1
renewed	1
rend	1
remembrancer	1
remembrance	1
remembers	1
remembered	1
remains	1
remain	1
rely	1
religious	1
relies	1
relics	1
relic	1
reliant	1
relenting	1
rejoicing	1
rejected	1
reigns	1
reigned	1
rehearse	1
regrets	1
regions	1
regent	1
refuge	1
refracting	1
reflux	1
reflex	1
reflection	1
reflecting	1
refined	1
reels	1
reedy	1
redeemed	1
reddest	1
reddens	1
reddening	1
recommences	1
recoil	1
reckoning	1
recipient	1
receiving	1
receives	1
receive	1
recede	1
recalls	1
rebound	1
rebel	1
reasonings	1
reasoning	1
rearward	1
reaped	1
realms	1
reading	1
reached	1
raw	1
raving	1
ravening	1
rattled	1
rats	1
rast	1
rarest	1
raptures	1
rapt	1
rapped	1
rapids	1
rapid	1
ransom	1
ranked	1
random	1
ramparts	1
rales	1
raising	1
raise	1
raining	1
rained	1
rainbows	1
railroad	1
raging	1
rage	1
radiantly	1
rack	1
r.gony	1
quondam	1
quoits	1
quivers	1
quivered	1
quickest	1
quickening	1
queue	1
questions	1
questioning	1
quench	1
queer	1
queens	1
queenlier	1
quarrel	1
quality	1
quaffing	1
quaffed	1
quadrilateral	1
quack	1
puzzling	1
puzzles	1
puzzle	1
push	1
pursued	1
pursue	1
purposely	1
purify	1
purged	1
purer	1
purchased	1
pungent	1
punctual	1
pulsed	1
puis	1
puffed	1
puff	1
prying	1
prudently	1
prowling	1
provincial	1
proved	1
prouder	1
protrude	1
protests	1
protested	1
protest	1
protect	1
prosy	1
prospects	1
prospect	1
prophecies	1
proofs	1
prompts	1
promethean	1
prolongs	1
project	1
programme	1
profit	1
proffer	1
professor	1
professing	1
proferret	1
products	1
prodigal	1
proclaimed	1
processions	1
problem	1
pro	1
private	1
prisoning	1
prismy	1
printing	1
printed	1
princes	1
primogeniture	1
priceless	1
priam	1
prey	1
pretension	1
pretending	1
pretence	1
pressure	1
presses	1
president	1
preserved	1
prescribed	1
prerogative	1
prefer	1
precipitous	1
precious	1
preachers	1
preach	1
praying	1
prayed	1
prattling	1
prates	1
prank	1
praising	1
praises	1
praisers	1
praised	1
prairies	1
powerless	1
powdery	1
powder	1
pours	1
pouring	1
pour	1
potion	1
pother	1
potentates	1
potency	1
potcstates	1
posture	1
postman	1
post	1
possumus	1
possess	1
portion	1
portents	1
portals	1
portal	1
pore	1
popping	1
pop	1
poorest	1
pools	1
pondering	1
pondered	1
politicians	1
politic	1
politely	1
polished	1
policeman	1
polarised	1
polar	1
poised	1
poise	1
points	1
poem	1
pockets	1
plunged	1
plumes	1
plumed	1
plucking	1
pluck	1
plod	1
plight	1
plicebo	1
plenitude	1
pleiads	1
pleasures	1
pleased	1
pleasantly	1
pleasant	1
pleas	1
plead	1
plaything	1
players	1
plausibly	1
plaudits	1
plastic	1
plastered	1
plaster	1
plants	1
planets	1
plainly	1
plaee	1
places	1
pitying	1
pity	1
pitiful	1
pitching	1
piped	1
pioneers	1
piny	1
pinnacles	1
pinion	1
pilot	1
pillars	1
pill	1
pilgrims	1
pilgrimage	1
pietro	1
pied	1
pictured	1
picnics	1
picked	1
piazza	1
photographing	1
phosphorescence	1
philosophy	1
philosophies	1
phil	1
phidian	1
phi	1
phantoms	1
pest	1
persuasive	1
persistence	1
perplex	1
permitteth	1
permitted	1
permit	1
perjury	1
perished	1
perishable	1
pergolesi	1
perforce	1
perfected	1
pentecost	1
pent	1
penny	1
pennon	1
penitential	1
pencils	1
penance	1
peers	1
peeping	1
peep	1
pedestals	1
pedestal	1
pedagogue	1
pebbles	1
peasants	1
pearls	1
pearl	1
pear	1
pealing	1
pealed	1
peacefully	1
pea	1
paved	1
pave	1
patters	1
patronage	1
patron	1
patiently	1
patience	1
pathetic	1
patent	1
patches	1
pastoral	1
passport	1
passive	1
passionflower	1
passages	1
passage	1
pasqua	1
partition	1
parsee	1
parma	1
parliaments	1
parian	1
parentis	1
pardoning	1
parchment	1
paralysed	1
parallel	1
par	1
paper	1
papal	1
pantomime	1
panting	1
panted	1
pant	1
pandora	1
pandean	1
palter	1
palms	1
pallid	1
pall	1
palette	1
pales	1
palais	1
palaces	1
pails	1
pagoda	1
packed	1
pack	1
paced	1
pabis	1
oy	1
oxen	1
ox	1
owns	1
owned	1
owls	1
owe	1
overthrows	1
overthrow	1
overstrain	1
overspent	1
overruled	1
overpraise	1
overflows	1
overflowing	1
overflowed	1
overdrift	1
overcasts	1
overcast	1
overborne	1
overbold	1
overawe	1
outworn	1
outwitted	1
outspoke	1
outspeeding	1
outsoar	1
outshone	1
outrun	1
outrang	1
outlive	1
outgrowth	1
outgrown	1
outflanks	1
outdone	1
ourselves	1
oue	1
ou	1
ottoman	1
ot	1
ossoli	1
ornithological	1
ornament	1
origin	1
oriental	1
organs	1
organic	1
ore	1
ordered	1
orchestras	1
orchards	1
orbs	1
orbit	1
optics	1
oppressor	1
oppressed	1
oppress	1
oppose	1
opinions	1
operas	1
operanza	1
opens	1
op	1
ooze	1
onward	1
ones	1
ominous	1
olympus	1
olte	1
olivet	1
olive	1
oil	1
ofreyia	1
offices	1
offers	1
offering	1
offer	1
odour	1
ode	1
octave	1
oblique	1
object	1
obey	1
obedient	1
oaths	1
oaks	1
oaken	1
o.ia	1
o'erveiling	1
o'ertopping	1
o'erstrained	1
o'erstep	1
o'ershadows	1
o'erpays	1
o'erpast	1
o'erlooked	1
o'erglooms	1
o'erburdened	1
o'erbrimming	1
o'crtops	1
o'crstrained	1
nuw	1
nut	1
nurtured	1
nurture	1
nursed	1
numbers	1
numbered	1
november	1
novella	1
notion	1
notice	1
norway	1
northward	1
norse	1
noontide	1
noonlight	1
nook	1
non	1
noises	1
nodded	1
nobody	1
nobility	1
noatun	1
niord	1
ninety-nine	1
nineteenth	1
nighttime	1
nightly	1
nightingale	1
nick	1
niched	1
nice	1
niagara	1
newfound	1
newburgh	1
neutral	1
netting	1
netted	1
nest	1
nerveless	1
nerved	1
nero	1
neptune	1
neighbours	1
neighbouring	1
neglected	1
needle	1
needest	1
necessity	1
neatly	1
nearly	1
nearest	1
neared	1
nave	1
native	1
narrowing	1
narrower	1
naples	1
nap	1
named	1
naked	1
muzzled	1
muttered	1
mutter	1
mutas	1
musty	1
musing	1
musgadel	1
muses	1
murky	1
murder	1
munera	1
mumming	1
mumble	1
multitudinous	1
multitude	1
muffins	1
mrs	1
mr	1
mozart	1
mowing	1
mowers	1
movin	1
moves	1
movement	1
mouths	1
mourning	1
mournfully	1
mounts	1
mountainous	1
mounds	1
mound	1
moulds	1
moulded	1
moths	1
mote	1
moss	1
mosque	1
mort	1
morns	1
mornin	1
morass	1
moralist	1
moralisms	1
moorland	1
moonstruck	1
moonbeams	1
monument	1
months	1
monstrous	1
monotones	1
monopoly	1
monarchs	1
monarch	1
momentary	1
moitow	1
moistened	1
modulations	1
modest	1
modes	1
modena	1
model	1
mocks	1
mock	1
mob	1
moats	1
mitres	1
mistress	1
mister	1
mission	1
missed	1
missal	1
misrule	1
misnamed	1
misguided	1
miserable	1
mirrored	1
mirror	1
mirage	1
miracle	1
miollner	1
mio	1
minstrels	1
minores	1
miniato	1
mingle	1
mile	1
mild	1
middle	1
microscope	1
mexico	1
methought	1
meteor	1
metaphysic	1
messenger	1
mess	1
mesh	1
merriest	1
mermaids	1
mendelssohn	1
mend	1
memphis	1
memoby	1
memnon	1
members	1
melts	1
melting	1
melted	1
meetings	1
meet'st	1
medendi	1
measuring	1
measures	1
measured	1
meantime	1
meaner	1
mc	1
mayflower	1
maximilian	1
maw	1
matured	1
matting	1
matthew	1
matin	1
maternal	1
mated	1
mate	1
matched	1
masts	1
masted	1
masquerading	1
masonry	1
martyrs	1
marts	1
marshy	1
marshes	1
marshalled	1
marsh	1
marrows	1
marriage	1
marred	1
marked	1
mariners	1
maria	1
margaret	1
mantled	1
manners	1
manlier	1
mankind	1
maniac	1
manes	1
mandolin	1
mandates	1
manacled	1
mammon	1
maluit	1
malaria	1
majesty	1
mainmast	1
mainly	1
main	1
mail	1
magnifiers	1
magnified	1
magnificent	1
magnet	1
magician	1
magi	1
madonnas	1
madmen	1
madly	1
machines	1
machinery	1
lyrics	1
lyric	1
lutes	1
lustres	1
lustreless	1
lust	1
lurked	1
lumps	1
lulls	1
lulled	1
lullabies	1
lull	1
luckless	1
lucifer	1
lowers	1
lowering	1
lowered	1
loudly	1
louder	1
losses	1
lorgnette	1
lordly	1
loosely	1
loose	1
lookin	1
longings	1
lone	1
lombardy	1
loftiest	1
loftier	1
loft	1
lodgings	1
lodger	1
loath	1
loads	1
load	1
lle	1
livest	1
litanies	1
lists	1
listeners	1
listener	1
list	1
liow	1
lingering	1
lingered	1
line	1
linden	1
limitless	1
limbed	1
lily	1
lilies	1
likeness	1
lightnings	1
lighting	1
lightest	1
lighters	1
lighter	1
lighten	1
lighted	1
liftest	1
lifeless	1
liest	1
lids	1
lido	1
lid	1
lias	1
lexington	1
leviathan	1
lets	1
lesser	1
leopold	1
lenses	1
lends	1
lending	1
leisure	1
legends	1
leavings	1
lease	1
leagued	1
league	1
leafed	1
leaders	1
leaden	1
lazy	1
lawyer	1
lawful	1
lavish	1
laurels	1
laureate	1
laughs	1
laud	1
lasts	1
larks	1
languish	1
landmark	1
lance	1
lament	1
lame	1
lakes	1
lake	1
laggard	1
lack	1
labyrinths	1
labours	1
kyrie	1
kule	1
krakens	1
kooted	1
koman	1
kolling	1
kobust	1
koaring	1
knowest	1
know'st	1
knighthood	1
knight	1
knelt	1
knell	1
kneels	1
kiver	1
kisses	1
kingdoms	1
kindred	1
kindly	1
kindle	1
kinder	1
kills	1
kich	1
kettledrum	1
kernel	1
keered	1
keeps	1
keeping	1
keenest	1
keaping	1
katydids	1
kappa	1
kaphael	1
kamah	1
justly	1
jumpin	1
juices	1
juiceless	1
juggles	1
juggler	1
juggle	1
judge	1
joyful	1
joyance	1
journey	1
jotuuheim	1
jotunland	1
joseph	1
jolly	1
jollity	1
joins	1
joined	1
join	1
john	1
jjlm	1
jfe	1
jf	1
jewel	1
jew	1
jesters	1
jeolian	1
jeneu	1
jelly	1
jaws	1
jarring	1
january	1
ivoof	1
ivied	1
ithuriel	1
issue	1
isolated	1
isis	1
isetus	1
irrefragable	1
iris	1
ire	1
ir	1
ipse	1
inwrought	1
inwove	1
involving	1
involved	1
invites	1
invite	1
inverted	1
invert	1
invents	1
inventions	1
invaders	1
inundates	1
inundate	1
intuition	1
intrusion	1
introversion	1
intoxicates	1
intonations	1
intonating	1
intolerable	1
intimate	1
intervals	1
interlacing	1
interlaced	1
interlace	1
interior	1
interfere	1
interests	1
intercourse	1
interchange	1
inter	1
intensely	1
intact	1
insult	1
instructs	1
instincts	1
inspiring	1
inspires	1
inspire	1
insists	1
insect	1
insanities	1
innocent	1
inner	1
inn	1
inmost	1
ink	1
inherit	1
inglorius	1
inglorious	1
influx	1
inflowing	1
infected	1
infect	1
indignation	1
indicted	1
indian	1
indebted	1
incumbent	1
inconstant	1
incident	1
improvisations	1
improving	1
imprisonment	1
imprisoning	1
imprisoned	1
impose	1
impious	1
impenetrable	1
impartest	1
immersed	1
imaginings	1
imagined	1
imagine	1
imaginations	1
imagination	1
images	1
ils	1
illusion	1
illumine	1
illumed	1
ille	1
ilave	1
ihe	1
ifbver	1
ietna	1
idyls	1
ids	1
idols	1
idol	1
idleness	1
idle	1
idees	1
idea	1
icebox	1
icarus	1
iasides	1
iar	1
iapis	1
i3ell	1
hymn	1
huzzas	1
hushings	1
hush	1
husband	1
hurtling	1
hurrying	1
hurricane	1
hurly	1
hunts	1
hunted	1
hungry	1
hundredth	1
humbler	1
hum	1
hudson	1
huddled	1
hubbub	1
howsoever	1
howling	1
howl	1
houses	1
hou	1
hotel	1
hospital	1
horses	1
horrors	1
horned	1
horizons	1
hopefully	1
hoodwinks	1
honours	1
honeysuckles	1
homilies	1
homeward	1
homer	1
homely	1
hollo	1
holier	1
holiday	1
holding	1
hold	1
hoisted	1
hoard	1
hits	1
hither	1
histories	1
hissing	1
hireling	1
hippomenes	1
hints	1
himalayan	1
hieroglyphs	1
hieroglyph	1
hierarchal	1
hiding-place	1
hidest	1
hides	1
hideous	1
hesperides	1
herod	1
heritage	1
heretic	1
herbarum	1
hens	1
hemisphere	1
hemes	1
hem	1
helpless	1
helmsman	1
heir	1
heimdall	1
heel	1
heeds	1
heeding	1
heeded	1
hee	1
hedges	1
hebe	1
heavenward	1
heath	1
hearing	1
heaping	1
heaped	1
healthy	1
healthiest	1
healthier	1
heads	1
heading	1
headed	1
haydn	1
having	1
haven	1
hautboys	1
haunting	1
haughty	1
hatred	1
hasting	1
harpsichords	1
harnessed	1
harlequins	1
hark	1
harebell	1
harder	1
harbour	1
happiness	1
happiest	1
happier	1
haply	1
handsomer	1
handle	1
handing	1
halves	1
hallow	1
hale	1
hails	1
h..lf	1
gust	1
gushing	1
gushed	1
gurgled	1
guns	1
gun	1
gulfed	1
guilt	1
guile	1
guerdons	1
guerdon	1
guarding	1
growths	1
growled	1
growl	1
grovelling	1
groups	1
groan	1
grizzled	1
griswold	1
grinding	1
grimly	1
grievously	1
greyhounds	1
greets	1
greetings	1
greenest	1
greened	1
greek	1
grecian	1
greatness	1
greater	1
grazing	1
gravity	1
graver	1
gravel	1
grated	1
grasses	1
grasped	1
grappling	1
grained	1
gracious	1
govern	1
gothic	1
gospel	1
gorgeous	1
gorge	1
gore	1
goose	1
goodwill	1
golgotha	1
goldbanks	1
goin	1
godlike	1
godless	1
godhead	1
god's'and	1
gnawed	1
gnats	1
gluts	1
globes	1
globe	1
glistening	1
glimmers	1
glimmering	1
glimmered	1
gliding	1
glared	1
glancing	1
glancin	1
glamour	1
gladness	1
glade	1
glacier	1
giving	1
girded	1
gioom	1
gioegione	1
gin	1
gilt	1
gilds	1
gigantic	1
gidf	1
giddy	1
gibbet	1
giants	1
gets	1
germany	1
germ	1
genuflections	1
genial	1
general	1
gem	1
geese	1
gayer	1
gavest	1
gaunt	1
gathereth	1
gasping	1
garret	1
garnering	1
garnered	1
garment	1
gapes	1
gamesters	1
gallic	1
gallants	1
gait	1
gains	1
gaily	1
g	1
fuss	1
fused	1
furzy	1
furthermore	1
further	1
furrows	1
furled	1
furious	1
fullness	1
fullgrown	1
fullest	1
fugues	1
fugue	1
fuel	1
fruitless	1
fruitage	1
froths	1
froth	1
frosty	1
frosts	1
fronts	1
front	1
frona	1
frisky	1
fringes	1
fringed	1
fringe	1
frightened	1
frighten	1
frieze	1
frescoed	1
frenzies	1
freneau	1
freighted	1
freewill	1
freest	1
freer	1
freedmen	1
freckles	1
fraud	1
francis	1
frailest	1
frail	1
fragment	1
fractious	1
fox	1
fountainhead	1
fountain	1
founded	1
forward	1
fortunes	1
fortune	1
fortress	1
fortes	1
forsooth	1
forsake	1
forming	1
former	1
formed	1
forgot	1
forge	1
foretold	1
foretell	1
forests	1
foreshadowed	1
foreseen	1
forelock	1
foreknow	1
forehead	1
forefathers	1
foreboding	1
forbidden	1
fop	1
footstep	1
footprints	1
footed	1
folly	1
folk	1
fog	1
foamy	1
foaming	1
flutters	1
fluttering	1
fluttered	1
flushing	1
flung	1
flowered	1
flowed	1
flouts	1
flout	1
flooding	1
flocks	1
flings	1
fling	1
flights	1
flics	1
fleshy	1
fleets	1
flaws	1
flattery	1
flattered	1
flat	1
flare	1
flapping	1
flapped	1
flannels	1
flageolet	1
fixed	1
five	1
fitted	1
fitness	1
fist	1
fisherman	1
firmer	1
firmament	1
firesides	1
firefly	1
fireflies	1
fired	1
firebrand	1
finished	1
finish	1
fingering	1
films	1
filial	1
fights	1
fighting	1
fiftieth	1
fifteen	1
fiends	1
fiend	1
fidelity	1
fiddle	1
fiction	1
fete	1
ferryboat	1
fern	1
fences	1
fen	1
fellow	1
feller	1
feeling	1
feelin	1
feeds	1
february	1
feb	1
feature	1
feathery	1
feathers	1
feasts	1
feasting	1
feared	1
fbiend	1
fay	1
fawnest	1
favourites	1
favourite	1
favour	1
fault	1
fathoms	1
fathomless	1
fathers	1
fates	1
fata	1
fasting	1
fastest	1
fastened	1
fashioned	1
fashionable	1
farsighted	1
farms	1
farm	1
fantastically	1
fanned	1
famine	1
family	1
fames	1
faltering	1
faltered	1
falter	1
fainting	1
fainted	1
fails	1
fades	1
factory	1
factions	1
facing	1
facile	1
faced	1
fabricate	1
fabled	1
fable	1
exulting	1
exultest	1
extremes	1
extract	1
extra	1
expressed	1
express	1
explore	1
explain	1
expiring	1
expectant	1
expanding	1
expanded	1
exorcised	1
existence	1
exile	1
excuse	1
excommunication	1
excess	1
except	1
exaggeration	1
evolve	1
everything	1
evermore	1
everlasting	1
evergreen	1
events	1
eventide	1
event	1
evenings	1
evanescent	1
eudymion	1
et	1
estrangement	1
established	1
essences	1
essay	1
erect	1
erebus	1
epitaph	1
enwreathed	1
enveloping	1
entwining	1
entombed	1
entirely	1
entire	1
enthusiasts	1
enthusiast	1
enthroned	1
entertain	1
entering	1
entered	1
entangled	1
entailed	1
ensnared	1
enslaved	1
enshrouded	1
enshrined	1
enrolled	1
enrol	1
enriched	1
enraptured	1
ennobled	1
enlarged	1
enlace	1
enigma	1
english	1
enforcement	1
enfold	1
endures	1
ending	1
ended	1
enchanting	1
enchanter	1
enchain	1
encaged	1
enamoured	1
en	1
empyrean	1
emprise	1
emphasis	1
emperors	1
embrowned	1
embroidery	1
embraces	1
embody	1
emblems	1
emblazon	1
elysian	1
elves	1
eloquent	1
elfin	1
elf	1
elephantine	1
eleison	1
electrotyped	1
electricity	1
elder	1
elastic	1
eitor	1
ein	1
egypt	1
eglantine	1
effaced	1
efface	1
edward	1
editorial	1
edda	1
ecstasy	1
ecstasies	1
economy	1
echoing	1
echoed	1
ebbs	1
ebb	1
easily	1
ease	1
earthquake	1
earthborn	1
earned	1
eagles	1
eagerly	1
eager	1
eaeh	1
dye	1
dwindles	1
dwellings	1
dwelled	1
dusty	1
dunce	1
dun	1
dumps	1
dulls	1
dullness	1
due	1
drunken	1
drums	1
drummer	1
drugs	1
drug	1
drowsy	1
drowns	1
drove	1
drouth	1
drop	1
drooped	1
droning	1
drips	1
drinks	1
driftwood	1
dribbles	1
dressing	1
drenching	1
dregs	1
drearily	1
dreamlike	1
dreamless	1
dreamers	1
dreads	1
dreadful	1
drawest	1
draught	1
draperies	1
drained	1
drags	1
dragon	1
downing	1
downcast	1
doubts	1
doubtings	1
doubtful	1
doth	1
doorway	1
donkey	1
domineering	1
doleful	1
dogs	1
doffing	1
doctrine	1
dizzy	1
divinity	1
divinely	1
divided	1
divide	1
diverging	1
diva	1
disunion	1
distrust	1
distorted	1
distances	1
distanced	1
dissolved	1
disputing	1
disputed	1
disperse	1
disowns	1
disown	1
dismayed	1
dishonourable	1
disheartening	1
disenchanted	1
disease	1
disdained	1
disdain	1
discrowned	1
discoveries	1
discoursing	1
discoursed	1
discourse	1
discords	1
discontent	1
disclosed	1
discipline	1
discerned	1
disc	1
disastrous	1
disappointment	1
disappeared	1
disagree	1
dirtier	1
direful	1
directs	1
directly	1
dire	1
diplomat	1
diplomacies	1
dinners	1
dinner	1
dine	1
dilectus	1
dikes	1
dii	1
diffused	1
differs	1
differing	1
differed	1
diana	1
dian	1
diamond	1
dialects	1
diagrams	1
diademed	1
dewy	1
devouring	1
devoured	1
devotion	1
devils	1
devilish	1
devil	1
device	1
develop	1
deuee	1
determined	1
detailing	1
destroyers	1
destroy	1
destined	1
despots	1
despondency	1
despoil	1
desperate	1
despairing	1
desolations	1
desolation	1
design	1
descry	1
descend	1
depositi	1
departed	1
deny	1
dent	1
dense	1
den	1
demur	1
demon	1
democratic	1
democracy	1
demigods	1
delusive	1
deluding	1
dells	1
delirium	1
delighted	1
delicately	1
delayed	1
deity	1
deign	1
deifies	1
degrade	1
degradation	1
defy	1
deftly	1
defied	1
defiance	1
defend	1
defence	1
defect	1
deface	1
decrees	1
decreed	1
decorous	1
declare	1
decides	1
deceit	1
debt	1
debate	1
deathlike	1
deathblow	1
dearth	1
dearly	1
dearer	1
dealings	1
deadens	1
dawns	1
dawned	1
dauntless	1
date	1
dash	1
darts	1
darting	1
darkest	1
darkener	1
dante	1
danglin	1
danger	1
dandelion	1
dances	1
dancers	1
danced	1
dampness	1
dame	1
dahat	1
cypresses	1
cypress	1
cuttlefish	1
customary	1
curved	1
curses	1
curl	1
cure	1
curdled	1
cupid	1
cunningest	1
cumber	1
cui	1
crusting	1
crusted	1
crusaders	1
crumbled	1
crumble	1
cruel	1
cruder	1
crude	1
crowfeet	1
crouched	1
crops	1
crop	1
crocuses	1
crocus	1
croaking	1
critics	1
critic	1
crickets	1
crete	1
crests	1
crested	1
crest	1
crescent	1
creeps	1
creeping	1
credit	1
creatures	1
creature	1
creators	1
creator	1
creative	1
cream	1
creaking	1
craze	1
crawling	1
craves	1
cramp	1
cram	1
craggy	1
crag	1
cradle	1
cows	1
cowl	1
cowered	1
cower	1
covertly	1
covers	1
cover	1
couutless	1
counts	1
countries	1
countky	1
countess	1
countermines	1
countermand	1
counterfeit	1
counted	1
counsel	1
couches	1
cottage	1
cortes	1
corset	1
corrupt	1
corpses	1
corpse	1
coronets	1
coronation	1
coronal	1
cornice	1
cornets	1
corners	1
corn	1
cordage	1
coppers	1
cope	1
conventional	1
convention	1
contrivance	1
contrapuntal	1
continuous	1
continents	1
contentment	1
contented	1
contending	1
contain	1
contagious	1
contadini	1
consummate	1
constructed	1
conspires	1
conspirators	1
consolation	1
consents	1
consenting	1
consented	1
conquering	1
conquered	1
conquer	1
conjecture	1
conic	1
conflagrations	1
confessing	1
conduct	1
condemned	1
concord	1
concerts	1
conceals	1
concealing	1
concealed	1
compute	1
comprise	1
comprehends	1
comprehend	1
compos	1
compliments	1
completion	1
compass	1
compare	1
companies	1
compacts	1
compact	1
communion	1
communing	1
commonwealth	1
commonplaces	1
commonplace	1
commonest	1
comment	1
commences	1
comfortable	1
cometh	1
comest	1
comer	1
combed	1
columbus	1
colossal	1
college	1
collars	1
colder	1
coin	1
coils	1
coherent	1
coffers	1
cobwebs	1
coarse	1
coaches	1
co	1
clutching	1
clutch	1
clustered	1
clung	1
clothed	1
clogged	1
clockwork	1
clock	1
cllum	1
clings	1
clinging	1
clever	1
clerk	1
clemency	1
clean	1
claws	1
clauses	1
claude	1
classed	1
clasped	1
clashing	1
clash	1
clarions	1
clarionet	1
clarinets	1
clank	1
clamps	1
clamped	1
clamouring	1
clamour	1
clamber	1
claims	1
claimest	1
claim'st	1
citliaramque	1
circled	1
cinderella	1
cimeters	1
cigars	1
churchman	1
churches	1
chrysolite	1
chrysalids	1
chronicle	1
chrome	1
christian	1
christendom	1
chose	1
chores	1
chorded	1
chopsticks	1
chokes	1
choked	1
choirs	1
chloroform	1
chivalric	1
chirped	1
chips	1
chipmunk	1
chimneys	1
chimney	1
chimes	1
chimaeras	1
chills	1
chilling	1
childlike	1
childish	1
childe	1
chiefly	1
chickerings	1
chess	1
cheeks	1
checks	1
checked	1
check	1
cheating	1
cheat	1
chatting	1
chatter	1
chatted	1
chats	1
chat	1
chastened	1
chaste	1
chasms	1
chasm	1
chased	1
chartered	1
charter	1
charles	1
chariots	1
character	1
chaplet	1
chants	1
chantings	1
chanting	1
channelled	1
champion	1
champagne	1
chambers	1
chamber	1
chaldee	1
chair	1
chafes	1
cgain	1
certainly	1
certain	1
centurions	1
centres	1
censers	1
cells	1
celestial	1
celeresque	1
cedats	1
caverns	1
cavern	1
catching	1
catbird	1
cataracts	1
casts	1
casta	1
cassandra	1
casements	1
casement	1
carts	1
carry	1
carried	1
carriages	1
carol	1
careful	1
cared	1
cards	1
car	1
captus	1
captivated	1
captain	1
capped	1
capitol	1
capital	1
cap	1
canopy	1
cancer	1
cancel	1
can't	1
campanile	1
campagna	1
camp	1
camels	1
camel	1
calyx	1
calvary	1
calms	1
calmest	1
calmer	1
calleth	1
cake	1
caesar	1
cadences	1
cadence	1
byword	1
buzz	1
buy	1
buttercups	1
butcher	1
busts	1
bustling	1
bushy	1
bury	1
burnished	1
burly	1
burial	1
burglars	1
buoyed	1
buoyant	1
bunker	1
bungled	1
building	1
bugles	1
bugle	1
buffeting	1
budding	1
bud	1
bubblemere	1
brutal	1
browning	1
brotherlike	1
brotherhood	1
brother	1
broom	1
brookside	1
broods	1
brooding	1
bronzy	1
bronze	1
brokenhearted	1
broken	1
broader	1
brittle	1
british	1
brisinga	1
bringers	1
bringer	1
brine	1
brimful	1
brighter	1
brightened	1
brighten	1
bridges	1
bridge	1
brides	1
bribes	1
bribe	1
brethren	1
breezy	1
breeds	1
breed	1
breau	1
breathest	1
breasts	1
breaking	1
breakers	1
breadth	1
braying	1
bravest	1
branded	1
braided	1
braid	1
bows	1
bowered	1
bower	1
bouquet	1
bounded	1
boundary	1
boundaries	1
bottomless	1
bottom	1
bottles	1
bosoms	1
bosky	1
borrowed	1
borrow	1
boreas	1
boots	1
booming	1
bookworms	1
bondsman	1
bondage	1
bond	1
bom	1
boiu	1
boiled	1
boehm	1
bobolinks	1
bobolinkon	1
bobolinkish	1
boats	1
boasting	1
blushed	1
blunders	1
blunder	1
blrring	1
blowest	1
bloodstained	1
bloodless	1
blithe	1
blindness	1
blinded	1
blighting	1
blessings	1
blesses	1
blessedness	1
blends	1
blemishes	1
blazoned	1
blazing	1
blazed	1
blaring	1
blank	1
blandly	1
blacker	1
blackening	1
births	1
birthright	1
birdlike	1
binds	1
bills	1
billowy	1
bigot	1
bigger	1
bigelow	1
bible	1
betwixt	1
betray	1
betide	1
bethlehem	1
beta	1
berries	1
bereft	1
bereave	1
benignity	1
benignant	1
benighted	1
beneficence	1
bending	1
beloved	1
belongs	1
belong	1
bellows	1
beliefs	1
belief	1
belfry	1
beings	1
beifeath	1
beholds	1
begun	1
beguiling	1
beguile	1
begs	1
begins	1
beggar	1
began	1
befoul	1
befits	1
befit	1
befell	1
befalls	1
beethoven	1
beer	1
beech	1
bed	1
becomes	1
beaux	1
beauteous	1
beats	1
beaten	1
beasts	1
beast	1
beaming	1
beaker	1
beaches	1
baxter	1
bawling	1
battling	1
battery	1
bassoons	1
basses	1
bass	1
basest	1
bases	1
bas-reliefs	1
bas	1
barn	1
barge	1
barer	1
bared	1
barbed	1
baptist	1
baphael	1
banter	1
banker	1
banjo	1
balsam	1
ballroom	1
ballot	1
ballad	1
balcony	1
balance	1
bait	1
badness	1
bach	1
babies	1
babes	1
azure	1
awhile	1
aware	1
awaking	1
awaited	1
avouch	1
avert	1
avenue	1
avail	1
author	1
augury	1
augurs	1
augurium	1
auction	1
attuned	1
attention	1
attendant	1
attend	1
attempt	1
attained	1
attain	1
atoms	1
atmospheres	1
atlantic	1
athwart	1
athlete	1
athirst	1
astronomers	1
astral	1
asters	1
astarte	1
assure	1
assume	1
association	1
asserts	1
assent	1
assassin	1
assailed	1
ass	1
aspires	1
aspiration	1
asks	1
asked	1
askance	1
ashy	1
asgard	1
artists	1
artifice	1
arsenals	1
arrogant	1
arriving	1
arrested	1
arrayed	1
array	1
arranged	1
arrange	1
arose	1
armies	1
armchair	1
aright	1
arid	1
arguing	1
argued	1
argonaut	1
arena	1
architrave	1
architecture	1
architect	1
arching	1
archery	1
arched	1
arch	1
arbours	1
apt	1
apron	1
approach	1
appointed	1
apples	1
appears	1
apparel	1
appal	1
apostles	1
apostle	1
apes	1
apelles	1
apathy	1
apace	1
anything	1
anxious	1
anvil	1
antiquated	1
antiquaries	1
antichrists	1
ante	1
answering	1
anon	1
annual	1
annoyance	1
anniversary	1
annie	1
annals	1
ankle	1
aniore	1
anil	1
anguish	1
angles	1
anathemas	1
anarchy	1
anarch	1
anacreontic	1
amputator	1
ampler	1
amphion	1
american	1
ambushed	1
amazing	1
amazed	1
amaranth	1
amain	1
although	1
alternate	1
altars	1
aloof	1
aloft	1
almost	1
alloy	1
allows	1
allow	1
alliance	1
alleys	1
allegiance	1
allah	1
alios	1
alert	1
alchemy	1
alarion	1
akin	1
airy	1
aimless	1
aiming	1
agony	1
agonising	1
agonised	1
agonise	1
agonies	1
aglow	1
agitare	1
agile	1
aghast	1
agate	1
afternoons	1
afterlife	1
afford	1
affianced	1
adverse	1
adventurous	1
adventurer	1
advance	1
adorned	1
adorn	1
adore	1
ado	1
admirer	1
admired	1
adjusting	1
adieu	1
adamant	1
ad	1
acts	1
acting	1
acrid	1
acri	1
achieved	1
accuse	1
accords	1
accorded	1
accomplish	1
accidents	1
accents	1
ac	1
abysses	1
absorb	1
absent	1
abolitionists	1
abject	1
abides	1
^esir	1
>	1
1hrough	1
/,	1
/	1
.-.	1
.,	1
);	1
),	1
'?	1
';	1
'.	1
'*	1
&	1
";	1
!)	1
