,	1431
the	809
and	703
of	311
.	295
"	288
to	253
a	230
that	198
i	191
—	143
in	132
;	132
with	130
my	127
!	123
day	98
you	97
as	96
from	92
for	90
but	82
he	80
we	79
her	79
they	77
she	75
was	73
at	73
this	72
what	68
his	68
?	68
|'s|	67
on	65
is	63
or	62
all	58
then	57
'	57
so	55
who	54
it	52
not	51
by	51
when	49
there	49
out	48
one	48
their	47
me	45
where	43
way	43
like	43
down	43
year	42
its	41
had	40
your	39
through	39
have	36
sweet	33
come	33
town	32
if	32
yet	31
while	30
our	30
no	30
up	29
oh	28
should	27
:	27
upon	26
old	26
little	26
face	26
be	26
were	25
us	24
how	24
could	24
will	23
these	23
say	23
over	23
once	23
light	23
just	23
fair	23
before	23
along	23
here	22
far	22
away	22
."	22
thought	21
now	21
go	21
some	20
see	20
life	20
know	20
eyes	20
doth	20
are	20
time	19
near	19
let	19
gay	19
follow	19
after	19
why	18
today	18
swift	18
rose	18
next	18
last	18
king	18
heart	18
brown	18
across	18
went	17
t	17
never	17
moment	17
may	17
look	17
long	17
end	17
dear	17
cried	17
came	17
would	16
word	16
stay	16
set	16
more	16
did	16
days	16
ah	16
still	15
sight	15
might	15
low	15
hear	15
full	15
beneath	15
wait	14
shall	14
night	14
meadows	14
him	14
grace	14
good	14
?"	14
stand	13
place	13
lowed	13
heard	13
head	13
find	13
fear	13
do	13
cattle	13
can	13
air	13
words	12
things	12
summer	12
such	12
princess	12
nor	12
men	12
love	12
laugh	12
knew	12
into	12
great	12
fields	12
despair	12
blow	12
back	12
winds	11
white	11
voice	11
turn	11
tomorrow	11
them	11
suddenly	11
sudden	11
starving	11
song	11
seems	11
run	11
red	11
rang	11
make	11
laughed	11
land	11
hope	11
god	11
clear	11
bloom	11
beyond	11
beat	11
yesterday	10
wide	10
too	10
till	10
thus	10
saw	10
said	10
rode	10
right	10
left	10
high	10
height	10
has	10
gates	10
faintly	10
earth	10
dead	10
cry	10
called	10
call	10
bright	10
breath	10
bold	10
any	10
ann	10
world	9
within	9
whose	9
well	9
very	9
tonight	9
though	9
those	9
strong	9
road	9
pass	9
pain	9
only	9
new	9
man	9
lord	9
looked	9
ll	9
hold	9
held	9
grim	9
grey	9
give	9
friends	9
forth	9
foe	9
feet	9
faith	9
even	9
ere	9
blakesley	9
bitter	9
been	9
alone	9
alas	9
|arabic1digit|	8
without	8
wind	8
weary	8
vain	8
turned	8
throng	8
soul	8
show	8
seemed	8
ran	8
o	8
mistress	8
made	8
lift	8
knows	8
heavenly	8
heaven	8
flesh	8
first	8
fine	8
every	8
caught	8
broke	8
break	8
best	8
behind	8
again	8
above	8
youth	7
years	7
which	7
week	7
until	7
think	7
sun	7
strange	7
stood	7
state	7
stair	7
spoke	7
sped	7
softly	7
soft	7
smile	7
shut	7
shining	7
rout	7
reach	7
re	7
quite	7
perhaps	7
own	7
must	7
morning	7
listen	7
lies	7
leave	7
hour	7
home	7
hills	7
hill	7
hearts	7
gold	7
goes	7
glow	7
glance	7
girl	7
gate	7
foolish	7
flung	7
fled	7
fire	7
ever	7
door	7
die	7
death	7
dark	7
cries	7
british	7
bring	7
brief	7
an	7
|arabic2digit|	6
wild	6
wall	6
walks	6
tom	6
tide	6
thrill	6
than	6
tender	6
tell	6
take	6
straight	6
step	6
spring	6
speak	6
sore	6
sometimes	6
snow	6
sing	6
shore	6
sharp	6
sang	6
pride	6
prayer	6
news	6
months	6
mist	6
merry	6
meet	6
live	6
lifted	6
lay	6
indeed	6
hours	6
ho	6
harbour	6
hand	6
green	6
gaze	6
forget	6
feast	6
each	6
doubt	6
crown	6
close	6
christmas	6
brett	6
brave	6
blows	6
between	6
bells	6
beauty	6
!"	6
worth	5
wondering	5
ways	5
watched	5
walk	5
truth	5
troopers	5
thy	5
tears	5
storm	5
stepped	5
stands	5
spent	5
spell	5
soon	5
slow	5
sky	5
skies	5
shout	5
shame	5
secret	5
sea	5
same	5
sad	5
roses	5
pray	5
plain	5
path	5
passion	5
other	5
nay	5
naumberg	5
name	5
matthews	5
master	5
march	5
many	5
loss	5
lo	5
lip	5
kept	5
june	5
joy	5
i'm	5
human	5
holds	5
hither	5
half	5
guests	5
grass	5
goodbye	5
golden	5
george	5
gathering	5
friend	5
found	5
followed	5
fall	5
faced	5
easy	5
early	5
dull	5
dreams	5
defeat	5
dare	5
crowd	5
comes	5
children	5
cheer	5
castle	5
bud	5
born	5
bore	5
blue	5
bent	5
bare	5
bar	5
apart	5
afar	5
wrath	4
winter	4
winding	4
whom	4
whither	4
warmth	4
waited	4
two	4
twenty	4
touched	4
took	4
toil	4
thing	4
terrible	4
ten	4
sunset	4
struck	4
strife	4
strength	4
stare	4
star	4
speech	4
space	4
sound	4
somewhere	4
smiling	4
smiles	4
since	4
simple	4
shone	4
shed	4
shadow	4
sent	4
sense	4
scorn	4
sat	4
sailors	4
round	4
room	4
roll	4
rise	4
ring	4
race	4
quick	4
purple	4
promise	4
power	4
plans	4
perfect	4
past	4
passed	4
note	4
north	4
mystery	4
music	4
month	4
moan	4
mine	4
matter	4
maid	4
loud	4
lost	4
lips	4
line	4
lightly	4
leaguered	4
leads	4
laughing	4
late	4
keep	4
hurrying	4
hot	4
heigh	4
hark	4
hands	4
guest	4
grow	4
gifts	4
ghost	4
gain	4
frown	4
fret	4
french	4
form	4
flying	4
flowers	4
flower	4
fell	4
fast	4
fare	4
faint	4
elders	4
earthly	4
dread	4
distant	4
delay	4
deeds	4
darkness	4
dared	4
cross	4
crew	4
crept	4
craft	4
cousin	4
corn	4
conquer	4
clouds	4
christ	4
chief	4
cease	4
care	4
brought	4
boat	4
blockade	4
blame	4
begin	4
bay	4
band	4
angel	4
always	4
against	4
|romannumeral|	3
|arabic3digit|	3
young	3
yield	3
wreath	3
worldly	3
wore	3
won	3
woe	3
window	3
win	3
whole	3
whisper	3
wherever	3
wheat	3
wet	3
wasting	3
wander	3
waltzed	3
victory	3
veil	3
valley	3
unto	3
under	3
unclose	3
twelve	3
trust	3
treasure	3
track	3
torn	3
tones	3
told	3
thoughts	3
thick	3
they'd	3
themselves	3
test	3
talked	3
swiftly	3
sweetly	3
surprise	3
sure	3
subtle	3
springing	3
splintered	3
span	3
south	3
something	3
silken	3
silence	3
sigh	3
shrill	3
shines	3
shine	3
shepherd	3
sheep	3
share	3
seen	3
seas	3
saxon	3
sails	3
sail	3
rough	3
roar	3
rings	3
rift	3
rest	3
ray	3
rain	3
rabble	3
quoth	3
questioning	3
puritanic	3
prick	3
played	3
play	3
plan	3
pile	3
people	3
peasant	3
papist	3
pale	3
pack	3
ours	3
others	3
open	3
off	3
oaken	3
notes	3
need	3
nation	3
murmur	3
mountain	3
morn	3
moon	3
mistletoe	3
met	3
measure	3
meant	3
mast	3
mask	3
makes	3
loyal	3
loved	3
lords	3
living	3
listening	3
list	3
lifting	3
length	3
leaned	3
lead	3
laid	3
jolly	3
joke	3
john	3
jade	3
ill	3
i've	3
hung	3
house	3
host	3
horns	3
hopes	3
highway	3
higher	3
hide	3
hero	3
heights	3
heedless	3
heed	3
heads	3
hate	3
haste	3
harmless	3
hard	3
handsome	3
handmaid	3
hair	3
guesses	3
goodnight	3
goodly	3
gone	3
godly	3
goal	3
glory	3
glad	3
given	3
get	3
gallery	3
gallant	3
gale	3
free	3
frame	3
forlorn	3
fly	3
flow	3
floor	3
flood	3
fight	3
fierce	3
feel	3
fears	3
faltered	3
evil	3
evermore	3
entered	3
easily	3
ears	3
eager	3
dying	3
dust	3
dropped	3
drop	3
drip	3
doors	3
divine	3
distress	3
deed	3
decay	3
dawn	3
dame	3
commonplace	3
coming	3
comfort	3
cold	3
chill	3
child	3
cherries	3
cheek	3
chain	3
cargo	3
candles	3
broidery	3
bride	3
book	3
blind	3
bird	3
began	3
beckons	3
banners	3
balm	3
athwart	3
aside	3
army	3
arms	3
another	3
am	3
alack	3
about	3
|arabic5+digit|	2
zeal	2
yankee	2
wrong	2
wretched	2
wraith	2
women	2
wish	2
wise	2
winsome	2
winged	2
wine	2
whispered	2
whirl	2
whim	2
wept	2
weather	2
wears	2
wealth	2
weak	2
waste	2
warm	2
want	2
wandering	2
waltzes	2
walked	2
waits	2
waiting	2
wail	2
voices	2
vision	2
visage	2
view	2
use	2
untroubled	2
untried	2
unreconciled	2
undone	2
unafraid	2
twixt	2
twist	2
twice	2
twas	2
tum	2
troops	2
trod	2
trips	2
tried	2
tree	2
toward	2
touch	2
tory	2
tone	2
together	2
tis	2
times	2
thronged	2
throne	2
throat	2
thrice	2
thou	2
thorns	2
thorn	2
they've	2
thence	2
theirs	2
thanksgiving	2
tear	2
teach	2
tale	2
sweetness	2
sweeter	2
swayed	2
suns	2
sunlight	2
sung	2
suitable	2
strung	2
stress	2
streets	2
strand	2
stormed	2
stopped	2
stirred	2
stir	2
stayed	2
staunch	2
stately	2
stared	2
stairs	2
sphere	2
spear	2
souls	2
sooth	2
sombre	2
solemn	2
soil	2
sod	2
sob	2
snows	2
smites	2
small	2
slipped	2
slender	2
sleep	2
sir	2
silent	2
sign	2
sighed	2
shower	2
shot	2
short	2
shocked	2
sherman	2
shape	2
shaking	2
shake	2
shadowy	2
serve	2
sere	2
send	2
seeming	2
seek	2
season	2
scornfully	2
score	2
scent	2
scarce	2
scanty	2
scant	2
saxons	2
satin	2
sap	2
salts	2
safe	2
sacred	2
runs	2
ruled	2
rule	2
rosy	2
rocks	2
risen	2
ringing	2
rife	2
riding	2
reverent	2
rested	2
remember	2
relief	2
rejoicing	2
rejoice	2
reign	2
recover	2
read	2
rash	2
raiment	2
rail	2
question	2
queen	2
puritan	2
pulse	2
pulpit	2
proud	2
promises	2
promised	2
prize	2
prince	2
prim	2
priestly	2
praised	2
powder	2
poor	2
plumes	2
pleasure	2
planned	2
pitched	2
pink	2
petty	2
pearls	2
peacock	2
pause	2
passionate	2
part	2
pall	2
palace	2
pains	2
overheard	2
outstretched	2
outside	2
organ	2
oats	2
nought	2
nothing	2
noble	2
needs	2
naumberger	2
nature	2
mulready	2
move	2
mother	2
most	2
mock	2
miss	2
mirthful	2
mirth	2
message	2
menace	2
melody	2
measures	2
mean	2
meadowy	2
match	2
marlowe	2
marching	2
mar	2
lusty	2
luckless	2
lovely	2
lot	2
looks	2
looking	2
loneliness	2
lion	2
lilies	2
lifts	2
lie	2
lest	2
less	2
learn	2
leap	2
leaf	2
laws	2
lass	2
lack	2
knee	2
kiss	2
kindling	2
key	2
jovial	2
jests	2
jesting	2
itself	2
instead	2
instant	2
impatient	2
icy	2
i'd	2
hussites	2
hunger	2
horror	2
homeward	2
holly	2
hollow	2
hillsides	2
hidden	2
hell	2
heave	2
he's	2
haunt	2
hath	2
hasty	2
hail	2
guile	2
guard	2
groups	2
grief	2
greet	2
grave	2
grasses	2
gown	2
got	2
girls	2
gift	2
ghostly	2
gentry	2
general	2
gave	2
garden	2
gainst	2
gaily	2
fun	2
fulfilled	2
fruit	2
frigate	2
fresh	2
forty	2
forsooth	2
forbid	2
footsteps	2
folly	2
following	2
foes	2
flowery	2
flout	2
flock	2
flew	2
fleetly	2
fleeting	2
fleet	2
flashing	2
flared	2
flames	2
flame	2
filled	2
fiercer	2
field	2
festal	2
felt	2
fed	2
faults	2
faster	2
fanned	2
fan	2
famine	2
faltering	2
fairer	2
fainting	2
eyed	2
eye	2
escape	2
envy	2
english	2
empty	2
ecstasy	2
east	2
ear	2
dumb	2
drum	2
driving	2
driven	2
drift	2
dreary	2
draw	2
draught	2
draggled	2
doubting	2
doom	2
does	2
dim	2
dew	2
departure	2
demur	2
delight	2
defiant	2
deep	2
dazed	2
daughter	2
darlings	2
darkly	2
dames	2
cup	2
crust	2
cruel	2
crest	2
creep	2
crack	2
costly	2
cost	2
control	2
consciousness	2
clown	2
click	2
clay	2
claim	2
church	2
chose	2
cherished	2
cheeks	2
changed	2
chances	2
challenge	2
chair	2
ceased	2
cast	2
careless	2
captain	2
cannot	2
burn	2
burdens	2
burden	2
breeze	2
breaking	2
brand	2
braggarts	2
bows	2
bow	2
boughs	2
bond	2
boats	2
boasted	2
bluebird	2
blown	2
blossoms	2
bloomy	2
bliss	2
blinding	2
blight	2
blew	2
blessed	2
bitterness	2
birth	2
better	2
bestowed	2
bestow	2
beside	2
beresford	2
bend	2
beckoned	2
because	2
ball	2
ay	2
atmosphere	2
assumes	2
ask	2
april	2
answered	2
answer	2
anew	2
ancient	2
amid	2
amaze	2
almost	2
aisles	2
ails	2
ado	2
*	2
"?	2
►and	1
■	1
•	1
zest	1
yours	1
youngster	1
younger	1
you've	1
you'll	1
you'd	1
yon	1
yesternight	1
yellow	1
yearling	1
yea	1
yankees	1
wwexpressed	1
wrongs	1
wrists	1
wretchedness	1
wrest	1
wreck	1
wounded	1
wot	1
worse	1
worn	1
work	1
woos	1
wooing	1
wooden	1
wood	1
wonderful	1
wonder	1
woman	1
woes	1
wiser	1
wisdom	1
wires	1
wire	1
wings	1
wing	1
windy	1
wilson	1
willow	1
willing	1
wildest	1
wilder	1
wight	1
wife	1
wickedly	1
wicked	1
whispering	1
whip	1
whatsoever	1
western	1
west	1
welcome	1
weep	1
weekday	1
wedding	1
wearing	1
weariness	1
wear	1
weapons	1
we've	1
waxed	1
waves	1
wave	1
watch	1
wastes	1
warrior	1
warring	1
warning	1
warders	1
warder	1
waned	1
wandered	1
waltz	1
walnuts	1
walls	1
walking	1
wakes	1
wailing	1
vows	1
vowed	1
vow	1
vive	1
visions	1
visioned	1
virtuous	1
virgin	1
viper	1
victim	1
veers	1
ve	1
vast	1
varying	1
vanished	1
vainest	1
utter	1
useless	1
urge	1
upland	1
untired	1
unsparing	1
unshut	1
unseen	1
unsandalled	1
unlock	1
unknown	1
university	1
unheeding	1
unforgetting	1
unfold	1
undeserved	1
unawares	1
tyranny	1
tyrannies	1
twos	1
twere	1
turns	1
turning	1
turmoil	1
tunes	1
tuneful	1
tune	1
tulle	1
trusty	1
trumpet	1
truant	1
troubled	1
triumphs	1
tries	1
tricks	1
trick	1
trees	1
tred	1
treat	1
treasures	1
tread	1
treacherous	1
tranquil	1
towns	1
tower	1
towards	1
tow	1
totter	1
tossed	1
torments	1
tore	1
tongues	1
token	1
tlred	1
tiresome	1
tireless	1
tired	1
tinkling	1
tingle	1
tie	1
ti	1
throw	1
throes	1
throbbing	1
throats	1
thrilled	1
threshold	1
threescore	1
threes	1
threatening	1
threat	1
thread	1
thrall	1
thousand	1
thither	1
thief	1
thankful	1
thanked	1
tether	1
tents	1
tenser	1
tenderest	1
tempest	1
temp	1
tells	1
teeth	1
tearless	1
taunton	1
tangles	1
talks	1
taking	1
takes	1
taboo	1
symbols	1
swung	1
swore	1
sword	1
swirling	1
swinging	1
swept	1
swells	1
swelling	1
sweets	1
sweetest	1
sweetened	1
swear	1
sways	1
sway	1
swarmed	1
swamps	1
swallows	1
suspicion	1
survive	1
surging	1
suppose	1
sunshine	1
sunrise	1
sunlit	1
sullen	1
suitor	1
suit	1
suffice	1
suffering	1
suffer	1
sues	1
succour	1
sturdy	1
stupidest	1
stupid	1
stumbled	1
stubble	1
stronger	1
strolled	1
strokes	1
strive	1
striking	1
strewn	1
stretched	1
street	1
streaming	1
strauss	1
strangers	1
stranger	1
straits	1
strait	1
strain	1
stout	1
stories	1
stop	1
stooping	1
stooped	1
stoop	1
stocked	1
stirs	1
stint	1
stern	1
steps	1
steers	1
steer	1
steals	1
stars	1
standing	1
stalls	1
stake	1
stains	1
squadron	1
spurned	1
spur	1
spun	1
springtime	1
springs	1
spread	1
spray	1
sprang	1
sport	1
spoken	1
splendour	1
spleen	1
spites	1
spite	1
spirit	1
spin	1
spied	1
speed	1
speaks	1
speaking	1
speaker	1
spar	1
spanish	1
sounding	1
sounded	1
souled	1
sordidly	1
son	1
somewhither	1
somebody	1
solid	1
solemnly	1
soldierly	1
sold	1
snugly	1
snowr	1
snatched	1
snatch	1
smooth	1
smiled	1
smelled	1
sly	1
sluggish	1
slowly	1
sloop	1
slights	1
slight	1
sleet	1
sleepless	1
sleeping	1
slant	1
slack	1
skimming	1
sixty	1
sitting	1
sits	1
sit	1
sister	1
sins	1
sinner	1
sings	1
singing	1
singers	1
sincere	1
sin	1
silver	1
sills	1
silences	1
signed	1
sighs	1
sighing	1
siege	1
side	1
shutters	1
shuts	1
shuddering	1
shreds	1
shows	1
showers	1
shouts	1
shores	1
shoot	1
shoon	1
shook	1
shock	1
shivering	1
ships	1
ship	1
sheen	1
shedding	1
shawl	1
shattered	1
shared	1
shaped	1
shan't	1
shaft	1
shadows	1
shades	1
settled	1
settle	1
sets	1
services	1
service	1
served	1
september	1
separates	1
senses	1
sends	1
selfish	1
seldom	1
seething	1
sees	1
seem	1
seeking	1
seeds	1
secure	1
secrets	1
second	1
seasons	1
seasoned	1
searching	1
seal	1
screen	1
scramble	1
scourge	1
schooner	1
scents	1
scented	1
scene	1
scared	1
scamper	1
saving	1
save	1
savannah	1
savage	1
saucy	1
sass	1
sand	1
salt	1
saints	1
saintly	1
saint	1
sailed	1
safely	1
sadly	1
s	1
rye	1
russets	1
rush	1
running	1
rune	1
runaway	1
ruffles	1
rue	1
rudely	1
royal	1
rowing	1
rove	1
rouse	1
rotting	1
ropes	1
rope	1
root	1
roof	1
rome	1
rolling	1
rollicking	1
rolled	1
rogues	1
robins	1
robes	1
roam	1
roads	1
rivulets	1
ripe	1
riotous	1
rim	1
rills	1
rights	1
righteous	1
rides	1
ride	1
richmond	1
rhythmic	1
revelry	1
returns	1
returned	1
retreated	1
retreat	1
retort	1
response	1
reproach	1
repay	1
remnant	1
reminds	1
release	1
relaxed	1
reigned	1
regret	1
regnant	1
refusal	1
redress	1
recollected	1
reckoned	1
received	1
recalls	1
recall	1
rays	1
rare	1
rapture	1
rapt	1
ransom	1
rampart	1
raised	1
ragged	1
raged	1
radiant	1
radiance	1
rack	1
quivering	1
quickens	1
questioned	1
querulous	1
queer	1
quaffed	1
quaff	1
ql'ick	1
pygmies	1
put	1
pushes	1
purpose	1
purpling	1
puritans	1
purify	1
purge	1
pull	1
psalm	1
protect	1
prosperous	1
prop	1
projects	1
proclaim	1
procession	1
print	1
primmest	1
prime	1
prey	1
prevail	1
prettiest	1
pressed	1
press	1
presently	1
presence	1
precise	1
precious	1
prayers	1
prayed	1
pranked	1
praises	1
praise	1
pouring	1
poured	1
potomac	1
port	1
popish	1
pondered	1
polly	1
poisoned	1
poison	1
point	1
plight	1
plenty	1
pledge	1
pleasuring	1
pleasures	1
please	1
pleads	1
plays	1
plaintive	1
plaint	1
pitiless	1
pitiful	1
piteous	1
pining	1
pine	1
pigeon	1
pierced	1
pierce	1
phantom	1
petals	1
persons	1
perfume	1
perfectly	1
perchance	1
penance	1
penalty	1
peevish	1
peaks	1
peach	1
payment	1
patriotic	1
patientest	1
patient	1
passes	1
passengers	1
partner	1
parted	1
parley	1
pardon	1
paradise	1
parade	1
pangs	1
paltering	1
palm	1
pages	1
page	1
packed	1
paced	1
overthrow	1
overspent	1
overlook	1
overflowed	1
outward	1
orders	1
orchard	1
orange	1
opened	1
onward	1
ones	1
older	1
olden	1
ofttimes	1
odorous	1
ocean	1
obscurity	1
obeyed	1
oak	1
o'ertaken	1
nursed	1
november	1
northwest	1
noonday	1
nook	1
noise	1
nobody	1
noblest	1
nobler	1
nights	1
nigher	1
nigh	1
nibbling	1
newport	1
newfoundland	1
nest	1
neither	1
neath	1
navarre	1
naumbergers	1
nations	1
narrow	1
myriad	1
muttered	1
murmured	1
murky	1
mummery	1
much	1
mr	1
movements	1
mouth	1
mourn	1
mortal	1
mocking	1
mob	1
moaning	1
moaned	1
misty	1
mistakes	1
missed	1
mischief	1
miracle	1
minor	1
ministry	1
mind	1
mildew	1
mighty	1
midnight	1
mid	1
meted	1
merrily	1
merriest	1
merciless	1
melt	1
melancholy	1
meetinghouse	1
meeting	1
meek	1
meddling	1
measurements	1
meantime	1
meaning	1
meanest	1
meadow	1
mcallister	1
mate	1
massachusetts	1
market	1
mark	1
marabout	1
maple	1
mantle	1
mansion	1
malice	1
mailed	1
maids	1
maidens	1
maiden	1
magician	1
maddest	1
luscious	1
lure	1
lowly	1
lowering	1
lover	1
lout	1
losses	1
losing	1
lordly	1
loopholes	1
longing	1
logs	1
lofty	1
load	1
llama	1
lives	1
link	1
linger	1
limit	1
lilac	1
lent	1
led	1
leaving	1
least	1
leapt	1
lean	1
leafy	1
leaden	1
law	1
launched	1
laughter	1
laughs	1
latest	1
latent	1
larders	1
lanner	1
languished	1
languish	1
lambkins	1
lad	1
lackey	1
lace	1
known	1
knit	1
knell	1
knees	1
kneels	1
kneel	1
kissed	1
kingdoms	1
kingdom	1
kind	1
keeps	1
keen	1
joys	1
joyous	1
joyful	1
join	1
jocund	1
jewel	1
jester	1
jest	1
jaws	1
iron	1
inwoven	1
inviting	1
intent	1
inspire	1
insolent	1
innocent	1
inch	1
impudent	1
impatiently	1
immortelles	1
immemorial	1
ignorant	1
idyl	1
idle	1
ice	1
huzza	1
hussite	1
hurt	1
hunting	1
hungry	1
hundred	1
hum	1
hull	1
however	1
horizon	1
hoped	1
homesick	1
homes	1
holiday	1
hoarsely	1
hoarse	1
hm	1
hint	1
himself	1
hied	1
hideth	1
hesitates	1
henry	1
hemlock	1
heat	1
hearth	1
hears	1
heap	1
headlong	1
he'd	1
hawk	1
haunts	1
hatred	1
hates	1
hastened	1
hasten	1
harvests	1
harvest	1
harps	1
harpers	1
hardier	1
happy	1
hangs	1
hall	1
haired	1
gulf	1
guise	1
guilt	1
guide	1
guidance	1
grows	1
groan	1
grind	1
grimmest	1
grimace	1
grieves	1
grew	1
greed	1
greater	1
graybeard	1
graves	1
graver	1
grand	1
godspeed	1
godless	1
glutted	1
glowering	1
glowed	1
gloss	1
gloomy	1
gloom	1
glisten	1
glint	1
glimpsed	1
glimpse	1
gleam	1
glare	1
girt	1
gird	1
giddy	1
giant	1
ghosts	1
georgia	1
gazing	1
gaunt	1
gathered	1
gather	1
garments	1
galop	1
gall	1
gains	1
gained	1
fury	1
frowned	1
frost	1
front	1
friendly	1
fretting	1
fraught	1
frank	1
fragrant	1
four	1
fought	1
fortress	1
forgetting	1
forgets	1
forever	1
forest	1
fore	1
forces	1
force	1
foot	1
fond	1
follows	1
fluttering	1
flowing	1
flowering	1
flourish	1
floods	1
flocks	1
floated	1
flits	1
flippant	1
fling	1
fleshly	1
fleck	1
flaw	1
flash	1
flamed	1
fixes	1
fitful	1
fishermen	1
finer	1
fills	1
figure	1
fiery	1
fiddles	1
fiddlers	1
few	1
fetters	1
fete	1
fervent	1
fellow	1
feed	1
february	1
feasted	1
fearfully	1
favoured	1
fault	1
fatten	1
father	1
fates	1
fashioned	1
fancied	1
famished	1
familiar	1
fame	1
false	1
fallen	1
faithful	1
fail	1
fading	1
expressed	1
expectant	1
everywhere	1
everything	1
eve	1
estate	1
espied	1
error	1
entreating	1
enter	1
enough	1
england	1
enemy	1
endures	1
ended	1
emerald	1
embrace	1
em	1
else	1
electric	1
elapse	1
either	1
eighteen	1
eh	1
egypt	1
echoing	1
ebb	1
eaves	1
eating	1
eastertide	1
easter	1
easeful	1
dyes	1
dusty	1
dun	1
dumbly	1
dry	1
drowsy	1
drowns	1
dropping	1
drooped	1
drench	1
dreamily	1
dreamed	1
dream	1
drawn	1
draughty	1
drained	1
dozen	1
downward	1
dower	1
dove	1
doubts	1
doublet	1
donkey	1
done	1
don't	1
doe	1
displays	1
display	1
dismay	1
dish	1
disguise	1
disgrace	1
disdained	1
disdain	1
discontent	1
din	1
dims	1
difficult	1
dieu	1
dies	1
dick	1
diamond	1
dewy	1
devout	1
devour	1
devotion	1
despite	1
desperate	1
desire	1
descried	1
deride	1
departing	1
denies	1
demon	1
demean	1
demand	1
dell	1
delights	1
delaying	1
delayed	1
defy	1
defied	1
defend	1
defeated	1
deer	1
declared	1
december	1
debonair	1
dealt	1
deaf	1
dazzle	1
daylight	1
dawning	1
dart	1
darling	1
dares	1
danube	1
dances	1
dancers	1
danced	1
dance	1
damned	1
damn	1
daily	1
cut	1
curses	1
currents	1
crush	1
crowned	1
crowin	1
crowding	1
croft	1
crocus	1
critics	1
criticise	1
critic	1
cringing	1
crevice	1
creeds	1
creatures	1
craze	1
coward	1
covert	1
courtly	1
courtier	1
courtesy	1
court	1
course	1
courage	1
count	1
counsel	1
council	1
corridor	1
core	1
coquetting	1
coos	1
coolish	1
cool	1
consolation	1
consecrate	1
conscious	1
conqueror	1
conquering	1
conquered	1
completeness	1
complete	1
complaint	1
compassed	1
common	1
cometh	1
comely	1
coat	1
clutched	1
clustering	1
clung	1
clumsy	1
cloud	1
clothed	1
clipper	1
clew	1
clearer	1
class	1
clasped	1
clarinet	1
clang	1
clambered	1
clamber	1
claims	1
clad	1
city	1
cider	1
chrysanthemums	1
chord	1
chimney	1
chilly	1
chilled	1
childhood	1
cheers	1
cheerily	1
checked	1
check	1
chatter	1
charge	1
changeful	1
change	1
chanced	1
chance	1
chamber	1
chafing	1
chaff	1
centuries	1
cells	1
catch	1
carried	1
cares	1
card	1
can't	1
camp	1
cambridge	1
calmness	1
butt	1
burst	1
burnished	1
burning	1
burdened	1
bullet	1
buds	1
brushes	1
brow	1
brotherhood	1
brother	1
brooks	1
brook	1
brooding	1
broken	1
broad	1
brighter	1
brian	1
breezy	1
breezes	1
bred	1
breathless	1
breathing	1
breasts	1
breast	1
breaks	1
breadth	1
bravest	1
branded	1
branch	1
boys	1
bowed	1
boundary	1
bound	1
both	1
border	1
boot	1
bonny	1
bonds	1
boldly	1
boldest	1
bolder	1
boding	1
boast	1
blushing	1
bluntly	1
bluebirds	1
blossom	1
blooms	1
bloomed	1
blood	1
blithe	1
blissful	1
blindly	1
blighting	1
blast	1
blades	1
black	1
bitterly	1
bitterest	1
bits	1
bit	1
birds	1
birch	1
bins	1
bidden	1
beware	1
betters	1
betrayed	1
betide	1
bestows	1
bereft	1
bending	1
bell	1
belief	1
behold	1
beguiled	1
begot	1
begins	1
befell	1
bees	1
bee	1
bedight	1
bed	1
beckoning	1
beautiful	1
beauteous	1
beaten	1
bearing	1
bear	1
beam	1
battles	1
battered	1
bated	1
barren	1
banks	1
bands	1
ban	1
bale	1
bade	1
backward	1
babel	1
b	1
awful	1
awe	1
awaits	1
autumn	1
attuned	1
attaints	1
assaults	1
assault	1
assaileth	1
askance	1
ascend	1
armour	1
arch	1
apple	1
appeals	1
apparelled	1
anoint	1
annette	1
anchor	1
amongst	1
among	1
amiss	1
amidst	1
amazed	1
aloud	1
alorre	1
aloft	1
alluring	1
alloy	1
allow	1
allies	1
alive	1
alike	1
alder	1
airy	1
airs	1
ahead	1
agony	1
agonies	1
ago	1
aghast	1
agents	1
age	1
aft	1
affright	1
aching	1
accustomed	1
accursed	1
accord	1
acceptance	1
accept	1
abaft	1
?-	1
.,	1
-	1
&	1
