,	4160
and	2301
the	2263
.	1136
of	1043
a	1010
in	829
i	672
to	653
as	566
;	517
that	421
with	400
my	383
his	373
her	361
or	321
for	280
is	264
all	244
you	243
—	242
!	229
on	226
from	214
but	214
he	209
"	207
it	200
|'s|	199
like	194
so	190
was	189
she	188
not	186
by	168
?	162
at	160
one	159
then	157
me	152
down	151
'	142
their	139
have	137
this	135
are	133
be	123
they	122
love	116
red	113
where	112
its	109
face	109
your	104
will	104
than	100
there	99
no	97
had	96
when	95
would	92
sea	92
heart	90
sun	88
over	87
some	86
him	86
hand	86
white	84
now	84
|arabic3digit|	83
were	83
if	81
up	80
while	79
through	79
man	77
did	77
come	76
an	76
we	75
upon	75
night	75
still	73
far	73
more	72
has	72
men	70
gold	70
what	69
*	69
yet	68
soul	67
here	66
fair	66
life	65
world	64
ina	64
brown	64
ever	63
long	62
shall	61
again	61
never	60
do	60
sweet	58
out	58
them	57
god	57
day	56
could	56
who	54
well	54
eyes	54
deep	54
know	53
hands	53
o	52
nor	52
dead	52
black	52
wild	51
last	51
stood	49
us	48
say	48
said	48
hair	48
dark	48
:	48
above	47
go	46
see	45
blood	45
lips	44
full	44
years	43
old	43
let	42
hot	42
don	42
moon	41
land	41
head	41
half	41
air	41
stone	40
lay	40
am	40
low	39
carlos	39
alone	39
tall	38
two	37
into	37
time	36
made	36
earth	36
death	36
came	36
before	36
stars	35
place	35
name	35
mine	35
lifted	35
great	35
young	34
sad	34
high	34
can	34
warm	33
tis	33
things	33
these	33
tears	33
side	33
pure	33
how	33
fire	33
true	32
only	32
mountain	32
fierce	32
broad	32
shore	31
plain	31
heard	31
dust	31
days	31
cold	31
yon	30
till	30
strong	30
song	30
heaven	30
fell	30
yellow	29
should	29
light	29
brow	29
brave	29
wood	28
turned	28
too	28
seen	28
held	28
hear	28
green	28
beneath	28
along	28
passion	27
mountains	27
may	27
feet	27
why	26
saw	26
round	26
once	26
left	26
hold	26
been	26
back	26
any	26
another	26
woman	25
way	25
war	25
thought	25
swift	25
sound	25
save	25
clouds	25
bright	25
breast	25
away	25
turn	24
told	24
such	24
proud	24
nature	24
mother	24
grey	24
good	24
die	24
between	24
bent	24
beautiful	24
afar	24
touch	23
sought	23
sign	23
own	23
might	23
many	23
looked	23
child	23
blue	23
against	23
which	22
unto	22
silver	22
our	22
most	22
make	22
look	22
flood	22
breath	22
battle	22
arms	22
weary	21
under	21
trees	21
storm	21
pain	21
knew	21
fame	21
done	21
."	21
(	21
truth	20
though	20
tell	20
tale	20
rich	20
purple	20
leaves	20
known	20
kiss	20
grand	20
give	20
fly	20
first	20
even	20
dare	20
cried	20
chief	20
call	20
without	19
thin	19
thick	19
star	19
sky	19
shining	19
lie	19
hung	19
faith	19
does	19
broken	19
beside	19
around	19
wine	18
winds	18
tide	18
strangely	18
seas	18
pride	18
much	18
mighty	18
hope	18
hid	18
eye	18
cross	18
across	18
word	17
vain	17
thing	17
sullen	17
stand	17
slow	17
sleep	17
sing	17
silent	17
seem	17
right	17
peace	17
little	17
king	17
free	17
eternal	17
birds	17
beyond	17
better	17
because	17
went	16
wall	16
tongue	16
sword	16
stream	16
skies	16
sight	16
rest	16
read	16
reach	16
priest	16
must	16
lover	16
lifting	16
iron	16
home	16
hill	16
glory	16
gave	16
form	16
fall	16
dream	16
died	16
cloud	16
born	16
|arabic2digit|	15
wise	15
weep	15
wave	15
voice	15
very	15
snow	15
rise	15
prayer	15
part	15
live	15
less	15
lamonte	15
grass	15
friend	15
forth	15
every	15
door	15
curse	15
comes	15
boy	15
blown	15
bear	15
.'	15
|romannumeral|	14
walls	14
thousand	14
take	14
summer	14
stands	14
savage	14
sat	14
sang	14
sacred	14
river	14
poet	14
pines	14
peaceful	14
palms	14
other	14
mellow	14
lost	14
lies	14
lead	14
knee	14
hunter	14
flashing	14
find	14
cast	14
care	14
youth	13
wide	13
tree	13
thus	13
thoughts	13
temple	13
snowy	13
set	13
seemed	13
race	13
ocean	13
noon	13
lucus	13
lift	13
laid	13
felt	13
ere	13
despair	13
called	13
bird	13
among	13
ambition	13
ye	12
words	12
win	12
until	12
thunder	12
tangled	12
step	12
steel	12
stately	12
spring	12
speak	12
silence	12
sands	12
repose	12
ran	12
pressed	12
palm	12
pale	12
oh	12
none	12
mould	12
met	12
marble	12
lone	12
hour	12
holy	12
hate	12
ground	12
foe	12
dull	12
christ	12
bliss	12
bitter	12
|arabic1digit|	11
yes	11
wrong	11
won	11
wings	11
wind	11
wealth	11
waves	11
waters	11
those	11
strange	11
steed	11
soon	11
soft	11
since	11
shadows	11
scene	11
reached	11
pine	11
paradise	11
orange	11
massive	11
lo	11
living	11
just	11
higher	11
hard	11
grew	11
gazed	11
gaze	11
flame	11
fear	11
dwelled	11
dimpled	11
desire	11
dared	11
children	11
canon	11
calm	11
bowed	11
bow	11
bound	11
boughs	11
bore	11
blossoms	11
beat	11
bare	11
after	11
*****	11
)	11
!'	11
wonder	10
whose	10
turns	10
talk	10
small	10
sin	10
shook	10
seek	10
rock	10
rim	10
power	10
patient	10
passing	10
overhead	10
north	10
new	10
maids	10
loved	10
loud	10
led	10
kept	10
i'd	10
himself	10
goes	10
gods	10
found	10
fingers	10
fields	10
fast	10
enough	10
desert	10
deeds	10
dear	10
darkness	10
court	10
content	10
city	10
caught	10
burning	10
boat	10
blended	10
bees	10
beauty	10
bearded	10
arm	10
yours	9
woe	9
winter	9
west	9
weeds	9
weak	9
walk	9
troubled	9
tropic	9
tried	9
tossed	9
toss	9
swept	9
sure	9
stormy	9
sombre	9
slid	9
show	9
ship	9
shield	9
sharp	9
shake	9
rushing	9
rose	9
rein	9
prison	9
perfect	9
past	9
passed	9
noble	9
myself	9
moan	9
midnight	9
looking	9
lived	9
lightning	9
instant	9
indian	9
ill	9
hills	9
hearts	9
gory	9
gone	9
golden	9
glass	9
gentle	9
forget	9
fled	9
flash	9
few	9
feeble	9
father	9
fate	9
falling	9
dim	9
desolate	9
delight	9
dagger	9
crush	9
built	9
bosom	9
bold	9
bleeding	9
behold	9
bay	9
alas	9
!"	9
welcome	8
watched	8
warrior	8
wail	8
unholy	8
trust	8
trace	8
town	8
took	8
thy	8
think	8
tame	8
swinging	8
stain	8
spoke	8
sounding	8
songs	8
solemn	8
sit	8
silk	8
sigh	8
shout	8
shine	8
sand	8
same	8
sail	8
rolling	8
rolled	8
rocky	8
resting	8
quick	8
pretty	8
presence	8
plaintive	8
mount	8
mossy	8
morning	8
mane	8
maiden	8
loves	8
lovely	8
line	8
limbs	8
lifts	8
least	8
leapt	8
leans	8
lands	8
kind	8
keep	8
joy	8
heavy	8
heavens	8
grave	8
glad	8
gazing	8
fruit	8
fond	8
follow	8
fold	8
fine	8
feel	8
eyed	8
everlasting	8
east	8
earthly	8
dewy	8
cursed	8
crown	8
crossed	8
clover	8
braves	8
bough	8
blossomed	8
bend	8
below	8
bed	8
beasts	8
aside	8
answer	8
altar	8
ah	8
wrought	7
worth	7
worship	7
within	7
wheel	7
wet	7
wept	7
ways	7
vale	7
twice	7
twas	7
touched	7
teeth	7
sweetly	7
strike	7
strife	7
start	7
standing	7
stained	7
something	7
smoke	7
sleeping	7
shoulders	7
shadow	7
sense	7
self	7
sable	7
rising	7
reproach	7
reckless	7
question	7
proudly	7
press	7
path	7
others	7
note	7
narrow	7
moss	7
mortal	7
memory	7
melody	7
mate	7
maid	7
mad	7
lordly	7
looks	7
locks	7
lake	7
knelt	7
kissed	7
instead	7
idle	7
human	7
hell	7
heads	7
hat	7
grow	7
grace	7
gorge	7
given	7
girl	7
gay	7
gate	7
frown	7
fought	7
forgot	7
followed	7
folded	7
flight	7
flies	7
fixed	7
finger	7
filled	7
field	7
feast	7
fathers	7
farewell	7
everywhere	7
dawn	7
dashed	7
crime	7
coarse	7
chill	7
cheek	7
burns	7
brought	7
brother	7
bring	7
brighter	7
breasts	7
break	7
boasted	7
bloom	7
blade	7
believe	7
bars	7
backward	7
art	7
about	7
yonder	6
yell	6
yea	6
wreath	6
whole	6
wed	6
watching	6
warriors	6
want	6
voiced	6
vine	6
unknown	6
truly	6
trembling	6
tread	6
trailing	6
trailed	6
toppled	6
top	6
tone	6
today	6
thrust	6
throne	6
thine	6
swung	6
sweeping	6
sweep	6
sung	6
struggles	6
striped	6
storms	6
stones	6
sorrow	6
sometimes	6
sod	6
shoot	6
ships	6
shape	6
shame	6
serpent	6
seems	6
sank	6
saint	6
ruddy	6
roll	6
ripe	6
rent	6
reared	6
ready	6
reaching	6
raised	6
pursuit	6
promise	6
prayed	6
poor	6
placed	6
pictures	6
pass	6
olive	6
oak	6
nought	6
neck	6
nearer	6
mouth	6
morn	6
mob	6
mind	6
mid	6
master	6
main	6
maidens	6
lonely	6
lines	6
leave	6
learned	6
lean	6
leaf	6
laugh	6
kine	6
keen	6
jewelled	6
isle	6
hilt	6
helpless	6
heel	6
hath	6
haste	6
hangs	6
gushing	6
grim	6
gleaming	6
giants	6
ghost	6
gathered	6
garments	6
gain	6
fro	6
fringe	6
forgetting	6
forest	6
foam	6
floor	6
flesh	6
fleet	6
firm	6
faint	6
eve	6
eagle	6
dusty	6
dun	6
driven	6
drink	6
doubled	6
devotion	6
crooked	6
crash	6
counting	6
cost	6
comrades	6
columns	6
clutch	6
clung	6
close	6
cliff	6
choose	6
chiselled	6
cell	6
calling	6
buy	6
buried	6
burden	6
broke	6
breathing	6
breathed	6
boundless	6
blame	6
birth	6
beware	6
behind	6
beast	6
balm	6
aught	6
arrows	6
arise	6
amid	6
almost	6
advocate	6
).	6
yourself	5
wrongs	5
wove	5
wound	5
worse	5
woods	5
woo	5
winged	5
wildest	5
wife	5
weeping	5
wear	5
water	5
watch	5
walked	5
waiting	5
virgin	5
vengeance	5
tower	5
torn	5
tonight	5
tomorrow	5
tomb	5
toil	5
tipped	5
tinted	5
tides	5
threw	5
threshold	5
therefore	5
terrible	5
tender	5
tear	5
tales	5
swelling	5
sudden	5
streams	5
stranger	5
steady	5
started	5
sprang	5
spotted	5
south	5
smiles	5
smile	5
slide	5
slept	5
sits	5
sings	5
single	5
shroud	5
shrine	5
shifting	5
shell	5
serene	5
sentiment	5
seized	5
secret	5
scarce	5
sails	5
rushed	5
run	5
rough	5
roses	5
reply	5
reel	5
recollection	5
reason	5
raven	5
rain	5
rage	5
quiver	5
put	5
pray	5
pour	5
pluck	5
pierced	5
picture	5
pen	5
peaks	5
opened	5
open	5
np	5
nothing	5
need	5
neath	5
near	5
moves	5
moss'd	5
monster	5
mexico	5
merry	5
memories	5
means	5
marvellous	5
mark	5
lustre	5
lowly	5
lofty	5
lives	5
lists	5
lip	5
leap	5
league	5
late	5
knees	5
kindly	5
judge	5
ire	5
indeed	5
hurried	5
hundred	5
hours	5
hollow	5
holds	5
hide	5
herself	5
heed	5
hang	5
grief	5
gore	5
goodbye	5
glorious	5
glance	5
gates	5
frozen	5
front	5
fringes	5
fretted	5
forward	5
flowing	5
flow	5
flashed	5
fiery	5
faithful	5
fairer	5
fain	5
faced	5
evil	5
endure	5
elements	5
edge	5
each	5
drifting	5
drew	5
doth	5
divine	5
dashing	5
dash	5
darkest	5
darkened	5
dance	5
curved	5
curled	5
cry	5
crushed	5
crazed	5
council	5
complain	5
coming	5
coffin	5
coat	5
clime	5
clay	5
clad	5
church	5
catch	5
careless	5
cannot	5
calls	5
bride	5
breeze	5
breathe	5
bravely	5
book	5
blessedness	5
blessed	5
bitterness	5
billows	5
bid	5
belt	5
bearing	5
beard	5
battles	5
bat	5
arose	5
arched	5
anything	5
ancient	5
always	5
age	5
[	5
?'	5
yield	4
yesterday	4
year	4
wretch	4
worst	4
worshipped	4
wore	4
wonderful	4
wit	4
willow	4
willing	4
willamette	4
widow	4
wheels	4
wheeling	4
wedded	4
weakness	4
wayward	4
warning	4
walled	4
waking	4
wake	4
vow	4
vines	4
valley	4
uncertain	4
twilight	4
twere	4
turning	4
turbulent	4
triumph	4
tribe	4
tremble	4
tossing	4
together	4
tip	4
terror	4
tent	4
tenderness	4
tempest	4
tawny	4
tassel'd	4
taller	4
talking	4
talked	4
swirl	4
swiftly	4
sweetest	4
sweeter	4
surprise	4
sunset	4
subjects	4
struggle	4
stronger	4
strokes	4
stretched	4
street	4
streaming	4
stray	4
stirred	4
squire	4
springs	4
spread	4
sport	4
spirits	4
spirit	4
spell	4
speed	4
speck	4
souls	4
solid	4
softly	4
snake	4
smote	4
smiled	4
sliding	4
sleeps	4
skin	4
silvered	4
shouts	4
shouted	4
shot	4
short	4
shone	4
shafts	4
serape	4
senses	4
sell	4
seal	4
scorn	4
rugged	4
rude	4
rocks	4
rocked	4
robe	4
riven	4
rides	4
ride	4
richer	4
revenge	4
revel	4
returned	4
respect	4
replies	4
real	4
prone	4
prisoned	4
priests	4
priestess	4
precious	4
plunge	4
pleasure	4
pleading	4
places	4
pity	4
pink	4
pierce	4
peer	4
pearly	4
parted	4
pallid	4
painted	4
paint	4
orient	4
nude	4
next	4
nest	4
nay	4
naked	4
mute	4
moved	4
montezuma	4
mild	4
melted	4
meet	4
mecca	4
measure	4
luscious	4
lovers	4
lose	4
loose	4
lithe	4
lion	4
linger	4
licked	4
levelled	4
learn	4
leaping	4
leagues	4
lances	4
knows	4
kings	4
kingly	4
hurricane	4
hurled	4
horn	4
hoofs	4
holding	4
hereafter	4
hearth	4
halls	4
hallowed	4
guide	4
guest	4
grieve	4
grasses	4
grasps	4
granite	4
grandly	4
grander	4
gorgeous	4
get	4
gently	4
gems	4
gather	4
frost	4
fringed	4
fretting	4
fret	4
freshness	4
four	4
forlorn	4
forgive	4
forge	4
forests	4
footed	4
fool	4
folding	4
foes	4
flint	4
flew	4
fir	4
fight	4
fiercely	4
feed	4
feathers	4
feathered	4
fearful	4
fastened	4
fashion	4
farther	4
famed	4
fairest	4
faces	4
evermore	4
empty	4
else	4
either	4
echoes	4
ear	4
dwell	4
drove	4
drops	4
drooping	4
dripping	4
drifted	4
dreamed	4
dove	4
doubt	4
double	4
doon	4
distress	4
dimmed	4
diamond	4
desired	4
defiant	4
defiance	4
deem	4
deed	4
deck	4
deadly	4
daughter	4
dart	4
curving	4
curve	4
curses	4
cruel	4
crowned	4
crept	4
crape	4
cradled	4
coward	4
cover	4
courage	4
count	4
counsel	4
corn	4
cool	4
contempt	4
concealed	4
companions	4
command	4
column	4
coldly	4
closed	4
clever	4
circle	4
chosen	4
chorus	4
childhood	4
charm	4
centre	4
cause	4
cattle	4
camp	4
cactus	4
busy	4
burn	4
brute	4
bronzed	4
bronze	4
brief	4
bread	4
brass	4
brand	4
bosoms	4
body	4
bloodred	4
blind	4
blessing	4
bleak	4
bite	4
best	4
beheld	4
beggar	4
beak	4
beaded	4
barely	4
bands	4
balmy	4
ayr	4
ate	4
ask	4
ashen	4
arrow	4
anger	4
angels	4
angel	4
aloud	4
alcalde	4
ages	4
action	4
you'll	3
yore	3
yearnings	3
yearning	3
worn	3
wooing	3
wondered	3
women	3
wish	3
wiser	3
wisdom	3
wins	3
wilds	3
whom	3
wholly	3
whistle	3
whispered	3
whirling	3
whence	3
wears	3
wars	3
wampum	3
waif	3
vowed	3
utterly	3
unseen	3
unrest	3
unlike	3
universal	3
underneath	3
uncheerful	3
tyrian	3
truer	3
troop	3
trill	3
tresses	3
trample	3
trail	3
tracked	3
track	3
tour	3
touching	3
tops	3
tonatiu	3
tight	3
thrilled	3
thrice	3
three	3
theirs	3
tezcuco	3
tents	3
temples	3
taschastas	3
sympathy	3
swell	3
surf	3
sunny	3
sunbeams	3
stubborn	3
struggled	3
stroke	3
strode	3
stride	3
strength	3
stout	3
stony	3
stomach	3
stole	3
stillness	3
stepped	3
steeds	3
steadily	3
spur	3
sped	3
spears	3
space	3
sometime	3
soldier	3
smiling	3
slave	3
skulls	3
singing	3
simple	3
sifted	3
sides	3
shut	3
shrill	3
shoulder	3
shiver	3
shells	3
shed	3
shapes	3
shade	3
setting	3
sentry	3
secure	3
secrets	3
search	3
screamed	3
scenes	3
sash	3
sadly	3
sacrifice	3
sacramento	3
s	3
rush	3
rules	3
ruins	3
route	3
rot	3
rode	3
rocking	3
robes	3
robed	3
roads	3
rippled	3
ring	3
rider	3
ribbons	3
reward	3
returns	3
rests	3
restless	3
rested	3
replied	3
remnant	3
redder	3
realms	3
re	3
radiant	3
quivered	3
quiet	3
questioned	3
purpled	3
purely	3
prow	3
prophecy	3
pronounce	3
promised	3
profoundly	3
princely	3
prime	3
poverty	3
poured	3
possess	3
polished	3
poisoned	3
poets	3
plunged	3
plucked	3
pleasant	3
plead	3
played	3
play	3
plant	3
pipe	3
pillars	3
pickaxe	3
peril	3
perfume	3
paused	3
pause	3
panther	3
ore	3
ont	3
olden	3
often	3
oaks	3
nestled	3
nameless	3
mystic	3
muttering	3
muse	3
murmur	3
moonlight	3
money	3
moment	3
mock	3
mobile	3
mirth	3
million	3
mien	3
mesmeric	3
measures	3
mccloud	3
martial	3
march	3
manner	3
makes	3
majesty	3
lord	3
listen	3
list	3
lisping	3
lilies	3
lieth	3
lid	3
length	3
leaning	3
leaned	3
leader	3
laughing	3
laughed	3
lane	3
lance	3
knowing	3
knit	3
kneel	3
june	3
journey	3
j	3
infernal	3
impure	3
impulsive	3
impulse	3
ices	3
i'll	3
hued	3
hue	3
house	3
horned	3
hoops	3
hood	3
honour	3
honest	3
homes	3
hoarse	3
history	3
hiss	3
hesitate	3
herds	3
help	3
heedless	3
hawk	3
hasten	3
happier	3
haired	3
guard	3
grown	3
grizzly	3
graves	3
grant	3
goodnight	3
goddess	3
glides	3
gives	3
gift	3
giant	3
ghosts	3
gained	3
future	3
furrow	3
fruits	3
frosts	3
friends	3
frets	3
freedom	3
fray	3
frame	3
fortune	3
forsakes	3
forms	3
forbid	3
fools	3
food	3
folly	3
folds	3
foamy	3
flushed	3
flowery	3
float	3
flit	3
flames	3
fit	3
fires	3
finest	3
fiercest	3
fern	3
fellowman	3
fellow	3
fears	3
fearfully	3
feared	3
fancies	3
falls	3
fail	3
evidence	3
erst	3
erect	3
equal	3
end	3
eloquence	3
echoed	3
earnest	3
earned	3
dubious	3
drop	3
drive	3
dreary	3
dreamy	3
dreams	3
drank	3
disorder	3
disgrace	3
disdain	3
dew	3
devil	3
despite	3
desolation	3
desires	3
descend	3
deplore	3
defy	3
defile	3
deer	3
decline	3
decade	3
darts	3
darling	3
darker	3
daring	3
dancing	3
curtains	3
curls	3
crowd	3
crisp	3
crimes	3
crickets	3
crest	3
creed	3
crags	3
crag	3
courser	3
country	3
couch	3
conqueror	3
common	3
colder	3
coins	3
cocoa	3
cockatoo	3
clutching	3
clutched	3
climes	3
clear	3
clasped	3
clasp	3
circled	3
christian	3
chieftain	3
cheer	3
chaparral	3
certain	3
centred	3
cedars	3
caution	3
cataract	3
car	3
cage	3
cabins	3
burst	3
burned	3
build	3
browned	3
brow'd	3
brothers	3
brook	3
bristled	3
breaking	3
brake	3
brain	3
boyhood	3
bows	3
boulders	3
border	3
booming	3
bone	3
bloody	3
blew	3
blend	3
blast	3
bids	3
bide	3
bending	3
belts	3
bells	3
beetling	3
beats	3
beating	3
bears	3
beams	3
beam	3
battlements	3
bathe	3
barren	3
bannered	3
band	3
bade	3
aye	3
ay	3
awake	3
asked	3
ashes	3
armed	3
apart	3
anywhere	3
alarms	3
ago	3
?"	3
»	2
youngest	2
yielding	2
yawning	2
yankee	2
wroth	2
write	2
writ	2
wreck	2
worm	2
wooed	2
wondrous	2
wolf	2
witchery	2
wished	2
winning	2
wing	2
windows	2
window	2
whistled	2
whirr	2
whetting	2
wherein	2
wheeled	2
weighed	2
wedge	2
weaving	2
weather	2
wearily	2
wearied	2
watcher	2
waste	2
washed	2
wandering	2
wandered	2
wand	2
wakened	2
waked	2
waits	2
waist	2
wailing	2
vulture	2
vows	2
volcanic	2
virgins	2
vicious	2
vessels	2
verdant	2
ventured	2
veil	2
valour	2
valiant	2
vales	2
use	2
upper	2
unutter'd	2
untold	2
unmoved	2
unlanguaged	2
unkind	2
unfair	2
understand	2
undenied	2
uncomplaining	2
unclean	2
unbridled	2
type	2
twist	2
twine	2
twin	2
twain	2
trying	2
truths	2
trusting	2
trout	2
troops	2
trenches	2
trenched	2
treasure	2
traversing	2
trapper	2
tramp	2
trails	2
traditions	2
tracks	2
trackless	2
traced	2
toys	2
toy	2
tore	2
topped	2
topmost	2
tongues	2
tongued	2
toned	2
tombs	2
tomahawk	2
toed	2
tips	2
tinkle	2
tighter	2
tierce	2
thud	2
throb	2
throat	2
threads	2
thread	2
thousandfold	2
thou	2
thirst	2
they'll	2
therein	2
therefrom	2
thence	2
thee	2
thanks	2
tenderly	2
ten	2
tempt	2
tempests	2
tempered	2
taught	2
tangible	2
talks	2
takes	2
taken	2
tahoe	2
t	2
symbols	2
syllable	2
swooning	2
swings	2
swing	2
swim	2
sweets	2
swear	2
swaying	2
swarming	2
surge	2
suppose	2
supple	2
sunshine	2
sunlight	2
subtle	2
stupid	2
student	2
strung	2
struggling	2
strown	2
striving	2
streaked	2
straight	2
story	2
stops	2
stopped	2
stoops	2
stooping	2
stooped	2
stoop	2
stir	2
stiff	2
stern	2
stepping	2
stem	2
steam	2
stealing	2
steal	2
starving	2
starved	2
stare	2
stains	2
squaw	2
spurned	2
spot	2
sporting	2
spindled	2
spin	2
spilled	2
spices	2
sphinx	2
speaking	2
sowing	2
sour	2
souled	2
sorry	2
sorrows	2
sorrowing	2
sooner	2
somehow	2
solomon	2
sole	2
snows	2
snatch	2
snap	2
smoking	2
slimy	2
slain	2
skilled	2
skilful	2
size	2
sister	2
sins	2
sinks	2
sinking	2
singer	2
sinewy	2
sinew	2
silks	2
silken	2
signs	2
sifting	2
sierras	2
sierra	2
sickens	2
shy	2
shrouds	2
shrink	2
shrines	2
shriek	2
shrank	2
shows	2
shores	2
shivered	2
sheltered	2
sheep	2
sheath	2
share	2
shakes	2
sex	2
sentries	2
sent	2
sensate	2
selfish	2
self-denial	2
seize	2
sees	2
seeks	2
second	2
seasons	2
season	2
seamed	2
sealed	2
seagulls	2
scorned	2
score	2
schoolboy	2
school	2
scan	2
sandall'd	2
san	2
saintly	2
sailed	2
sage	2
sadder	2
sabre	2
rusting	2
ruled	2
roused	2
rotten	2
romance	2
roar	2
roamed	2
road	2
rivalry	2
riper	2
ringing	2
rind	2
rift	2
rifle	2
ribbed	2
rhyme	2
returning	2
return	2
retreating	2
resurrection	2
reposing	2
renown	2
renegade	2
renalda	2
remember	2
relation	2
reins	2
reigns	2
reign	2
regret	2
refrain	2
reflected	2
refined	2
reeking	2
reeds	2
redwood	2
redolent	2
recall	2
rear	2
realm	2
rare	2
rank	2
raise	2
rainbow	2
raiment	2
rabbit	2
r	2
questioning	2
queen	2
pyramid	2
pursued	2
pursue	2
purer	2
pump	2
pulsing	2
promises	2
profound	2
prints	2
prince	2
price	2
pouting	2
pork	2
pompous	2
pomp	2
pollution	2
polluted	2
points	2
pointing	2
pointed	2
point	2
poesy	2
plunging	2
plumes	2
ploughman	2
plashing	2
plans	2
pitying	2
pistols	2
pilgrim	2
piercing	2
pieces	2
pictured	2
pick	2
persecutions	2
perish	2
perils	2
perhaps	2
perfectly	2
perfectest	2
perched	2
peopled	2
peon	2
peers	2
peerless	2
pearls	2
pearl	2
peak	2
patience	2
passions	2
passionate	2
party	2
partridge	2
pane	2
pan	2
pall	2
pages	2
pacific	2
overlooking	2
overgrown	2
opportunity	2
oped	2
ones	2
ofttime	2
oft	2
off	2
observed	2
oar	2
nun	2
numbers	2
nottingham	2
nose	2
noblest	2
news	2
newness	2
newly	2
nerve	2
neither	2
neat	2
n	2
mystical	2
mystery	2
myrrh	2
mustang	2
music	2
munks	2
mul'teers	2
muffled	2
mountaineer	2
mosses	2
moral	2
moonlit	2
montezumas	2
monk	2
moistened	2
moist	2
modest	2
modern	2
mirror'd	2
mingling	2
milder	2
methinks	2
merinda	2
merchant	2
melting	2
melodies	2
meek	2
meed	2
meads	2
meadows	2
masts	2
mastery	2
mastered	2
mass	2
mary	2
marshalling	2
marbles	2
mantle	2
manifold	2
maddened	2
madam	2
ma	2
lyre	2
lying	2
lute	2
lust	2
lucifer	2
lowlier	2
loving	2
lounging	2
loudly	2
loth	2
loss	2
lore	2
loosening	2
loosened	2
loosed	2
loftiest	2
loathsome	2
livid	2
livelong	2
littleness	2
lit	2
listings	2
listens	2
listened	2
liquid	2
lingers	2
lined	2
limb	2
lights	2
lighter	2
lids	2
lever	2
level	2
letting	2
letter	2
leaving	2
leather	2
leaps	2
leading	2
lawn	2
law	2
laurel	2
latest	2
larger	2
language	2
lair	2
labour	2
knot	2
knocks	2
knives	2
knife	2
kingdom	2
kindred	2
kin	2
keys	2
keeps	2
keener	2
judgement	2
join	2
jewel	2
jesus	2
jerk'd	2
jar	2
italy	2
isles	2
islands	2
island	2
intertwined	2
intertwine	2
innermost	2
inner	2
inn	2
ink	2
inch	2
incense	2
impossible	2
impatient	2
impatience	2
immortal	2
image	2
ideal	2
hushed	2
hurl	2
hunting	2
hungry	2
hungered	2
humour	2
humble	2
hum	2
hues	2
hucknall	2
howl	2
horsemen	2
horse	2
horrid	2
hopes	2
hoped	2
honoured	2
hollows	2
holiest	2
hoary	2
ho	2
hinges	2
hewn	2
hers	2
heritage	2
helmets	2
height	2
heathen	2
heath	2
heat	2
hearthstone	2
hears	2
having	2
hateful	2
hastened	2
harp	2
happened	2
halt	2
hall	2
gulch	2
grounds	2
grizzlies	2
grizzled	2
grinding	2
greet	2
grecian	2
grazing	2
grasp	2
grape	2
grandeur	2
gracious	2
gracefully	2
graceful	2
going	2
glowing	2
gloomy	2
gloom	2
glinting	2
gliding	2
gleams	2
gleam	2
glare	2
glaciers	2
girth	2
girt	2
girlish	2
gilded	2
ghostly	2
gesticulating	2
gentleman	2
genius	2
garmented	2
gallant	2
gall	2
gale	2
gainsay	2
furnished	2
fully	2
fruited	2
frowning	2
frontier	2
fright	2
friendless	2
frank	2
fragrance	2
foulest	2
forked	2
forgotten	2
forced	2
force	2
foot	2
follies	2
foeman	2
foaming	2
flying	2
flowers	2
floods	2
flee	2
flattered	2
flashes	2
flanked	2
finished	2
final	2
fighting	2
fierceness	2
fewer	2
fevered	2
fever	2
fervid	2
feeds	2
fed	2
fearless	2
fashioned	2
fangs	2
famous	2
faltered	2
false	2
failing	2
failed	2
facing	2
fabled	2
f	2
extended	2
europe	2
essence	2
escape	2
epaulettes	2
envy	2
enters	2
enrich	2
enjoy	2
england	2
endured	2
ends	2
endless	2
encouragement	2
embrace	2
eastern	2
earthward	2
earthquake	2
early	2
e	2
dyspeptic	2
dusky	2
dusk	2
dry	2
drum	2
druid	2
drowsy	2
dropped	2
drooped	2
droop	2
drinking	2
dressed	2
dreamily	2
dreamer	2
draws	2
drawn	2
draw	2
drag	2
dozen	2
dome	2
doleful	2
dog	2
disturbs	2
distant	2
disguised	2
disbelieve	2
disappointment	2
din	2
dies	2
devoutly	2
devoutest	2
devout	2
despoiled	2
despise	2
deny	2
denied	2
delicate	2
delay	2
defying	2
deferred	2
defeat	2
deepest	2
deeper	2
declining	2
deceive	2
deceit	2
darted	2
dappled	2
dangled	2
dangerous	2
cut	2
curves	2
curtained	2
curling	2
cunning	2
cryptic	2
crushing	2
crude	2
crucifixion	2
crook	2
cricket	2
cracked	2
crack	2
cows	2
cowards	2
covered	2
courts	2
coursing	2
course	2
counted	2
counselled	2
cottage	2
corridors	2
corners	2
core	2
cordilleras	2
cooling	2
cooing	2
control	2
consent	2
conies	2
confronting	2
confront	2
confidence	2
confessed	2
conceal	2
complete	2
compelled	2
companion	2
commands	2
cometh	2
columbia	2
coldness	2
coils	2
cock	2
coats	2
coast	2
clutches	2
clond	2
cloak	2
clinking	2
clinging	2
cling	2
clenched	2
cleft	2
cities	2
circling	2
choice	2
chip	2
chin	2
chimneys	2
childish	2
cherished	2
cheap	2
chased	2
chase	2
charge	2
change	2
chance	2
chamber	2
challenge	2
chair	2
chafe	2
ceased	2
cavern	2
causeway	2
cathay	2
cat	2
castle	2
carved	2
carve	2
captive	2
captain	2
capote	2
canoe	2
candour	2
calmly	2
california	2
busily	2
bursting	2
burnished	2
builds	2
bubble	2
brittle	2
brine	2
brimming	2
brightest	2
brig	2
brick	2
breasted	2
breaketh	2
breakers	2
brawny	2
bravest	2
boulder	2
both	2
bosomed	2
borders	2
bony	2
bones	2
bolts	2
blushes	2
bluer	2
blow	2
blonde	2
blithe	2
bled	2
bleached	2
blaze	2
blades	2
blackest	2
blackened	2
bit	2
birch	2
billed	2
betide	2
bends	2
bell	2
believing	2
belie	2
begirt	2
began	2
bee	2
beckon	2
became	2
bead	2
beacon	2
bays	2
bayonet	2
battery	2
battered	2
bathed	2
base	2
bared	2
bar	2
banners	2
banks	2
banana	2
bamboo	2
balls	2
ball	2
bald	2
bah	2
backed	2
babe	2
autumn	2
attempt	2
athirst	2
asunder	2
assanlt	2
aspires	2
aspirations	2
aspens	2
aspen	2
asleep	2
asking	2
ascends	2
array	2
approaching	2
approach	2
apples	2
appears	2
apace	2
antlers	2
answered	2
annette	2
annals	2
animate	2
anew	2
although	2
aloft	2
alike	2
album	2
ahead	2
aglow	2
afront	2
afire	2
advances	2
adore	2
adobe	2
act	2
account	2
abram	2
abideth	2
',	2
•	1
|arabic5+digit|	1
zone	1
zealous	1
ytzaqual	1
younger	1
you've	1
you'd	1
yopitone	1
yok	1
yields	1
yew	1
yestermorn	1
yerba	1
yells	1
yearned	1
yearn	1
yearly	1
yawns	1
yamhill	1
wrung	1
wrotto	1
written	1
writhed	1
wrinkled	1
wring	1
wretched	1
wrestler	1
wrestle	1
wrench	1
wrecked	1
wreathing	1
wrath	1
wrapped	1
woven	1
worthy	1
worshipping	1
worshippers	1
wormwood	1
worlds	1
wordy	1
woos	1
woof	1
woodpecker	1
woodmen	1
wooded	1
wonderment	1
wolves	1
wold	1
woke	1
woes	1
witnessed	1
withstand	1
wither	1
wishes	1
wisest	1
wisely	1
wiry	1
wiped	1
wintertide	1
winner	1
winnema	1
wines	1
windings	1
wills	1
wilkins	1
wildly	1
wigwams	1
wigwam	1
wicked	1
whoop	1
whittingham	1
whither	1
whitest	1
whiter	1
whitened	1
whit	1
whistling	1
whiskers	1
whirled	1
whirl	1
whimsical	1
whilom	1
whiff	1
whether	1
whet	1
whenever	1
whelpless	1
whatever	1
wetting	1
were't	1
welling	1
welded	1
weld	1
weirdly	1
weight	1
ween	1
weeks	1
weed	1
weaves	1
weaver	1
weave	1
wearing	1
weariness	1
wearer	1
weapons	1
weal	1
weaker	1
wayside	1
waving	1
waved	1
waterfall	1
watered	1
watchman	1
watches	1
wasted	1
wassail	1
washing	1
warring	1
warping	1
warped	1
warp	1
warned	1
warn	1
warms	1
wane	1
wanderer	1
wander	1
waltz	1
walpd	1
walking	1
walker	1
waken	1
wait	1
wais^	1
vulcan	1
volumes	1
volume	1
voidings	1
voices	1
vizor	1
vivid	1
vision	1
virtues	1
virtue	1
violent	1
violence	1
villainy	1
villain	1
vilest	1
vie	1
victories	1
vice	1
vexing	1
vexed	1
vessel	1
vespers	1
vernal	1
verandah	1
venus	1
veins	1
veils	1
vehement	1
vaulting	1
vaulted	1
vast	1
vase	1
vandals	1
vandal	1
van	1
value	1
valiantly	1
vainly	1
vague	1
uttered	1
utterance	1
utter	1
usurp	1
useless	1
used	1
upward	1
upturned	1
upset	1
uprises	1
uprears	1
uplifts	1
uplifted	1
upheld	1
upheaved	1
unyielding	1
unwooing	1
unwholesome	1
unwedded	1
unwater'd	1
unutterable	1
unused	1
untroubled	1
untrodden	1
untrod	1
untried	1
untraversed	1
untouched	1
untangled	1
untangle	1
unsuspecting	1
unstrung	1
unspoken	1
unskilled	1
unshod	1
unsheltered	1
unselfish	1
unread	1
unpitied	1
unntterable	1
unmixed	1
unmeasured	1
unmated	1
unkiss'd	1
uniform	1
unhelmeted	1
unheard	1
ungathered	1
unfurpd	1
unfrighten'd	1
unfriended	1
unfolds	1
unfolding	1
unfold	1
unfitted	1
unfettered	1
unfeigned	1
unfasten	1
unfallen	1
unfailing	1
unexplored	1
unearthly	1
undream'd	1
undoubted	1
undone	1
undisturbed	1
undismayed	1
undimmed	1
understood	1
undefiled	1
uncovered	1
uncouth	1
uncontrolled	1
unclasped	1
uncertainties	1
uncertains	1
unceasing	1
unburied	1
unbroken	1
unbound	1
unbearable	1
unbared	1
unbar	1
unawares	1
unavenged	1
unarmed	1
unabashed	1
ugliness	1
tyrant	1
tyranny	1
tycoon	1
twould	1
twining	1
twill	1
twelve	1
twanged	1
twang	1
turtles	1
turtledove	1
tuneless	1
tune	1
tumultuous	1
tumult	1
tumble	1
tum'd	1
tula	1
tufted	1
tucked	1
ttterly	1
trusted	1
trunk	1
truest	1
truce	1
truants	1
truant	1
trouble	1
troths	1
tropical	1
trojan	1
trod	1
triumphs	1
trinity	1
tries	1
trembled	1
treble	1
treasures	1
treasured	1
treason	1
treachery	1
treacherous	1
travelled	1
travel	1
travail	1
traps	1
trap	1
transports	1
tramping	1
traitor	1
trains	1
trained	1
tragedies	1
traducers	1
traders	1
trade	1
tracts	1
traces	1
towers	1
towering	1
towered	1
tow	1
tourists	1
touches	1
tornado	1
topple	1
toothed	1
tools	1
tooks	1
tonne	1
tonnatiu	1
tones	1
tonch	1
tomes	1
tombless	1
token	1
tokard	1
toiling	1
toiled	1
to'the	1
tndian	1
titles	1
titled	1
title	1
tired	1
tiptoed	1
tipping	1
tint	1
tingle	1
tinge	1
tin	1
timon	1
timid	1
times	1
tigress	1
tightly	1
tiger	1
tidal	1
thundered	1
thump	1
thrusting	1
throws	1
throwing	1
throw	1
throughout	1
throttle	1
throng	1
throned	1
thrill	1
threatening	1
threaded	1
thqugh	1
thousands	1
thoughtfullest	1
thorny	1
thorns	1
thongs	1
thns	1
thistle	1
thirsty	1
thirsting	1
thinking	1
thief	1
thickens	1
thew'd	1
thereat	1
thereafter	1
theme	1
theiryellow	1
theban	1
the'lisping	1
thawed	1
thatflash'd	1
thatches	1
thatched	1
thatch	1
thankful	1
thanked	1
thank	1
texture	1
texan	1
terrors	1
terrifies	1
term	1
tented	1
tendrils	1
tending	1
tenderhearted	1
tend	1
temptations	1
temper	1
telltale	1
telling	1
team	1
teachings	1
teacher	1
teach	1
taunting	1
tattoo	1
tattered	1
tasted	1
taste	1
task	1
tarnish	1
targe	1
tardy	1
tapidaros	1
tans	1
tanned	1
tamoos	1
tamed	1
tam	1
taking	1
tack	1
tablet	1
syren	1
syracusan	1
symphony	1
sympathise	1
symbol	1
sylvan	1
sworn	1
swoops	1
swoon	1
swollen	1
swirl'd	1
swims	1
swiftiy	1
swelter	1
swells	1
sweetness	1
sweeps	1
swayed	1
sway	1
swarthy	1
swarth	1
sward	1
swam	1
swallow	1
suspicious	1
survived	1
survive	1
surround	1
surplice	1
surly	1
surety	1
surely	1
surcease	1
supremely	1
supreme	1
supine	1
supernal	1
sunshaft	1
suns	1
sunday	1
sunbeam	1
summon	1
summit	1
summertime	1
sum	1
sultry	1
sullenness	1
suitor	1
sufficient	1
suddenly	1
sucked	1
suck	1
success	1
subduing	1
sturdy	1
stuff	1
structure	1
struck	1
strpwn	1
strouds	1
strophes	1
strophe	1
stronghold	1
strive	1
strips	1
stripes	1
strip	1
stringing	1
string	1
strewn	1
stretching	1
streamed	1
streaks	1
strayed	1
strangle	1
strand	1
strained	1
straggling	1
stoutest	1
stories	1
storied	1
store	1
stop	1
stomachs	1
stolen	1
stirs	1
stings	1
stinging	1
stiller	1
sternly	1
steps	1
steep	1
steely	1
stealthiness	1
steadfastly	1
statutes	1
station	1
states	1
state	1
starts	1
startle	1
starting	1
starred	1
staring	1
stamped	1
stalking	1
stalked	1
stale	1
staked	1
stake	1
stainless	1
stage	1
squirrel	1
squatting	1
squared	1
square	1
sqnire	1
spurs	1
spurred	1
spurns	1
spurning	1
spurn	1
sprung	1
spruce	1
springtime	1
spreads	1
spreading	1
spray	1
spouting	1
spouseless	1
spouse	1
spots	1
spotless	1
split	1
splendour	1
spleen	1
spite	1
spirted	1
spire	1
spine	1
spilling	1
spill'd	1
spicy	1
spiced	1
spice	1
spheres	1
spent	1
speech	1
spectre	1
speckled	1
speaks	1
spat	1
spars	1
spare	1
spanish	1
spaniards	1
spaniard	1
span	1
sovran	1
southward	1
southern	1
south-sea	1
source	1
soundly	1
sort	1
sonl	1
son	1
somewise	1
sombraro	1
solitary	1
sold	1
sodden	1
social	1
sob	1
soap	1
snuffed	1
snoring	1
snn	1
snllenness	1
snatched	1
snakes	1
smoothed	1
smoked	1
smitten	1
smelling	1
smell	1
slumber	1
sluices	1
slugs	1
sloping	1
slipping	1
slime	1
slim	1
sleek	1
slays	1
slay	1
slaughter	1
slanting	1
slackened	1
skyward	1
skulk	1
skirts	1
skins	1
skinn'd	1
skeleton	1
sized	1
six	1
sitting	1
sires	1
sips	1
sipped	1
sinned	1
sink	1
singers	1
simply	1
sill	1
silentness	1
silently	1
signal	1
sighs	1
sighed	1
sieken'd	1
siding	1
sidewise	1
sickly	1
sickened	1
sick	1
si	1
shuttles	1
shunned	1
shudders	1
shuddering	1
shrouding	1
shrouded	1
shrinks	1
shrewdly	1
shown	1
shouting	1
shoun	1
shots	1
shorn	1
shored	1
shopkeeper	1
shop	1
shoots	1
shooting	1
shonlder	1
shoddy	1
shod	1
shock	1
shivering	1
shipment	1
shines	1
shimmering	1
shifted	1
shielding	1
sheriffs	1
sheriff	1
sherbets	1
shepherd	1
sheltering	1
shelter	1
sheets	1
sheens	1
sheen	1
sheathed	1
shaven	1
shattered	1
shasta	1
shapely	1
shapeless	1
shanter	1
shameless	1
shallow	1
shadowy	1
shadowed	1
shades	1
shaded	1
shackles	1
settled	1
serpents	1
seriorita	1
serenading	1
sere	1
september	1
sentenced	1
senorita	1
senora	1
send	1
semi	1
seizes	1
segregation	1
seething	1
seethe	1
seeking	1
seeing	1
seedy	1
secrecy	1
seaward	1
seated	1
seat	1
seaside	1
seashore	1
seamless	1
sealing	1
seagull	1
seabirds	1
screeching	1
screams	1
screaming	1
scott	1
scorpion	1
scornfully	1
scorian	1
scooped	1
scholar	1
schemes	1
sceptre	1
sceptic	1
scars	1
scarlet	1
scared	1
scarcely	1
scar	1
scanned	1
scaled	1
scalding	1
savagest	1
saulceleto	1
satisfied	1
sappho	1
santan	1
sandals	1
samson	1
sample	1
salted	1
salt	1
sallow	1
sales	1
sake	1
saints	1
saintlike	1
sainted	1
sailor	1
sailing	1
sages	1
safer	1
safe	1
sadness	1
sadducee	1
saddlebow	1
saddle	1
saddened	1
sacristan	1
sack	1
ruthlessly	1
ruthless	1
ruth	1
rusty	1
rustling	1
rustle	1
rustic	1
rust	1
rushes	1
runs	1
running	1
runneth	1
rumbling	1
rumble	1
rule	1
ruined	1
ruggedest	1
rued	1
ruby	1
rubs	1
rubric	1
royalest	1
roving	1
rover	1
rout	1
rouse	1
roughshod	1
rosy	1
roots	1
rooms	1
room	1
rooks	1
roofed	1
roof	1
rome	1
roman	1
rolleth	1
robbers	1
rob	1
roam	1
rivulet	1
rivers	1
rivas	1
rises	1
risen	1
ripples	1
ripened	1
ripen	1
riot	1
rinkled	1
rills	1
rifles	1
rife	1
richly	1
ribs	1
rhymes	1
reverses	1
reversed	1
revered	1
reveille	1
revealing	1
revealed	1
reveal	1
retreats	1
retreat	1
resumes	1
resume	1
restored	1
resting-place	1
responsive	1
response	1
resplendent	1
respected	1
resound	1
resolve	1
reptiles	1
reptile	1
reproved	1
reprove	1
reproachful	1
reprieve	1
representing	1
replaces	1
repeat	1
rending	1
rendered	1
remembrance	1
remarkable	1
remain	1
religion	1
rejoiced	1
rejoice	1
reined	1
reigned	1
regretting	1
region	1
regiment	1
regal	1
regained	1
refusing	1
refused	1
refreshed	1
reflecting	1
redeemer	1
redbreast	1
recounting	1
recount	1
records	1
record	1
recommended	1
recollections	1
recollect	1
recline	1
recks	1
reckoning	1
reckoned	1
recking	1
reck'd	1
recesses	1
receives	1
received	1
receive	1
recalled	1
rebuke	1
rebellious	1
rebel	1
reassert	1
reap	1
realised	1
realise	1
reads	1
reading	1
readier	1
reaches	1
rays	1
ray	1
raving	1
ravels	1
rattle	1
rather	1
rashly	1
rapture	1
ranks	1
rang	1
ranchos	1
rancho	1
ramble	1
raising	1
rainbows	1
rail	1
rack	1
quivers	1
quite	1
quinine	1
quilless	1
quietly	1
quench	1
quartz	1
quarters	1
quarrel	1
quaked	1
quake	1
quaint	1
quailed	1
q	1
pyre	1
pyramids	1
pushing	1
pushed	1
push	1
pursuer	1
purpose	1
purest	1
purchased	1
punishments	1
pumpkins	1
pulses	1
prows	1
proving	1
proved	1
prove	1
pround	1
prouder	1
protestant	1
protect	1
prosy	1
prostrate	1
proportioned	1
prophets	1
prophet	1
prom	1
prolong	1
profoundest	1
proffered	1
profession	1
produced	1
prized	1
printed	1
print	1
princess	1
prighten'd	1
priesthood	1
priceless	1
prey	1
prevail	1
prettiest	1
pretence	1
pressing	1
present	1
prepare	1
preface	1
precipice	1
precepts	1
preach	1
praised	1
praise	1
powdered	1
powder	1
pouted	1
pours	1
pour'dvrat	1
pounded	1
potion	1
potatoes	1
posts	1
possible	1
possessor	1
possessing	1
possessed	1
portly	1
porcelain	1
populous	1
poplars	1
poplar	1
pomegranate	1
politics	1
polestar	1
poison	1
poise	1
poetry	1
poems	1
plumed	1
plume	1
plumage	1
plucking	1
ploughshare	1
ploughboy	1
plough	1
plongh	1
plighted	1
plight	1
pliant	1
plenilune	1
pledges	1
pled	1
please	1
plazas	1
playthings	1
playfully	1
playful	1
platoons	1
plash	1
plan	1
plaintively	1
plains	1
plague	1
pitied	1
pitches	1
pitcher	1
pitched	1
pit	1
pistol	1
pious	1
pinks	1
pindar	1
pinched	1
pilgrimage	1
pile	1
pied	1
piece	1
picked	1
pickaxes	1
philip	1
pheasant	1
phantoms	1
phantom	1
phalanx	1
petty	1
petticoats	1
petticoat	1
petrel	1
peter	1
perpetual	1
perished	1
peri	1
percent	1
people	1
penury	1
penitent	1
penitence	1
penance	1
penalty	1
peevish	1
peering	1
peer'd	1
peddle	1
pecking	1
pecked	1
peccadillo	1
pebble	1
peasant	1
pealed	1
pay	1
paved	1
pattern'd	1
patronising	1
patriot	1
patriarchal	1
pathway	1
paths	1
pathless	1
pastures	1
parts	1
parrots	1
parrot	1
parent	1
parched	1
paragon	1
paradisial	1
parade	1
panting	1
palmed	1
palaces	1
pains	1
painfully	1
pained	1
pahoo	1
paddle	1
packing	1
pack	1
paced	1
pa	1
p	1
oxford	1
owe	1
overtold	1
overspread	1
oversoon	1
overhung	1
overheat	1
outstretched	1
outshout	1
outpost	1
outnumber	1
outlet	1
outgrown	1
outer	1
outdone	1
ourselves	1
ought	1
otherwise	1
orphans	1
oriental	1
organ	1
orators	1
orator	1
oppose	1
opocatapetl	1
opens	1
onward	1
omnipotent	1
olives	1
oldest	1
older	1
oily	1
office	1
offers	1
offering	1
offered	1
odours	1
odour	1
odds	1
odd	1
oceans	1
occurred	1
occident	1
occasion	1
obeyed	1
oath	1
o'erhead	1
nymph	1
nuts	1
nutbrown	1
nut	1
nurture	1
nursing	1
nursed	1
nurse	1
nuptials	1
numbered	1
nuggets	1
ns	1
nprising	1
nourish	1
nothingness	1
nostrils	1
nostril	1
nosed	1
noontide	1
noons	1
noiseless	1
noise	1
nodding	1
nodded	1
nobly	1
nobler	1
nobility	1
nimrod	1
nimble	1
nile	1
nights	1
nightmare	1
nigh	1
nigged	1
nicaragua	1
newfoundland	1
newer	1
newborn	1
never-failing	1
nevada	1
net	1
nestle	1
nervous	1
nelson	1
neighing	1
neighbours	1
neighbour	1
neigh	1
neglecting	1
neglected	1
neglect	1
necks	1
nearness	1
nearly	1
nd	1
natures	1
names	1
named	1
nails	1
na	1
myrtle	1
myfriends	1
muzzles	1
muzzle	1
muttered	1
mutter	1
mutes	1
mutely	1
mustangs	1
musket	1
musical	1
muscles	1
murmurs	1
murmuring	1
murky	1
murderous	1
mule	1
muezza	1
muchacho	1
moving	1
move	1
mouthing	1
mouthed	1
mourns	1
mournfully	1
mournful	1
mourn	1
mounts	1
mounted	1
mountaintop	1
moulding	1
mottled	1
motion	1
moth	1
moslem	1
morrow	1
morea	1
moonbeams	1
moon'd	1
mood	1
monument	1
months	1
month'd	1
monsters	1
monotone	1
monolith	1
monkeys	1
monger	1
moneychangers	1
monarchs	1
monarch	1
mollusks	1
modesty	1
mockery	1
mocked	1
mock'dat	1
moccasins	1
moat	1
moaning	1
mneas	1
misunderstood	1
misunderstand	1
mistook	1
mistaken	1
mistake	1
misspent	1
missing	1
misnameth	1
misers	1
mis	1
mirthfulness	1
mirror	1
miracle	1
minstrel	1
mingled	1
miner	1
minds	1
minaret	1
milkmaid	1
milk	1
milestones	1
miles	1
mile	1
milch	1
mightiness	1
mightier	1
midwinter	1
meteors	1
messenger	1
merit	1
mentioned	1
mention	1
melts	1
mellowness	1
mejico	1
meeting	1
meditation	1
meditate	1
meantime	1
meanly	1
meanderings	1
meal	1
meadow	1
mc	1
mazy	1
matters	1
matron	1
mates	1
masters	1
mast	1
mask	1
marvels	1
marvel	1
marshals	1
mars	1
marquis	1
marks	1
marked	1
marius	1
margin	1
mare	1
marching	1
marches	1
mar	1
maples	1
map	1
manzinnetta	1
manzinetta	1
mantling	1
mantel	1
manners	1
manly	1
mankind	1
manhood	1
maned	1
mammas	1
malice	1
making	1
maker	1
maidservant	1
magnetic	1
magic	1
madonna	1
madness	1
madly	1
macleod	1
lustrum	1
lustrous	1
lures	1
lured	1
lungs	1
lunar	1
lump	1
lulls	1
lulling	1
luck	1
lowliest	1
lowered	1
lower	1
loveliness	1
loveliest	1
loveless	1
loua	1
loosely	1
looms	1
loolivng	1
lookout	1
longings	1
longing	1
longer	1
loins	1
loftier	1
locusts	1
lobce	1
loathed	1
load	1
lizards	1
lizard	1
listless	1
listening	1
listed	1
lisp	1
liquor	1
lippe	1
lipp'd	1
lingering	1
lingered	1
lineage	1
lindens	1
limp	1
limning	1
limned	1
limit	1
limber	1
lily	1
lightened	1
lighted	1
lieachings	1
licks	1
licking	1
lichen	1
liar	1
levels	1
letters	1
lettered	1
lethean	1
lessons	1
lesser	1
lent	1
lend	1
leisurely	1
leisure	1
legion	1
legged	1
lee	1
lease	1
leafy	1
leaflets	1
leaden	1
leaded	1
lazy	1
lazarus	1
laws	1
lawless	1
laurels	1
laughter	1
laudable	1
lass	1
large	1
lard	1
lap	1
lamenting	1
lamented	1
lambent	1
lamb	1
lakes	1
lagoon	1
lady	1
ladies	1
laden	1
lack	1
laces	1
laboured	1
labelled	1
knotted	1
knight	1
knell	1
kneels	1
kneelings	1
kneeling	1
kneeled	1
knave	1
kissing	1
kisses	1
kisp'd	1
kindness	1
kindest	1
killing	1
kill	1
kernel	1
ken	1
keeper	1
keenest	1
keel	1
kedar	1
katydids	1
kate	1
kanuk	1
kakea	1
k	1
jyy	1
justice	1
jury	1
juno	1
junipers	1
juniper	1
jungles	1
jungle	1
jumbling	1
juices	1
judges	1
juba	1
joyously	1
joyous	1
joyed	1
jowl	1
journeys	1
journeying	1
jouafia	1
jonah	1
joints	1
joint	1
jingle	1
jibbers	1
jetty	1
jet	1
jesting	1
jest	1
jeers	1
jeer	1
jargon	1
jade	1
jack	1
ivy	1
ivied	1
iun	1
itself	1
itor	1
islam	1
isis	1
irk	1
inwove	1
invisible	1
inviolate	1
invectives	1
invader	1
inured	1
intolerable	1
interred	1
interest	1
intensest	1
insults	1
inspired	1
inspiration	1
insists	1
inquiringly	1
innocence	1
inmost	1
inky	1
ingratitude	1
indulge	1
indistinct	1
indigestion	1
indifference	1
indians	1
ind	1
increase	1
inclining	1
incline	1
improve	1
imprisoned	1
imprecation	1
imploring	1
implored	1
implore	1
imperial	1
impatiently	1
impartial	1
immortality	1
imagination	1
imaged	1
ills	1
illiberal	1
ill-will	1
idols	1
idleness	1
icy	1
ia	1
i've	1
i's	1
husbandman	1
hurry	1
hurls	1
hurling	1
hunters	1
huntee	1
hunger	1
humbly	1
humblest	1
humbler	1
humanity	1
hull	1
hulk	1
huddled	1
huddle	1
housewife	1
hounds	1
hosts	1
hostile	1
host	1
horses	1
horrors	1
horror	1
horns	1
hopeless	1
hooked	1
honours	1
honeysuckle	1
homeward	1
homely	1
homed	1
holier	1
hoarded	1
hoard	1
hoar	1
histories	1
hist	1
hird	1
hindered	1
highest	1
highbred	1
highborn	1
hied	1
hie	1
hiding	1
hidden	1
hews	1
hew	1
heroes	1
herd	1
heralded	1
hens	1
hem	1
helping	1
hells	1
helen	1
heirless	1
heiresses	1
heifer	1
hef	1
heeded	1
hedge	1
heavily	1
heartstrings	1
heartsick	1
heartless	1
hearths	1
heartaches	1
heap	1
health	1
headlong	1
hawks	1
haven	1
hatred	1
hates	1
hated	1
hasty	1
hastens	1
harvest	1
harps	1
harness	1
harmony	1
harm	1
hark	1
hare	1
hardly	1
hardened	1
happiness	1
happily	1
happens	1
hapless	1
hanging	1
handed	1
hammock	1
hammered	1
halts	1
halting	1
hairy	1
hails	1
hailing	1
hailed	1
hack	1
hacienda	1
ha	1
h	1
gypsy	1
gust	1
gushed	1
gulf	1
guilty	1
guilt	1
guiding	1
guides	1
guided	1
guests	1
guessed	1
guards	1
grows	1
growing	1
groweth	1
grovel	1
grove	1
grouse	1
grope	1
groans	1
groaned	1
grinds	1
grin	1
greybeard	1
greener	1
greeks	1
greed	1
greatly	1
greater	1
graze	1
gravest	1
graven	1
grate	1
grasped	1
grapes	1
grandest	1
grain	1
gowns	1
gown	1
gout	1
got	1
gossamer	1
gorging	1
gorgeons	1
goods	1
goodness	1
goodly	1
godly	1
goats	1
glowed	1
glow	1
glossy	1
glories	1
gloat	1
glitters	1
glittering	1
glitter	1
glists	1
glistening	1
glisten	1
glintings	1
glimmers	1
glide	1
glen	1
giving	1
girls	1
gifted	1
getting	1
gets	1
german	1
gentler	1
gentlemen	1
genial	1
generations	1
geese	1
gayest	1
gathers	1
gathering	1
garlos	1
gaping	1
game	1
gallop	1
galleries	1
gala	1
gainst	1
gaily	1
fury	1
further	1
furs	1
furrows	1
furred	1
furl	1
funeral	1
fuller	1
fulfils	1
frugal	1
frowns	1
frowned	1
frosted	1
fronts	1
frightful	1
frighten	1
fretful	1
fresh	1
frenzied	1
frenchman	1
freely	1
freeborn	1
frantic	1
francisco	1
frail	1
fragment	1
fountains	1
fountain	1
fount	1
foul	1
forty-nine	1
forty	1
fortunes	1
forsooth	1
formed	1
forks	1
forgiven	1
forgets	1
forgetfulness	1
forgave	1
forfeit	1
forever	1
foretime	1
forehead	1
forbidden	1
foothold	1
footfalls	1
fondled	1
follower	1
foldings	1
foil	1
focus	1
foamed	1
flume	1
fltjsh'd	1
flower	1
flowed	1
flora	1
flocks	1
flock	1
floated	1
flits	1
flirt	1
flippant	1
flinty	1
flints	1
fleeting	1
flax	1
flat	1
flashings	1
flapped	1
flank	1
flamed	1
flags	1
fitting	1
fitter	1
fitful	1
fists	1
fist	1
firstborn	1
firmly	1
fingered	1
filling	1
fill	1
filibuster	1
file	1
figure	1
fifty	1
fife	1
fevers	1
fettered	1
fervently	1
fen	1
fellowship	1
fellows	1
felled	1
feels	1
feeling	1
feebly	1
features	1
feature	1
feats	1
feasting	1
fearing	1
fealty	1
fawns	1
fawned	1
fawn	1
favoured	1
faults	1
fault	1
fathoms	1
fat	1
fascination	1
farthest	1
farmer	1
fare	1
fantastic	1
fang'd	1
fancy	1
fancied	1
famished	1
famine	1
familiarly	1
familiar	1
falter	1
fallen	1
faithfulness	1
fairy	1
fairness	1
fairly	1
faintly	1
fainting	1
faintest	1
fainter	1
fainted	1
fading	1
fades	1
faded	1
fade	1
expression	1
experience	1
expectant	1
expect	1
exiled	1
exile	1
excitedly	1
everything	1
events	1
evening	1
european	1
eternity	1
estrangement	1
esteem	1
escaped	1
escapade	1
errs	1
erred	1
err	1
erown'd	1
environs	1
environed	1
envies	1
entwined	1
entwine	1
entranced	1
entrance	1
entire	1
enthrals	1
enthral	1
enter	1
enshrined	1
enraged	1
enlisted	1
energies	1
enemy	1
endowment	1
endow	1
ended	1
encouraged	1
encountered	1
encounter	1
enchanting	1
encase	1
enamelled	1
emptied	1
empire	1
embracing	1
embers	1
embellishment	1
embalm	1
elysian	1
eloquent	1
elm	1
ellah	1
elf	1
elder	1
eld	1
elbow	1
eggs	1
eden	1
echo	1
ebbing	1
ease	1
earthy	1
ears	1
earns	1
earnings	1
eagles	1
eager	1
dyke	1
dying	1
dwindle	1
duty	1
dustier	1
dusted	1
dumfries	1
dumb	1
duke	1
duels	1
drunken	1
drunk	1
drummer	1
druids	1
drowning	1
drowned	1
drown	1
drip	1
drinks	1
drift	1
dreamless	1
dreaming	1
draggled	1
downuponus	1
downs	1
dower'd	1
doubly	1
doubloons	1
dotard	1
don't	1
dolt	1
dollarless	1
doll	1
doings	1
dogs	1
dogmas	1
doeth	1
divorced	1
divided	1
divide	1
diverge	1
disturb	1
distilled	1
disposed	1
displeasure	1
dismay	1
dismally	1
dismallest	1
dismal	1
dislike	1
disgraced	1
disdaining	1
disdainfulest	1
disdained	1
discovers	1
disaster	1
disappointed	1
disappears	1
disappeared	1
directly	1
dip	1
dimple	1
dimly	1
digression	1
dignity	1
dieth	1
diego	1
dictates	1
dice	1
dial	1
devoting	1
device	1
detail	1
destroyer	1
destiny	1
despised	1
despicable	1
desperation	1
desolating	1
design	1
deserved	1
deserted	1
descent	1
descends	1
descending	1
departure	1
departed	1
depart	1
densest	1
denser	1
dense	1
den	1
demure	1
demands	1
demanded	1
demand	1
delusive	1
delusions	1
deluged	1
delta'd	1
delights	1
delightfully	1
delightful	1
delicious	1
deftly	1
defiled	1
defiantly	1
defend	1
defence	1
defeats	1
defeated	1
defamation	1
defaces	1
deeply	1
deemed	1
dedicate	1
declines	1
declared	1
declare	1
deceived	1
decay	1
deathly	1
deathlike	1
dearly	1
dearest	1
dearer	1
dealt	1
deal	1
deafening	1
deadman	1
deader	1
dazzling	1
dazzles	1
dawned	1
daughters	1
dastard	1
darkling	1
darken	1
dangers	1
danger	1
dandy	1
dances	1
damp	1
damned	1
damascus	1
dalliance	1
daisies	1
daggers	1
d	1
czar	1
cycled	1
customers	1
cuss	1
curtain	1
current	1
curly	1
curl	1
curbed	1
curb	1
curambo	1
curaiibo	1
cupid	1
cup	1
cunningest	1
cuiswick	1
crying	1
crutch	1
crumble	1
crowning	1
crowding	1
crowded	1
crouch	1
crop	1
croioding	1
crocodile	1
croak	1
criticism	1
cringing	1
cringe	1
crimson	1
crevice	1
crested	1
crescenting	1
crescent	1
creep	1
creedist	1
creator	1
creaked	1
craven	1
craved	1
crave	1
craig	1
crafts	1
craft	1
cradle	1
coyote	1
cowled	1
cowardice	1
cow	1
covert	1
covers	1
courtly	1
courteous	1
courted	1
coursers	1
couples	1
counter	1
countenance	1
counsellings	1
cot	1
costly	1
corses	1
corpse	1
corner	1
cored	1
copse	1
copper	1
coos	1
coolest	1
convincing	1
contrast	1
continues	1
contented	1
contemplates	1
consummation	1
consult	1
constant	1
consented	1
consciousness	1
conscience	1
conquered	1
congress	1
congenial	1
confronts	1
conflagrations	1
confession	1
confess	1
condemn	1
concludes	1
comrade	1
compressed	1
complaining	1
compared	1
compare	1
comparative	1
companeers	1
commotion	1
commingled	1
commemoration	1
commandantu	1
commandante	1
comfort	1
comet	1
comely	1
coloured	1
colour	1
coldest	1
coiled	1
coffirid	1
coffers	1
coax	1
coarser	1
coarsely	1
coal	1
clumsy	1
clumps	1
clump	1
cloudless	1
cloudland	1
closes	1
closer	1
closely	1
clods	1
clod	1
cloaks	1
cloaked	1
clipped	1
clink	1
clings	1
climbs	1
climbed	1
climb	1
cleverly	1
clerk	1
cleopatra	1
clench	1
cleaves	1
clearest	1
cleared	1
clean	1
claws	1
clashing	1
clash	1
claimed	1
claim	1
cj4	1
circlet	1
circles	1
churl'd	1
chuckling	1
chronicles	1
choked	1
choir	1
chiselld	1
chirped	1
chimney	1
chime	1
childlike	1
childless	1
chiefs	1
chide	1
chid	1
chevalier	1
cherubim	1
cherub	1
cherishing	1
cheery	1
cheerless	1
cheerful	1
check'ring	1
cheating	1
cheat	1
chatting	1
chatter	1
chatted	1
chaste	1
chasing	1
chartless	1
charr'd	1
charmers	1
charmed	1
charging	1
charged	1
chare	1
character	1
chapter	1
chanticleer	1
chanted	1
chant	1
changed	1
chances	1
chancery	1
chalk	1
chains	1
chain	1
chafing	1
chaff	1
chafes	1
centuries	1
central	1
censer	1
cedar	1
ceaseless	1
caves	1
cautious	1
catenas	1
castro	1
castled	1
casting	1
castilian	1
cassar	1
cash	1
casement	1
carriages	1
carpetings	1
carpet	1
carona	1
carolled	1
carnivals	1
carnival	1
caring	1
careworn	1
careful	1
careering	1
cared	1
carbine	1
caravans	1
caravan	1
cape	1
cap	1
canvas	1
canopy	1
canonised	1
cannon	1
candidate	1
campos	1
calming	1
calf	1
caged	1
cabin	1
cabbage	1
byrons	1
byron	1
bye	1
buys	1
buttes	1
butterfly	1
butterflies	1
buttercups	1
buttercup	1
butchery	1
bustle	1
busk	1
bush	1
bury	1
burrows	1
burr	1
burnt	1
burner	1
bundle	1
bullets	1
bull	1
building	1
builded	1
buffalo	1
buena	1
bud	1
buckskinn'd	1
buckskin	1
buckled	1
bubbled	1
brutal	1
brushed	1
brush	1
browsing	1
browsed	1
browse	1
brows	1
brotherhood	1
brood	1
bronzes	1
broil	1
broader	1
bristling	1
brink	1
brings	1
brim	1
brilliants	1
brightly	1
bridled	1
bridle	1
bridal	1
bribed	1
breezes	1
breastplate	1
breasting	1
breastbone	1
breaks	1
brazen	1
branch	1
brains	1
braided	1
braes	1
bracing	1
boys	1
boxed	1
bowl	1
bowie	1
bouquet	1
bounteous	1
bough'd	1
bottles	1
bottled	1
bootless	1
boot	1
boldly	1
boiling	1
bogles	1
boasting	1
boars	1
board	1
bo	1
bnt	1
blushing	1
bluff	1
blueness	1
blowing	1
blotches	1
blot	1
blossom	1
blooms	1
blooming	1
bloomed	1
bloodstained	1
bloodshed	1
bloodless	1
blocks	1
blockhead	1
blistering	1
blisses	1
blinds	1
blinded	1
blight	1
bless	1
blendings	1
bleed	1
blazing	1
blasts	1
blasphemy	1
blasphemous	1
blacker	1
bivouac	1
bine	1
bind	1
bill	1
bidding	1
bidden	1
bevvy	1
betrayed	1
bet	1
bestow	1
besiegers	1
beset	1
beseems	1
berries	1
bennetto	1
benign	1
benedictions	1
bench	1
belongs	1
bellow	1
believes	1
believed	1
belief	1
beings	1
being	1
behest	1
beguile	1
beginning	1
begin	1
befall	1
become	1
beckoned	1
beautify	1
beauteous	1
beards	1
beamed	1
beaked	1
beads	1
beach	1
battlement	1
battleground	1
battled	1
bats	1
bating	1
bather	1
bask	1
baser	1
basalt	1
barter	1
barred	1
bares	1
barehead	1
barefoot	1
barefaced	1
bards	1
bard	1
barbs	1
bans	1
bank	1
bane	1
ban	1
balize	1
balance	1
bait	1
bailiff	1
bags	1
bag	1
baffled	1
baffle	1
badge	1
backs	1
babylon	1
baby	1
babies	1
babes	1
awhirl	1
awful	1
awest	1
awe	1
avowed	1
averted	1
author	1
attorney	1
attack	1
atop	1
atlanta	1
astray	1
astir	1
assure	1
assurance	1
assumes	1
assume	1
assembled	1
assailed	1
ass	1
aspire	1
asp	1
askew	1
ashore	1
ascended	1
ascend	1
artless	1
arrogance	1
arozit	1
aroused	1
arouse	1
aright	1
arid	1
ardent	1
archives	1
arches	1
arch	1
arazoxian	1
apt	1
approaches	1
applause	1
appearing	1
appalling	1
apartments	1
anyone	1
antler'd	1
answers	1
annunciation	1
ankles	1
angry	1
andsleep	1
anddancedand	1
amorous	1
ambier	1
amber	1
amazed	1
altars	1
already	1
alms	1
alluring	1
allied	1
alive	1
alee	1
alabaster	1
aisle	1
airy	1
ailsa	1
agone	1
afoam	1
aflame	1
advertisements	1
adventures	1
adventure	1
adorning	1
adored	1
admire	1
aching	1
accused	1
accursed	1
accumulates	1
accounts	1
accord	1
accidental	1
abysm	1
absorb	1
abiding	1
abdicate	1
abbey	1
abashed	1
^	1
\	1
?)	1
>iay	1
>	1
/	1
.)	1
.'"	1
-,	1
-	1
*eep	1
),	1
''	1
#	1
"'	1
!)	1
