,	1970
the	1409
and	805
of	629
.	583
a	400
!	391
to	360
in	355
—	329
;	301
|'s|	252
with	195
that	182
his	181
her	181
as	175
on	168
my	159
from	140
i	128
over	123
thy	116
is	116
soul	106
"	98
when	96
its	96
love	94
all	93
will	92
for	92
their	91
he	91
but	91
like	83
it	82
heart	76
oh	75
which	72
they	72
was	71
by	71
spirit	69
earth	69
bright	65
upon	64
me	64
be	63
she	60
:	59
then	58
not	57
now	56
where	55
again	55
'	54
light	52
has	52
there	51
one	49
thee	48
?	48
|arabic2digit|	47
sweet	47
had	47
we	46
through	46
or	45
no	44
are	44
thou	43
sea	43
life	43
have	43
him	42
some	41
heaven	40
this	39
death	39
so	38
our	37
at	37
|romannumeral|	36
would	36
night	36
more	36
never	35
may	35
home	35
day	35
away	35
who	34
ever	34
beauty	34
still	33
grief	33
flowers	33
every	33
an	33
wild	32
above	32
sorrow	31
many	31
star	30
soft	29
far	28
deep	28
too	27
spring	27
pure	27
how	27
eye	27
breast	27
|arabic3digit|	26
young	26
were	26
summer	26
see	26
!"	26
if	25
gone	25
go	25
come	25
ye	24
world	24
these	24
rest	24
free	24
eyes	24
each	24
along	24
alas	24
|arabic1digit|	23
youth	23
years	23
wings	23
stars	23
poet	23
music	23
mind	23
memory	23
grave	23
can	23
while	22
weep	22
sad	22
even	22
dear	22
yet	21
within	21
them	21
saw	21
here	21
blessed	21
been	21
beautiful	21
winds	20
us	20
those	20
such	20
rose	20
feel	20
vain	19
up	19
thought	19
sun	19
sky	19
moon	19
hope	19
came	19
."	19
whose	18
song	18
silver	18
into	18
freedom	18
flower	18
face	18
early	18
clouds	18
among	18
than	17
peace	17
name	17
mountain	17
let	17
land	17
heard	17
down	17
dead	17
beneath	17
tomb	16
thine	16
spell	16
skies	16
remember	16
out	16
mellelula	16
little	16
hearts	16
what	15
voice	15
time	15
tell	15
stood	15
shore	15
hour	15
glory	15
felt	15
evening	15
dark	15
comes	15
before	15
your	14
wing	14
west	14
tears	14
sunny	14
stream	14
other	14
make	14
low	14
long	14
joy	14
hand	14
gentle	14
days	14
alone	14
went	13
unto	13
though	13
streams	13
sense	13
round	13
power	13
poor	13
loved	13
left	13
hear	13
form	13
you	12
wind	12
thus	12
shell	12
seen	12
own	12
once	12
oft	12
ocean	12
morning	12
liberty	12
hours	12
hero	12
happy	12
great	12
full	12
fell	12
feet	12
dream	12
could	12
charm	12
around	12
amid	12
air	12
yes	11
wide	11
tis	11
till	11
t	11
storm	11
smile	11
sleep	11
silent	11
sigh	11
should	11
prince	11
past	11
nor	11
must	11
mine	11
know	11
king	11
good	11
god	11
glorious	11
fire	11
fairy	11
cloud	11
bring	11
break	11
bliss	11
art	11
youthful	10
woods	10
wo	10
warm	10
twilight	10
sweetly	10
strain	10
smiles	10
shrine	10
shades	10
pine	10
peaceful	10
pale	10
lost	10
look	10
leave	10
lay	10
holy	10
hast	10
harp	10
grace	10
gaze	10
friend	10
ere	10
dreams	10
country	10
brain	10
bosom	10
birth	10
beyond	10
being	10
beam	10
back	10
winged	9
waters	9
visions	9
vision	9
swift	9
strife	9
sing	9
side	9
shone	9
sadness	9
rosy	9
rain	9
prayer	9
odour	9
nature	9
meet	9
made	9
lo	9
lines	9
leaves	9
im	9
hues	9
high	9
halls	9
green	9
gloom	9
friendship	9
fly	9
flight	9
filled	9
fate	9
fair	9
eve	9
childhood	9
child	9
call	9
brow	9
bride	9
brave	9
bird	9
anguish	9
*	9
worm	8
words	8
woman	8
winter	8
weary	8
wandered	8
tide	8
tender	8
state	8
spirits	8
ray	8
place	8
only	8
mother	8
morn	8
mighty	8
might	8
lit	8
led	8
joys	8
human	8
hills	8
head	8
golden	8
girl	8
forms	8
fled	8
first	8
fancy	8
fame	8
eden	8
dust	8
dim	8
caught	8
blood	8
bent	8
band	8
another	8
affection	8
zephyr	7
yonder	7
witching	7
wake	7
virtue	7
virgin	7
vast	7
two	7
truth	7
thousand	7
sword	7
sound	7
soon	7
slowly	7
showers	7
shall	7
shade	7
s	7
roses	7
room	7
roam	7
repose	7
pain	7
near	7
melody	7
loves	7
leaf	7
lamp	7
hark	7
forest	7
fields	7
fay	7
farewell	7
faded	7
earthly	7
desolate	7
deer	7
decay	7
cheeks	7
burnt	7
brought	7
breeze	7
breathing	7
breath	7
bloom	7
birds	7
below	7
behind	7
bark	7
azure	7
?"	7
•	6
zephyrs	6
wrung	6
worth	6
word	6
whip	6
well	6
weird	6
wandering	6
touched	6
took	6
tones	6
together	6
thoughts	6
thing	6
temple	6
sweetest	6
steal	6
spheres	6
snowy	6
slain	6
shine	6
set	6
seek	6
rich	6
rapture	6
rainbow	6
others	6
old	6
murmuring	6
mountains	6
man	6
main	6
maiden	6
lovely	6
loveliness	6
looked	6
lips	6
lingered	6
last	6
isle	6
immortal	6
image	6
hung	6
hears	6
groan	6
glowing	6
fresh	6
fond	6
flown	6
flew	6
finger	6
fills	6
fierce	6
few	6
fays	6
faint	6
eagle	6
dying	6
dwelling	6
dwell	6
dreamed	6
die	6
darkness	6
cruel	6
coming	6
cold	6
chords	6
charmed	6
cease	6
called	6
burning	6
bowers	6
battle	6
autumn	6
april	6
angel	6
age	6
about	6
-	6
!'	6
written	5
without	5
window	5
waves	5
war	5
wail	5
visit	5
victory	5
unseen	5
turn	5
true	5
tresses	5
tread	5
train	5
throng	5
think	5
tempest	5
tear	5
sunshine	5
sung	5
streaming	5
strand	5
sting	5
sonnet	5
solitude	5
softly	5
sister	5
silence	5
shed	5
shadows	5
sent	5
seems	5
seemed	5
school	5
scattered	5
sainted	5
ruins	5
rocks	5
rock	5
realms	5
purity	5
pride	5
precious	5
praise	5
perfume	5
path	5
nothing	5
noon	5
names	5
mouldering	5
monarch	5
moment	5
men	5
melting	5
makes	5
m	5
lyre	5
lute	5
luscious	5
loving	5
lover	5
lot	5
lonely	5
lofty	5
listening	5
lillia	5
lightning	5
lays	5
lady	5
laden	5
knew	5
innocence	5
hopes	5
heavenly	5
haunted	5
grey	5
graceful	5
goodness	5
given	5
genius	5
fount	5
forgot	5
flies	5
feeling	5
fall	5
faith	5
fading	5
exquisite	5
ethereal	5
echoes	5
ear	5
eagles	5
drear	5
dove	5
does	5
divine	5
dews	5
despair	5
deeper	5
dance	5
cypress	5
cry	5
crushed	5
clay	5
children	5
charms	5
chains	5
chain	5
calm	5
brighter	5
bower	5
bosoms	5
born	5
blue	5
blooming	5
bitter	5
bind	5
best	5
beside	5
beams	5
bard	5
balmy	5
balm	5
arose	5
arm	5
arise	5
aching	5
yon	4
yearning	4
wreath	4
wound	4
worship	4
worlds	4
wooing	4
woke	4
woes	4
wizard	4
withered	4
whispering	4
weak	4
wast	4
walked	4
waking	4
very	4
vernal	4
vanished	4
valley	4
vale	4
universe	4
tyrant	4
trees	4
tranquil	4
tonight	4
tongue	4
tiny	4
thrill	4
things	4
th	4
tale	4
sweetness	4
sweeps	4
sunset	4
strength	4
spoke	4
sped	4
speak	4
souls	4
sorrows	4
sorrowful	4
sons	4
songs	4
son	4
sometimes	4
solitudes	4
sod	4
snow	4
smoke	4
sits	4
since	4
shout	4
shook	4
shame	4
serene	4
seraph	4
seem	4
say	4
save	4
sat	4
sacred	4
running	4
river	4
rise	4
rills	4
revel	4
returned	4
renown	4
radiance	4
queen	4
pursue	4
patriot	4
pathway	4
passion	4
part	4
opening	4
open	4
oaksley	4
numbers	4
new	4
native	4
nations	4
mystic	4
moonlight	4
mm	4
midnight	4
marble	4
lustre	4
linger	4
lead	4
language	4
kiss	4
kindred	4
itself	4
infant	4
icy	4
hushed	4
hopeless	4
hither	4
hence	4
haunt	4
hate	4
hall	4
half	4
haggard	4
gulf	4
guardian	4
grew	4
gloomy	4
gleaming	4
ghost	4
gently	4
gazed	4
frail	4
fountains	4
fought	4
fortune	4
forth	4
forests	4
flowery	4
floated	4
fleeing	4
firefly	4
find	4
feels	4
fed	4
father	4
farm	4
falls	4
fallen	4
eternal	4
enchantment	4
elfin	4
dusky	4
drops	4
distant	4
dirge	4
dies	4
died	4
didst	4
dewdrops	4
desert	4
departed	4
crown	4
cottage	4
common	4
clara	4
chase	4
change	4
cast	4
care	4
buried	4
brother	4
brightly	4
brief	4
breathe	4
blight	4
between	4
better	4
bell	4
bed	4
aurora	4
ah	4
after	4
afar	4
aether	4
|arabic5+digit|	3
yield	3
yearn	3
yea	3
work	3
wood	3
woo	3
won	3
wistful	3
win	3
wilted	3
wilt	3
wildly	3
wilderness	3
whom	3
whispers	3
whispered	3
western	3
wealth	3
water	3
washington	3
wander	3
wait	3
vessel	3
vengeance	3
vail	3
used	3
unwavering	3
unsullied	3
undying	3
tyranny	3
turmoil	3
trust	3
trembling	3
tree	3
treasured	3
trace	3
tombs	3
thunder	3
throne	3
thrilled	3
thorn	3
thirst	3
tells	3
teardrop	3
take	3
swept	3
swells	3
swell	3
sweep	3
swallows	3
strong	3
stroke	3
stormy	3
stir	3
steps	3
steals	3
statesman	3
stately	3
spray	3
spot	3
spectral	3
southern	3
south	3
sounds	3
sought	3
soothe	3
smote	3
smiled	3
sleeping	3
sink	3
sin	3
sighed	3
sets	3
selfish	3
search	3
schoolroom	3
scenes	3
sang	3
sands	3
saint	3
ruined	3
rude	3
roving	3
rolling	3
roll	3
robed	3
rising	3
return	3
retain	3
requiem	3
repair	3
remembrance	3
relief	3
reign	3
realm	3
real	3
rays	3
raven	3
rage	3
race	3
r	3
queenly	3
purest	3
pulseless	3
proudest	3
prey	3
pressed	3
present	3
plucked	3
playing	3
play	3
planet	3
pinions	3
pierced	3
perfumes	3
perfumed	3
perchance	3
peerless	3
peep	3
pearl	3
passed	3
parted	3
paradise	3
paltry	3
pallid	3
page	3
odours	3
ode	3
ocmulgee	3
nursed	3
northern	3
noble	3
mysterious	3
myrtle	3
myriad	3
mute	3
mourners	3
mourner	3
mount	3
moonlit	3
mock	3
moan	3
mixed	3
mischief	3
mill	3
met	3
melt	3
mate	3
mark	3
maids	3
madness	3
lustrous	3
lull	3
loud	3
looks	3
live	3
lighted	3
lifetime	3
lifeless	3
lie	3
leaden	3
laugh	3
late	3
lamps	3
known	3
kisses	3
kindling	3
kind	3
just	3
journey	3
innocent	3
i'll	3
hymns	3
hurried	3
hurled	3
hundred	3
hue	3
honour	3
hoary	3
hill	3
hidden	3
hid	3
herb	3
height	3
hazy	3
harmony	3
hallowed	3
halcyon	3
gushed	3
guitar	3
greatness	3
godlike	3
glow	3
glance	3
genial	3
generous	3
gay	3
gave	3
gathers	3
gathered	3
future	3
frost	3
freeborn	3
fraught	3
found	3
forget	3
footsteps	3
follow	3
flung	3
flood	3
flock	3
fleeting	3
flee	3
flame	3
fitful	3
fish	3
fill	3
fight	3
fiery	3
feverish	3
features	3
feather	3
fear	3
fancies	3
faithful	3
fairest	3
fades	3
eyed	3
emerald	3
elysium	3
elves	3
eagerness	3
dropped	3
driven	3
drawn	3
dog	3
do	3
distress	3
dewy	3
devotion	3
destiny	3
dart	3
cynthia	3
cup	3
crowd	3
cries	3
cried	3
crag	3
cradle	3
countenance	3
congenial	3
clustered	3
cliff	3
classmate	3
claim	3
city	3
chilly	3
chilling	3
cherish	3
chambers	3
busy	3
build	3
broken	3
broad	3
brightest	3
breezes	3
breathed	3
boyhood	3
bouquet	3
bold	3
body	3
blushing	3
blushes	3
blow	3
blessings	3
blent	3
begins	3
become	3
beauteous	3
bearbeard	3
bear	3
base	3
b	3
aught	3
arms	3
angry	3
angels	3
ancient	3
accents	3
"'	3
|arabicprice|	2
zenith	2
yields	2
yielding	2
yesterday	2
wrought	2
write	2
wring	2
wreaths	2
worthy	2
worshipper	2
worn	2
wore	2
wont	2
wondered	2
withering	2
wish	2
wintery	2
winning	2
winding	2
willows	2
willow	2
white	2
whisper	2
wheresoever	2
whence	2
wheel	2
welch	2
weds	2
wed	2
wear	2
weapon	2
weal	2
way	2
waved	2
wave	2
waterfalls	2
walls	2
walks	2
wakes	2
waged	2
waft	2
voices	2
visited	2
virtuous	2
virtues	2
viper	2
vine	2
village	2
vile	2
viewless	2
victor	2
vesper	2
venus	2
vault	2
varying	2
van	2
valleys	2
vainly	2
uttered	2
upper	2
until	2
unnumbered	2
unknown	2
unheeded	2
unborn	2
unavailing	2
type	2
turns	2
trod	2
tripping	2
trill	2
treads	2
travelled	2
transparent	2
trance	2
track	2
touch	2
tortured	2
torn	2
today	2
tints	2
tinted	2
thunders	2
thundering	2
throws	2
thrown	2
thrall	2
theirs	2
thanatos	2
terrors	2
terror	2
telltale	2
teeming	2
teacher	2
sympathy	2
symmetry	2
swiftly	2
swelling	2
supernal	2
sunlight	2
sultry	2
sublime	2
stung	2
students	2
strung	2
struggle	2
strive	2
strings	2
strike	2
stricken	2
strewn	2
streamed	2
strange	2
stooped	2
stone	2
stolen	2
stern	2
steel	2
stealing	2
steadfast	2
stayed	2
statues	2
statue	2
start	2
starry	2
starlit	2
stanzas	2
stalk	2
springing	2
spreads	2
spread	2
sportive	2
spoil	2
sphere	2
spent	2
speed	2
spectre	2
spain	2
space	2
sown	2
sonnets	2
something	2
sol	2
snatch	2
smiling	2
small	2
slumbers	2
sleeps	2
slave	2
skip	2
six	2
silvery	2
silken	2
sighs	2
sighing	2
shut	2
short	2
shock	2
shield	2
sheet	2
shakes	2
shake	2
shaft	2
shady	2
shadowy	2
shadow	2
serenely	2
seraphic	2
sees	2
seat	2
seas	2
scene	2
sanctify	2
same	2
said	2
safe	2
sadly	2
sadder	2
rustic	2
rushes	2
rush	2
rural	2
ruling	2
rule	2
rudely	2
rowed	2
rounds	2
roseate	2
rome	2
rode	2
robes	2
rings	2
rill	2
rife	2
revenge	2
reveal	2
returns	2
retiring	2
restless	2
resting-place	2
repeated	2
rend	2
remorseless	2
remorse	2
remembered	2
rejoice	2
reigning	2
regal	2
reft	2
reddened	2
red	2
reason	2
rear	2
rayless	2
ravished	2
rapturous	2
rapt	2
ran	2
raise	2
rains	2
rained	2
quiet	2
put	2
purple	2
purer	2
prouder	2
proud	2
prolong	2
princes	2
presence	2
prayed	2
pouring	2
poured	2
pole	2
polar	2
poisonous	2
point	2
poets	2
poesy	2
plundered	2
pleasures	2
planted	2
plaintive	2
plain	2
pipes	2
pinion	2
pining	2
pillars	2
pierce	2
perhaps	2
peopled	2
people	2
pelf	2
pearling	2
peak	2
pay	2
pastures	2
passionate	2
pass	2
parapet	2
pang	2
palmetto	2
pack	2
orbs	2
onward	2
ogeeche	2
offering	2
occasion	2
oarsmen	2
nuptial	2
notes	2
noisy	2
next	2
nestled	2
nest	2
nerved	2
neighbouring	2
nectar	2
neath	2
nameless	2
muse	2
murmurs	2
murmur	2
murky	2
mr	2
move	2
mourning	2
mournful	2
mourn	2
mouldered	2
moulder	2
mould	2
mossy	2
moss	2
mortals	2
mortal	2
months	2
monster	2
mong	2
modest	2
moaning	2
mississippi	2
miss	2
misfortune	2
mirth	2
ministers	2
mingle	2
millions	2
mild	2
merry	2
memories	2
melts	2
melodies	2
meets	2
mecca	2
meadows	2
martyr	2
marching	2
mantle	2
majesty	2
magnolia	2
lurked	2
lurid	2
loveliest	2
lovelier	2
longing	2
longed	2
loneliness	2
lone	2
living	2
listened	2
linked	2
lingers	2
line	2
lightnings	2
lifted	2
lifeblood	2
leaving	2
least	2
lattice	2
large	2
lament	2
lakes	2
knowing	2
kneel	2
knee	2
kissed	2
keep	2
jubilee	2
journeyed	2
jo	2
io	2
inward	2
inscribed	2
inner	2
indian	2
ideal	2
ice	2
hymn	2
hush	2
hunter	2
hunt	2
hum	2
horizon	2
honoured	2
homeward	2
homes	2
homely	2
higher	2
hide	2
heroic	2
heroes	2
hemmed	2
help	2
heights	2
heaving	2
heavens	2
heartless	2
healing	2
hapless	2
halo	2
hadst	2
h	2
guilt	2
growing	2
grieve	2
greenville	2
greece	2
graves	2
grateful	2
graces	2
gold	2
gods	2
goddess	2
gleesome	2
glee	2
gladness	2
glad	2
give	2
girls	2
giddy	2
gem	2
gazelle	2
gathering	2
gather	2
gallant	2
fullness	2
frozen	2
frowned	2
fro	2
friends	2
friendly	2
freshness	2
frenzy	2
freemen	2
fray	2
frantic	2
frame	2
forming	2
forgotten	2
forever	2
fore'er	2
footed	2
fondly	2
folded	2
flying	2
fluttering	2
floating	2
flesh	2
fleecy	2
fingers	2
filling	2
feelings	2
feed	2
fastnesses	2
fare	2
famine	2
falling	2
fairies	2
faints	2
fade	2
eyelids	2
exile	2
exhaustless	2
evil	2
everywhere	2
eukalle	2
eternity	2
essence	2
erring	2
epitaph	2
enshrined	2
ensanguined	2
ended	2
endear	2
enchanted	2
emblems	2
elysian	2
eloquent	2
elf	2
efface	2
echo	2
earlier	2
dwells	2
drives	2
dreaming	2
dread	2
drank	2
doubly	2
doth	2
dost	2
domestic	2
dome	2
divinity	2
divide	2
distance	2
dimly	2
did	2
dian	2
dew	2
detraction	2
despot	2
desire	2
depths	2
depart	2
demeanour	2
dell	2
delight	2
deepest	2
deeds	2
deadly	2
darkly	2
danger	2
d	2
cupid	2
crystal	2
crags	2
cooling	2
cooing	2
contain	2
collected	2
cluster	2
close	2
cling	2
cliffs	2
cleave	2
clear	2
clasp	2
clad	2
circling	2
churubusco	2
choral	2
chime	2
cherished	2
cheerless	2
cheer	2
cheek	2
charmer	2
chance	2
chamber	2
cell	2
cedars	2
catch	2
cascade	2
car	2
canst	2
can't	2
byron	2
butlers	2
butler	2
bury	2
burial	2
buoyant	2
brooks	2
brook	2
brings	2
breathes	2
bowed	2
bow	2
bought	2
boughs	2
both	2
bore	2
bones	2
blossoms	2
blooms	2
bloomed	2
blistered	2
blighted	2
blends	2
blend	2
bleeding	2
bled	2
binds	2
billows	2
bestowed	2
bend	2
believe	2
behold	2
beheld	2
begun	2
begin	2
beetling	2
beat	2
beaming	2
beach	2
bayonet	2
battling	2
bathe	2
banks	2
awhile	2
autumnal	2
attending	2
athens	2
asleep	2
ask	2
ashes	2
arch	2
appear	2
answered	2
angelic	2
ample	2
ambition	2
altar	2
already	2
alps	2
almost	2
album	2
aiden	2
agonies	2
ages	2
affright	2
affections	2
aerial	2
across	2
abroad	2
.'	2
'"	2
£	1
zest	1
yoked	1
yielded	1
yeoman	1
yell	1
yearly	1
year	1
yards	1
wronged	1
wrong	1
writhes	1
wretched	1
wretch	1
wrestle	1
wrecked	1
wreck	1
wreak	1
wrathful	1
wrath	1
wrapped	1
wounds	1
worthiest	1
worthier	1
works	1
working	1
wooed	1
woody	1
woodland	1
woodbine	1
wondrously	1
wondrous	1
wonderful	1
wonder	1
womb	1
withers	1
wiped	1
wins	1
willing	1
willie	1
wilds	1
wilder	1
wife	1
wields	1
widowed	1
widow	1
widening	1
wicked	1
whosoever	1
whither	1
whistling	1
whispery	1
whisperings	1
whirlpool	1
whirling	1
whirled	1
whirl	1
whetted	1
whether	1
wherever	1
whatever	1
westward	1
wept	1
wended	1
wells	1
weight	1
weeps	1
weeping	1
ween	1
weeds	1
wee	1
wedding	1
wedded	1
web	1
wears	1
wearing	1
wearied	1
weaker	1
we'll	1
ways	1
waxed	1
wavelets	1
waterfall	1
watched	1
wasting	1
wasted	1
waste	1
wassail	1
washes	1
warring	1
warms	1
warmhearted	1
warbling	1
warbled	1
want	1
wanderer	1
walling	1
walled	1
waken	1
wake'with	1
wailful	1
wage	1
wafts	1
vultures	1
volcanic	1
void	1
vivifying	1
vivid	1
visitor	1
viperous	1
violin	1
violets	1
violet	1
vines	1
villain	1
view	1
vies	1
victorious	1
victims	1
victim	1
vex	1
vestal	1
vest	1
vespers	1
verse	1
verge	1
verdant	1
vent	1
venerated	1
venerate	1
veins	1
various	1
vapours	1
vapour	1
vanity	1
valour	1
valiant	1
vales	1
vague	1
uwmu^	1
utopian	1
usurps	1
usurping	1
usurped	1
usual	1
ushering	1
useless	1
uppermost	1
unwieldy	1
unversed	1
unvailed	1
unuttered	1
untrue	1
untempled	1
untasted	1
untarnished	1
unsuspecting	1
unsteady	1
unseals	1
unsculptured	1
unrest	1
unremembered	1
unprisoning	1
unobtrusive	1
unnoticed	1
unmeasured	1
unmarred	1
unless	1
unite	1
union	1
unholy	1
unfurled	1
unfaithful	1
unending	1
unembittered	1
undine	1
undefined	1
uncreated	1
unconscious	1
unconquerable	1
unclouded	1
unbosomed	1
umm	1
u	1
tyrian	1
tyrants	1
types	1
twixt	1
twin	1
turtle	1
turrets	1
turning	1
turned	1
tuneless	1
tuned	1
tune	1
tumult	1
tumbled	1
tuberose	1
try	1
trumpet	1
truer	1
troubled	1
tropics	1
tropic	1
trodden	1
triumphantly	1
triumphant	1
triumphal	1
triumph	1
tried	1
tribute	1
trembled	1
tremble	1
treeless	1
treasures	1
traveller	1
transport	1
transplanted	1
transient	1
tranquillize	1
trampling	1
tramp	1
trackless	1
towering	1
tower	1
towards	1
tour	1
tossed	1
torment	1
torchlight	1
torch	1
tops	1
tongues	1
tongueless	1
toneless	1
tone	1
tomorrow	1
tombstone	1
tolling	1
told	1
tokens	1
toil	1
toe	1
tj	1
tinting	1
tint	1
tiie	1
ties	1
tie	1
tides	1
thundered	1
thund'rous	1
thump	1
throw	1
throughout	1
throbbing	1
throat	1
thrilling	1
thrice	1
threatening	1
threaten	1
thoughtless	1
thoughtful	1
thorny	1
thither	1
thirsty	1
thirsting	1
thermopylae	1
thence	1
themes	1
thebes	1
theatrical	1
thank	1
tfwg	1
tf	1
test	1
ten	1
temptation	1
temples	1
tempestuous	1
tearful	1
teardrops	1
teachings	1
tartar	1
tameless	1
tamed	1
tales	1
talent	1
takes	1
taken	1
systems	1
syrius	1
symphony	1
sympathies	1
sylphs	1
swoop	1
swims	1
swimming	1
sweeter	1
sweeping	1
sway	1
swan	1
swam	1
suspended	1
surviving	1
surges	1
surely	1
supple	1
sunniest	1
sunnier	1
sunlit	1
sunken	1
sunk	1
sunbeams	1
sumner	1
summits	1
summers	1
suggestion	1
sudden	1
suckling	1
sucking	1
successive	1
succeeds	1
succeeding	1
succeeded	1
submissive	1
style	1
stygian	1
stuns	1
student	1
studded	1
stubborn	1
struggling	1
struck	1
strolls	1
strolled	1
strikes	1
stretch	1
street	1
streamlets	1
streamlet	1
streak	1
stout	1
storied	1
stirring	1
stirred	1
stings	1
stiff	1
stepping	1
stepped	1
step	1
steep	1
steeds	1
steady	1
starts	1
startling	1
started	1
starlight	1
starless	1
stand	1
stamped	1
stalwart	1
stale	1
stake	1
stains	1
stained	1
stage	1
stab	1
sprung	1
sprite	1
springtime	1
springs	1
sprang	1
spots	1
spotless	1
sports	1
sporting	1
sported	1
spiritual	1
spill	1
spicy	1
spelled	1
speechless	1
spears	1
spear	1
speaks	1
spartan	1
spark	1
spanned	1
spangled	1
span	1
sowed	1
sovereign	1
source	1
sounding	1
soul'was	1
sotoei\	1
sorrowing	1
soreis	1
sore	1
soothing	1
sooner	1
sonqiisj	1
songsters	1
songster	1
somif£iitf	1
somi	1
sometime	1
sombre	1
solemn	1
solely	1
sole	1
soldier	1
solace	1
soil	1
soften	1
society	1
social	1
sober	1
soars	1
soaring	1
soared	1
snowing	1
snot	1
snared	1
snaky	1
smw	1
smart	1
smaller	1
slumber	1
sluicing	1
slippery	1
sleeves	1
sleet	1
sleepless	1
slaves	1
slavery	1
slake	1
skulks	1
skirt	1
skims	1
skill	1
skilful	1
sjoos	1
siwl	1
siusii	1
sit	1
sirtl	1
sirocco	1
sire	1
sir	1
sipt	1
sip	1
sinless	1
sinks	1
sinking	1
singing	1
simzas	1
siller	1
silently	1
siilrifrieks	1
sightless	1
sickly	1
sicker	1
sicken	1
sick	1
shuts	1
shudders	1
shrouding	1
shroud	1
shriek	1
shown	1
showery	1
show	1
shouldst	1
shoreless	1
shooting	1
shepherds	1
shelly	1
sheen	1
shedding	1
sheath	1
shaped	1
shape	1
shaken	1
shaggy	1
servile	1
serf	1
sere	1
sepulchres	1
sepulchral	1
separate	1
senses	1
senseless	1
selfsame	1
self	1
seize	1
segi	1
seeks	1
seed	1
secure	1
secret	1
second	1
sebiff	1
seats	1
seashore	1
seashell	1
seared	1
seal	1
sculptor	1
scorpion	1
scorched	1
scoops	1
schoolmate	1
scholar	1
sceptred	1
sceptre	1
scents	1
scenting	1
scented	1
scath	1
scarcely	1
scarce	1
scampering	1
scales	1
saying	1
satisfy	1
satiated	1
sank	1
salt	1
saintly	1
sailed	1
sail	1
safety	1
sacrifice	1
sacredly	1
sable	1
sabbath	1
s0toi	1
russet	1
run	1
rulest	1
ruin	1
rugged	1
royal	1
routed	1
rout	1
roused	1
rosebuds	1
rosebud	1
roots	1
root	1
romping	1
rolled	1
roe	1
rocky	1
robs	1
robing	1
robbed	1
rob	1
roaring	1
roar	1
roams	1
roai	1
rivers	1
riven	1
rival	1
rite	1
risen	1
rippling	1
ripeness	1
ripe	1
ringing	1
ring	1
ridge	1
ride	1
riches	1
ribbons	1
reviving	1
reveres	1
reverential	1
revelry	1
revelling	1
revelled	1
reveals	1
revealing	1
returning	1
resumed	1
rests	1
resting	1
rested	1
resolve	1
resigned	1
reproachfully	1
repository	1
reposing	1
repeating	1
rent	1
renewing	1
renewed	1
renew	1
rends	1
render	1
remove	1
remorseful	1
remind	1
remembrancer	1
remaining	1
remained	1
remain	1
religious	1
relentless	1
reject	1
reigns	1
reigned	1
rehearsed	1
regrets	1
regiment	1
regain	1
refrain	1
reflect	1
record	1
recompense	1
recall	1
rebuke	1
reaping	1
reap	1
reality	1
read	1
reach	1
re	1
razed	1
rather	1
rasi	1
rash	1
raptures'rise	1
raptures	1
raptured	1
rapid	1
ranged	1
random	1
rally	1
raised	1
raindrops	1
raging	1
radiant	1
racked	1
quivering	1
quickly	1
quench	1
quarried	1
quake	1
pyramids	1
purely	1
purchase	1
pulse	1
puff	1
pruned	1
proved	1
protecting	1
protect	1
prosperous	1
propping	1
promise	1
promenade	1
prolongs	1
projecting	1
prized	1
privilege	1
pristine	1
prisoned	1
prison	1
print	1
princess	1
princely	1
prime	1
primal	1
priestess	1
priest	1
priceless	1
preyed	1
press	1
preserving	1
preserve	1
presentiments	1
presented	1
presage	1
prepare	1
premature	1
preacher	1
praised	1
prairie	1
pour	1
potent	1
portion	1
port	1
poplar	1
poorly	1
pools	1
pompey	1
pomp	1
polished	1
poisoned	1
pointed	1
poetry	1
poem	1
po	1
plunging	1
plunged	1
plumed	1
plumaged	1
plumage	1
ploughed	1
plighted	1
pleasure	1
playtime	1
plays	1
platonean	1
plastic	1
planting	1
planets	1
plan	1
plaint	1
plains	1
plague	1
pitying	1
pitiless	1
pipe	1
pins	1
pines	1
pilgrims	1
piled	1
pigmy	1
piercing	1
pierces	1
picture	1
phosphor	1
philosophy	1
phidian	1
phantoms	1
phantasma	1
pestilential	1
pestilence	1
person	1
perpetual	1
perished	1
period	1
perennial	1
perched	1
peopling	1
peoples	1
pennons	1
penitential	1
pen	1
peer	1
peeped	1
pebbles	1
pearly	1
pearled	1
peaks	1
pays	1
pavilion	1
patroness	1
patriots	1
patriotism	1
patriotic	1
paths	1
pastime	1
passing	1
passes	1
passage	1
parting	1
parents	1
parental	1
parent	1
pardon	1
parched	1
panting	1
panted	1
pangs	1
palmiest	1
palm	1
pall	1
paling	1
palestine	1
paler	1
paled	1
palace	1
pairs	1
paints	1
painter	1
painted	1
pains	1
paid	1
pacific	1
oz	1
owned	1
overlooked	1
overhung	1
overhangs	1
overhanging	1
overcast	1
outspread	1
outraged	1
outer	1
ourselves	1
ours	1
oss	1
orphan	1
organ	1
order	1
orchestra	1
orbed	1
orb	1
orat'ry	1
oppressive	1
opens	1
opened	1
op	1
oli	1
olden	1
oil	1
od	1
obscured	1
obscure	1
oblivion	1
obey	1
obelisks	1
oaten	1
oasis	1
oars	1
oaken	1
oak	1
o	1
nymphs	1
nymph	1
nveft	1
nurse	1
numerous	1
nov	1
nourished	1
nought	1
nostrils	1
north	1
nomads	1
noiseless	1
noblest	1
nm	1
nips	1
nip	1
ninety-six	1
nile	1
nightly	1
nightingale	1
nicker	1
newborn	1
nevermore	1
never-failing	1
netted	1
net	1
nerves	1
neither	1
neglected	1
neglect	1
needs	1
need	1
nay	1
natural	1
nation	1
naiads	1
mzms	1
mutual	1
muttering	1
musing	1
musical	1
muses	1
mused	1
murmured	1
murderer	1
mul	1
mud	1
much	1
mu&zuws	1
moving	1
moves	1
movements	1
movement	1
mouths	1
mouth	1
mourns	1
mournfully	1
mourned	1
mounting	1
moulded	1
motto	1
motionless	1
most	1
mosses	1
mortar	1
mortality	1
moorings	1
moor	1
mood	1
monuments	1
monument	1
month	1
montanic	1
moments	1
molly	1
modesty	1
moans	1
moaned	1
mn	1
mmi	1
mist	1
misery	1
mirror	1
miras	1
minnows	1
minion	1
minimis	1
mingling	1
mingles	1
minds	1
min	1
mimic	1
million	1
milky	1
miles	1
mightier	1
mightest	1
mien	1
middle	1
meteor	1
messenger	1
message	1
merrymaking	1
merriest	1
mermaid	1
mere	1
merciful	1
memphis	1
memorial	1
memnian	1
mem'ries	1
melted	1
mellow	1
melancholy	1
meeting	1
meekly	1
meek	1
meditate	1
meaning	1
meaner	1
mean	1
meads	1
mazes	1
mays	1
may'st	1
mauma	1
matter	1
maternal	1
mated	1
massive	1
mask	1
mary	1
martyred	1
martyrdom	1
marshy	1
marshes	1
mars	1
marks	1
marah	1
mar	1
mansions	1
mansion	1
manna	1
maniac	1
making	1
majestic	1
maid	1
magical	1
magic	1
maelstrom	1
madly	1
mad	1
ma	1
lyric	1
luxuriant	1
lutes	1
lustres	1
lusters	1
luscinian	1
luring	1
lured	1
lure	1
lunar	1
luna	1
lump	1
lulled	1
lovest	1
lovesick	1
lots	1
losing	1
lose	1
lorn	1
lore	1
lord	1
loosely	1
looking	1
longest	1
lonesome	1
loftiest	1
loathing	1
load	1
livelong	1
listen	1
list	1
lissa	1
lispers	1
liquid	1
lipped	1
lipp'd	1
lip	1
lined	1
lineaments	1
lineament	1
lina	1
limpid	1
limnered	1
lily	1
likely	1
lights	1
lift	1
lies	1
lick	1
lexington	1
lettered	1
lets	1
lessons	1
less	1
lent	1
lengthen	1
leaps	1
leaping	1
leap	1
leagued	1
leafless	1
leader	1
lea	1
lazy	1
lawn	1
laurels	1
laurel	1
laura	1
launched	1
latticed	1
latest	1
lately	1
lassie	1
laps	1
lap	1
languish	1
lake	1
laid	1
lace	1
kound	1
kosciusko	1
kosciuskas	1
koll	1
knows	1
knowledge	1
knowest	1
knoll	1
knelt	1
knell	1
kingly	1
kindliest	1
kills	1
kich	1
kends	1
keener	1
keen	1
keedy	1
katydid	1
jutting	1
jura	1
june	1
jtt	1
joyousness	1
joyous	1
jordan	1
join	1
jest	1
jehovah	1
jaw^ju	1
j	1
ivy	1
itt	1
isles	1
islands	1
iron	1
inwoven	1
invisible	1
intruding	1
intervening	1
interrupted	1
interpreter	1
intent	1
intense	1
intellectual	1
instilled	1
inspiring	1
inspiration	1
insect	1
insanity	1
inmate	1
inherited	1
inhaled	1
inhabiting	1
inhabited	1
informer	1
informed	1
influence	1
inflicted	1
infinite	1
infested	1
inferior	1
infamy	1
indwelling	1
indignation	1
independent	1
incision	1
incense	1
in'flowery	1
improvement	1
imperial	1
impassioned	1
immu	1
imbues	1
imagination	1
illumines	1
illumine	1
illumed	1
illimitable	1
ill	1
ik	1
ifaws	1
idols	1
idol	1
ida	1
i've	1
hymen	1
husband	1
hurrying	1
hurls	1
huntsman	1
hungry	1
hungering	1
humble	1
humanity	1
hueless	1
hued	1
hub	1
hovers	1
household	1
hounds	1
hotly	1
hot	1
hosts	1
hostile	1
host	1
hose	1
horrid	1
horn	1
hope'above	1
honeyed	1
honey	1
homer	1
hollow	1
holiday	1
holds	1
holding	1
hold	1
hobgoblin	1
history	1
hist	1
hindoo	1
hind	1
himself	1
highland	1
hies	1
hieroglyphs	1
hideous	1
hewn	1
hesperus	1
hesperides	1
hesper	1
hers	1
hereafter	1
heralds	1
herald	1
hera	1
henry	1
hellish	1
held	1
hedge	1
hectic	1
heavy	1
heaves	1
heaved	1
heave	1
heated	1
heat	1
heartsick	1
heartrending	1
hearth	1
heartfelt	1
hearted	1
heartbroken	1
health	1
healed	1
heal	1
he'd	1
hawthorn	1
haven	1
haunts	1
hath	1
hastened	1
hasten	1
harvest	1
harps	1
harmonious	1
harmonies	1
harmless	1
harlot	1
harbingers	1
hands	1
haloed	1
hallow	1
hair	1
hail	1
gypsy	1
gushes	1
gurges	1
guileless	1
guides	1
guard	1
grumbliug	1
growth	1
grown	1
grow	1
group	1
grope	1
groans	1
grinding	1
grim	1
grieving	1
griefs	1
greets	1
greeting	1
greenness	1
greene	1
greediness	1
grecia	1
grazing	1
graveyard	1
gratitude	1
grasses	1
grass	1
grappled	1
grapple	1
grant	1
grandeur	1
gracefully	1
gothic	1
gossamer	1
gory	1
gorgeous	1
golgotha	1
goldfinch	1
going	1
goddesses	1
goad	1
gnawed	1
glowed	1
gloriously	1
glories	1
gloomiest	1
globe	1
glittering	1
glistening	1
glisten	1
gliding	1
gleeful	1
gleam	1
glaring	1
gladly	1
gladiator	1
gladdening	1
girll	1
girlish	1
girlhood	1
girdle	1
gesture	1
gentler	1
generations	1
gazing	1
gazes	1
gated	1
gate	1
garlands	1
gardens	1
garb	1
gaping	1
ganges	1
gales	1
gain	1
gaily	1
fury	1
furious	1
funereal	1
funeral	1
fulfillers	1
fruits	1
fruitless	1
frowns	1
frown	1
fringe	1
frightful	1
frightened	1
frighted	1
freshly	1
freezing	1
freeman	1
freed	1
freakish	1
frames	1
founts	1
fountain	1
foundations	1
foul	1
forum	1
fortunate	1
fort	1
forsooth	1
forsake	1
formless	1
formerly	1
former	1
formed	1
forlorn	1
forked	1
forgetting	1
forgetfulness	1
forgetful	1
forefathers	1
foreboding	1
forced	1
force	1
foot	1
foolish	1
fool	1
food	1
following	1
followed	1
foes	1
foaming	1
foam	1
fluted	1
flute	1
flow	1
florence	1
floats	1
flitting	1
flitted	1
flit	1
flinging	1
fling	1
flickering	1
fleshpots	1
fleet	1
flees	1
fleaky	1
flattery	1
flashes	1
flapping	1
flaming	1
fixed	1
five	1
fit	1
firm	1
fires	1
fireflies	1
fioxa	1
finding	1
final	1
filius	1
filial	1
figure	1
fights	1
fiercer	1
fierceness	1
fiercely	1
fiend	1
field	1
fidelity	1
fevers	1
fevered	1
fetters	1
fetter	1
festive	1
fester	1
festal	1
fervent	1
fern	1
felon	1
feature	1
feathers	1
fears	1
feared	1
faydom	1
fawn	1
fatherland	1
fates	1
fated	1
fatal	1
fastened	1
fast	1
fantastic	1
familiar	1
fameless	1
fairer	1
failed	1
fadeless	1
faction	1
faces	1
eyried	1
exultant	1
external	1
explode	1
expire	1
expect	1
expansiveness	1
exhaust	1
exhaled	1
exemplars	1
exalted	1
exalt	1
evoke	1
evidences	1
eves	1
evermore	1
everlasting	1
ethereally	1
estate	1
essays	1
espies	1
esiiwv	1
erst	1
erect	1
erased	1
era	1
envenomed	1
entreating	1
entrance	1
entice	1
enterprise	1
enough	1
ennobled	1
engraven	1
enfolds	1
enduringly	1
endures	1
endure	1
ends	1
endowed	1
endless	1
endeavours	1
endears	1
endearing	1
endeared	1
end	1
encircled	1
enchantments	1
enchantingly	1
enamoured	1
emulated	1
emulate	1
emptiness	1
empire	1
emotion	1
emit	1
embryo	1
embraces	1
embody	1
embodiment	1
embalmed	1
em	1
else	1
eloquence	1
ellen	1
elfins	1
elements	1
electric	1
elder	1
either	1
eir)ehi5	1
eim&	1
egypt	1
eetraces	1
ecstatic	1
echoed	1
eastern	1
east	1
earthquake	1
earnest	1
earliest	1
eaglet	1
eager	1
dynasty	1
dwelled	1
dusk	1
dull	1
dug	1
drove	1
drop	1
droops	1
drive	1
drinks	1
drink	1
dress	1
dreary	1
dreamless	1
dreadful	1
draw	1
draught	1
draperied	1
downy	1
downward	1
doves	1
dovelike	1
doric	1
doomed	1
doom	1
done	1
dominion	1
dolphin	1
doloris	1
dollars	1
doleful	1
dogs	1
divinest	1
diviner	1
ditties	1
disturbs	1
distrust	1
distraction	1
distract	1
distilling	1
distilled	1
dissolving	1
dispenses	1
dispensed	1
dispelling	1
disordered	1
disorder	1
dismisses	1
disease	1
discover	1
discord	1
discarding	1
dirged	1
direful	1
dire	1
dipped	1
dinah	1
din	1
diffusing	1
different	1
dictates	1
df	1
dewdrop	1
detected	1
destruction	1
despots	1
despondent	1
despondency	1
desolating	1
desolately	1
desecrated	1
descending	1
descended	1
depth	1
deprive	1
deplore	1
departing	1
deny	1
den	1
demons	1
demon	1
demigods	1
delusions	1
deluding	1
dells	1
delights	1
delightful	1
delicate	1
delia	1
deity	1
defies	1
deepening	1
decrepit	1
decked	1
deck	1
december	1
dearly	1
deadlier	1
daylight	1
dawn	1
daughters	1
daughter	1
dats	1
dashed	1
darkens	1
dangerous	1
dancing	1
damsels	1
dale	1
daisy	1
daisies	1
daily	1
dagger	1
curtain	1
curse	1
current	1
curls	1
curl	1
curious	1
cultor	1
crying	1
crutch	1
crumbling	1
cruelty	1
crowned	1
crow	1
crossed	1
crime	1
crew	1
crested	1
crest	1
crept	1
creeping	1
creep	1
creeds	1
creatures	1
creature	1
creations	1
creation	1
crazy	1
crawling	1
crash	1
craggy	1
cradled	1
crack	1
cowardly	1
covering	1
course	1
couch	1
corpse	1
corner	1
corneille	1
core	1
cord	1
cora	1
coquettish	1
coolest	1
cool	1
converse	1
control	1
continue	1
contest	1
contents	1
consuming	1
constituted	1
consciousness	1
conquer	1
congregated	1
conflict	1
confidence	1
condor	1
comrades	1
comrade	1
complaints	1
companionship	1
companioned	1
compact	1
communing	1
communed	1
commotion	1
commend	1
comets	1
comet	1
combat	1
columbian	1
columbia	1
colours	1
colourless	1
coloured	1
college	1
coliseum	1
coldly	1
coincide	1
clown	1
cloudy	1
cloudless	1
clouded	1
clothes	1
closes	1
closer	1
closely	1
closed	1
clog	1
clip	1
clings	1
clime	1
clarion	1
clamorous	1
claims	1
claiming	1
claimed	1
cicada	1
churls	1
churchward	1
chordless	1
chord	1
choke	1
choirs	1
chisels	1
chimney	1
childish	1
cherubim	1
cherub	1
cherishing	1
cheering	1
chastener	1
chasing	1
charming	1
charity	1
chariot	1
chaplet	1
changeful	1
changed	1
cesar	1
ceasing	1
ceases	1
ceaseless	1
ceased	1
cave	1
casts	1
carved	1
carrying	1
carry	1
carolina	1
careworn	1
caressings	1
caresses	1
caress	1
cares	1
careering	1
cannot	1
cannon	1
cambridge	1
calling	1
callest	1
caged	1
cage	1
buzzing	1
bustle	1
bursting	1
burns	1
burnished	1
burned	1
burn	1
burdened	1
bulbul	1
built	1
bugle	1
buds	1
budding	1
bud	1
buckle	1
bubbling	1
bubble	1
brush	1
bruise	1
browsed	1
broods	1
brooded	1
brood	1
brokenhearted	1
bringing	1
bringest	1
brightness	1
brick	1
bred	1
breasts	1
breaks	1
breaking	1
brandished	1
branded	1
brand	1
branches	1
braiu	1
bowl	1
bounivards	1
boundless	1
bound	1
borrowed	1
bordering	1
border	1
bookworm	1
books	1
book	1
bonds	1
bondage	1
boil	1
bodied	1
boast	1
blushed	1
blush	1
blundering	1
blows	1
blown	1
blowing	1
blossomed	1
blossom	1
bloody	1
bloodstained	1
block	1
blithesome	1
blithe	1
blisses	1
blinded	1
blew	1
blessing	1
bless	1
blended	1
bleak	1
blaze	1
blasts	1
blasting	1
bland	1
blame	1
blackest	1
bishop	1
birthplace	1
birdlet	1
billion	1
bigot	1
big	1
bier	1
bewitching	1
bewailing	1
bevied	1
bests	1
bessie	1
bespeaks	1
beseechingly	1
benevolence	1
bending	1
beloved	1
belongs	1
beings	1
beholds	1
beguiling	1
befits	1
befell	1
bee	1
becomes	1
became	1
beautify	1
beauties	1
bearing	1
beard	1
beamed	1
beagles	1
beacon	1
bays	1
battlement	1
battlefield	1
battled'st	1
bathes	1
bathed	1
bat	1
basks	1
bascom	1
bars	1
barred	1
barefoot	1
barb	1
banner	1
bank	1
banish	1
ball	1
baffled	1
bade	1
bad	1
bacche	1
babbling	1
aye	1
awoke	1
awful	1
awake	1
avvision	1
avenge	1
avail	1
author	1
aureola	1
august	1
attractions	1
attentions	1
attend	1
attack	1
atmosphere	1
asunder	1
assumes	1
assumed	1
assail	1
aspiring	1
aspires	1
aspire	1
aspersed	1
asp	1
asks	1
asking	1
asked	1
ascends	1
ascending	1
ascend	1
artistic	1
artful	1
arrows	1
arrow	1
arrest	1
array	1
armour	1
armies	1
argue	1
ardour	1
ardent	1
archway	1
appeared	1
appealing	1
apparent	1
apart	1
antique	1
anthem	1
ankle	1
anew	1
andes	1
anarch	1
ambrosial	1
ambrosia	1
amaranth	1
am	1
always	1
although	1
aloft	1
allurements	1
allay	1
alike	1
airs	1
aio^ei	1
aghast	1
against	1
agaim	1
affectionate	1
aeolian	1
adversity	1
adorns	1
adorners	1
adore	1
adieu	1
adds	1
add	1
active	1
acquired	1
accustomed	1
absorbed	1
absence	1
ablaze	1
>7h0se	1
>	1
.,	1
.*.	1
.'"	1
)	1
(	1
'.	1
&£filff	1
!.	1
