,	1297
the	957
and	698
—	649
'	479
of	337
a	300
!	296
to	293
.	277
i	242
in	237
that	168
with	161
as	157
;	156
"	147
my	135
he	132
her	130
|'s|	125
an	124
it	108
his	103
all	98
me	97
on	95
like	93
you	88
but	86
is	85
she	84
|arabic2digit|	81
when	76
little	76
:	76
at	73
old	72
so	70
there	66
for	66
|arabic3digit|	63
where	59
o	59
they	54
we	53
was	53
from	52
be	52
him	51
over	43
wuz	42
out	42
not	42
one	41
no	41
down	41
jes	40
or	37
up	36
never	35
do	35
!"	35
what	34
?	34
fer	33
through	32
this	32
its	32
are	31
say	30
love	30
by	30
had	29
ever	29
then	28
our	28
now	28
eyes	28
us	27
their	27
away	27
see	26
night	26
man	26
long	26
er	26
while	25
way	25
boy	25
|arabic1digit|	24
round	24
yet	23
were	23
too	23
thy	23
some	23
back	23
will	22
may	22
heart	22
your	21
them	21
own	21
only	21
go	21
face	21
who	20
white	20
went	20
till	20
here	20
hear	20
come	20
song	19
said	19
mine	19
let	19
have	19
folks	19
ye	18
more	18
last	18
how	18
every	18
armazindy	18
upon	17
says	17
know	17
has	17
hand	17
could	17
',	17
today	16
things	16
thing	16
sing	16
air	16
time	15
thought	15
tell	15
still	15
name	15
child	15
again	15
world	14
well	14
though	14
sol	14
saw	14
nor	14
might	14
if	14
em	14
dream	14
done	14
about	14
sweet	13
smile	13
mocks	13
married	13
hands	13
girl	13
did	13
day	13
bride	13
bird	13
|romannumeral|	12
thus	12
sleep	12
sea	12
same	12
red	12
mock	12
light	12
home	12
ef	12
dreams	12
dear	12
above	12
yes	11
ust	11
than	11
rest	11
mother	11
mary	11
look	11
life	11
land	11
ist	11
ho	11
got	11
goodbye	11
good	11
gone	11
friends	11
first	11
fair	11
allus	11
words	10
wealth	10
voice	10
sun	10
once	10
line	10
king	10
hurrah	10
high	10
heard	10
feet	10
eye	10
didn't	10
dead	10
clear	10
can	10
ben	10
any	10
years	9
year	9
wood	9
whose	9
weary	9
voices	9
town	9
thou	9
these	9
tears	9
stars	9
sometimes	9
sight	9
river	9
right	9
pore	9
peared	9
make	9
made	9
looked	9
left	9
joy	9
god	9
find	9
far	9
each	9
door	9
dog	9
cause	9
brandywine	9
bout	9
before	9
bed	9
am	9
young	8
yit	8
wild	8
wet	8
walked	8
under	8
trees	8
thee	8
skies	8
run	8
place	8
ole	8
next	8
must	8
moon	8
men	8
lost	8
live	8
lips	8
laugh	8
knew	8
it's	8
into	8
i've	8
hearse	8
great	8
gold	8
found	8
even	8
earth	8
divine	8
dim	8
de	8
dawn	8
blue	8
bloom	8
alone	8
woman	7
winds	7
why	7
very	7
used	7
ud	7
two	7
trundle	7
tel	7
sunshine	7
such	7
soul	7
smiles	7
seems	7
seemed	7
school	7
rose	7
poor	7
pa	7
off	7
ner	7
looky	7
kindo	7
isles	7
house	7
heaven	7
head	7
he'd	7
half	7
hair	7
green	7
grass	7
glimmering	7
git	7
fun	7
fine	7
fancy	7
death	7
country	7
cap	7
best	7
beat	7
at's	7
along	7
."	7
-	7
wrought	6
winter	6
wide	6
vine	6
unknown	6
turned	6
think	6
they'd	6
themselves	6
stream	6
snow	6
smiled	6
sky	6
silence	6
sich	6
shore	6
room	6
ring	6
put	6
pray	6
ponchus	6
pie	6
past	6
noon	6
new	6
music	6
most	6
melody	6
lift	6
lide	6
less	6
lands	6
kissed	6
jule	6
jing	6
hope	6
hitherwhere	6
happy	6
glory	6
glad	6
friend	6
fish	6
feller	6
everything	6
don't	6
dews	6
days	6
comes	6
cheep	6
care	6
cannibal	6
can't	6
came	6
call	6
brow	6
brings	6
bright	6
both	6
blossoms	6
birds	6
big	6
below	6
bare	6
ballenger	6
ah	6
?"	6
(	6
yer	5
word	5
wind	5
wi	5
whole	5
whisper	5
which	5
wave	5
valley	5
understand	5
tried	5
tree	5
took	5
tongue	5
sung	5
summer	5
street	5
storm	5
stood	5
stay	5
stands	5
stairs	5
spy	5
speak	5
sound	5
sorrow	5
son	5
sings	5
silver	5
shook	5
she'd	5
roses	5
ribbon	5
rain	5
peace	5
path	5
pap	5
palm	5
open	5
nothin	5
near	5
muskingum	5
mouth	5
mew	5
memory	5
low	5
lines	5
leaves	5
laughter	5
knows	5
kind	5
i'm	5
he's	5
han	5
golden	5
goes	5
give	5
gaze	5
friendship	5
fool	5
fell	5
fambily	5
faith	5
f	5
empty	5
else	5
dreamer	5
doubt	5
delight	5
deep	5
couldn't	5
circus	5
childern	5
cheer	5
charley	5
brown	5
breast	5
bowed	5
bless	5
black	5
better	5
bent	5
baby	5
av	5
aside	5
arms	5
answer	5
ain't	5
ago	5
.'	5
';	5
yon	4
yesterday	4
wrong	4
wouldn't	4
would	4
won	4
wise	4
wine	4
window	4
weeping	4
wanted	4
walk	4
un	4
tune	4
tide	4
throne	4
tender	4
takes	4
sweeter	4
summertime	4
strong	4
state	4
sorry	4
songs	4
somers	4
soldier	4
smiling	4
side	4
set	4
seem	4
sad	4
rinktum	4
reach	4
rare	4
quite	4
pure	4
punkin	4
pigtail	4
picture	4
passed	4
other	4
ort	4
oo	4
need	4
morning	4
mind	4
mighty	4
master	4
maimie	4
maiden	4
ma	4
loves	4
loved	4
lo	4
lives	4
listening	4
liked	4
lifted	4
lids	4
leave	4
lay	4
laughing	4
laid	4
knowed	4
knee	4
kiss	4
kinkable	4
just	4
june	4
hopes	4
hidden	4
hi	4
held	4
guess	4
grown	4
grief	4
grasses	4
gran'mother	4
gran'ma	4
grace	4
gloom	4
gave	4
form	4
forgot	4
forgive	4
foot	4
flowers	4
flight	4
flag	4
fields	4
feel	4
farm	4
fame	4
fall	4
fairy	4
end	4
dumb	4
dreamed	4
distress	4
dat	4
cut	4
content	4
company	4
clean	4
certain	4
brought	4
breath	4
boston	4
blame	4
beneath	4
bay	4
barefoot	4
atmosphere	4
airy	4
after	4
across	4
'.	4
'!	4
"'	4
!)	4
you're	3
you'll	3
yi	3
yellowbird	3
wuzn't	3
wunst	3
worth	3
work	3
womanhood	3
without	3
within	3
wished	3
wings	3
wilde	3
wife	3
whilse	3
whether	3
weight	3
weeps	3
wears	3
wear	3
ways	3
waves	3
waters	3
watched	3
watch	3
washed	3
warm	3
war	3
wandering	3
wan	3
wall	3
walks	3
wake	3
wagon	3
vast	3
underneath	3
twixt	3
true	3
trill	3
told	3
times	3
thousand	3
thoughts	3
those	3
thinkin	3
they're	3
tenderness	3
tenderly	3
tall	3
talk	3
tale	3
strange	3
start	3
stain	3
splendour	3
spect	3
sounds	3
souls	3
sorto	3
something	3
slumber	3
slept	3
siren	3
sir	3
singing	3
simmer	3
sigh	3
shoulders	3
should	3
short	3
shine	3
shell	3
shall	3
shadow	3
sense	3
sand	3
sake	3
sailed	3
sae	3
s	3
roar	3
ripple	3
ripe	3
ringing	3
rich	3
reeds	3
realm	3
reached	3
rather	3
rapture	3
rapt	3
raise	3
question	3
queer	3
queen	3
prey	3
pressed	3
plan	3
pity	3
pink	3
pillow	3
piece	3
perfume	3
peoples	3
penny	3
pay	3
part	3
orlie	3
ones	3
ocean	3
note	3
neighbers	3
neck	3
nature	3
mysterious	3
muse	3
much	3
mr	3
mothers	3
morn	3
melodious	3
meet	3
meaning	3
matter	3
mate	3
mark	3
marched	3
makes	3
mad	3
lying	3
loveless	3
lord	3
looed	3
lonesomeville	3
lip	3
lilies	3
lightly	3
letter	3
leonainie	3
laughed	3
large	3
keer	3
joys	3
ither	3
inch	3
hunted	3
hours	3
hot	3
horse	3
hold	3
hired	3
heerd	3
hal	3
haired	3
hain't	3
hail	3
ha	3
gun	3
ground	3
grey	3
grew	3
greet	3
graves	3
goin	3
goddess	3
glittering	3
gleams	3
gleaming	3
get	3
gallant	3
full	3
freedom	3
free	3
frank	3
fore	3
folded	3
fly	3
flutter	3
floor	3
fire	3
feared	3
father	3
fat	3
falls	3
faint	3
everywhere	3
ere	3
either	3
ear	3
drink	3
dread	3
draw	3
dinner	3
dewy	3
dew	3
desolate	3
deed	3
dark	3
daddy	3
dad	3
cymbals	3
cry	3
crown	3
crosst	3
cross	3
craggy	3
crag	3
course	3
corn	3
confess	3
close	3
climb	3
clasp	3
clash	3
church	3
cheeks	3
cat	3
cares	3
calls	3
called	3
bust	3
bring	3
brave	3
body	3
boats	3
blur	3
blows	3
blind	3
blent	3
beautiful	3
banks	3
band	3
bad	3
azure	3
ay	3
art	3
another	3
angry	3
angels	3
angel	3
ane	3
ance	3
alive	3
alien	3
ache	3
)	3
!'"	3
!'	3
|arabic4digit|	2
youthful	2
youth	2
yield	2
yells	2
yea	2
ye'll	2
wy	2
wusst	2
wrote	2
wrongs	2
writ	2
wren	2
wound	2
worn	2
wore	2
woods	2
wondrous	2
won't	2
wish	2
wilds	2
wid	2
wholly	2
wherein	2
whale	2
wha	2
weeds	2
weed	2
wee	2
we're	2
we'll	2
waving	2
watery	2
wash	2
warned	2
wantin	2
wanderings	2
waken	2
waiting	2
wad	2
voiceless	2
visitun	2
view	2
victory	2
verse	2
verge	2
vengeance	2
vanished	2
vain	2
uz	2
use	2
uplifted	2
until	2
undulate	2
twins	2
twine	2
twas	2
twa	2
truant	2
tribute	2
trestle	2
tresses	2
tremblingly	2
treason	2
train	2
trail	2
track	2
toy	2
tossed	2
tords	2
tomorrow	2
tomb	2
toe	2
tis	2
tips	2
ties	2
thue	2
throb	2
thrills	2
thrilled	2
thrill	2
three	2
thread	2
thereof	2
thepuddin	2
theme	2
thanky	2
tha	2
th'asher	2
ten	2
teardrops	2
take	2
sympathy	2
swore	2
sweetly	2
sweetest	2
sure	2
supreme	2
suddent	2
suddenly	2
stylish	2
style	2
stroke	2
strings	2
streams	2
strand	2
story	2
stop	2
stock	2
stilled	2
stiddy	2
stew	2
stephens	2
stately	2
stand	2
staid	2
square	2
spring	2
spread	2
spray	2
spirit	2
spake	2
space	2
sounding	2
sort	2
soon	2
someway	2
somehow	2
solemn	2
soft	2
snows	2
sly	2
slow	2
sleeps	2
slave	2
size	2
since	2
silvery	2
silken	2
signs	2
sighs	2
showers	2
shoulder	2
shines	2
shet	2
shelf	2
shades	2
shade	2
sent	2
selfsame	2
seen	2
seek	2
secret	2
schoolhouse	2
schoolboy	2
scarce	2
save	2
sat	2
sandal	2
safe	2
ruther	2
runs	2
royal	2
roun	2
roll	2
rode	2
robin	2
road	2
respec	2
refuse	2
reddinhouse	2
real	2
ready	2
read	2
ray	2
rarest	2
ragged	2
rabbit	2
raal	2
quick	2
questioning	2
puts	2
pushed	2
purty	2
purest	2
pulled	2
puddin	2
proud	2
prone	2
promises	2
promise	2
profound	2
printer	2
primrose	2
pride	2
prayers	2
prayer	2
praise	2
poverty	2
pour	2
post	2
possession	2
possess	2
pop	2
pole	2
poet	2
poem	2
plums	2
plump	2
plenty	2
pleasure	2
played	2
play	2
piller	2
perversity	2
pen	2
peer	2
pee	2
pears	2
pear	2
peaceful	2
patriot	2
patience	2
pastures	2
parents	2
pallor	2
pain	2
pageant	2
ought	2
orchard	2
old-fashioned	2
often	2
odorous	2
occurred	2
number	2
nora	2
none	2
nobody	2
nightingale	2
nigh	2
nex	2
nest	2
neighbours	2
neighber	2
neglected	2
needed	2
naething	2
myself	2
murmuring	2
murmur	2
mule	2
mortal	2
more'n	2
moonshine	2
months	2
money	2
moaning	2
moan	2
misty	2
mist	2
miss	2
miserere	2
mirth	2
minute	2
mile	2
memories	2
melancholy	2
measure	2
me's	2
matchless	2
marvellous	2
marthy	2
lull	2
loyal	2
lowly	2
loving	2
lot	2
loom	2
looks	2
looking	2
longing	2
longer	2
log	2
living	2
listlessly	2
listen	2
lisp	2
lindy	2
likely	2
lighting	2
lifts	2
lie	2
liberty	2
lesson	2
led	2
least	2
leap	2
leaning	2
layin	2
lave	2
laughin	2
late	2
known	2
knowing	2
kitchen	2
kisses	2
kine	2
kindly	2
kindless	2
ken	2
keeps	2
keep	2
katydids	2
katydid	2
jokest	2
join	2
jinktum	2
jest	2
ivy	2
instead	2
impetuous	2
impatient	2
i'd	2
horns	2
hook	2
honest	2
homesick	2
holy	2
hole	2
hogs	2
history	2
hints	2
hinted	2
hills	2
hill	2
hide	2
herself	2
hero	2
hern	2
henry	2
hen	2
help	2
hearts	2
heads	2
he'ps	2
he'pped	2
he'll	2
hawk	2
hath	2
hat	2
happiness	2
haply	2
hadn't	2
guns	2
guise	2
growing	2
grim	2
grazing	2
grand	2
gran'pap	2
grain	2
gory	2
goodness	2
goodest	2
glove	2
glossy	2
glorified	2
gloamin	2
glimmer	2
gleam	2
glare	2
glamour	2
gladly	2
gimme	2
giddy	2
gazed	2
garden	2
gae	2
fur	2
frost	2
frog	2
fret	2
fresh	2
fragrance	2
four	2
forgetting	2
foolish	2
fond	2
follow	2
flung	2
floods	2
flick	2
firm	2
finger	2
fill	2
fight	2
felt	2
fellow	2
feathers	2
favourite	2
fairest	2
facts	2
fact	2
fac	2
fabulous	2
eyelids	2
ever'thing	2
eternally	2
envy	2
enough	2
enduring	2
echoes	2
echo	2
eat	2
dying	2
dust	2
dug	2
drums	2
drum	2
drowsy	2
drowning	2
drowned	2
drop	2
drivin	2
drive	2
drifting	2
drifted	2
dressed	2
dress	2
drawn	2
doom	2
doin	2
does	2
distance	2
disguise	2
discovered	2
dimmer	2
died	2
die	2
diadem	2
deid	2
deeps	2
deepest	2
dee	2
declare	2
darkness	2
dare	2
dangling	2
danger	2
dance	2
dainty	2
cunnin	2
crowd	2
crested	2
cows	2
county	2
cork	2
comprehend	2
command	2
cold	2
coax	2
clown	2
clothes	2
cliff	2
class	2
clang	2
claim	2
city	2
christmas	2
chirp	2
chin	2
children	2
childish	2
chicken	2
chicago	2
cheek	2
chase	2
charity	2
charge	2
card	2
car	2
calling	2
buy	2
burn	2
burden	2
buck	2
brung	2
brink	2
bridge	2
breeze	2
breakfast	2
brain	2
bosom	2
boot	2
boisterous	2
boat	2
bluebird	2
blowed	2
blossom	2
blooming	2
blinded	2
blew	2
blessed	2
blare	2
bit	2
birdy	2
bill	2
beyond	2
bends	2
belt	2
bell	2
being	2
begged	2
been	2
because	2
beauty	2
beats	2
bared	2
bard	2
bar	2
ball	2
babe	2
awed	2
awe	2
austin	2
aunt	2
asleep	2
artists	2
artist	2
arm	2
aprile	2
anything	2
answers	2
answered	2
amongst	2
always	2
also	2
almost	2
against	2
adrift	2
acrost	2
acrosst	2
1st	2
/	2
':	2
•br	1
zipped	1
youngsters	1
you've	1
you'd	1
york	1
yo	1
yip	1
yez	1
yellow	1
yeller	1
yell	1
yeers	1
yearning	1
yard	1
yallerhammer	1
yaller	1
yak	1
wusser	1
wuss	1
wundered	1
write	1
wrist	1
wrings	1
wreathe	1
wreath	1
wrathfully	1
wrangling	1
wowed	1
wounds	1
wot	1
wortermelons	1
worshipper	1
worshipped	1
worse	1
worms	1
worldward	1
worl	1
works	1
workin	1
wool	1
woody	1
woodshed	1
woo	1
wondering	1
woggy	1
woe	1
wobble	1
wives	1
wiv	1
withheld	1
withering	1
wite	1
wit	1
wistfully	1
wistful	1
wishin	1
wiper	1
winkin	1
wing	1
windy	1
windows	1
winding	1
windin	1
winders	1
wilson	1
willow	1
william	1
wiles	1
widower	1
widow	1
widest	1
wider	1
widder	1
wi'out	1
whoop	1
whizzin	1
whispers	1
whispering	1
whispered	1
whiskers	1
whirp	1
whipped	1
whim	1
whilst	1
whiles	1
wheels	1
wheeling	1
wheeled	1
wheelborry	1
whe^	1
whatever	1
whacks	1
western	1
west	1
weshin	1
wept	1
wended	1
weltery	1
welcome	1
weird	1
weir	1
wees	1
weep	1
weeks	1
wedded	1
wed	1
weasel	1
wearies	1
weak	1
waywardness	1
wayward	1
wavers	1
waveringly	1
waver	1
waterfall	1
water	1
watching	1
watches	1
wastin	1
wasted	1
waste	1
wassail	1
wasn't	1
washing	1
warmest	1
warmed	1
warblers	1
want	1
wandered	1
walls	1
wallow	1
walking	1
waking	1
wakin	1
wakens	1
waited	1
wait	1
waisted	1
wads	1
wadin	1
wade	1
voyagings	1
volney	1
vividly	1
vites	1
violet	1
vigils	1
vfy	1
vexeth	1
ventures	1
veil	1
veering	1
vassals	1
vanity	1
vanish	1
vale	1
vainly	1
vaguely	1
vague	1
vacant	1
uttering	1
utter	1
ut	1
usually	1
uris	1
urder	1
upward	1
upturned	1
up'ards	1
unwavering	1
unveil	1
untrammelled	1
unto	1
unsyllabled	1
uns	1
unreconciled	1
unrealized	1
unpurged	1
unlike	1
unguessed	1
unfathomed	1
unexpressed	1
undulant	1
undiscovered	1
understood	1
uncaressed	1
umbrella	1
um	1
u	1
typhoon	1
twuzn't	1
twitterings	1
twister	1
twis	1
twirling	1
twintorette	1
twinklings	1
twinklingly	1
twilight	1
twiggs	1
twenty-seven	1
twenty	1
tween	1
turns	1
turnpike	1
turnip	1
turn	1
tunes	1
tude	1
tucks	1
tucked	1
trysting	1
truth	1
trusty	1
trustin	1
trust	1
trumpet	1
trousers	1
troubling	1
troth	1
tropic	1
tromped	1
trod	1
tripping	1
trip	1
trimbled	1
tries	1
trickled	1
trick	1
trend	1
trembling	1
travels	1
trance	1
tramp	1
trailing	1
trailin	1
toys	1
toward	1
touches	1
touch	1
tosses	1
torn	1
tore	1
topped	1
toots	1
tones	1
tone	1
tomtit	1
toiled	1
toil	1
together	1
titterings	1
title	1
tithes	1
tip	1
tinselled	1
tinder	1
tights	1
tigers	1
tige	1
tied	1
tie	1
thundered	1
thumbs	1
thumb	1
thrush	1
throws	1
thrown	1
throughout	1
throngs	1
throbs	1
throated	1
thrift	1
threatened	1
threads	1
thout	1
thoughtful	1
thou'st	1
thole	1
thine	1
thin	1
thick	1
they'll	1
thessaly	1
thereafter	1
theirn	1
thegither	1
thefac	1
thaw	1
thatch	1
thanks	1
thankful	1
thank	1
th'owin	1
th'ashed	1
th	1
terbacker	1
tends	1
tend	1
tenable	1
tempested	1
tempe	1
tells	1
telegraph	1
teeming	1
tearful	1
tear	1
teamster	1
teams	1
teacher	1
teach	1
tea	1
tbove	1
tawdeey	1
tavurn	1
tavern	1
tattered	1
tater	1
tasselled	1
tapped	1
tap	1
tanned	1
talks	1
tales	1
takin	1
taken	1
tail	1
tabular	1
t	1
syne	1
syllable	1
swum	1
swoppin	1
swop	1
swoops	1
swooped	1
swoons	1
swoon	1
swollen	1
switch	1
swiped	1
swinging	1
swing	1
swimming	1
swimmin	1
swim	1
swawn	1
swate	1
swarmed	1
swain	1
surged	1
surge	1
surface	1
surf	1
surely	1
supper	1
superstitious	1
sunflowers	1
sunfish	1
sundays	1
sund'ys	1
sumptuous	1
sultana	1
sullied	1
sulking	1
sulkin	1
suit	1
sudden	1
suck	1
submission	1
subject	1
stylisher	1
styles	1
stubbed	1
struck	1
strongly	1
striving	1
stripes	1
striped	1
stripe	1
strife	1
stride	1
strewn	1
strew	1
stress	1
streets	1
streamer	1
streak	1
straw	1
strangest	1
stranger	1
strain	1
straight	1
stovepipe	1
stove	1
stormy	1
stories	1
stopped	1
stonebruise	1
stone	1
stirring	1
stinger	1
stick	1
steve	1
steps	1
step	1
steal	1
stave	1
starved	1
starve	1
stark	1
stared	1
star	1
stap	1
stanley	1
standards	1
stan	1
stake	1
stair	1
stains	1
stablished	1
stable	1
squint	1
sprinklin	1
springtime	1
sprang	1
spoon	1
spoke	1
splintering	1
splintered	1
splinter	1
spiteful	1
spite	1
spit	1
spill	1
speek	1
speech	1
specs	1
specially	1
spear	1
speaks	1
spatters	1
spatter	1
sparkling	1
sparkles	1
spare	1
spaniel	1
spangles	1
spangled	1
sovereign	1
south	1
souse	1
sought	1
soughing	1
sory	1
sorrowful	1
sorcery	1
soothliest	1
soothing	1
sons	1
songmaster	1
somewheres	1
somewhere	1
somepin	1
sofy	1
sod	1
sociabler	1
sobs	1
sobbed	1
sob	1
soar	1
soak	1
so's	1
snuggles	1
snowy	1
snowbird	1
snakes	1
snake	1
smutted	1
smothered	1
smoothed	1
smooth	1
smoor	1
smokin	1
smoke	1
smitten	1
smite	1
small	1
smack	1
slur	1
sloshed	1
sloped	1
slip	1
slimy	1
slight	1
sliding	1
slidin	1
slide	1
sleigh	1
sleet	1
sleeper	1
slaves	1
slaapin	1
skyrt	1
skuse	1
skite	1
skirts	1
skirt	1
skip	1
skinner	1
skill	1
skiff	1
sketch	1
sizin	1
sixteen	1
sit	1
sire	1
sips	1
sip	1
sins	1
single	1
singin	1
singer	1
sin	1
simple	1
signet	1
signal	1
sign	1
sights	1
sickly	1
sickles	1
sic	1
shy	1
shut	1
shuddered	1
shudder	1
shucks	1
shuckin	1
shrinking	1
shrine	1
shreds	1
shown	1
showered	1
shower	1
showed	1
shoved	1
shouldn't	1
shouldered	1
shot	1
shoreward	1
shorely	1
shoes	1
shocks	1
sho	1
shivered	1
shipped	1
shining	1
shifted	1
shift	1
shields	1
shielded	1
sheets	1
sheer	1
sheep	1
shaved	1
sharp	1
shares	1
shared	1
shapes	1
shalt	1
shallow	1
shakes	1
shaggy	1
shafts	1
shady	1
sewed	1
seventeen	1
settling	1
settlers	1
settin	1
setter	1
serving	1
servant	1
serfs	1
serenadin	1
seraphic	1
seraph	1
sentinel	1
sentiments	1
sending	1
send	1
sees	1
seeks	1
seeket	1
seeing	1
seein	1
seeds	1
seed	1
seat	1
seasons	1
season	1
seas	1
search	1
scurf	1
scrubs	1
scrubbed	1
scratched	1
scotch	1
score	1
scientific	1
schoolmate	1
schoolmaster	1
schoolin	1
sceptre	1
scenes	1
scattered	1
scarlet	1
scare	1
scar	1
scalds	1
sayin	1
sawed	1
saturdays	1
satin	1
sash	1
sapsuck	1
saplin	1
santy	1
sands	1
sanctity	1
saith	1
saints	1
sails	1
sail	1
sagging	1
saggin	1
saddest	1
sadder	1
sacred	1
sabbath	1
rusty	1
rust	1
rushes	1
running	1
runnin	1
rung	1
rule	1
ruddy	1
rubbed	1
roundelays	1
roundelay	1
rope	1
rondel	1
romp	1
romance	1
rolls	1
roller	1
rolled	1
rolf	1
rocks	1
rocked	1
robes	1
rober	1
robe	1
roast	1
roas'in	1
rise	1
rips	1
rippling	1
ripples	1
rinsed	1
ringworm	1
rings	1
rim	1
rill	1
rightfully	1
rigging	1
rigg	1
riding	1
rides	1
ride	1
rid	1
rickords	1
rickonciled	1
ribbons	1
rhythmic	1
rhymes	1
rhyme	1
rezm	1
reverently	1
reverent	1
revellers	1
revel	1
returned	1
return	1
rests	1
restlessly	1
restfulness	1
restful	1
resk	1
residin	1
repose	1
repeat	1
repay	1
renowned	1
rendur	1
remove	1
remorse	1
remember	1
rely	1
release	1
reigning	1
regardless	1
reel	1
reed	1
redressed	1
redress	1
redhead	1
redbreast	1
redbird	1
recurring	1
recognition	1
reckless	1
recess	1
recalling	1
reasons	1
rear	1
reality	1
reads	1
readin	1
reader	1
reaches	1
raw	1
ravine	1
rares	1
rarely	1
rank	1
range	1
rang	1
ranch	1
ran	1
rairies	1
raillery	1
raggedy	1
rag	1
race	1
raally	1
r	1
quote	1
quivered	1
quit	1
quip	1
quicker	1
quavers	1
quaintest	1
quaint	1
quailed	1
pyramid	1
pygmy	1
puzzle	1
puut	1
putsy	1
pushing	1
purtier	1
purse	1
purposuz	1
purpose	1
purple	1
purling	1
purifying	1
pups	1
puppy	1
puore	1
punctchul	1
punch	1
pumpkin	1
pump	1
pulse	1
puffs	1
pudding	1
psalm	1
prune	1
proved	1
prove	1
proudly	1
prospefn	1
prophesyin	1
prop	1
prong	1
promised	1
proffers	1
produc	1
printed	1
print	1
principul	1
prince	1
primer	1
presume	1
pressures	1
prayerful	1
prayed	1
prairies	1
power	1
pouted	1
postal	1
possum	1
portfolio	1
porch	1
popilation	1
pool	1
polks	1
pokeberry	1
poison	1
poise	1
pointer	1
poets	1
poetry	1
poesy	1
pocketbook	1
plunged	1
plume	1
plough	1
plethora	1
pleased	1
pleasant	1
pleasance	1
pleading	1
plans	1
planned	1
plait	1
plaintive	1
plain	1
plagiarise	1
placid	1
pizen	1
pitchin	1
piqued	1
pippin	1
pipe	1
pint	1
pins	1
pilut	1
pillowed	1
picks	1
pickin	1
philosopher	1
phase	1
phantom	1
petted	1
pervidin	1
perverse	1
perhaps	1
perfected	1
perducer	1
perdicted	1
perched	1
percession	1
per	1
pepper	1
penury	1
penned	1
pendent	1
pencil	1
peerless	1
peeps	1
peepin	1
peep	1
peek	1
peculiar	1
pecking	1
peck	1
pearantly	1
pealeth	1
peaches	1
paws	1
paved	1
pausing	1
paused	1
pause	1
pats	1
patient	1
pathways	1
patch	1
pasturmand	1
passions	1
passing	1
passes	1
pass	1
parry	1
paroquet	1
parker	1
pards	1
pard	1
paradin	1
parade	1
paper	1
pantomime	1
panteth	1
panted	1
pang	1
palsy	1
palsied	1
palms	1
palin	1
pale	1
pair	1
painter	1
paid	1
page	1
pacing	1
paapin	1
p'cise	1
oysturch	1
owing	1
owerhead	1
overweepeth	1
oversize	1
overly	1
overlook	1
overhead	1
outweep	1
outright	1
outfloated	1
oughtn't	1
others	1
ortn't	1
orphants	1
orphaned	1
orient	1
orders	1
ordered	1
orange	1
oracular	1
opulence	1
opposite	1
opal	1
oozy	1
onward	1
oft	1
of'lizabuth	1
och	1
occur	1
occupied	1
occasion	1
observation	1
nye	1
nvff	1
nursling	1
nursery	1
numerals	1
numb	1
nude	1
nrivable	1
nought	1
notion	1
notice	1
nothing	1
nosing	1
noses	1
noised	1
nohow	1
nobly	1
nine	1
niggah	1
nicht	1
niches	1
nibblin	1
nibble"yet	1
newton	1
news	1
newer	1
newcomer	1
nettle	1
netting	1
net	1
nerve	1
neptune	1
nen	1
nell	1
neither	1
neist	1
neighbourhood	1
neglect	1
neebor	1
nearer	1
neared	1
nay	1
naves	1
nation	1
natal	1
nary	1
narrow	1
nameless	1
named	1
nail	1
mystical	1
mystery	1
mutual	1
mute	1
muster	1
musingly	1
musically	1
musical	1
muscles	1
mus	1
murmurous	1
mummery	1
mumble	1
muddy	1
mowed	1
movers	1
mourning	1
mourn	1
mountain	1
motioned	1
mother'd	1
moss	1
morny	1
morbid	1
moralise	1
moorj	1
moonlight	1
mood	1
monkeys	1
mon	1
mommy	1
moment	1
mol	1
mocking	1
moans	1
moaned	1
mists	1
mistaken	1
missed	1
mirkest	1
mirk	1
mirages	1
mirage	1
minuet	1
mingling	1
minds	1
minded	1
millionaires	1
million	1
mill	1
milk	1
miles	1
mild	1
midsummer	1
midst	1
midnight	1
middle	1
mid	1
mi	1
metropolis	1
met	1
merry	1
merriment	1
mermaids	1
mercy	1
merciful	1
mens	1
melts	1
melted	1
melt	1
melodium	1
mellow	1
meets	1
meeting	1
meek	1
meed	1
meat	1
meant	1
means	1
meagre	1
meadow	1
maze	1
mays	1
matthews	1
match	1
mastery	1
masters	1
masterpiece	1
mast	1
marvellously	1
mart	1
marryun	1
marry	1
marrieth	1
marries	1
marriage	1
marked	1
marion	1
mariner	1
many	1
manners	1
mannered	1
man'll	1
maids	1
maid	1
mahlstick	1
madonna	1
madly	1
madaline	1
ma'am	1
lute	1
lusty	1
lustrous	1
lurid	1
lumps	1
lulled	1
lullaby	1
lucently	1
lowliest	1
lowing	1
lowed	1
lovin	1
lovers	1
lovely	1
loveliness	1
loveliest	1
lovable	1
loudest	1
lotty	1
lots	1
losin	1
lose	1
lordly	1
lopin	1
loosen	1
loose	1
loon	1
lookin	1
longin	1
longhaired	1
lonesomeness	1
lonesome	1
lonely	1
lone	1
loll	1
loiters	1
logs	1
locked	1
locality	1
local	1
loathful	1
loaferin	1
loaded	1
livin	1
lithe	1
lit	1
listened	1
lisps	1
lisper	1
liquor	1
linsey	1
lingered	1
limpid	1
lily	1
likes	1
lights	1
lightning	1
lifting	1
lies	1
lid	1
libitum	1
liable	1
leven	1
letters	1
lets	1
lent	1
lends	1
lemme	1
leered	1
lee	1
lectioneerin	1
leavin	1
learning	1
leapt	1
leans	1
leaned	1
lean	1
leak	1
lawzy	1
lawn	1
law	1
lavish	1
laurel	1
laughs	1
latch	1
lass	1
lashes	1
lark	1
largess	1
lard	1
lang	1
lane	1
landscape	1
landless	1
lan	1
lagoon	1
lady	1
lads	1
laden	1
lacked	1
lack	1
lace	1
labyrinths	1
laapin	1
la	1
knowin	1
knov	1
knocked	1
knights	1
knees	1
kneeling	1
kneading	1
knarl	1
km	1
kirkyird	1
kinks	1
kings	1
kindles	1
kindle	1
kin	1
killdee	1
kill	1
key	1
kettle	1
ketchin	1
ketched	1
kers	1
kept	1
kep	1
kenned	1
kelpies	1
keerin	1
keenly	1
keener	1
keen	1
katy	1
jutting	1
jungles	1
jujubee	1
juices	1
juice	1
jucks	1
joyed	1
jolt	1
jolly	1
joins	1
joined	1
johnny	1
john	1
jogglin	1
jocund	1
jocular	1
jingle	1
jilted	1
jewer	1
jests	1
jerked	1
jenn	1
jee	1
jedgment	1
jay	1
jaws	1
jargon	1
jammed	1
james	1
jacks	1
iwishwe'dletit	1
iw	1
ivies	1
iurnweeds	1
issue	1
isolated	1
irvin	1
invisible	1
invasion	1
interestin	1
interest	1
intents	1
intent	1
institution	1
inspiration	1
inner	1
infinite	1
infancy	1
indiana	1
indian	1
india	1
indefinite	1
indeed	1
increase	1
incoherent	1
inasmuch	1
impulse	1
improvident	1
implied	1
ilka	1
idol	1
idly	1
idle	1
ideally	1
icy	1
icicles	1
hymn	1
huzzas	1
huston	1
husk	1
hushed	1
hush	1
husbands	1
husband	1
hurts	1
hurry	1
hunting	1
hunters	1
hungered	1
hundred	1
humped	1
humoured	1
humankind	1
humanity	1
hulkin	1
hugged	1
hug	1
hub	1
howling	1
however	1
houses	1
hour	1
hottest	1
host	1
hosses	1
hornet	1
horn	1
horizon	1
hopty	1
hoppergrass	1
hopin	1
hopelessly	1
hopefulness	1
hooray	1
honours	1
honey	1
hominy	1
homes	1
homely	1
homage	1
holts	1
holt	1
holstein	1
hollyhocks	1
hollers	1
hollerin	1
holler	1
holes	1
holds	1
hobnobbed	1
hitchin	1
hitch	1
hintin	1
hint	1
hinder	1
highway	1
higher	1
hiding	1
hidin	1
hid	1
hey	1
het	1
herse'f	1
herschkelhiem	1
hers	1
heroine	1
heroes	1
heretofore	1
herds	1
hep	1
helmeted	1
heavy	1
heaving	1
heavenly	1
heave	1
heat	1
hearted	1
hears	1
hearing	1
hearin	1
heap	1
health	1
healed	1
heaifn	1
he'pless	1
hazy	1
haze	1
haven't	1
haunts	1
haunted	1
haunt	1
hateful	1
hate	1
hatchings	1
hatch	1
haste	1
harvest	1
harris	1
harp	1
harmony	1
hardly	1
hard	1
happily	1
happiest	1
happen	1
hangs	1
hangin	1
handmaids	1
handle	1
halting	1
halls	1
hall	1
hailed	1
habitation	1
ha'nted	1
h	1
gyve	1
gurgling	1
gum	1
guest	1
guessed	1
growed	1
grounds	1
gropin	1
grinned	1
grind	1
grin	1
grimy	1
grieved	1
grieve	1
greets	1
greenfield	1
greatest	1
grease	1
graveyard	1
graven	1
gravel	1
grave	1
gratefulness	1
grateful	1
grasped	1
grasp	1
grape	1
granny	1
grandmother	1
grandly	1
grandaunt	1
gradjully	1
gracious	1
graceless	1
gracefully	1
graceful	1
grabbed	1
gown	1
gossips	1
gossip	1
gossamer	1
gorges	1
gorge	1
goods	1
gooder'n	1
goggle	1
glowworm	1
glows	1
glowing	1
glorious	1
glories	1
gloomy	1
glittered	1
glint	1
glimmers	1
glided	1
glide	1
gleefully	1
glee	1
glass	1
glares	1
glancingly	1
glanced	1
giving	1
gives	1
giunts	1
girls'd	1
girls	1
gin	1
gimlet	1
gild	1
giggle	1
gifts	1
gifted	1
ghost	1
getting	1
gentlewomen	1
gentlemen	1
genius	1
gee	1
gazing	1
gazer	1
gathering	1
gather	1
gate	1
gasped	1
gargoyles	1
gang	1
galleon	1
gale	1
gaiter	1
gait	1
fy	1
fuzz	1
futurity	1
future	1
fust	1
fuss	1
further	1
furnishings	1
furloughed	1
furder	1
funny	1
funniest	1
fumblin	1
fuller	1
fugitive	1
fryin	1
fruited	1
froze	1
frown	1
front	1
fringes	1
frenzy	1
freeze	1
freeport	1
freehand	1
freeckle	1
freckles	1
fraught	1
frankw	1
framed	1
frame	1
frail	1
fourteen	1
fountain	1
fought	1
forward	1
fortune	1
forsaken	1
forninst	1
forms	1
forming	1
forgotten	1
forever	1
foreign	1
forehead	1
forebodings	1
footsy	1
footsteps	1
footed	1
food	1
fondly	1
fondle	1
fondest	1
following	1
follies	1
folk	1
folds	1
fold	1
foaming	1
fnj	1
fluttered	1
flummery	1
flows	1
flower	1
flowed	1
flow	1
floory	1
flooded	1
flitting	1
flit	1
flingin	1
fling	1
flinch	1
flies	1
flicker	1
fledgling	1
flavours	1
flashing	1
flashed	1
flash	1
flared	1
flanks	1
flame	1
fixes	1
fittified	1
fit	1
fists	1
fist	1
fishin	1
fishers	1
fisherman	1
fisher	1
firmest	1
firefly	1
finully	1
finding	1
filling	1
filled	1
filiate	1
file	1
figure	1
fifteen	1
fiddle	1
fickle	1
few	1
feverish	1
fevered	1
fetched	1
fervidly	1
fergot	1
fennel	1
feller'd	1
feign	1
feetle	1
feesh"\	1
feels	1
feeling	1
feed	1
feast	1
fealty	1
fatsy	1
fatherless	1
fate	1
fastest	1
fashion	1
farms	1
farmer	1
farewell	1
fares	1
fare	1
fantasies	1
fans	1
fanned	1
fancies	1
famous	1
famished	1
family	1
famb'iy	1
falters	1
faltering	1
fallow	1
falling	1
fairly	1
fairies	1
faintly	1
faintest	1
failure	1
fails	1
failin	1
failed	1
fail	1
faice	1
fade	1
faddery	1
eyeglasses	1
eyed	1
eyebrows	1
extry	1
extremely	1
exquisite	1
expression	1
explorer	1
exploded	1
expectant	1
exercised	1
everybody	1
ever'wheres	1
ever'body	1
evenings	1
evening	1
et	1
esteem	1
escape	1
eros	1
equalled	1
equal	1
epitaph	1
envoy	1
environment	1
enviously	1
entreatingly	1
entreat	1
enshrines	1
engage	1
ends	1
endowments	1
endorse	1
endlessly	1
endless	1
enchantment	1
emotion	1
embittered	1
elucidation	1
eloped	1
ellen	1
elephant	1
elements	1
element	1
elbows	1
eighteen	1
effective	1
effect	1
eechin	1
editor	1
edging	1
edgar	1
eddy	1
eddies	1
ecstatic	1
ecstasy	1
echoed	1
eastern	1
ease	1
earthly	1
early	1
eagerly	1
eager	1
e	1
dusty	1
dusk	1
dure	1
dunbar	1
dun	1
due	1
duality	1
dry	1
drunkard	1
drowsily	1
drowse	1
drown	1
drove	1
drops	1
dropped	1
drooping	1
droll	1
driving	1
drives	1
driver	1
driv	1
drippings	1
drip	1
drinkin	1
driftage	1
drift	1
dries	1
drew	1
dreary	1
dreamless	1
dreamland	1
dreamjf	1
dreaming	1
dratted	1
drat	1
drapt	1
drapped	1
drapery	1
drap	1
drama	1
drain	1
dragon	1
draamin	1
dozed	1
doves	1
dove	1
dots	1
doth	1
dot	1
don	1
dolores	1
dolly	1
doing	1
dochter	1
divisions	1
diviner	1
ditty	1
distressed	1
dispatcher	1
dispatch	1
dismantled	1
dismal	1
dish	1
discount	1
discards	1
disastrously	1
disappeared	1
dip	1
dints	1
dinna	1
dingling	1
din	1
dimple	1
dies	1
didst	1
dhroopin	1
detest	1
dest	1
despite	1
despeft	1
despair	1
desk	1
desirable	1
designed	1
design	1
described	1
depend	1
denying	1
denied	1
defined	1
defied	1
defer	1
deesh	1
deepened	1
decorate	1
deceive	1
decay	1
debts	1
debt	1
dearest	1
dealt	1
dazzling	1
dazzle	1
dazing	1
dazed	1
daylight	1
dawnin	1
david	1
dast	1
das't	1
dancing	1
danced	1
dam	1
daisies	1
daintily	1
d	1
cyarpet	1
cute	1
customer	1
custard	1
cursed	1
currents	1
current	1
curled	1
curious	1
curdled	1
cumulative	1
culled	1
crypts	1
crust	1
crush	1
crumbled	1
cruise	1
crowned	1
crowded	1
crow	1
crossties	1
crossroad	1
croppin	1
crookin	1
crocodiles	1
croak	1
critic	1
criterion	1
crimson	1
cries	1
cried	1
crick	1
crescent	1
crept	1
creeks	1
creek	1
creditor	1
cream	1
crawl	1
crane	1
cramped	1
crags	1
cradle	1
crackers	1
cowden	1
cow	1
covet	1
covert	1
covered	1
courted	1
courage	1
couples	1
counterchange	1
count	1
counsel	1
coughs	1
couch	1
cottontail	1
corny	1
corns	1
cornet	1
coral	1
cookin	1
cooked	1
coo	1
control	1
consumpted	1
consent	1
connected	1
confidence	1
confessed	1
condescend	1
concern	1
composed	1
compassion	1
companionship	1
companion	1
comp'ny	1
communing	1
common	1
comforts	1
comfortin	1
comforted	1
comfortable	1
comfort	1
comer	1
colt	1
colour	1
collar	1
coin	1
cocoa	1
cockcraw	1
cockadoodle	1
coaxin	1
coat	1
coal	1
clumbed	1
cluckin	1
clubbed	1
cloven	1
clouds	1
cloud	1
closed	1
clock	1
clings	1
cling	1
climate	1
clearer	1
claus	1
classic	1
clasps	1
clamour	1
clamorous	1
claims	1
claimed	1
citron	1
citizen	1
chum	1
choppin	1
chokin	1
choked	1
chirrup	1
chipbird	1
chip	1
chintz	1
chimbly	1
chillily	1
chile	1
childishness	1
childerns	1
chickens	1
chewink	1
cheerfulness	1
cheerest	1
cheered	1
chawin	1
chaste	1
chasing	1
chasin	1
charles	1
chariot	1
chaos	1
chanted	1
changing	1
changes	1
change	1
chanced	1
chance	1
chalk	1
chairs	1
chair	1
cerulean	1
ceptin	1
century	1
ceiling	1
cease	1
caught	1
cattails	1
catsy	1
cathedrals	1
catch	1
cast	1
cash	1
case	1
cascade	1
carved	1
cart	1
carried	1
carpeted	1
carolled	1
caressing	1
caresses	1
caressed	1
caress	1
captured	1
capering	1
cape	1
canvassed	1
canvas	1
canopied	1
candle	1
camping	1
cama	1
cam	1
cages	1
cadence	1
caanan	1
byes'so	1
buzzard	1
butterfly	1
butler	1
buteherin	1
busted	1
bustard	1
business	1
bursting	1
burst	1
burning	1
buried	1
burial	1
bunny	1
bunker	1
bulldog	1
built	1
buggy	1
buffalo	1
buds	1
bud	1
bubbles	1
bubble	1
brush	1
brows	1
browed	1
brother	1
brook	1
brooding	1
bringin	1
bringed	1
brindle	1
brimming	1
brim	1
brightest	1
brighter	1
bridesmaids	1
breezes	1
breed	1
breathless	1
breasted	1
breaks	1
breaker	1
break	1
braver	1
bran	1
brambly	1
brambles	1
br	1
boys	1
box	1
bow	1
bounded	1
bought	1
bough	1
bottom	1
borin	1
border	1
books	1
book	1
boo	1
bonny	1
bone	1
bombazine	1
bold	1
bobbin	1
bob	1
bo	1
blush	1
blown	1
blow	1
blossoming	1
blossomed	1
bloomy	1
bloomed	1
blither	1
blithe	1
blinds	1
blindness	1
blessedness	1
blend	1
bleak	1
blazing	1
blazed	1
blast	1
blares	1
blankets	1
blanket	1
blamedest	1
blady	1
blade	1
blackness	1
blacker	1
blackbird	1
bizness	1
bite	1
bills	1
billow	1
biggest	1
biding	1
bi	1
bewildered	1
betwixt	1
between	1
bet	1
beside	1
benj	1
bending	1
bend	1
beltin	1
bells	1
believes	1
believe	1
belief	1
belated	1
bein	1
beholder	1
behold	1
begun	1
beguiled	1
bees	1
bee	1
bedrid	1
beckons	1
beckoning	1
beckoned	1
beck	1
beating	1
beatific	1
beasts	1
beam	1
beads	1
bayou	1
battlefield	1
battle	1
battalions	1
bats	1
bat	1
bass	1
basque	1
basket	1
base	1
barred	1
barmaid	1
banquet	1
banners	1
bank	1
bangin	1
bang	1
balmy	1
baith	1
baggage	1
backlogs	1
baboon	1
aye	1
awk'ard	1
awful	1
aware	1
awa	1
autumn	1
aunty	1
attitude	1
astray	1
ast	1
assurance	1
assigned	1
aspizen	1
ask	1
artless	1
artificial	1
articulate	1
array	1
around	1
armies	1
armed	1
argonaut	1
arched	1
april	1
apple	1
appears	1
appearin	1
appearantly	1
appear	1
app'inted	1
anywherel	1
anywhere	1
anyhow	1
ann	1
ankles	1
anither	1
animals	1
angered	1
angelhood	1
anderun	1
an'ma	1
amount	1
amethyst	1
amen	1
amber	1
altitudes	1
altar	1
aloud	1
allegory	1
alius	1
alert	1
alehouse	1
aleak	1
album	1
albeit	1
alarmingly	1
airs	1
airnt	1
ain	1
aimed	1
aid	1
ahead	1
agony	1
agmn	1
aglow	1
afternoons	1
afs	1
afore	1
affright	1
aemazindy	1
adzac'ly	1
adorning	1
add	1
aching	1
accordingly	1
accommodations	1
acclaim	1
abroad	1
aboon	1
abiding	1
abidin	1
abide	1
^	1
?'	1
8th	1
..."	1
...	1
*	1
('	1
'!"	1
";	1
":	1
",	1
"!	1
!-	1
!!!	1
!!	1
