,	247
and	230
.	135
the	132
my	88
i	86
to	75
of	75
|'s|	63
in	56
that	52
you	45
with	42
all	42
for	40
;	35
a	31
this	26
there	25
love	25
her	25
now	24
his	23
from	22
your	21
have	21
but	21
had	20
words	19
no	19
me	19
by	19
will	18
where	18
night	18
at	18
as	18
world	17
upon	17
heart	17
work	16
not	16
was	15
these	15
one	15
men	15
—	14
truth	14
things	14
some	14
more	14
is	14
again	14
years	13
sweet	13
life	13
here	13
"	13
who	12
through	12
on	12
long	12
he	12
each	12
day	12
came	12
we	11
soul	11
son	11
she	11
see	11
many	11
come	11
would	10
what	10
shall	10
over	10
made	10
last	10
him	10
face	10
?	10
'	10
yet	9
time	9
thoughts	9
thought	9
oft	9
mother	9
know	9
be	9
when	8
were	8
went	8
too	8
they	8
speak	8
so	8
seen	8
our	8
live	8
joy	8
i'll	8
has	8
god	8
evening	8
away	8
are	8
youth	7
turned	7
then	7
still	7
simple	7
say	7
old	7
nor	7
much	7
like	7
it	7
into	7
i've	7
faith	7
dreams	7
days	7
boy	7
within	6
well	6
walked	6
thus	6
success	6
should	6
saw	6
once	6
low	6
light	6
if	6
heard	6
grew	6
full	6
father	6
early	6
down	6
before	6
beauty	6
:	6
us	5
though	5
tell	5
strong	5
said	5
quiet	5
place	5
own	5
other	5
mind	5
might	5
man	5
little	5
let	5
i'd	5
house	5
hours	5
good	5
gone	5
first	5
door	5
daily	5
crowd	5
been	5
amid	5
young	4
word	4
won	4
which	4
voice	4
told	4
toil	4
times	4
such	4
straight	4
small	4
sit	4
scenes	4
pride	4
picture	4
perhaps	4
peaceful	4
passed	4
pass	4
out	4
or	4
only	4
nigh	4
never	4
near	4
may	4
master	4
keep	4
how	4
hope	4
honest	4
held	4
hear	4
hardened	4
great	4
fancy	4
eyes	4
dark	4
could	4
city	4
boyish	4
beside	4
asked	4
along	4
above	4
!	4
wild	3
whose	3
while	3
wares	3
wants	3
turn	3
try	3
trembling	3
trade	3
till	3
those	3
think	3
them	3
their	3
tears	3
tasks	3
talk	3
strength	3
strange	3
steps	3
step	3
speech	3
sought	3
sometimes	3
soft	3
set	3
sent	3
questioned	3
part	3
ore	3
off	3
none	3
must	3
memory	3
maddened	3
looks	3
look	3
lived	3
lips	3
learn	3
knows	3
knew	3
kept	3
hour	3
high	3
hearts	3
head	3
happy	3
hands	3
half	3
flesh	3
faded	3
earned	3
ear	3
dream	3
dipping	3
deep	3
dear	3
course	3
child	3
calls	3
brought	3
brings	3
book	3
another	3
youthful	2
you'll	2
year	2
worn	2
women	2
win	2
wealth	2
ways	2
way	2
watchful	2
want	2
walk	2
understood	2
true	2
troubled	2
tried	2
towers	2
toward	2
tis	2
tiring	2
throng	2
than	2
task	2
street	2
straightway	2
stooping	2
steal	2
stand	2
squared	2
spoken	2
spoke	2
spare	2
sorrow	2
soon	2
something	2
slowly	2
sleep	2
sledge	2
sits	2
silently	2
silent	2
sights	2
short	2
shine	2
shake	2
shafts	2
shadows	2
shadowed	2
seemed	2
save	2
saddened	2
sad	2
round	2
rose	2
river	2
right	2
rest	2
remember	2
rays	2
put	2
prayed	2
poverty	2
pool	2
pliant	2
pleased	2
please	2
played	2
play	2
pictures	2
peace	2
past	2
parting	2
outstretched	2
oak	2
nothing	2
notes	2
nature	2
name	2
music	2
moving	2
most	2
morn	2
month	2
moment	2
mill	2
milder	2
mighty	2
mid	2
meant	2
lost	2
longer	2
lofty	2
living	2
lives	2
lies	2
leave	2
lay	2
laughed	2
kindly	2
kind	2
join	2
its	2
iron	2
ill	2
hungry	2
humble	2
human	2
houses	2
hot	2
hopes	2
hoped	2
home	2
holds	2
hold	2
hills	2
heads	2
harsh	2
hard	2
guide	2
grey	2
green	2
goods	2
go	2
give	2
gifts	2
gentle	2
fuming	2
found	2
forth	2
few	2
fear	2
fathers	2
fast	2
far	2
failures	2
eye	2
ere	2
enough	2
earnest	2
dwelled	2
dome	2
deal	2
dead	2
dawn	2
crowded	2
cried	2
crept	2
costly	2
coming	2
comes	2
climb	2
choose	2
children	2
childish	2
cheer	2
changed	2
care	2
calm	2
brooding	2
bring	2
bought	2
blood	2
bitterness	2
better	2
beloved	2
bear	2
bade	2
back	2
art	2
arms	2
anxious	2
always	2
alone	2
about	2
."	2
о	1
л	1
ï	1
|arabic3digit|	1
younger	1
you've	1
yon	1
yield	1
y	1
write	1
worlds	1
woods	1
wood	1
wondrous	1
wonder	1
woman	1
wish	1
wind	1
wilder	1
wide	1
who'd	1
whispered	1
whisper	1
whirling	1
whichever	1
whatever	1
western	1
wept	1
weight	1
weep	1
weakened	1
we've	1
wavering	1
watch	1
warm	1
war	1
wanderer	1
wandered	1
walls	1
walking	1
wait	1
visions	1
violence	1
very	1
valued	1
valleys	1
vale	1
vain	1
used	1
up	1
untouched	1
until	1
unregretful	1
unkind	1
unharmed	1
undiscerned	1
understand	1
twould	1
two	1
twitched	1
twill	1
twilight	1
truer	1
trifling	1
tries	1
trials	1
trees	1
town	1
together	1
timid	1
thyself	1
thy	1
thumping	1
thou	1
thing	1
thickest	1
they've	1
thereby	1
test	1
tells	1
tearful	1
tarried	1
talking	1
tale	1
tact	1
table	1
swung	1
swing	1
swiftly	1
sure	1
supreme	1
supplies	1
supplied	1
sunbeams	1
sun	1
suffering	1
streets	1
storm	1
storehouse	1
store	1
stopped	1
stood	1
stone	1
stilly	1
sterner	1
steep	1
steel	1
stealing	1
stars	1
starry	1
starlit	1
standing	1
spend	1
sped	1
speaks	1
speaking	1
sounds	1
soundless	1
souls	1
sorrows	1
sons	1
songs	1
somehow	1
solitude	1
solemn	1
smiled	1
smile	1
slow	1
slight	1
sky	1
skinny	1
skill	1
sizzling	1
sisters	1
sincere	1
silver	1
shun	1
shrubby	1
shows	1
shown	1
shoulders	1
shop	1
shapes	1
shaggy	1
shadow	1
serve	1
senseless	1
sense	1
sends	1
send	1
sell	1
selfishness	1
self	1
seeing	1
secrets	1
secret	1
seas	1
search	1
sea	1
scene	1
scarce	1
satisfy	1
satisfied	1
same	1
sake	1
sadness	1
rushing	1
run	1
rooms	1
room	1
roof	1
rocks	1
righteous	1
rewards	1
revelled	1
returning	1
resound	1
resolve	1
refused	1
refreshed	1
reflecting	1
reflect	1
red	1
reborn	1
real	1
read	1
reaching	1
rasping	1
ran	1
race	1
quit	1
quietude	1
quickly	1
quickened	1
questioning	1
question	1
pure	1
purchase	1
pulseless	1
profit	1
pressed	1
prayer	1
poured	1
poor	1
pondered	1
plied	1
pleading	1
playful	1
planned	1
plainly	1
plain	1
pitfalls	1
pis	1
pensive	1
pen	1
pay	1
patrons	1
patron	1
paths	1
passions	1
pale	1
pains	1
pained	1
pain	1
overwork	1
otherwise	1
opening	1
olden	1
often	1
nursed	1
nude	1
nought	1
nooks	1
noisy	1
noises	1
noiseless	1
nobly	1
nights	1
next	1
new	1
neither	1
needful	1
necks	1
naked	1
mystic	1
mystery	1
muscles	1
morrow	1
mornings	1
months	1
modest	1
mingle	1
mine	1
minds	1
mien	1
message	1
memories	1
melancholy	1
measured	1
means	1
meaning	1
matter	1
mastery	1
mart	1
mark	1
manner	1
mankind	1
manhood	1
make	1
main	1
maid	1
luring	1
lowly	1
lower	1
loving	1
lover	1
loved	1
loud	1
lot	1
lodging	1
lit	1
listening	1
lingering	1
linger	1
lines	1
lighter	1
lie	1
lesson	1
lesser	1
length	1
least	1
learned	1
leans	1
lead	1
laws	1
law	1
later	1
late	1
lamp	1
lacked	1
lack	1
known	1
kisses	1
kinds	1
kindness	1
keen	1
joys	1
joyous	1
joyless	1
journeyed	1
joined	1
jerked	1
itself	1
inward	1
insects	1
inner	1
inconstant	1
implored	1
ignobly	1
idol	1
idleness	1
hungered	1
hung	1
hums	1
humid	1
humbly	1
humankind	1
household	1
homes	1
homely	1
hissing	1
hide	1
hid	1
hers	1
heedless	1
heaven	1
heated	1
he'd	1
hatred	1
hatless	1
hate	1
haste	1
harboured	1
happiness	1
hanging	1
hand	1
hallowed	1
haggard	1
grown	1
growing	1
grind	1
grim	1
grieved	1
griefs	1
greet	1
greenish	1
greed	1
greatest	1
grass	1
grandmamma	1
grand	1
grain	1
gowns	1
goodly	1
golden	1
going	1
goes	1
glow	1
gloom	1
glanced	1
glades	1
glad	1
gives	1
given	1
girls	1
girl	1
garner	1
gainst	1
gained	1
gain	1
future	1
further	1
furrowed	1
frown	1
friends	1
friend	1
freedom	1
free	1
fortnight	1
forms	1
forgot	1
fool	1
follow	1
foaming	1
fly	1
flushed	1
floating	1
fits	1
fitful	1
fingered	1
find	1
fill	1
fiery	1
fierce	1
fellow	1
feel	1
feed	1
fed	1
feared	1
familiar	1
false	1
falling	1
faithfulness	1
fairy	1
faint	1
failure	1
failed	1
fail	1
faces	1
faced	1
evil	1
every	1
ever	1
eve	1
estate	1
endless	1
ended	1
efforts	1
edge	1
echo	1
eat	1
east	1
earth	1
eager	1
duty	1
duties	1
drove	1
drive	1
dreary	1
dreamful	1
drawn	1
draw	1
drank	1
dozed	1
doubts	1
doubtful	1
doubt	1
doors	1
dog	1
do	1
distraction	1
distance	1
displeased	1
discontent	1
dipped	1
dine	1
din	1
dim	1
devotion	1
details	1
despair	1
desire	1
departed	1
denied	1
defect	1
deepest	1
deeds	1
deed	1
declared	1
daylight	1
darkening	1
darkened	1
dancing	1
cut	1
curved	1
cunning	1
crush	1
crowned	1
crossed	1
cross	1
crimson	1
craving	1
craned	1
cover	1
courage	1
corner	1
cooling	1
contents	1
content	1
complained	1
commingles	1
coloured	1
coin	1
clothed	1
closed	1
clashing	1
christ	1
chosen	1
chilled	1
chill	1
childhood	1
cheerful	1
cheek	1
change	1
chance	1
certain	1
cause	1
castle	1
carved	1
cares	1
career	1
called	1
call	1
burns	1
burned	1
built	1
budding	1
brute	1
bruised	1
brow	1
brotherhood	1
brother	1
brood	1
broken	1
broke	1
broad	1
bright	1
brief	1
breeze	1
breast	1
break	1
bread	1
brain	1
boys	1
both	1
bosom	1
bore	1
bliss	1
black	1
bitter	1
billows	1
beneath	1
bending	1
behind	1
begin	1
begging	1
began	1
became	1
beat	1
banks	1
backs	1
baby	1
awhile	1
attain	1
aside	1
artless	1
arrive	1
around	1
arose	1
arm	1
applause	1
any	1
answers	1
answer	1
anon	1
angry	1
angels	1
an	1
ambitions	1
ambition	1
am	1
aim	1
aid	1
ahead	1
ah	1
ago	1
age	1
against	1
afar	1
acts	1
[	1
