,	1504
the	948
.	709
and	492
of	456
to	309
;	305
in	287
a	265
|'s|	236
!	226
that	223
with	208
i	183
is	158
as	136
all	132
her	131
his	126
—	118
it	117
my	116
for	116
be	113
this	111
but	111
what	109
not	98
?	98
so	92
on	88
me	87
she	84
yet	79
are	79
at	77
when	76
no	76
he	76
from	76
by	75
their	74
thought	72
or	71
|arabic2digit|	68
have	68
will	67
"	67
still	66
now	66
here	65
soul	63
its	63
:	63
thy	60
one	60
love	59
like	59
life	59
there	55
was	54
may	54
heart	54
some	53
death	53
can	52
we	51
they	51
who	50
thee	49
how	49
has	48
then	47
though	44
if	44
god	44
more	43
must	42
where	39
thou	39
these	39
them	38
light	38
whose	37
were	36
out	36
our	35
which	34
time	34
had	34
an	34
face	33
would	32
sweet	32
him	32
day	32
while	31
through	31
those	31
name	31
long	31
doth	31
dear	31
such	30
shall	30
just	30
come	30
sight	29
far	29
eyes	29
upon	28
once	28
words	27
o	27
might	27
little	27
old	26
too	25
nor	25
heaven	25
ever	25
within	24
see	24
eye	24
today	23
than	23
place	23
own	23
never	23
'	23
years	22
us	22
every	22
each	22
do	22
away	22
."	22
year	21
world	21
very	21
near	21
into	21
dead	21
|arabic3digit|	20
|arabic1digit|	20
wish	20
well	20
spring	20
night	20
nature	20
make	20
last	20
glory	20
deep	20
could	20
before	20
white	19
seem	19
over	19
only	19
new	19
hath	19
happy	19
two	18
tears	18
since	18
seems	18
let	18
feel	18
child	18
breath	18
alone	18
ah	18
think	17
should	17
rest	17
power	17
mine	17
know	17
great	17
fair	17
been	17
beauty	17
you	16
mighty	16
made	16
hope	16
hold	16
even	16
earth	16
dark	16
again	16
after	16
tender	15
precious	15
oh	15
meet	15
look	15
lips	15
hand	15
art	15
word	14
thine	14
souls	14
sleep	14
set	14
man	14
joy	14
give	14
gave	14
fresh	14
flowers	14
fame	14
care	14
beautiful	14
work	13
till	13
spirit	13
other	13
living	13
full	13
form	13
breast	13
air	13
why	12
up	12
strange	12
sometimes	12
presence	12
poet	12
often	12
human	12
home	12
high	12
cast	12
|romannumeral|	11
whom	11
things	11
soon	11
seen	11
secret	11
most	11
lost	11
lo	11
leaves	11
late	11
keep	11
grave	11
gone	11
go	11
fall	11
faith	11
ere	11
else	11
decay	11
days	11
being	11
always	11
woman	10
strong	10
splendid	10
sea	10
past	10
pain	10
nought	10
music	10
many	10
low	10
leave	10
hear	10
genius	10
free	10
fancy	10
ear	10
did	10
common	10
clear	10
call	10
bound	10
apart	10
about	10
without	9
wide	9
wall	9
vain	9
unknown	9
thus	9
thoughts	9
thing	9
summer	9
stood	9
silence	9
save	9
reach	9
prayer	9
poor	9
mystery	9
men	9
loss	9
looks	9
line	9
left	9
land	9
immortal	9
grow	9
green	9
found	9
first	9
felt	9
fear	9
fate	9
fast	9
content	9
children	9
beyond	9
your	8
wonder	8
wind	8
way	8
wait	8
speak	8
smile	8
sigh	8
side	8
shore	8
said	8
play	8
peace	8
pale	8
ow	8
midst	8
loved	8
lies	8
lay	8
hide	8
heard	8
hast	8
grief	8
glow	8
forth	8
evening	8
dust	8
drew	8
dread	8
door	8
dim	8
die	8
daily	8
blessed	8
back	8
another	8
am	8
ago	8
age	8
|arabic5+digit|	7
young	7
wrought	7
wore	7
winter	7
wild	7
weep	7
unto	7
touch	7
take	7
t	7
simple	7
sense	7
same	7
ruins	7
ruin	7
room	7
rich	7
read	7
pure	7
perhaps	7
passion	7
open	7
oak	7
nothing	7
none	7
noble	7
need	7
much	7
mother	7
moon	7
miss	7
makes	7
looking	7
live	7
june	7
hour	7
hopes	7
holy	7
holds	7
half	7
good	7
golden	7
given	7
friend	7
forever	7
foe	7
finds	7
feeling	7
dream	7
deed	7
comfort	7
cold	7
city	7
chloe	7
cheek	7
cannot	7
birds	7
although	7
wing	6
wife	6
whole	6
wear	6
weak	6
wave	6
truth	6
tree	6
tonight	6
sublime	6
strength	6
stay	6
state	6
spread	6
sign	6
self	6
seemed	6
sad	6
sacred	6
s	6
rose	6
repose	6
regret	6
pride	6
passions	6
pass	6
part	6
nearer	6
move	6
mood	6
moment	6
minute	6
loves	6
longer	6
lives	6
linger	6
lilies	6
lest	6
less	6
leaving	6
large	6
known	6
king	6
ill	6
hundred	6
held	6
height	6
heavy	6
hearts	6
hands	6
h	6
greatness	6
flower	6
find	6
fierce	6
f	6
eternal	6
eager	6
down	6
does	6
dawn	6
comes	6
close	6
chill	6
chair	6
came	6
brow	6
brought	6
bring	6
both	6
bloom	6
blood	6
between	6
best	6
behind	6
awful	6
arise	6
any	6
angel	6
against	6
?"	6
youth	5
yield	5
yes	5
worn	5
wondrous	5
wherein	5
wedded	5
warm	5
want	5
walls	5
voice	5
used	5
turns	5
trust	5
true	5
towards	5
touched	5
toil	5
thousand	5
thank	5
sudden	5
stand	5
splendour	5
sons	5
sing	5
sin	5
shows	5
short	5
shines	5
sent	5
seek	5
seeing	5
say	5
sake	5
round	5
rome	5
rise	5
remembrance	5
remember	5
red	5
reached	5
quiet	5
quick	5
question	5
prove	5
press	5
perfect	5
ours	5
nearness	5
nay	5
nation	5
n	5
mouth	5
mount	5
morn	5
memory	5
memories	5
matter	5
m	5
looked	5
longing	5
longed	5
lived	5
lie	5
lets	5
lately	5
joys	5
j	5
itself	5
hers	5
greet	5
glad	5
gift	5
gautier	5
gate	5
future	5
follow	5
flight	5
feet	5
faces	5
evil	5
dying	5
dull	5
draw	5
doubt	5
divine	5
darkness	5
clay	5
christ	5
calm	5
burns	5
built	5
broken	5
brilliant	5
bright	5
breeze	5
breaking	5
blow	5
blossoms	5
blind	5
bear	5
bare	5
ay	5
along	5
afar	5
•	4
yesterday	4
ye	4
wood	4
winkelried	4
whether	4
violets	4
view	4
victory	4
unsaid	4
turning	4
turned	4
turn	4
tremble	4
trace	4
told	4
tiny	4
timid	4
thrown	4
thousands	4
thinking	4
test	4
temple	4
tell	4
taken	4
tablet	4
sweetest	4
stranger	4
storm	4
steals	4
steal	4
star	4
stands	4
sphinx	4
speech	4
space	4
sound	4
son	4
something	4
snowy	4
smiles	4
slow	4
sky	4
skill	4
silent	4
show	4
shine	4
shattered	4
share	4
shades	4
sees	4
seeking	4
secure	4
satisfied	4
ring	4
restored	4
rapid	4
put	4
pressed	4
present	4
powers	4
poets	4
pity	4
picture	4
parting	4
ones	4
off	4
nimes	4
motion	4
morning	4
months	4
mind	4
met	4
master	4
marble	4
lying	4
lover	4
lovely	4
lonely	4
linked	4
lent	4
length	4
leaf	4
laid	4
knew	4
kiss	4
island	4
inner	4
image	4
hush	4
hemmed	4
hardly	4
guest	4
grudge	4
grown	4
grey	4
greeting	4
graves	4
grace	4
gold	4
gloomy	4
gloom	4
gives	4
girl	4
gifts	4
friends	4
fragrant	4
flame	4
finger	4
filled	4
fill	4
father	4
falls	4
faithful	4
drink	4
draws	4
dies	4
died	4
dearest	4
cross	4
cover	4
colour	4
claim	4
childish	4
caesar	4
bride	4
brave	4
bounty	4
bounds	4
born	4
bless	4
birthday	4
bent	4
beneath	4
because	4
beauteous	4
bade	4
baby	4
autumn	4
artist	4
arnold	4
arm	4
answer	4
almost	4
)	4
(	4
■	3
wrong	3
wouldst	3
wise	3
wings	3
winds	3
whither	3
went	3
weight	3
wed	3
ways	3
wandering	3
waking	3
wake	3
waiting	3
vivid	3
vision	3
verse	3
vanished	3
valorous	3
valley	3
utterance	3
use	3
uplifts	3
unwonted	3
untouched	3
unrest	3
unlike	3
truly	3
trembling	3
treasure	3
tones	3
tone	3
tomb	3
together	3
thiophile	3
tenderness	3
telephone	3
tearful	3
tappan	3
tangled	3
swept	3
surprise	3
sure	3
subtle	3
struck	3
stretch	3
stones	3
stone	3
stole	3
stirred	3
stir	3
steel	3
start	3
st	3
sprung	3
springs	3
spirits	3
spent	3
spake	3
spain	3
south	3
sought	3
songs	3
solitude	3
solemn	3
solace	3
slumber	3
slowly	3
slip	3
sinking	3
single	3
singing	3
silver	3
shut	3
ships	3
shackles	3
serve	3
sculptured	3
scent	3
sails	3
runs	3
rock	3
ripe	3
right	3
restore	3
resign	3
reluctant	3
relief	3
relics	3
relic	3
recast	3
rapture	3
rain	3
proud	3
prophecy	3
poured	3
possibilities	3
poems	3
plighted	3
pleasure	3
people	3
pathway	3
passing	3
passed	3
parthenon	3
palace	3
oft	3
odour	3
october	3
ocean	3
noisy	3
neither	3
nations	3
nameless	3
naked	3
mystic	3
myriad	3
mountain	3
mould	3
mortes	3
mist	3
missed	3
mid	3
melt	3
meeting	3
mary	3
marathon	3
majesty	3
lose	3
longest	3
lone	3
lip	3
lifted	3
letter	3
knight	3
kissed	3
kept	3
keeps	3
jean	3
inmost	3
indeed	3
imperfect	3
impatient	3
hung	3
housed	3
hints	3
hellespont	3
head	3
grows	3
growing	3
grew	3
grateful	3
grand	3
gracious	3
glories	3
giant	3
gathered	3
gather	3
gates	3
garments	3
further	3
fruit	3
freedom	3
four	3
force	3
foot	3
flying	3
fly	3
flow	3
floating	3
fit	3
firmly	3
fiery	3
fell	3
feels	3
favour	3
fatal	3
familiar	3
faint	3
escurial	3
end	3
east	3
early	3
e	3
dumb	3
dry	3
dropped	3
drop	3
dreams	3
drawn	3
distance	3
delight	3
deformity	3
deepest	3
current	3
crossed	3
creed	3
country	3
countless	3
count	3
cost	3
conquer	3
colours	3
closed	3
circle	3
choice	3
chain	3
centennial	3
catch	3
carved	3
brood	3
broke	3
brings	3
breathed	3
boy	3
bore	3
book	3
body	3
boabdil	3
bliss	3
blessing	3
bitter	3
birth	3
bird	3
better	3
beside	3
below	3
bears	3
battle	3
base	3
band	3
backward	3
awe	3
asleep	3
arms	3
apple	3
appear	3
anger	3
angels	3
among	3
alhambra	3
alas	3
aigues	3
agassiz	3
across	3
absent	3
absence	3
*	3
!"	3
zone	2
zeal	2
yields	2
yielding	2
yearning	2
y	2
write	2
worthy	2
wooed	2
woodbines	2
wonted	2
wonders	2
woe	2
wo	2
wither	2
wished	2
win	2
willows	2
whittier	2
whispering	2
whisper	2
whence	2
wet	2
west	2
wept	2
welcome	2
weights	2
weeks	2
weakness	2
watching	2
watch	2
waste	2
washington	2
warfare	2
walking	2
walk	2
waited	2
vowed	2
von	2
virgin	2
violet	2
vine	2
vigils	2
victor	2
vessels	2
verdure	2
verdant	2
ventures	2
venice	2
veil	2
vast	2
valiant	2
vaguely	2
utterly	2
uttered	2
utter	2
useful	2
urn	2
untold	2
until	2
unseen	2
unheard	2
understand	2
uncertain	2
unaccustomed	2
ugly	2
tyrannous	2
twice	2
twelve	2
turrets	2
try	2
troth	2
trod	2
trim	2
trees	2
tread	2
towers	2
tower	2
toward	2
took	2
tomorrow	2
tie	2
tide	2
thyself	2
throws	2
throng	2
throbbing	2
thrice	2
three	2
thread	2
thither	2
third	2
thinks	2
thick	2
theirs	2
ten	2
tempest	2
tells	2
tear	2
taught	2
taste	2
sword	2
sweetness	2
sweep	2
sway	2
superstition	2
sunshine	2
sun	2
sumner	2
summon	2
sum	2
suddenly	2
struggling	2
struggled	2
struggle	2
strike	2
strife	2
stretched	2
strangled	2
strangely	2
strained	2
store	2
stern	2
step	2
stately	2
startled	2
standing	2
stained	2
springtime	2
spreading	2
spoke	2
sorrow	2
soothe	2
song	2
somewhere	2
somehow	2
soliloquies	2
soldiers	2
soil	2
softly	2
softer	2
sod	2
snows	2
smiling	2
smallest	2
small	2
slipped	2
sleeping	2
skyward	2
sit	2
singer	2
shuts	2
shrivelled	2
shining	2
shape	2
shadows	2
shadow	2
seventy	2
send	2
secrets	2
second	2
seasons	2
season	2
searching	2
searched	2
search	2
seal	2
sculptor	2
scarce	2
scale	2
says	2
saying	2
sat	2
sargasso	2
sank	2
sand	2
safe	2
sadness	2
rustle	2
run	2
ruddy	2
royal	2
rosy	2
roses	2
roman	2
rom	2
roll	2
robed	2
river	2
rising	2
rises	2
riddle	2
riches	2
richer	2
rhode	2
reverent	2
revelations	2
reveals	2
revealed	2
return	2
resting	2
reproof	2
reply	2
repeats	2
remembered	2
remain	2
relentless	2
recompense	2
recall	2
real	2
reading	2
reaching	2
re	2
ray	2
rather	2
rare	2
race	2
r	2
purple	2
prying	2
problem	2
print	2
primal	2
pressing	2
poverty	2
pour	2
possession	2
possessed	2
portal	2
pompey	2
point	2
plunge	2
pleasant	2
placed	2
pizarro	2
pitying	2
pink	2
pilgrim	2
peru	2
perchance	2
perception	2
peaks	2
passage	2
parted	2
parent	2
paradox	2
parable	2
panama	2
paints	2
pace	2
owned	2
outpour	2
outlines	2
outgrown	2
opportunity	2
obscure	2
object	2
numbs	2
nowhere	2
notes	2
north	2
noise	2
nightly	2
nigh	2
nevermore	2
nest	2
nerve	2
names	2
myself	2
multitude	2
moulded	2
motherhood	2
mortal	2
morrow	2
moor	2
monuments	2
mm	2
mixed	2
miracle	2
mercy	2
memorials	2
meets	2
means	2
mean	2
maybe	2
marvels	2
marvellous	2
martial	2
marked	2
mark	2
mail	2
maiden	2
maid	2
lofty	2
locks	2
ll	2
listless	2
listen	2
lion	2
links	2
link	2
lingers	2
limit	2
lily	2
lilac	2
lights	2
lightness	2
lighted	2
liberty	2
letters	2
lettered	2
lengthened	2
led	2
learned	2
leans	2
leaned	2
leading	2
latest	2
largely	2
lack	2
knowing	2
knoll	2
knights	2
knees	2
kneeling	2
kneel	2
kisses	2
kings	2
kindly	2
julia	2
joyous	2
jealous	2
isolated	2
io	2
inward	2
intimations	2
inspiration	2
inscription	2
inly	2
infant	2
incomplete	2
immortally	2
immortality	2
illness	2
idle	2
hushed	2
hurt	2
house	2
host	2
hoary	2
hoard	2
hint	2
himself	2
hides	2
hero	2
heritage	2
hereafter	2
hercules	2
hence	2
hen	2
heedless	2
hears	2
hearing	2
healing	2
hawthorne	2
having	2
haunts	2
haughty	2
hat	2
harmony	2
hark	2
hangs	2
hair	2
gulf	2
guilty	2
guileless	2
ground	2
groping	2
greetings	2
greek	2
grass	2
granada	2
gothic	2
goes	2
giving	2
get	2
gentle	2
gazing	2
gallant	2
g	2
fullness	2
fro	2
frieze	2
fragrance	2
foul	2
forget	2
forecast	2
forced	2
fool	2
fond	2
followed	2
folding	2
fluctuations	2
flitted	2
fix	2
fisher	2
fills	2
fig	2
fifty	2
field	2
fickle	2
few	2
fever	2
feelest	2
feature	2
feared	2
fancies	2
fancied	2
famous	2
fairer	2
fain	2
fail	2
expressions	2
everywhere	2
everything	2
evermore	2
eternally	2
et	2
error	2
epithalamia	2
entered	2
enter	2
enrolled	2
emptied	2
embrace	2
egypt	2
eden	2
eagle	2
duty	2
driven	2
dreaming	2
dreads	2
dower	2
dove	2
dost	2
done	2
divinity	2
distant	2
dissolve	2
dial	2
despite	2
despair	2
desires	2
depth	2
dense	2
delicious	2
deeds	2
dearer	2
darkest	2
darkened	2
daring	2
dare	2
daisy	2
daisies	2
cypress	2
cut	2
curtain	2
curse	2
cup	2
cunning	2
cry	2
crowded	2
crossing	2
cries	2
crescent	2
credited	2
covers	2
costliest	2
cool	2
control	2
constant	2
consecration	2
conscious	2
conquest	2
conquering	2
confidence	2
confession	2
compare	2
coming	2
columbus	2
colossal	2
clutch	2
cluster	2
closer	2
closely	2
clock	2
cling	2
clearly	2
clasp	2
clad	2
circumstance	2
christians	2
chords	2
chilling	2
cheer	2
check	2
charming	2
charm	2
charles	2
charged	2
character	2
change	2
chance	2
centuries	2
centre	2
caught	2
casting	2
cassar	2
cap	2
called	2
byron	2
burden	2
build	2
brook	2
broad	2
brilliance	2
briery	2
bridal	2
breathing	2
breathe	2
break	2
boyhood	2
bowers	2
bow	2
bounding	2
bough	2
bosom	2
blue	2
blows	2
blended	2
blazing	2
bidden	2
bewildered	2
betrayed	2
behold	2
begins	2
beginning	2
begin	2
began	2
beauties	2
beaten	2
beat	2
bearing	2
b	2
avails	2
aught	2
asterisk	2
asking	2
ashes	2
around	2
army	2
armour	2
arena	2
arch	2
antaeus	2
answering	2
andre	2
ancient	2
ample	2
amphitheatre	2
amethyst	2
also	2
almighty	2
allowed	2
akin	2
agony	2
adieu	2
added	2
adam	2
abuse	2
abandoned	2
#	2
!)	2
•i	1
»ilvf	1
»	1
«	1
£.;	1
|eath	1
|arabic4digit|	1
|	1
zeroed	1
zephyr	1
yped	1
yours	1
youngest	1
yielded	1
yellow	1
yard	1
wroughtest	1
wrote	1
writhings	1
wrinkled	1
wretchedly	1
wrestler	1
wrenched	1
wreathes	1
wreathed	1
wraps	1
wrapping	1
wound	1
worst	1
worship	1
worlds	1
worldly	1
works	1
woods	1
woodland	1
wooden	1
woo	1
womb	1
woke	1
woes	1
woeful	1
wm	1
wizard	1
withstand	1
withhold	1
withdrawn	1
witchery	1
witchcraft	1
wishing	1
wishes	1
wipe	1
winy	1
wintery	1
winging	1
wine	1
window	1
wilt	1
wilson	1
willing	1
wifehood	1
wield	1
widowhood	1
widowed	1
widely	1
whiteness	1
whist	1
whispers	1
whispered	1
whirls	1
whirled	1
whetting	1
wherry	1
wherefore	1
whelming	1
wheel	1
welcomed	1
weirder	1
weighs	1
weeping	1
week	1
weedy	1
wedged	1
weaveth	1
weary	1
wears	1
wearing	1
weariness	1
wearer	1
weapons	1
weaponless	1
wealthy	1
wayward	1
wax	1
waves	1
waved	1
water	1
watchful	1
war	1
wants	1
wanton	1
wanting	1
walled	1
wakest	1
wail	1
vying	1
vultures	1
vulnerant	1
vulgar	1
vow	1
voltaiie	1
voices	1
voiceless	1
voiced	1
vividly	1
vital	1
visitant	1
visions	1
virgil	1
vines	1
village	1
vilest	1
vice	1
vex	1
vestige	1
vestal	1
vermeil	1
verge	1
venture	1
venal	1
veins	1
veiling	1
veiled	1
vaults	1
vase	1
varied	1
vapory	1
vantage	1
vanquished	1
vanity	1
vanish	1
value	1
vainly	1
utumn	1
uttering	1
ut	1
ust	1
ushereth	1
upward	1
upturned	1
upshoot	1
uprising	1
uprises	1
uplifting	1
uplifted	1
unutterably	1
unshod	1
unsated	1
unobstructed	1
unmarred	1
university	1
universe	1
unity	1
unitize	1
unison	1
union	1
ungauged	1
unforgot	1
unfelt	1
unfathomed	1
unfamiliar	1
unequal	1
undying	1
undrawn	1
undone	1
undoes	1
undo	1
understood	1
undergoes	1
under	1
undefined	1
unclaimed	1
unchannelled	1
unanswered	1
unalienable	1
un	1
ultima	1
uch	1
uburn	1
typed	1
type	1
twilight	1
twenty	1
twain	1
turtle	1
turbid	1
turbaned	1
ts	1
truthful	1
trunk	1
trumpet	1
truest	1
truceless	1
trough	1
trophies	1
troop	1
triumphal	1
triumph	1
trite	1
triple	1
tried	1
trench	1
tremulous	1
tremor	1
trembles	1
treasures	1
treading	1
travels	1
traveller	1
translations	1
transformation	1
transfixing	1
transatlantic	1
tranquil	1
trait	1
training	1
train	1
tragic	1
track	1
traces	1
toys	1
town	1
towering	1
touches	1
tottering	1
tortured	1
tormenting	1
tore	1
torch	1
tops	1
tongue	1
tombs	1
toils	1
toiling	1
to'mete	1
tipped	1
tints	1
tint	1
times	1
tikes	1
tightened	1
tiberius	1
thrust	1
throw	1
throughout	1
throu	1
throne	1
throes	1
throat	1
thrills	1
thrilled	1
thrill	1
thrifty	1
threw	1
threescore	1
threatened	1
threading	1
thracian	1
thoroughfare	1
thorns	1
thorn	1
thk	1
thirty	1
thirteen	1
thirst	1
thinning	1
thin	1
thief	1
theophile	1
thdophile	1
thanked	1
terrors	1
terra	1
terebinth	1
tense	1
tenfold	1
tenderly	1
tend	1
telling	1
telleth	1
teasing	1
tax	1
task	1
target	1
tardy	1
tamarisk	1
talons	1
symmetric	1
swung	1
swords	1
swollen	1
switzers	1
swiftly	1
swift	1
swells	1
swelling	1
swellin	1
sweetly	1
swear	1
swaying	1
swayed	1
swarm	1
swallows	1
surprises	1
surpassing	1
surpassed	1
surfer	1
surface	1
supplying	1
superstitious	1
sunset	1
sunny	1
sunken	1
sundered	1
summons	1
summoned	1
summits	1
summit	1
sultanas	1
suggested	1
succeed	1
subtraction	1
subtly	1
subtlety	1
submission	1
sublimer	1
sublimely	1
struggles	1
structure	1
strow	1
strongest	1
stronger	1
strokest	1
stroke	1
stripping	1
strikes	1
stride	1
street	1
streamlet	1
streaming	1
stream	1
straw	1
stranded	1
strand	1
strain	1
straightway	1
straight	1
stork	1
stony	1
stolen	1
stirs	1
stirring	1
stinted	1
stillest	1
sternness	1
steps	1
stemmed	1
steer	1
steeples	1
steeped	1
stealing	1
steadier	1
stead	1
staying	1
stayed	1
statues	1
statesman	1
startles	1
stars	1
starry	1
starred	1
starlike	1
stark	1
stare	1
stalwart	1
staircases	1
stain	1
sss^p^ay	1
square	1
spurred	1
springtide	1
springing	1
spray	1
spot	1
sportive	1
sponged	1
spoken	1
spoils	1
splendours	1
spite	1
spires	1
spill	1
spile	1
speed	1
sped	1
spears	1
speaks	1
sparkle	1
sparing	1
spared	1
spare	1
spaniards	1
sown	1
sovereignty	1
sovereign	1
source	1
soundless	1
sounding	1
sounded	1
sou	1
sorry	1
sorrows	1
sore	1
sophia	1
soothing	1
soothes	1
sooner	1
sonnets	1
sombre	1
solve	1
soldier	1
softness	1
soft	1
soars	1
snow	1
sneer	1
snatch	1
snared	1
snare	1
smothered	1
smother	1
smote	1
smooth	1
smiled	1
slips	1
slide	1
slept	1
sleeps	1
sleeper	1
slay	1
slave	1
slain	1
skilful	1
skies	1
six	1
sits	1
sister	1
sinners	1
sink	1
sings	1
singleness	1
silken	1
signnl	1
signal	1
sights	1
sighting	1
sighs	1
sighing	1
sierra	1
sick	1
shy	1
shun	1
shrub	1
shroud	1
shrinerl	1
shrank	1
showing	1
shouldst	1
shoulder	1
shortest	1
shores	1
shoots	1
shook	1
shone	1
shock	1
shivering	1
ship	1
shield	1
sheltering	1
shelter	1
shed	1
sheathed	1
sheaf	1
shave	1
sharply	1
sharper	1
sharp	1
shares	1
shared	1
shapes	1
shalt	1
shallops	1
shakespeare	1
shaft	1
shady	1
shadowy	1
shadowed	1
shade	1
shackle	1
sha	1
sf^sv^ar	1
severely	1
severe	1
seventieth	1
seven	1
sets	1
serving	1
service	1
serried	1
serpents	1
sere	1
separated	1
sens	1
sempach	1
seldom	1
seeks	1
seed	1
seated	1
scythe	1
scorns	1
scorn	1
science	1
scenes	1
scarcely	1
scanty	1
scant	1
saw	1
saviour	1
satisfy	1
sang	1
salutamus	1
saints	1
saint	1
sailed	1
safety	1
safely	1
sadden	1
sacrifice	1
sa^ls	1
sa	1
ruth	1
rusty	1
rushes	1
running	1
rue	1
rubicon	1
royalty	1
rout	1
rosebuds	1
rosebud	1
roseate	1
ros	1
rooted	1
roof	1
rolling	1
rocks	1
robes	1
robe	1
rnigl	1
rivets	1
riven	1
rival	1
rite	1
risk	1
risen	1
rill	1
righteous	1
riddled	1
rib	1
rhymes	1
rhodian	1
revolution	1
revoked	1
reviving	1
revives	1
reveries	1
reverie	1
revere	1
revelry	1
revelation	1
revel	1
revealing	1
reveal	1
reunite	1
returning	1
retreating	1
retained	1
resurrection	1
rests	1
resteth	1
resolved	1
resistance	1
reserve	1
rert	1
reptile	1
repining	1
repeat	1
renegades	1
remotest	1
remembers	1
released	1
reins	1
reign	1
refused	1
refuge	1
reft	1
reformers	1
refoldest	1
reflections	1
reel	1
reeds	1
reed	1
redoubled	1
redemption	1
redeems	1
reddening	1
recognition	1
reckless	1
reboul	1
rebou	1
rebotil	1
reason	1
reappear	1
reads	1
reader	1
rca	1
rays	1
ravage	1
rarest	1
rarer	1
rarely	1
rapturous	1
ranks	1
ran	1
rains	1
railing	1
rage	1
radiance	1
quiver	1
quite	1
quips	1
quietly	1
quickly	1
questions	1
queen	1
qibpstoi	1
pyramids	1
pygmalion	1
putting	1
pushing	1
push	1
pursues	1
purl	1
purest	1
pulses	1
public	1
proves	1
props	1
proportions	1
promised	1
promise	1
profaners	1
profaned	1
proconsuls	1
prize	1
prisoners	1
prison	1
prince	1
primrose	1
priests	1
priceless	1
pretence	1
presses	1
presentient	1
presences	1
prefer	1
precincts	1
prayerful	1
prayed	1
pray	1
praises	1
praise	1
powerful	1
pours	1
pouring	1
potent	1
porticos	1
port	1
porch	1
populous	1
pondering	1
poignant	1
poignancy	1
poesy	1
plunged	1
plume	1
plucked	1
pluck	1
plough	1
plenty	1
pledged	1
pleasing	1
pleadings	1
pleading	1
plead	1
playful	1
plate	1
plants	1
plan	1
plaints	1
plaintive	1
plains	1
plain	1
places	1
pjfer^a&l	1
pinioned	1
pilgrimage	1
pile	1
piece	1
pictures	1
pictured	1
phrase	1
philanthropist	1
philadelphia	1
phidian	1
pheasant	1
pharaoh	1
petals	1
pet	1
pervades	1
pervade	1
perished	1
perish	1
peril	1
perfumes	1
perfidy	1
perfection	1
peopling	1
peoples	1
pent	1
pensively	1
pennons	1
penikese	1
pendule	1
peep	1
pearls	1
pay	1
pause	1
patriot	1
patmos	1
patient	1
path	1
passest	1
passer	1
parts	1
pardon	1
parapets	1
paralyse	1
paradise	1
pansies	1
pang	1
pane	1
pallid	1
palestine	1
paled	1
paint	1
painful	1
pained	1
pagan	1
paeans	1
p'or	1
owner	1
owl	1
ovv	1
overwhelmed	1
overshadow	1
overrun	1
overlook	1
overhears	1
overhead	1
overhang	1
overcasting	1
overawe	1
overarched	1
ovember	1
outward	1
outstrips	1
outstripped	1
outstretched	1
outside	1
outgrowth	1
outflow	1
oung	1
others	1
ostrich	1
oriflamme	1
orient	1
orever	1
ords	1
ordered	1
order	1
ordain	1
opening	1
onward	1
ong	1
oneness	1
omnes	1
omen	1
ome	1
oldest	1
older	1
olden	1
ofloveliest	1
offers	1
offer	1
offending	1
odours	1
octoher	1
obscures	1
obey	1
o'erhead	1
o'erhangs	1
number	1
novv	1
note	1
nostrils	1
noon	1
noisily	1
noiseless	1
ninety	1
nil	1
niche	1
next	1
newfound	1
nerves	1
neighbour	1
neglect	1
needing	1
needed	1
nectar	1
neck	1
necat	1
neath	1
nearly	1
nearing	1
navigation	1
natal	1
nat	1
narrow	1
named	1
mysterious	1
myriads	1
mutual	1
mutters	1
mussel	1
musingly	1
muscles	1
mummy	1
muller	1
mower	1
moving	1
moves	1
moveless	1
mourns	1
mourning	1
mournfully	1
mournful	1
mourn	1
mountains	1
mounds	1
mound	1
moulds	1
moulding	1
moulder	1
mossy	1
moslems	1
moslem	1
morituri	1
moors	1
moorish	1
moody	1
monument	1
month	1
monster	1
monotonously	1
monks	1
monarchs	1
monarch	1
models	1
mockery	1
moan	1
mix	1
missolonghi	1
misshapen	1
misery	1
misers	1
mirth	1
miracles	1
miracle#may	1
minstrels	1
minor	1
minds	1
millions	1
million	1
miles	1
midway	1
midnight	1
midland	1
methuselah	1
message	1
meshes	1
merry	1
merriment	1
meridian	1
mere	1
merciless	1
mends	1
memorial	1
mellow	1
melancholy	1
measure	1
meadows	1
meadow	1
mead	1
mazes	1
mayhap	1
maud	1
matters	1
mates	1
maternal	1
material	1
mate	1
matched	1
masterpiece	1
mastering	1
massive	1
masses	1
mass	1
marvel	1
martin	1
marsh	1
mars	1
marred	1
marie	1
march	1
manly	1
manifold	1
mandate	1
making	1
maker	1
maids	1
magnitude	1
madonna	1
mad	1
ma	1
m'ght	1
lyric	1
lustrous	1
lurch	1
lsf5	1
lowly	1
loving	1
lovers	1
loveliest	1
lovejy	1
lot	1
losses	1
lord	1
loosing	1
longitude	1
longings	1
longfellow	1
loa'gfelloiv	1
lls	1
littleness	1
listener	1
listened	1
liquefy	1
linking	1
linings	1
lining	1
lingering	1
lines	1
linen	1
lineless	1
lindens	1
limp	1
lilacs	1
likest	1
likeness	1
lightnings	1
lightning	1
lightest	1
lieth	1
lids	1
liberal	1
level	1
lesser	1
lessening	1
lend	1
leisure	1
leaveth	1
leaved	1
least	1
learn	1
leafy	1
leafage	1
leader	1
leaden	1
lead	1
lazarus	1
lays	1
layeth	1
laws	1
law	1
lavish	1
laurelled	1
laughter	1
laughs	1
laugh	1
latitude	1
latin	1
lateness	1
lasting	1
larger	1
languid	1
landscape	1
lands	1
lance	1
lamp	1
lain	1
ladies	1
labours	1
labour	1
la	1
l^rnjrie	1
knows	1
knowledge	1
knowest	1
knots	1
kneels	1
kith	1
kingly	1
kindred	1
kindling	1
kin	1
kills	1
keystone	1
kespea	1
ken	1
keeping	1
keenly	1
keenest	1
keen	1
jut	1
justice	1
july	1
judging	1
jsjofa	1
joyj	1
joyful	1
jousts	1
journeys	1
joined	1
john	1
jlr|pj|l	1
jihat	1
jewelled	1
jewel	1
jest	1
jealousy	1
je'nil	1
jars	1
january	1
j^^sln	1
izarro	1
its'store	1
it'if	1
isolate	1
isle	1
irun	1
iron	1
iplith	1
ioo	1
ioi	1
invading	1
invades	1
intrudes	1
intrude	1
interruption	1
interest	1
intense	1
instrument	1
instead	1
instant	1
inspiring	1
inspired	1
innovating	1
innocent	1
innocence	1
inflame	1
infants	1
infamy	1
increase	1
incense	1
impulsive	1
impotent	1
importunate	1
imply	1
implore	1
implies	1
impious	1
imperial	1
impelled	1
impede	1
impart	1
imminent	1
immense	1
illumining	1
ild	1
ijgsrjirl	1
ihe	1
ignorant	1
ignorance	1
ife^mal	1
ife	1
if^jsss^	1
ield	1
idst	1
i^^^srue	1
i've	1
i'm	1
i'd	1
hy	1
huts	1
hut	1
husband	1
hurts	1
hurled	1
hunger	1
hundredth	1
hundreds	1
humble	1
humanity	1
huge	1
hued	1
hue	1
hudson	1
hree	1
hoy	1
however	1
housewife	1
houses	1
household	1
hours	1
hou	1
hotly	1
hot	1
horror	1
horeb	1
hoofs	1
honours	1
honour	1
honest	1
homeward	1
hollow	1
holiest	1
holier	1
holding	1
hold'st	1
hitherward	1
history	1
hist	1
hisses	1
hinting	1
hintest	1
hinted	1
hinged	1
hidest	1
herself	1
herons	1
hermits	1
heretofore	1
herdsman	1
hemispheres	1
helpless	1
help	1
helmets	1
hell	1
heliotrope	1
helicon	1
heirship	1
hedge	1
heaves	1
heavens	1
heavenly	1
heave	1
heap	1
heads	1
headquarters	1
headless	1
he's	1
hazard	1
hawthorn	1
haunting	1
haunt	1
hatever	1
hated	1
hate	1
hastes	1
hasten	1
haste	1
harsalia	1
harp	1
harmonies	1
harm	1
hardened	1
hard	1
harbours	1
harbour	1
harassed	1
happiness	1
happened	1
halted	1
halberds	1
habit	1
gushes	1
guilt	1
guido	1
guess	1
guards	1
guard	1
grudgingly	1
growths	1
grope	1
groans	1
groaned	1
grieving	1
grieves	1
greenness	1
greener	1
greeks	1
greedy	1
greece	1
greater	1
gratitude	1
gratifies	1
grasses	1
grappling	1
grant	1
granite	1
grandpa	1
grandly	1
grandeur	1
granad.i	1
grain	1
graces	1
goth	1
gospel	1
gory	1
goodnight	1
goodness	1
goodbye	1
gondola	1
going	1
gods	1
goddess	1
goblets	1
gnarled	1
glows	1
glowing	1
gloves	1
glittering	1
glide	1
gleams	1
glass	1
glances	1
glance	1
gladness	1
giyes	1
girls	1
girlhood	1
girded	1
gird	1
ghosts	1
ghost	1
gentleness	1
gentian	1
genoese	1
generous	1
generations	1
generalise	1
gem	1
gazest	1
gazes	1
gaze	1
gauzy	1
gaul	1
gasss	1
gasping	1
garland	1
gardens	1
garden	1
gaps	1
gallo	1
galleys	1
gait	1
gains	1
gain	1
g&£3s	1
fulfil	1
fruition	1
fruitful	1
frozen	1
fronts	1
fronton	1
fronting	1
front	1
frolics	1
fringed	1
friendly	1
fretted	1
frets	1
fret	1
freshness	1
freshly	1
freighted	1
freezing	1
fraternal	1
francois	1
france	1
frame	1
frail	1
fragment	1
fragile	1
fourscore	1
founder	1
fought	1
fortune	1
forms	1
formed	1
forlorn	1
forgiven	1
forfeit	1
forevermore	1
forestall	1
forespend	1
foreshows	1
forehead	1
forbear	1
follows	1
foliage	1
folded	1
fold	1
foiled	1
foes	1
fluttered	1
flutter	1
flush	1
flows	1
flowing	1
flowery	1
flowered	1
flowed	1
floor	1
flood	1
flocks	1
flocking	1
floats	1
floated	1
float	1
flinty	1
flies	1
flesh	1
flees	1
flee	1
fled	1
flavii	1
flashing	1
flash	1
flapping	1
flag	1
fitting	1
fitter	1
fits	1
firm	1
finished	1
finish	1
finest	1
finding	1
findest	1
filial	1
figured	1
fight	1
fiend	1
fields	1
fiat	1
fi^iil	1
fhoukl	1
fheir	1
fgg	1
fewer	1
fettered	1
fetes	1
fervour	1
fervid	1
fervent	1
fertile	1
fern	1
fellows	1
feeble	1
february	1
fears	1
fb.i.f.d	1
faults	1
faultless	1
fathomless	1
fathom	1
fatally	1
fashion	1
fascinate	1
farther	1
farewell	1
far-famed	1
fanned	1
false	1
falling	1
fallen	1
fairness	1
faintly	1
faintest	1
fails	1
fades	1
facing	1
fabled	1
fable	1
fa	1
eyelids	1
extremity	1
extreme	1
expression	1
experience	1
expect	1
exists	1
exiled	1
exchanging	1
excepted	1
ew	1
evoked	1
eves	1
everlasting	1
everk	1
eve	1
eulogy	1
eternity	1
estate	1
escape	1
erring	1
erom	1
er	1
equator	1
equal	1
epistle	1
envious	1
envied	1
entreat	1
enthroned	1
enters	1
ensphered	1
enough	1
enfolds	1
energy	1
endured	1
ends	1
endless	1
encircling	1
enchanting	1
enchains	1
emnant	1
eluding	1
eloquently	1
eloquent	1
elms	1
elephant	1
electric	1
eldest	1
eld	1
eiled	1
ehold	1
eggs	1
efore	1
effused	1
effeminates	1
ecstasy	1
eclipsed	1
echoed	1
echo	1
eastern	1
easter	1
ease	1
earthy	1
earnest	1
eagerly	1
dyed	1
dwelling	1
dwelled	1
dwell	1
due	1
drowsy	1
drought	1
dross	1
drops	1
drinks	1
drinking	1
drifts	1
dressed	1
dreary	1
drear	1
dreamy	1
dreamily	1
dreamed	1
dreadful	1
dreader	1
drained	1
doughty	1
doubtless	1
double	1
dormant	1
doorway	1
doom	1
dome	1
doleful	1
doings	1
doff	1
divulging	1
divinely	1
divide	1
distinctest	1
distills	1
dissolves	1
dispossessed	1
dismay	1
disjoined	1
disguise	1
disclose	1
disappointed	1
disappeared	1
dire	1
dimmed	1
dimly	1
differing	1
different	1
didst	1
diana	1
dew	1
devotion	1
devoted	1
devoid	1
device	1
devastating	1
dethroned	1
destroying	1
destiny	1
destined	1
despoiling	1
despised	1
desolate	1
desire	1
design	1
desert	1
descried	1
descend	1
depressed	1
deplored	1
depicted	1
depend	1
denis	1
denied	1
delights	1
deity	1
degrees	1
degree	1
defying	1
define	1
defiled	1
defaced	1
deeply	1
deeper	1
deepen	1
dedication	1
decrees	1
decree	1
decorate	1
decked	1
debauched	1
debauch	1
debased	1
deathless	1
deathblow	1
dealt	1
dealing	1
deal	1
deadly	1
de	1
dazzles	1
dawning	1
daughters	1
dashings	1
dashes	1
darts	1
darro	1
danvers	1
danger	1
damping	1
damp	1
dam	1
d	1
cycle	1
curve	1
curl	1
curious	1
cupola	1
crushing	1
crumbling	1
crueller	1
cruel	1
crowned	1
crown	1
crowding	1
croix	1
cripple	1
crimes	1
crest	1
crept	1
crenelled	1
creeps	1
creeping	1
creeds	1
creature	1
creations	1
create	1
crazeth	1
crave	1
craigie	1
craft	1
cradle	1
covered	1
cove	1
courts	1
courtiers	1
courtesy	1
course	1
counted	1
couldst	1
corroded	1
corridor	1
cornice	1
cords	1
coping	1
convulsive	1
convent	1
controls	1
controlled	1
contempt	1
contact	1
consumptive	1
console	1
consenting	1
consent	1
conscience	1
conquers	1
conqueror	1
conning	1
confusion	1
condemned	1
concourse	1
concord	1
concealed	1
comrades	1
comprehending	1
compensation	1
commanded	1
comforted	1
comfo	1
cometh	1
comest	1
colossus	1
coffin	1
coats	1
coarse	1
clusters	1
clustered	1
clumps	1
clothes	1
cloister	1
clog	1
clio	1
clings	1
clinging	1
climbs	1
clefts	1
clashing	1
claimed	1
cities	1
circus	1
circleth	1
churchyard	1
chrysalis	1
chosen	1
choristers	1
chooses	1
choose	1
chimney	1
childlike	1
childhood	1
cherished	1
cherish	1
cheat	1
chatelaine	1
chase	1
charmed	1
charger	1
chaotic	1
chaos	1
changing	1
changes	1
changeless	1
changed	1
chamber	1
challenge	1
chains	1
cesar	1
centenarian	1
censer	1
cenotaph	1
cells	1
celebrate	1
cedar	1
ceaseless	1
cease	1
ce	1
cavalier	1
cause	1
cato	1
catholic	1
cathedral	1
castor	1
castle	1
castilian	1
carthage	1
carry	1
carpeted	1
carolling	1
carnival	1
carnations	1
cari	1
careworn	1
caresses	1
caress	1
careless	1
captive	1
caprice	1
cape	1
canvas	1
canst	1
cambridge	1
calls	1
caliph	1
byes	1
busy	1
bursts	1
burst	1
burnt	1
burnished	1
burdens	1
buffeted	1
budded	1
bryant	1
brutus	1
brothers	1
brother	1
brooding	1
brooded	1
bronzed	1
bronze	1
bristles	1
brink	1
bringing	1
brimming	1
brilliants	1
brightness	1
brighter	1
brighten	1
brief	1
bridge	1
breaks	1
brazen	1
bravely	1
braved	1
brandish	1
branches	1
branch	1
brake	1
brain	1
braced	1
boys	1
boundless	1
borrow	1
bordered	1
bondage	1
boldly	1
bolder	1
bold	1
boding	1
bodies	1
blush	1
blunt	1
blown	1
blowing	1
blooms	1
bloodshed	1
blindness	1
blindly	1
blinded	1
blight	1
blew	1
blessedness	1
blends	1
blazoned	1
blast	1
blame	1
blades	1
blade	1
blackness	1
black	1
birthplace	1
birthdays	1
bide	1
bid	1
betray	1
bends	1
belshazzar	1
beloved	1
belong	1
believe	1
belief	1
belated	1
beholding	1
beguiled	1
begone	1
begging	1
beggar	1
befitted	1
beeffirol	1
bed	1
becomes	1
become	1
beauteously	1
beats	1
beating	1
beamy	1
bay	1
battled	1
baths	1
bathed	1
bat	1
basin	1
basilic	1
barrier	1
barred	1
barons	1
bark	1
barefoot	1
banishment	1
bandits	1
balconies	1
baffling	1
babyhood	1
babe	1
babbled	1
azure	1
awoke	1
awhile	1
awfulness	1
awaking	1
awaits	1
aves	1
ave	1
avail	1
austrian	1
audience	1
auburn	1
attitude	1
attained	1
atmosphere	1
atlantic	1
athwart	1
asunder	1
astir	1
astart	1
assured	1
assure	1
assurance	1
asserts	1
assert	1
assaults	1
aspires	1
aspiration	1
asked	1
ask	1
ashen	1
arthage	1
arsenals	1
arouet	1
armies	1
ardour	1
archives	1
arches	1
archer	1
aqueduct	1
april	1
applauded	1
appal	1
apostle	1
apocalypse	1
aphrodite	1
anything	1
antitype	1
antasan	1
answers	1
answered	1
angor	1
anew	1
anchor	1
analogue	1
amused	1
ampleness	1
amid	1
ames	1
amends	1
ambushed	1
amaryllis	1
altogether	1
alternately	1
altar	1
already	1
almshouse	1
allure	1
airy	1
airs	1
ain	1
ails	1
ailed	1
aggression	1
ages	1
afric	1
afraid	1
affright	1
aether	1
aerial	1
adversity	1
advance	1
adoring	1
adore	1
adonis	1
admirers	1
admired	1
addressed	1
add	1
aching	1
achillas	1
aches	1
accustomed	1
accursed	1
accord	1
acanthus	1
absorbed	1
abroad	1
ablow	1
abject	1
abide	1
abbey	1
abbess	1
^en'ce'dreast	1
^!	1
]	1
\	1
[	1
/g^gv^sflor	1
-\	1
-	1
*7|	1
*****	1
)'	1
("	1
&	1
"/	1
!.	1
!'	1
