,	1611
the	1388
—	754
of	659
and	606
.	542
in	385
a	376
to	330
that	297
!	270
i	226
my	176
is	174
her	170
"	167
with	161
from	158
not	141
it	140
all	130
on	122
;	116
but	115
by	108
as	108
for	106
me	103
|arabic3digit|	100
so	94
thy	86
no	86
was	85
which	83
this	77
:	76
be	75
its	72
love	69
are	69
they	67
bells	67
upon	66
|'s|	65
their	64
there	62
more	61
at	61
'	59
thee	58
his	58
have	57
one	56
night	56
?	56
who	55
she	53
heart	51
he	50
or	49
soul	48
now	48
over	47
(	47
down	46
how	45
heaven	45
we	44
than	44
through	43
what	42
an	42
where	41
then	40
like	40
light	40
out	38
you	36
beauty	36
time	35
)	35
when	34
shall	34
while	33
up	33
spirit	33
hath	33
were	32
some	32
."	31
world	30
never	30
many	30
yet	29
thou	29
still	29
eyes	29
above	29
whose	28
though	27
o	27
into	27
*	27
most	26
may	26
if	26
within	25
sea	25
him	25
had	25
far	25
fair	25
dream	25
these	24
only	24
has	24
god	24
ah	24
would	23
our	23
oh	23
moon	23
long	23
let	23
eye	23
dim	23
could	23
can	23
air	23
will	22
thine	22
them	22
here	22
flowers	22
thus	21
see	21
door	21
those	20
stars	20
star	20
principle	20
dead	20
before	20
very	19
us	19
t	19
should	19
poetic	19
nothing	19
ever	19
earth	19
death	19
day	19
bright	19
around	19
alone	19
al	19
voice	18
life	18
hope	18
been	18
young	17
sweet	17
nor	17
know	17
come	17
angels	17
wild	16
well	16
such	16
sky	16
raven	16
name	16
lie	16
fell	16
deep	16
came	16
alas	16
again	16
sun	15
own	15
golden	15
words	14
wave	14
till	14
things	14
skies	14
save	14
said	14
sad	14
rest	14
man	14
last	14
human	14
did	14
chamber	14
away	14
!"	14
|arabic1digit|	13
your	13
sorrow	13
saw	13
river	13
poem	13
music	13
left	13
even	13
each	13
days	13
angel	13
amid	13
too	12
throne	12
thought	12
tears	12
sleep	12
shore	12
poet	12
maiden	12
less	12
lenore	12
lake	12
home	12
high	12
fire	12
fancy	12
every	12
bird	12
beneath	12
aaraaf	12
wind	11
truth	11
true	11
tis	11
thoughts	11
sound	11
shadow	11
other	11
once	11
old	11
nevermore	11
melody	11
hours	11
haunted	11
happy	11
half	11
glory	11
first	11
dreams	11
bed	11
art	11
about	11
wings	10
wing	10
whom	10
unto	10
think	10
song	10
silence	10
seen	10
poems	10
past	10
must	10
mountain	10
mother	10
might	10
lovely	10
little	10
holy	10
head	10
hair	10
given	10
feel	10
f	10
do	10
died	10
cannot	10
burning	10
beautiful	10
annabel	10
woman	9
tell	9
summer	9
soft	9
read	9
pride	9
power	9
mid	9
men	9
loved	9
lies	9
length	9
lee	9
hear	9
form	9
dear	9
de	9
breast	9
best	9
annie	9
!)	9
|arabic2digit|	8
word	8
winds	8
waters	8
valley	8
two	8
tamerlane	8
take	8
strange	8
seas	8
roses	8
red	8
none	8
melancholy	8
lonely	8
lone	8
leave	8
lady	8
known	8
joy	8
hour	8
hell	8
gone	8
gentle	8
fly	8
flower	8
fate	8
eulalie	8
dark	8
called	8
bore	8
am	8
after	8
years	7
ye	7
written	7
without	7
why	7
tone	7
sure	7
sprang	7
spot	7
shadowy	7
seek	7
same	7
rhyme	7
resembles	7
rays	7
quiet	7
passion	7
part	7
pain	7
much	7
mind	7
memories	7
made	7
low	7
look	7
late	7
king	7
ines	7
hearts	7
hand	7
grew	7
grave	7
garden	7
found	7
forever	7
flown	7
feeling	7
fall	7
evil	7
eldorado	7
ear	7
eagle	7
dwell	7
die	7
comes	7
bust	7
breath	7
blessed	7
back	7
always	7
airs	7
yellow	6
year	6
window	6
wide	6
white	6
went	6
weep	6
violet	6
view	6
un	6
ulalume	6
trees	6
tree	6
tomb	6
th	6
smile	6
sight	6
shine	6
shadows	6
sere	6
seem	6
sat	6
round	6
reason	6
radiant	6
purple	6
path	6
palace	6
ours	6
open	6
off	6
near	6
mist	6
make	6
loveliness	6
looked	6
living	6
lips	6
lines	6
leaves	6
lay	6
knew	6
keep	6
idea	6
helen	6
heard	6
hast	6
harmony	6
go	6
gently	6
full	6
find	6
few	6
fairy	6
eve	6
ease	6
earthly	6
duty	6
dreaming	6
divine	6
dew	6
darkness	6
clouds	6
child	6
care	6
call	6
broken	6
bowers	6
black	6
because	6
beam	6
auber	6
arise	6
apart	6
although	6
along	6
ago	6
afar	6
youth	5
yon	5
wrong	5
worm	5
woods	5
woe	5
winged	5
weir	5
weary	5
wandering	5
truest	5
tresses	5
trembled	5
towers	5
tolling	5
thrown	5
throbbing	5
thinking	5
thing	5
terror	5
tapping	5
sunshine	5
stood	5
starry	5
spirits	5
speak	5
songs	5
solemn	5
sin	5
silent	5
sigh	5
shake	5
sadness	5
rose	5
rolls	5
remember	5
ray	5
rain	5
quoth	5
proud	5
poets	5
perhaps	5
pallid	5
pale	5
odour	5
noon	5
mystery	5
murmured	5
midnight	5
merely	5
lying	5
loves	5
lot	5
lost	5
lo	5
lest	5
kingdom	5
kind	5
keeping	5
just	5
israfel	5
isle	5
hopes	5
himself	5
grief	5
grey	5
green	5
good	5
forms	5
floor	5
fill	5
father	5
farewell	5
falls	5
falling	5
faces	5
eternal	5
enchanted	5
effect	5
echo	5
distant	5
didst	5
city	5
cheek	5
brow	5
brain	5
better	5
beside	5
bear	5
any	5
among	5
aabaaf	5
yore	4
worlds	4
woodland	4
wonder	4
withering	4
way	4
water	4
walked	4
visitor	4
visions	4
upturned	4
twas	4
turned	4
token	4
tide	4
thunder	4
thirst	4
theme	4
tempest	4
tells	4
taught	4
suddenly	4
sublime	4
strength	4
storm	4
stones	4
stone	4
stirred	4
startled	4
stand	4
st	4
spring	4
spoken	4
spoke	4
solitude	4
sober	4
smiling	4
sitting	4
sing	4
since	4
side	4
shrine	4
seraph	4
seemed	4
s	4
rush	4
runic	4
run	4
rome	4
roll	4
right	4
rich	4
region	4
regard	4
prophet	4
poetical	4
perfect	4
people	4
pall	4
paean	4
others	4
odours	4
nightly	4
nature	4
myself	4
mute	4
mountains	4
mossy	4
morning	4
morn	4
moment	4
misty	4
mine	4
manner	4
mad	4
luminous	4
lovers	4
lore	4
looking	4
lived	4
lion	4
line	4
lily	4
least	4
land	4
kisses	4
kissed	4
journeyed	4
incense	4
image	4
ill	4
idle	4
ideal	4
hills	4
higher	4
happiness	4
halls	4
grass	4
grand	4
grace	4
gold	4
glow	4
gave	4
friends	4
forest	4
flowing	4
flow	4
floats	4
fever	4
felt	4
feet	4
fame	4
faith	4
face	4
eyelids	4
evermore	4
end	4
dying	4
dwelled	4
desert	4
delight	4
deeply	4
deem	4
danger	4
crown	4
crowd	4
conqueror	4
cloud	4
clear	4
childhood	4
burden	4
brought	4
bride	4
bridal	4
bosom	4
blue	4
bliss	4
birds	4
beyond	4
below	4
believe	4
bee	4
arose	4
ambition	4
|romannumeral|	3
zante	3
writhes	3
wilderness	3
whole	3
whispered	3
whatever	3
wells	3
weak	3
warm	3
wanderer	3
walls	3
wall	3
velvet	3
vault	3
vapour	3
upright	3
until	3
unseen	3
unbroken	3
ultimate	3
twilight	3
trust	3
trod	3
tremulous	3
trailed	3
town	3
torture	3
tonight	3
tinkle	3
times	3
throng	3
thrilling	3
thousand	3
therefore	3
terrible	3
tenderly	3
tarn	3
tall	3
tale	3
taken	3
swells	3
swell	3
surely	3
stole	3
start	3
springs	3
splendour	3
spheres	3
spell	3
sounds	3
sounding	3
sort	3
something	3
solace	3
smiled	3
slumber	3
slept	3
sleeps	3
sleeper	3
sinking	3
single	3
singing	3
simple	3
silken	3
silently	3
sighs	3
shield	3
shed	3
shame	3
shade	3
sepulchre	3
sent	3
seeming	3
search	3
sculptured	3
science	3
scarce	3
say	3
sacred	3
ruin	3
rode	3
rock	3
roar	3
rise	3
ring	3
replied	3
remembered	3
remarkable	3
regret	3
regions	3
reared	3
real	3
reached	3
rare	3
rapping	3
queen	3
pure	3
psyche	3
present	3
prayer	3
point	3
place	3
perfume	3
perched	3
peering	3
pearl	3
peace	3
paused	3
pathway	3
passions	3
passed	3
pass	3
pansies	3
orbs	3
often	3
oft	3
october	3
ocean	3
noblest	3
nights	3
newly	3
neither	3
natural	3
nameless	3
mysteries	3
muttered	3
musically	3
murmuring	3
motionless	3
mortal	3
morrow	3
moore	3
month	3
monarch	3
moan	3
minute	3
minds	3
milton	3
matter	3
marble	3
lyre	3
lute	3
lustre	3
lowly	3
lover	3
loud	3
lord	3
looks	3
loneliness	3
lolling	3
list	3
lilies	3
lights	3
ligeia	3
lift	3
letter	3
lead	3
lamplight	3
lakes	3
knows	3
knight	3
knells	3
kept	3
july	3
jewelled	3
itself	3
iron	3
implore	3
imagination	3
idol	3
ianthe	3
hymn	3
hyacinth	3
however	3
horror	3
horrible	3
hold	3
hero	3
heavy	3
heavens	3
harm	3
happier	3
hangs	3
groan	3
grandeur	3
gorgeous	3
glowing	3
gloom	3
gleaming	3
ghoul	3
ghost	3
ghastly	3
gate	3
gardens	3
gaily	3
future	3
fully	3
fresh	3
free	3
fountain	3
forgot	3
forgiven	3
footsteps	3
flung	3
flows	3
flight	3
flashing	3
fields	3
fears	3
fear	3
fashion	3
fantasy	3
fanciful	3
fairyland	3
faint	3
excitement	3
ethereal	3
eminence	3
elevating	3
earliest	3
dwells	3
drowsy	3
drop	3
dread	3
doth	3
done	3
don	3
distinctly	3
discover	3
difficult	3
dews	3
despair	3
desolate	3
departed	3
demon	3
dell	3
dearest	3
dearer	3
dank	3
curtain	3
curl	3
crystalline	3
cross	3
columns	3
coliseum	3
cold	3
close	3
clasp	3
cities	3
chilly	3
charms	3
centre	3
ceased	3
cavalier	3
casement	3
cares	3
burned	3
buried	3
bring	3
boyhood	3
blush	3
birth	3
between	3
bent	3
beloved	3
bell	3
being	3
beguiling	3
became	3
beats	3
beating	3
battle	3
barrier	3
banners	3
autumn	3
author	3
athwart	3
another	3
angelo	3
albatross	3
agony	3
[	3
«	2
§	2
yours	2
yes	2
yaanek	2
write	2
wreck	2
wreathed	2
wreath	2
wouldst	2
worthy	2
worst	2
worship	2
wore	2
wood	2
won	2
woes	2
wished	2
wise	2
windows	2
wildly	2
whispering	2
whilst	2
whether	2
wherever	2
west	2
weakness	2
wax	2
waves	2
waved	2
watch	2
war	2
wanton	2
waned	2
wandered	2
wan	2
walks	2
walking	2
vow	2
voluptuous	2
volume	2
vista	2
visionary	2
village	2
vie	2
versification	2
verge	2
vast	2
valisnerian	2
vales	2
valentine	2
uttered	2
usurped	2
use	2
upturns	2
upreared	2
uplifting	2
unrest	2
unquiet	2
unless	2
unholy	2
ungainly	2
undue	2
undoubtedly	2
underground	2
under	2
undaunted	2
type	2
twinkle	2
twin	2
turrets	2
turns	2
tune	2
tumult	2
tufted	2
truly	2
trembles	2
tremble	2
trebizond	2
treasure	2
traveller	2
trash	2
transparent	2
trace	2
towered	2
tower	2
towards	2
touch	2
toss	2
torrent	2
tops	2
top	2
took	2
tongue	2
toll	2
together	2
thundercloud	2
thule	2
throws	2
thrones	2
thrill	2
threshold	2
three	2
thoroughly	2
thomas	2
thither	2
third	2
thence	2
terrors	2
tennyson	2
tenantless	2
tempted	2
taint	2
swift	2
swellings	2
swelling	2
sweetly	2
sweetest	2
surpassing	2
surface	2
surf	2
suns	2
sung	2
suggest	2
stronger	2
strong	2
strings	2
streams	2
stream	2
strabo	2
storms	2
stopped	2
stir	2
stillness	2
steps	2
step	2
stem	2
stately	2
starlight	2
staring	2
spells	2
specimen	2
speaks	2
speaking	2
space	2
sovereign	2
souls	2
sought	2
sonnet	2
solemnly	2
softly	2
softened	2
sobbing	2
soaring	2
soar	2
snowy	2
snows	2
smiles	2
slumbering	2
slowly	2
slenderly	2
slave	2
sit	2
sister	2
sinks	2
sink	2
simply	2
silver	2
silly	2
sightless	2
sighing	2
shun	2
shriek	2
show	2
shorn	2
shiver	2
shelter	2
sheeted	2
share	2
serene	2
separate	2
sentiments	2
sees	2
seems	2
secrets	2
secrecy	2
second	2
season	2
scene	2
scarcely	2
says	2
sang	2
sands	2
saintly	2
safely	2
sadly	2
rustling	2
ruler	2
rule	2
route	2
rout	2
rosemary	2
roof	2
romance	2
rolling	2
rolled	2
robes	2
rivers	2
riven	2
ride	2
reverie	2
revels	2
restlessly	2
restless	2
respite	2
resignedly	2
repose	2
repining	2
render	2
remote	2
remains	2
rejoice	2
reigns	2
reference	2
reclining	2
realms	2
realm	2
rapid	2
ran	2
quivering	2
quite	2
quaff	2
pursue	2
press	2
presence	2
pray	2
praise	2
portion	2
popular	2
poor	2
pomp	2
pole	2
poetry	2
plutonian	2
plumes	2
plot	2
pleasure	2
play	2
plain	2
places	2
pitiless	2
pinion	2
pierre	2
picture	2
phantom	2
petals	2
persepolis	2
perfumed	2
perceive	2
pen	2
pearls	2
pause	2
passionate	2
passage	2
parting	2
parted	2
paradise	2
pallor	2
pallas	2
painted	2
page	2
overcast	2
outspread	2
outpour	2
orb	2
op	2
ominous	2
odorous	2
occasions	2
obscure	2
noticed	2
note	2
nod	2
noble	2
niche	2
new	2
nevertheless	2
nesace	2
nepenthe	2
need	2
neath	2
nearest	2
naturally	2
napping	2
names	2
named	2
naiad	2
n	2
mystic	2
murmur	2
movement	2
move	2
mourn	2
mounte	2
mortals	2
moony	2
moonlit	2
moonbeam	2
modern	2
moaning	2
mistrust	2
mirth	2
mirror	2
minor	2
mimic	2
mimes	2
methought	2
merry	2
mere	2
mercy	2
memory	2
melted	2
measures	2
measure	2
meaning	2
marked	2
magic	2
madness	2
m	2
loving	2
longing	2
lonesome	2
live	2
litten	2
lit	2
linked	2
lining	2
lingering	2
linger	2
limbs	2
lightning	2
lid	2
levante	2
letting	2
letters	2
lent	2
legended	2
led	2
leaving	2
leapt	2
leaf	2
laurels	2
laughter	2
lattice	2
language	2
lair	2
labour	2
knowing	2
knelt	2
knell	2
kneel	2
kingly	2
kindly	2
june	2
jewels	2
j	2
ivy	2
israfeli	2
isola	2
island	2
introduce	2
intoxication	2
intense	2
insanity	2
infinity	2
induced	2
imparts	2
imbued	2
imaginative	2
hymns	2
hurriedly	2
hurled	2
hung	2
humbler	2
humble	2
horn	2
honour	2
holier	2
holds	2
hill	2
highest	2
hers	2
heritage	2
heaving	2
heartstrings	2
health	2
headlong	2
hate	2
haste	2
hang	2
hallowed	2
hall	2
gulf	2
guilty	2
guilt	2
guide	2
grows	2
grove	2
ground	2
groaning	2
grim	2
great	2
goodly	2
gomorrah	2
glorious	2
glittering	2
gleams	2
glances	2
glance	2
girl	2
gilded	2
gift	2
giant	2
ghouls	2
ghosts	2
general	2
gems	2
gazing	2
gazer	2
gay	2
gather	2
gallant	2
funeral	2
fringed	2
friezes	2
fowl	2
fourth	2
four	2
forgotten	2
forget	2
foretells	2
footstep	2
foot	2
folly	2
followed	2
flying	2
floods	2
floating	2
float	2
flickers	2
flew	2
flame	2
fitfully	2
fireflies	2
fior	2
filmy	2
filled	2
fiery	2
fervour	2
feels	2
feelings	2
feather	2
fast	2
fashioned	2
fantastic	2
fanes	2
family	2
failed	2
fact	2
eyraco	2
eyed	2
exquisite	2
exposed	2
explore	2
exhales	2
evening	2
eternity	2
etc	2
estate	2
ere	2
environs	2
entreating	2
entrance	2
entombed	2
enigma	2
engulfed	2
engaged	2
endless	2
endeavour	2
enamelled	2
empyrean	2
empires	2
embassy	2
elements	2
eidolon	2
effective	2
eden	2
echoes	2
easy	2
early	2
eagerly	2
dwelling	2
dust	2
during	2
duplicate	2
dull	2
drowsily	2
drowned	2
dropped	2
driven	2
drip	2
drink	2
drew	2
drear	2
dreamland	2
dreamer	2
drawn	2
downward	2
doubt	2
double	2
distinct	2
distance	2
dissever	2
discovered	2
discourse	2
disappeared	2
dirge	2
dimmer	2
different	2
dies	2
dian	2
diamond	2
dials	2
di	2
dewy	2
devotional	2
devil	2
destinies	2
desperate	2
desire	2
descend	2
depth	2
delicate	2
deck	2
deceive	2
dearly	2
deaf	2
dawn	2
daughter	2
date	2
darling	2
daring	2
dared	2
dare	2
dances	2
danced	2
dames	2
d'oro	2
cypress	2
cupid	2
crystal	2
cry	2
crush	2
crisped	2
cried	2
crescent	2
creep	2
creatures	2
craven	2
course	2
corridors	2
continually	2
conquered	2
condor	2
conception	2
compositions	2
composition	2
common	2
coming	2
clytia	2
clung	2
clothing	2
closing	2
cling	2
cliff	2
clad	2
choice	2
chilling	2
cheerful	2
cheeks	2
charmed	2
charm	2
character	2
changing	2
changed	2
caught	2
burdened	2
brings	2
brilliancy	2
brightly	2
brighter	2
brief	2
brevity	2
breathing	2
breathes	2
breathed	2
breathe	2
breasts	2
brazen	2
bound	2
both	2
books	2
boldly	2
bold	2
body	2
blushes	2
blossom	2
bloom	2
blind	2
bless	2
bleak	2
billows	2
bidding	2
bends	2
bedight	2
become	2
bathe	2
bards	2
banish	2
balmy	2
ballad	2
awaken	2
awake	2
attainment	2
astonished	2
astarte	2
ask	2
aside	2
ashen	2
arisen	2
aright	2
appreciated	2
appeared	2
apparent	2
anywhere	2
answer	2
altogether	2
also	2
akin	2
airy	2
aghast	2
age	2
against	2
affright	2
aether	2
adore	2
admired	2
adapted	2
achaian	2
accursed	2
^	2
]	2
\	2
?)	2
),	2
•and	1
•	1
«'	1
~.	1
}	1
|arabic4digit|	1
zwas	1
zsaw	1
zone	1
zoar	1
zlov'd	1
zelo	1
zeboin	1
zanthe	1
yells	1
yearning	1
yawn	1
xajierlaxe	1
wrought	1
writing	1
writer	1
wretches	1
wretch	1
wreaths	1
wrath	1
wrapping	1
wrapped	1
wrangling	1
worships	1
worshiper	1
worn	1
worms	1
works	1
woo	1
wont	1
wonderment	1
wondering	1
wonderful	1
womanly	1
wizard	1
wives	1
witness	1
within't	1
withered	1
withal	1
wit	1
wisest	1
wiser	1
wisdom	1
wire	1
wipe	1
wintery	1
winning	1
winga	1
windsor	1
win	1
wills	1
willis	1
wiles	1
wilder	1
wight	1
wife	1
whit	1
whiled	1
wherein	1
whereat	1
whence	1
wheeled	1
western	1
wept	1
weirdly	1
weird	1
weighed	1
weigh	1
weeping	1
weepe	1
wedding	1
weather	1
weariness	1
wealth	1
we'll	1
wayworn	1
ways	1
waving	1
waterfalls	1
watchful	1
watches	1
waste	1
wast	1
wars	1
warmer	1
warfare	1
wantonest	1
want	1
waning	1
wane	1
wanderers	1
walk	1
waking	1
wake	1
waiting	1
waist	1
waif	1
wafted	1
waft	1
vulture	1
volutes	1
voluminously	1
voltaire	1
volcanio	1
void	1
voices	1
vision	1
virtue	1
virginia	1
violets	1
violent	1
viol	1
vine	1
vigour	1
vigil	1
viewlessly	1
vidit	1
videlicet	1
victory	1
vials	1
vestiges	1
vessel	1
vermin	1
veritably	1
veriest	1
vere	1
verdant	1
verbatim	1
venuses	1
venus	1
veils	1
veil	1
ve	1
vastness	1
vary	1
vapours	1
vanities	1
vanish	1
vanilla	1
valleys	1
valentlhe	1
vainly	1
vague	1
utters	1
utterly	1
utterance	1
utter	1
usurpingly	1
urgent	1
uranian	1
upturn•d	1
upstarting	1
uprising	1
upraise	1
upper	1
uplifted	1
unworldly	1
unwonted	1
unwavering	1
unveiling	1
unusual	1
unusque	1
untimely	1
unthought	1
unsuitable	1
unstable	1
unshrinking	1
unsheltered	1
unrolling	1
unrivalled	1
unquestionably	1
unpurpled	1
unpolluted	1
unopened	1
unnatural	1
unmerciful	1
universus	1
universally	1
universal	1
unimpassioned	1
unhappy	1
unhallowed	1
unguided	1
unfurled	1
unfortunate	1
unfold	1
unextinguished	1
unexplored	1
unexceptionable	1
uneasily	1
unearthly	1
undying	1
undutiful	1
undo	1
undiscovered	1
underworld	1
understanding	1
unclosed	1
unchained	1
uncertain	1
unbidden	1
unable	1
ula	1
tyranny	1
types	1
tycho	1
twofold	1
twixt	1
twirls	1
twins	1
twinkling	1
twined	1
twice	1
twere	1
twelve	1
twanging	1
turtledove	1
turnsol	1
turning	1
turneth	1
turn	1
turkish	1
turbulency	1
tuned	1
tumultuous	1
tue	1
tuckermanities	1
ttlalume	1
tt	1
trying	1
trusting	1
trusted	1
trunk	1
trumpet	1
truant	1
troop	1
troilo	1
trivialest	1
triumphantly	1
triumphant	1
triends	1
trial	1
tress	1
trembling	1
trellis'd	1
treasured	1
tread	1
treacherous	1
travelling	1
travellers	1
translate	1
transforming	1
tranquil	1
trances	1
train	1
tragedy	1
towering	1
tournefort	1
tottering	1
totter	1
tossed	1
torturing	1
tortures	1
torn	1
tormented	1
torment	1
toppling	1
tones	1
tombstone	1
tolls	1
toil	1
tochter	1
toad	1
tne	1
titanic	1
titan	1
tiptoe	1
tion	1
tints	1
tintinnabulation	1
tint	1
tinkling	1
tinkled	1
tiniest	1
timour	1
timid	1
tiie	1
tighter	1
thyself	1
thrust	1
throw	1
throats	1
thrills	1
thrilled	1
thitherward	1
thistle	1
thirteen	1
thick	1
thesis	1
therein	1
thereat	1
thereabout	1
therassean	1
therassea	1
therasea	1
themselves	1
themes	1
thedionsean	1
theatre	1
thank	1
thai	1
tha	1
text	1
tet	1
terrorless	1
terms	1
terminates	1
term	1
tents	1
tent	1
tendency	1
tenanted	1
tempt	1
temporary	1
temple	1
tempests	1
telling	1
tearful	1
teares	1
tear	1
teach	1
tarns	1
tantalised	1
tangles	1
tamarind	1
talk	1
talisman	1
taglay	1
tadmor	1
tacitus	1
system	1
synonym	1
sympathise	1
symbol	1
syllables	1
syllable	1
sybilic	1
swung	1
sword	1
swinging	1
swiftly	1
swelled	1
sweets	1
sweeping	1
sway	1
swarthy	1
swamp	1
swaine	1
surging	1
surcease	1
suppose	1
supernal	1
sunset	1
sunny	1
sunlit	1
sunlight	1
sunken	1
sunk	1
summons	1
sultriness	1
sulphurous	1
sullenness	1
suitors	1
suit	1
suggestive	1
suffer	1
sueno	1
subdue	1
su	1
style	1
stygian	1
stupid	1
stuff	1
struggling	1
struggled	1
struggle	1
strove	1
striven	1
strife	1
striding	1
strictly	1
stricken	1
stretch	1
street	1
streaming	1
streamer	1
stranger	1
strangely	1
strains	1
strain	1
straight	1
story	1
stormy	1
store	1
stock	1
stirring	1
stilly	1
stiffen	1
stid	1
stern	1
steriles	1
steppingstone	1
stepped	1
stephen	1
stems	1
steeple	1
steals	1
stealeth	1
steal	1
stayed	1
stay	1
statues	1
statue	1
station	1
state	1
starts	1
starlit	1
stands	1
standing	1
stains	1
stagnant	1
square	1
spurred	1
springing	1
spread	1
spray	1
spiritual	1
spires	1
sphere	1
spectre	1
species	1
sparkling	1
sparkles	1
sparkled	1
sparkle	1
southern	1
sours	1
source	1
soulg	1
sorrowfully	1
sorely	1
soothing	1
soothe	1
sooner	1
soon	1
solomon	1
solitary	1
solid	1
sol	1
soil	1
sodom	1
sobbed	1
sob	1
soared	1
snare	1
smooth	1
small	1
slumbered	1
slopes	1
slips	1
slightly	1
slight	1
sliak'd	1
sleeping	1
sledges	1
slanting	1
slanderous	1
slandered	1
sits	1
sisterly	1
siroc	1
sir	1
sinu	1
sins	1
singularly	1
sings	1
sincerity	1
simoom	1
similar	1
silvery	1
silentness	1
sign	1
sighed	1
sighe	1
siddim	1
sickness	1
sicilian	1
shutter	1
shut	1
shudder	1
shrunk	1
shrubbery	1
shrubberies	1
shrouded	1
shrive	1
shrines	1
shrieked	1
shrewish	1
showers	1
shower	1
shouts	1
shoutings	1
shouting	1
shot	1
short	1
shores	1
shone	1
shivering	1
shivered	1
shirt	1
shining	1
shines	1
shift	1
shepherd	1
shelley	1
shell	1
sheeny	1
shaven	1
shattered	1
shape	1
shamed	1
shalt	1
shaken	1
shafts	1
shadowing	1
sex	1
seven	1
settlements	1
settle	1
setting	1
served	1
serpentine	1
serious	1
serenest	1
serenade	1
seraphs	1
seraphim	1
seraphic	1
sequestered	1
sephalica	1
senses	1
sense	1
senescent	1
seneca	1
seltsamen	1
selling	1
sell	1
selfsame	1
self	1
seldom	1
seize	1
seinem	1
seeing	1
seein'd	1
secret	1
seat	1
searing	1
searching	1
scrutiny	1
scruples	1
scripture	1
scream	1
scowls	1
scornfully	1
scorn	1
scoriae	1
scintillating	1
scintillant	1
schosskinde	1
sceptre	1
scents	1
scent	1
scenic	1
scenes	1
scenery	1
sayings	1
saviour	1
saved	1
satisfaction	1
satins	1
satiate	1
sappho	1
santa	1
sank	1
sand	1
sanctified	1
samarcand	1
saints	1
sainted	1
sail	1
sadder	1
sacrificing	1
sabre	1
sabbath	1
saba	1
saadi	1
rustle	1
rust	1
ruined	1
rue	1
ruby	1
rough	1
rosy	1
room	1
rompido	1
rochers	1
robed	1
robe	1
rob	1
roaming	1
roamed	1
roam	1
ritual	1
rite	1
rising	1
ripples	1
rings	1
ringing	1
rim	1
rills	1
rill	1
rigidly	1
rigid	1
rife	1
riddle	1
ridden	1
riches	1
richer	1
rhythmical	1
rhythm	1
rhyming	1
rhone	1
rezelo	1
review	1
reverence	1
revel'd	1
revel	1
rev	1
returneth	1
return	1
retains	1
resurrection	1
result	1
restlessness	1
resplendency	1
resolute	1
resist	1
residence	1
resemble	1
reraaineth	1
requiem	1
republish	1
reposes	1
reply	1
repenting	1
repeating	1
renown	1
renders	1
rendered	1
reminds	1
remind	1
remaining	1
remained	1
remain	1
reliquary	1
relevancy	1
reign	1
regretting	1
regarded	1
refused	1
refresh	1
referable	1
reed	1
redder	1
reddens	1
recognises	1
recitation	1
received	1
recall	1
reasons	1
really	1
realities	1
reader	1
reach	1
re	1
rave	1
rational	1
rather	1
rashly	1
rash	1
rarity	1
rapture	1
rapt	1
range	1
rang	1
ramparts	1
raising	1
raised	1
radii	1
rabble	1
quoted	1
quote	1
quiver	1
quit	1
quietude	1
quietly	1
quieted	1
quiera	1
qui	1
quenches	1
queenly	1
queenliest	1
quatrain	1
qualities	1
quaint	1
quail	1
quadruple	1
quadrated	1
qu'inspirent	1
pysche	1
put	1
purposes	1
purpose	1
puro	1
purity	1
puritan	1
purified	1
purest	1
purely	1
puppets	1
punishment	1
pulse	1
puling	1
puff	1
pry	1
providence	1
proves	1
prospect	1
prophetic	1
proper	1
profundum	1
profoundly	1
profoundest	1
profound	1
proem	1
producing	1
produces	1
prize	1
private	1
printed	1
princess	1
priests	1
prickles	1
price	1
preyest	1
prettiest	1
preserving	1
presently	1
predominates	1
precisely	1
precipitate	1
praying	1
prayers	1
prayed	1
powers	1
powerless	1
powerfully	1
pour	1
potent	1
position	1
portrait	1
portal	1
porphyrogene	1
pools	1
pondering	1
pondereth	1
pondered	1
ponder	1
ponce	1
poisonous	1
pointed	1
plunged	1
plumed	1
plume	1
plinths	1
plighted	1
plight	1
pleiads	1
pleasures	1
pleasurable	1
please	1
pleasant	1
playful	1
plant	1
plainly	1
plagiarism	1
placid	1
pitiful	1
pis	1
piping	1
pipe	1
pinto	1
pinnacles	1
pinkney	1
pinions	1
pines	1
pine	1
pillars	1
pilgrimage	1
pilgrim	1
pile	1
pied	1
peut	1
pettish	1
petrarchan	1
pervading	1
peruvianum	1
peru	1
persian	1
perpetually	1
permit	1
perishing	1
perished	1
perish	1
perfuming	1
perforce	1
perennial	1
perdus	1
perceptible	1
perceives	1
pens	1
pennon'd	1
pennon	1
penned	1
pendulous	1
peered	1
pedestal	1
peculiar	1
peccavimus	1
pearly	1
peak	1
peacefully	1
peaceful	1
pd	1
pavement	1
pauses	1
paths	1
pathos	1
pasturage	1
passing	1
passes	1
passer	1
partner	1
parthenon	1
parterre	1
paroquet	1
paris	1
parian	1
paragon	1
paper	1
panted	1
panga	1
pang	1
panels	1
palsied	1
palpitating	1
palpitate	1
palpable	1
palls	1
palais	1
palaces	1
pageantry	1
pacified	1
p	1
owns	1
owning	1
owl	1
owing	1
owe	1
oversprinkle	1
overshadow	1
overgrown	1
overgone	1
outlaw	1
ourselves	1
oriole	1
originating	1
original	1
orchestra	1
orbed	1
oppress	1
opium	1
opinion	1
opiate	1
openly	1
opening	1
opened	1
opaque	1
opal'd	1
oozing	1
olympus	1
olini	1
older	1
olden	1
office	1
offerings	1
offer	1
oer	1
odio	1
oceans	1
occasion	1
obscured	1
obeisance	1
oasis	1
nyctanthes	1
nursled	1
nourishes	1
nought	1
nothings	1
notes	1
noted	1
north	1
noonday	1
nook	1
nonsense	1
non	1
nods	1
nodded	1
nobly	1
nobler	1
nighttime	1
nightingale	1
nigh	1
nicean	1
ni	1
newt	1
nestling	1
nestled	1
nelumbo	1
nectar	1
necessarily	1
nebulous	1
nearly	1
nearer	1
nausea	1
nau	1
naturalness	1
native	1
narrowly	1
narrow	1
naples	1
naphthaline	1
mystically	1
myrtles	1
myriad	1
mutter	1
mutiny	1
musing	1
muscle	1
mumble	1
muffled	1
muddy	1
mr	1
moving	1
mournfully	1
mourned	1
mount	1
moulders	1
mouldering	1
motley	1
motives	1
motion	1
motherwell	1
motherly	1
mote	1
moreover	1
moons	1
mooned	1
monument	1
monotone	1
monody	1
monarchy	1
moments	1
modest	1
model	1
mockery	1
moans	1
mists	1
mistake	1
misnam'd	1
mischance	1
miraculous	1
ministers	1
mingled	1
mines	1
mild	1
mighty	1
mightiest	1
mien	1
midsummer	1
midst	1
metre	1
meteor	1
met	1
merriment	1
merrily	1
meridian	1
merest	1
mentions	1
mentioned	1
mendez	1
menace	1
memnon	1
melt	1
melodious	1
melodies	1
mellow	1
meets	1
meet	1
meekness	1
meek	1
medium	1
meddle	1
meanwhile	1
meant	1
meandering	1
mean	1
maziness	1
maybe	1
maura	1
maundrell	1
matron	1
material	1
masters	1
master	1
mass	1
marvellous	1
marvelled	1
martial	1
marlowe	1
mark	1
mariners	1
maria	1
march	1
mantled	1
mantle	1
mankind	1
manifestations	1
manifestation	1
manifest	1
majesty	1
maj	1
mais	1
maintained	1
maids	1
maidens	1
magical	1
madly	1
maddened	1
madam	1
lutes	1
lurked	1
lurid	1
lumen	1
lulled	1
lullaby	1
luis	1
loveliest	1
louder	1
loud?t	1
lotus	1
loth	1
lose	1
lordly	1
loop	1
longfellow	1
longer	1
longed	1
lolls	1
lolled	1
loitering	1
lofty	1
loeda	1
loathing	1
ll	1
lizard	1
literary	1
listens	1
listening	1
listen	1
lisp	1
lis	1
liquid	1
liquescent	1
lip	1
linking	1
lineaments	1
lighting	1
lighti	1
lifting	1
lifted	1
lieth	1
libre	1
libra	1
lexokk	1
levin	1
level	1
leuwenhoeck	1
lethean	1
lethe	1
lesson	1
ler/ge	1
leon	1
lend	1
lemnos	1
legion	1
legends	1
lecture	1
leb	1
leavest	1
leaping	1
leap	1
lazily	1
law	1
laves	1
lave	1
lavas	1
laughingly	1
laughing	1
laughed	1
laugh	1
latter	1
lasting	1
large	1
lands	1
lamps	1
lamp	1
laden	1
labyrinth	1
kow	1
kojoam	1
knowledge	1
knot	1
knees	1
kneels	1
kiss	1
kinsman	1
kindling	1
killing	1
keeps	1
keeper	1
jupiter	1
judsean	1
judiciously	1
jt	1
jovis	1
josephus	1
john	1
jingling	1
je	1
jangling	1
iu	1
italian	1
iswoe	1
issue	1
israfel.*	1
islands	1
isbafel	1
irene	1
invisible	1
intrude	1
intoxicated	1
intimate	1
intertwine	1
interminable	1
intenser	1
intellectuality	1
instinct	1
instantly	1
instant	1
instance	1
installed	1
instable	1
insouciance	1
inseparably	1
innumerable	1
innocence	1
innate	1
inmate	1
inhumanity	1
inherit	1
ing	1
infest	1
infancy	1
inexpressible	1
ine	1
induces	1
induce	1
indignant	1
indians	1
indian	1
independent	1
incumbent	1
incorporate	1
impurity	1
impulses	1
improved	1
impressions	1
impression	1
impressed	1
impotent	1
importunate	1
impiety	1
imperfect	1
impels	1
impeding	1
immortality	1
immortal	1
immemorial	1
immediately	1
imagining	1
images	1
ily	1
illumine	1
illness	1
illimitable	1
il	1
iiove	1
identify	1
ideas	1
id	1
icy	1
iain	1
i'll	1
hyacinthine	1
hy	1
hunc	1
hummingbird	1
humbly	1
humanly	1
humankind	1
humanity	1
hum	1
huge	1
hovering	1
housewife	1
houseless	1
house	1
hourly	1
houri	1
horrors	1
horrified	1
horned	1
horizon	1
hopeless	1
hood	1
honoured	1
honeyed	1
homeward	1
hither	1
history	1
histories	1
hira	1
hinted	1
hint	1
hindering	1
hilt	1
highborn	1
hideously	1
hideous	1
hidden	1
hid	1
hesitation	1
hesitating	1
hermon	1
herbs	1
henceforth	1
hence	1
help	1
helmes	1
helm	1
helicon	1
heirdom	1
height	1
heed	1
hebrides	1
heavings	1
heavier	1
heavenly	1
heathen	1
heat	1
heart•was	1
heartfelt	1
hearted	1
hearken	1
hearing	1
having	1
haven	1
haunteth	1
haunt	1
haughtily	1
hatred	1
hated	1
hasten	1
harshest	1
harsh	1
harper	1
harp	1
hard	1
happily	1
happiest	1
hapless	1
hands	1
hamlets	1
hamadryad	1
halo	1
haired	1
hail	1
guy	1
gushing	1
gushed	1
gush	1
gurgled	1
gulistan	1
guise	1
guiding	1
guessing	1
guesses	1
grown	1
growing	1
grow	1
groups	1
grouping	1
grosser	1
groaned	1
grieve	1
greyish	1
greenest	1
greener	1
greece	1
greater	1
graves	1
gratitude	1
grasp	1
grants	1
granting	1
granted	1
grains	1
grain	1
gradually	1
graces	1
graceful	1
gore	1
gordian	1
goethe	1
goddess	1
glows	1
gloomy	1
gloomily	1
globe	1
gloats	1
gloating	1
gloated	1
glistens	1
glimmering	1
glides	1
glide	1
gleam	1
glasses	1
glass	1
glared	1
glare	1
glancing	1
gladness	1
glad	1
gives	1
girlish	1
gilead	1
gigantically	1
giddy	1
gethsemane	1
get	1
gentlest	1
gentlemen	1
generous	1
generally	1
gemmy	1
gazeth	1
gaze	1
gaunt	1
garret	1
garments	1
garment	1
gaping	1
ganges	1
gallants	1
gala	1
futurity	1
furnace	1
funereal	1
funerals	1
fulfilled	1
fruits	1
frown	1
front	1
fro	1
frigidly	1
fright	1
frieze	1
friendly	1
freshness	1
frantic	1
frame	1
fragrant	1
fragrancy	1
fragments	1
fountains	1
fount	1
forth	1
forsaken	1
forsake	1
formless	1
forlorn	1
forgiveness	1
forgetting	1
foresee	1
foreign	1
force	1
forborest	1
forbidden	1
forbid	1
foolishly	1
fool	1
food	1
fondly	1
follows	1
following	1
follow	1
follies	1
folded	1
fold	1
fog	1
foe	1
fluttering	1
fluttered	1
flutter	1
flushing	1
flush	1
flood	1
flitting	1
flit	1
flirt	1
flings	1
flimsy	1
fled	1
flattery	1
flapping	1
flapped	1
flap	1
flake	1
fixed	1
five	1
fitting	1
fitted	1
fit	1
firmly	1
firmament	1
firefly	1
fingers	1
finger	1
finest	1
final	1
fills	1
fight	1
fiercer	1
fierce	1
fiends	1
fiend	1
field	1
fiction	1
fevered	1
fervently	1
ferdinando	1
feigned	1
feeding	1
feebly	1
feeble	1
fearing	1
fearfully	1
fayrest	1
favoured	1
faults	1
fattc	1
fathomless	1
fatherly	1
faster	1
farther	1
fantastically	1
fantasies	1
fangs	1
fancies	1
fan	1
familiar	1
familar	1
famed	1
falsehood	1
fallen	1
fall'st	1
fairies	1
fairier	1
fairest	1
faintly	1
faintest	1
fail	1
faik	1
fade	1
faculties	1
faced	1
fabric	1
fabled	1
extravagant	1
extinguished	1
expressive	1
expression	1
expressing	1
expostulation	1
expired	1
expire	1
experience	1
expansion	1
expand	1
existence	1
exemplar	1
execution	1
excluded	1
excite	1
excessive	1
excellence	1
example	1
exalted	1
evinced	1
evidently	1
evidence	1
everything	1
eventide	1
eut.atje	1
euphony	1
etre	1
et	1
estranged	1
essence	1
esperanza	1
especially	1
escaped	1
erst	1
error	1
eros	1
ephemeral	1
enwritten	1
enwrapped	1
envying	1
envy	1
entranced	1
entombing	1
entity	1
entitles	1
entitled	1
entire	1
enthusiasms	1
entablatures	1
enshrined	1
enough	1
enkindle	1
enjoyment	1
english	1
energy	1
enduring	1
endurances	1
endlessly	1
endeavoured	1
endearments	1
encumbered	1
encircles	1
encamp	1
enamoured	1
en	1
emptiness	1
employ	1
empire	1
emotion	1
emblems	1
emblem	1
ember	1
elysian	1
else	1
eloquent	1
elfin	1
elf	1
elevation	1
elevated	1
elevate	1
electric	1
eld	1
eight	1
ehone	1
egypt	1
edward	1
edition	1
ecstatic	1
ecstasy	1
ecstasies	1
echoing	1
ebony	1
ebon	1
eblis	1
ebbs	1
eaten	1
eastern	1
easily	1
earthy	1
earthquake	1
ears	1
earnest	1
earlier	1
eager	1
e'rige	1
e	1
dwindled	1
dwellings	1
dwelleth	1
dwellest	1
dustin	1
dusky	1
dunce	1
dumbly	1
due	1
dsedalion	1
dry	1
drought	1
dross	1
drops	1
droopingly	1
drips	1
dripping	1
dress	1
dreary	1
dreariness	1
dreariest	1
dreamy	1
dreamla.jx&	1
dreamed	1
dreadfully	1
drapery	1
draperied	1
drank	1
drama	1
dragged	1
downy	1
doubtless	1
doubting	1
doubly	1
dote	1
dost	1
donne	1
dominion	1
domes	1
dome	1
does	1
dizzy	1
divulge	1
divining	1
diviner	1
ditty	1
distinguished	1
distinction	1
distances	1
dissyllables	1
dissolved	1
dissolution	1
dissolute	1
dismal	1
dishonour	1
disenthral	1
discuss	1
discordant	1
disconsolate	1
disclaim	1
disc	1
disaster	1
dirges	1
dircaeus	1
dint	1
dims	1
dimness	1
diana	1
dial	1
diadem'd	1
diadem	1
dia	1
dewdrops	1
devoted	1
devoid	1
deucato	1
deucajia	1
destroy	1
destiny	1
destined	1
despotic	1
despite	1
despisest	1
despise	1
despairing	1
desolation	1
desolately	1
deserves	1
deserved	1
deserts	1
des	1
der	1
depths	1
deprive	1
depressing	1
depend	1
deny	1
denser	1
dense	1
denied	1
demons	1
delivered	1
delirium	1
deliriously	1
delicacy	1
deity	1
dei	1
deguisi	1
degree	1
degrade	1
defy	1
define	1
defect	1
defame	1
deeper	1
deemed	1
deeds	1
dedit	1
decorum	1
declined	1
decently	1
december	1
debonair	1
deathe	1
dazzle	1
daystar	1
daylight	1
dawny	1
dawns	1
darkly	1
darkened	1
daniel	1
damned	1
dallied	1
daily	1
d'une	1
d'elormie	1
d'arvieux	1
d	1
cycles	1
cushioned	1
cushion	1
cursory	1
cursed	1
currents	1
curled	1
curious	1
cup	1
cumber	1
cultivated	1
csecitas	1
crye	1
crumbling	1
crude	1
crowded	1
crouches	1
croaking	1
critics	1
critical	1
crisis	1
crime	1
cries	1
crested	1
crest	1
crept	1
crawling	1
craving	1
crag	1
cradle	1
coveted	1
covers	1
covering	1
covered	1
couriers	1
coupling	1
country	1
countenance	1
couldst	1
couch	1
cottager	1
cost	1
corrosive	1
corporate	1
cornices	1
cornice	1
core	1
cool	1
convey	1
converse	1
contumely	1
contrary	1
contentedly	1
contented	1
contemplation	1
contemn	1
contain	1
constantly	1
conspire	1
considered	1
consideration	1
consider	1
conscious	1
connexion	1
connected	1
connais	1
confusedly	1
confess	1
conclude	1
concealed	1
con	1
comprehended	1
comprehend	1
composedly	1
composed	1
compose	1
complaint	1
complains	1
complain	1
compels	1
compass	1
compare	1
company	1
communing	1
commingled	1
commend	1
commencing	1
command	1
cometh	1
comb	1
column'd	1
column	1
colour	1
colossal	1
collect	1
coleridge	1
coldly	1
coinage	1
cockney	1
coat	1
clustering	1
cloudy	1
cloth	1
closed	1
clinging	1
climes	1
clime	1
clearly	1
classic	1
clash	1
clangour	1
clanging	1
clang	1
clamour	1
clamorous	1
clammily	1
claimed	1
cite	1
citation	1
circumstance	1
circumference	1
circular	1
circuit	1
circle	1
circassy	1
churchyard	1
chrysanthemum	1
christian	1
christ	1
choir	1
chivalrous	1
chiming	1
chime	1
chill	1
childish	1
chiily	1
chiefly	1
chiding	1
cherub	1
cherished	1
cherish	1
chef-d'oeuvre	1
cheered	1
chastened	1
chasms	1
chased	1
chary	1
chart	1
charity	1
charities	1
charactery	1
characteristic	1
chaos	1
champak	1
chaldee	1
chaldea	1
chains	1
chained	1
chaine	1
chain	1
ces	1
certain	1
cerements	1
centuries	1
censer	1
cells	1
cell	1
celestial	1
ceasing	1
cease	1
caves	1
cavern	1
catch	1
cast	1
carving	1
carrying	1
caresses	1
caressed	1
carelessly	1
careless	1
car	1
captive	1
capriciously	1
capo	1
capacity	1
canopy	1
canopies	1
can't	1
calmer	1
calm	1
calls	1
caesar	1
byzantium	1
byron	1
buy	1
butterfly	1
butterflies	1
business	1
bursting	1
burst	1
burnt	1
burn	1
buries	1
burial	1
buoyancy	1
build	1
budding	1
bud	1
bubbles	1
bryant	1
brute	1
brows	1
browj	1
brotherly	1
brother	1
brooks	1
brood	1
brokenhearted	1
broadway	1
brink	1
bringing	1
brilliant	1
brightness	1
bridge	1
bribe	1
breezes	1
breeze	1
breast.x	1
break	1
brave	1
brahe	1
bowl	1
bowed	1
bounds	1
boundless	1
boundary	1
bottomless	1
bosoms	1
borrow	1
born	1
boreal	1
bonny	1
bonnet	1
bolder	1
bodiless	1
boast	1
blushing	1
blushed	1
blow	1
blotting	1
bloomed	1
bloodred	1
blindness	1
blindly	1
blew	1
blent	1
blend	1
blasted	1
blandly	1
bland	1
blame	1
blackened	1
birthplace	1
binds	1
bindest	1
bier	1
bien	1
bidden	1
bewinged	1
betrothed	1
betook	1
besilvering	1
beseeming	1
benediction	1
belong	1
believed	1
belie	1
beings	1
beholds	1
beholding	1
beholder	1
behold	1
behind	1
behaviour	1
begotten	1
begirt	1
befitting	1
beetling	1
bees	1
beds	1
bediamonded	1
becomes	1
beauties	1
beauteous	1
beast	1
beams	1
beaming	1
beak	1
baubles	1
bathing	1
bath	1
bated	1
bat	1
basement	1
barks	1
bard	1
bar	1
banks	1
bank	1
bands	1
ban	1
balm	1
balbec	1
bahar	1
bade	1
bad	1
babylon	1
b	1
azure	1
awoke	1
awakened	1
awaiie	1
avow	1
avaunt	1
availeth	1
avail	1
augur	1
auburn	1
au	1
attendant	1
attend	1
attempt	1
attained	1
attain	1
atomies	1
atmosphere	1
athens	1
astir	1
assure	1
assailed	1
aspiring	1
aspire	1
aspiration	1
asphaltites	1
asked	1
ashore	1
ascend	1
arts	1
artistic	1
arrant	1
aromatic	1
arms	1
argue	1
architrave	1
arch	1
arcades	1
arabs	1
arabians	1
arabesque	1
aptly	1
appreciate	1
appellation	1
appears	1
appearance	1
appear	1
appealing	1
anything	1
antique	1
anthem	1
answers	1
annihilation	1
angrier	1
anger	1
ancient	1
anchored	1
amulet	1
amor	1
american	1
ambrosia	1
ambitious	1
amazement	1
amaine	1
alto	1
alterest	1
altered	1
alteration	1
alphabet	1
aloft	1
aloes	1
almotanah	1
almost	1
alludes	1
alley	1
allegre	1
alight	1
alfred	1
alberto	1
albeit	1
alarm	1
ajar	1
aidenn	1
agreeing	1
agitations	1
agate	1
afterwards	1
afforded	1
affirm	1
affections	1
affected	1
aeolus	1
adversity	1
adrift	1
adrah	1
adorning	1
adorn	1
adoring	1
adopt	1
admiration	1
admirably	1
address	1
acquainted	1
acknowledged	1
aching	1
accordance	1
abysses	1
abyss	1
absurdity	1
absence	1
abated	1
abashed	1
aaraaf*	1
aaeaaf	1
>	1
0	1
/-	1
.]	1
.,	1
.'"	1
.'	1
*•	1
*.	1
'.	1
')	1
":	1
")	1
"'	1
