,	2076
the	1928
and	1129
of	758
.	527
to	386
a	357
in	341
!	303
with	301
for	250
that	248
i	225
is	219
his	195
from	192
—	167
her	164
on	152
my	130
not	124
all	121
at	114
its	113
o	112
thy	111
;	111
it	106
which	103
but	101
are	101
:	100
we	96
some	96
when	92
where	91
or	91
by	91
our	90
their	89
one	86
through	84
as	82
love	81
he	80
had	80
will	78
was	78
who	77
no	76
thou	74
this	74
like	71
'	71
upon	70
?	67
-	65
white	62
whose	61
have	61
so	60
be	60
little	57
lips	55
gold	52
red	51
she	50
see	49
|arabic1digit|	48
more	48
down	48
|romannumeral|	47
than	47
me	47
yet	46
sweet	46
young	45
thee	45
sea	45
what	44
they	43
god	43
eyes	43
heart	42
sun	41
feet	41
day	41
would	40
there	40
come	40
ah	40
never	39
--	39
~	38
still	38
moon	38
across	38
those	37
sing	37
long	37
hath	37
shall	36
too	35
now	35
life	35
if	35
till	34
man	34
then	33
such	33
soul	33
silver	33
an	33
pain	32
can	32
\	32
were	31
well	31
own	31
into	31
hand	31
green	31
each	31
up	30
made	30
leaves	30
how	30
back	30
|arabic3digit|	29
out	29
night	29
him	29
air	29
wind	28
these	28
old	28
let	28
hair	28
fair	28
dead	28
“	27
pale	27
know	27
great	27
far	27
away	27
rose	26
again	26
while	25
though	25
should	25
nay	25
make	25
ﬂame	24
|arabic2digit|	24
passion	24
nor	24
men	24
brown	24
"	24
‘	23
land	23
kiss	23
crimson	23
boy	23
before	23
you	22
here	22
has	22
blue	22
..	22
ﬂower	21
yellow	21
purple	21
must	21
might	21
lily	21
lie	21
house	21
grey	21
do	21
(	21
silent	20
queen	20
last	20
joy	20
high	20
could	20
bright	20
beneath	20
wild	19
vain	19
them	19
song	19
saw	19
sad	19
over	19
knew	19
head	19
go	19
face	19
within	18
wings	18
water	18
us	18
trees	18
time	18
things	18
soon	18
sky	18
side	18
passed	18
limbs	18
light	18
golden	18
ever	18
dear	18
crowned	18
against	18
world	17
unto	17
two	17
star	17
seen	17
once	17
lies	17
hills	17
black	17
better	17
bed	17
beauty	17
ﬁelds	16
wine	16
spring	16
new	16
mighty	16
may	16
many	16
loved	16
hidden	16
hands	16
every	16
dull	16
common	16
bird	16
being	16
ﬁrst	15
wide	15
wearied	15
wan	15
soft	15
shepherd	15
round	15
marble	15
lilies	15
lay	15
hear	15
ere	15
else	15
bring	15
bare	15
art	15
ﬁre	14
why	14
waves	14
thine	14
spear	14
sleep	14
r	14
play	14
pass	14
only	14
hill	14
grave	14
dread	14
did	14
deep	14
body	14
am	14
’tis	13
wave	13
son	13
shrine	13
secret	13
rome	13
mouth	13
most	13
lad	13
kissed	13
indeed	13
heard	13
half	13
grass	13
foam	13
f	13
e	13
die	13
death	13
days	13
dawn	13
ﬂy	12
yon	12
tree	12
tread	12
throat	12
stars	12
spirit	12
snow	12
seemed	12
rest	12
rain	12
memory	12
lonely	12
less	12
hot	12
holy	12
grecian	12
gods	12
glade	12
glad	12
girl	12
faint	12
even	12
english	12
earth	12
dost	12
dew	12
cool	12
close	12
alone	12
walk	11
tremulous	11
town	11
tell	11
tears	11
sword	11
stream	11
stood	11
steep	11
stand	11
sought	11
sin	11
seven	11
seas	11
save	11
s	11
reed	11
noon	11
name	11
live	11
left	11
laughing	11
gentle	11
england	11
dust	11
dove	11
delight	11
cry	11
cave	11
care	11
came	11
been	11
ay	11
way	10
war	10
very	10
tangled	10
summer	10
simple	10
sand	10
restless	10
reeds	10
pipe	10
perchance	10
peace	10
nothing	10
n	10
mother	10
morning	10
mine	10
mead	10
lord	10
look	10
heaven	10
glory	10
full	10
found	10
foot	10
doth	10
dim	10
clear	10
call	10
breast	10
born	10
blossoms	10
bee	10
arms	10
any	10
amorous	10
ﬂowers	9
ﬁery	9
ﬁeld	9
”	9
youth	9
your	9
wood	9
without	9
whom	9
weary	9
wasted	9
tarry	9
take	9
t	9
suns	9
strong	9
stormy	9
sleeps	9
show	9
sake	9
rich	9
o’er	9
olive	9
music	9
meadows	9
lying	9
low	9
love’s	9
lives	9
lady	9
kisses	9
king	9
hung	9
huge	9
hast	9
good	9
give	9
gilded	9
fear	9
evil	9
enough	9
dusky	9
done	9
crown	9
bitter	9
barren	9
argent	9
)	9
wounds	8
world’s	8
waters	8
waste	8
vex	8
venus	8
true	8
tired	8
throne	8
think	8
thing	8
thin	8
sorrow	8
slain	8
since	8
shrill	8
shore	8
road	8
ride	8
priest	8
poor	8
pleasure	8
place	8
other	8
nightingale	8
meet	8
mate	8
maid	8
lovers	8
lover	8
lost	8
lofty	8
lingering	8
liberty	8
leave	8
least	8
knows	8
jealous	8
home	8
grand	8
gorgeous	8
goodly	8
gloom	8
gaudy	8
fold	8
fallen	8
evening	8
draw	8
desire	8
daffodil	8
cried	8
creeps	8
comes	8
burnished	8
boy’s	8
blood	8
bear	8
bay	8
bade	8
asphodel	8
arcady	8
ancient	8
alas	8
afraid	8
ﬂed	7
ﬂecked	7
ﬁnd	7
ye	7
woods	7
withered	7
warm	7
wandering	7
wall	7
wake	7
voice	7
turn	7
tower	7
sweetest	7
sweeter	7
surely	7
storm	7
stone	7
stirred	7
startled	7
spread	7
splendour	7
sombre	7
smitten	7
shield	7
sheep	7
shadows	7
seek	7
sapphire	7
sail	7
ruin	7
rude	7
rising	7
rise	7
q	7
pulse	7
pine	7
pilot	7
passionate	7
paramour	7
oft	7
off	7
none	7
noble	7
nations	7
melody	7
loves	7
lover’s	7
laughed	7
ivory	7
hollow	7
hold	7
helen	7
held	7
grew	7
gate	7
free	7
forest	7
fond	7
fell	7
end	7
east	7
dripping	7
drifting	7
died	7
didst	7
dark	7
crept	7
corn	7
coming	7
coloured	7
clay	7
children	7
cheeks	7
chase	7
cease	7
burned	7
brought	7
broken	7
breeze	7
break	7
brazen	7
bloody	7
bliss	7
bell	7
battle	7
attic	7
artemis	7
.,	7
ﬂying	6
ﬂowerless	6
ﬂies	6
’	6
years	6
word	6
woodland	6
wonder	6
wisdom	6
wet	6
wert	6
web	6
weave	6
wear	6
wandered	6
veil	6
tyrian	6
tune	6
treacherous	6
tomb	6
told	6
tiny	6
throbbing	6
thames	6
temple	6
tapestry	6
supreme	6
sunless	6
strange	6
stain	6
spun	6
smile	6
small	6
singer	6
silence	6
sight	6
sick	6
sicily	6
shake	6
set	6
self	6
sees	6
seems	6
same	6
sailor	6
run	6
roses	6
pride	6
persephone	6
pan	6
pallid	6
nest	6
narrow	6
mystery	6
myrtle	6
much	6
mouths	6
mountain	6
methinks	6
memories	6
meadow	6
lute	6
lone	6
lo	6
lit	6
limbed	6
leaf	6
just	6
joyous	6
j	6
hours	6
hour	6
harmony	6
hardly	6
grows	6
grow	6
god’s	6
goat	6
gleam	6
gaunt	6
fretful	6
forget	6
forehead	6
few	6
feed	6
fed	6
feast	6
faun	6
falls	6
eternal	6
endymion	6
dream	6
does	6
despair	6
cup	6
cruel	6
cold	6
clamorous	6
christ	6
child	6
ceased	6
careless	6
called	6
burst	6
brows	6
brother	6
breaks	6
boyish	6
bold	6
blow	6
blossoming	6
bloom	6
between	6
behind	6
bees	6
bars	6
awake	6
autumn	6
amid	6
age	6
above	6
.-	6
.)	6
!)	6
ﬂoor	5
ﬂock	5
ﬂew	5
ﬂeet	5
ﬁtful	5
ﬁres	5
ﬁght	5
yonder	5
yield	5
wondrous	5
wold	5
winter	5
winged	5
wing	5
whole	5
wearily	5
waning	5
walls	5
walked	5
waking	5
wait	5
w	5
violet	5
turned	5
troy	5
troubled	5
trod	5
torch	5
thus	5
three	5
tall	5
swept	5
subtle	5
strife	5
stolen	5
stole	5
stern	5
stair	5
spray	5
south	5
sonnet	5
sobbing	5
slew	5
sit	5
shy	5
shook	5
shepherds	5
shame	5
seem	5
seed	5
scarlet	5
say	5
sang	5
said	5
rod	5
ring	5
reached	5
rather	5
prow	5
prey	5
poppy	5
pluck	5
petals	5
passions	5
part	5
painted	5
owl	5
overhead	5
often	5
nets	5
net	5
narcissus	5
murmuring	5
mourning	5
mossy	5
morn	5
misty	5
mist	5
misery	5
mimic	5
mere	5
lyre	5
loveliness	5
lotus	5
lightning	5
lest	5
led	5
leapt	5
leaps	5
laurels	5
laughter	5
lark	5
lamp	5
lair	5
laid	5
labouring	5
known	5
knelt	5
ignorant	5
human	5
horn	5
honeyed	5
hoarded	5
heights	5
heavy	5
heavens	5
haunts	5
guard	5
grassy	5
gossamer	5
glass	5
giant	5
gates	5
garden	5
fruit	5
freedom	5
forth	5
forgotten	5
forgot	5
florence	5
feel	5
false	5
eyed	5
ecstasy	5
crystal	5
crook	5
crescent	5
city	5
circling	5
chivalry	5
chill	5
chestnut	5
cavern	5
caught	5
cannot	5
burn	5
breath	5
breasts	5
bleating	5
best	5
behold	5
beautiful	5
beat	5
bears	5
bearded	5
azure	5
awful	5
august	5
among	5
although	5
after	5
about	5
.”	5
*	5
ﬂuttering	4
ﬂowered	4
ﬂight	4
ﬂag	4
ﬁngers	4
ﬁll	4
ﬁerce	4
¢	4
~.	4
wrought	4
wrong	4
wretched	4
wreck	4
wounded	4
worm	4
womb	4
woman	4
win	4
wherefore	4
west	4
weeping	4
watched	4
watch	4
vision	4
virginity	4
vestiture	4
vermilion	4
venturous	4
valley	4
vale	4
under	4
truth	4
trumpet	4
trembling	4
trampled	4
touched	4
tossed	4
time’s	4
tide	4
thrush	4
threnody	4
threads	4
terrible	4
tempest	4
teach	4
tale	4
swoon	4
swift	4
sweets	4
swallow	4
sunny	4
sudden	4
street	4
strayed	4
strand	4
store	4
steer	4
steal	4
state	4
spite	4
speak	4
slim	4
slay	4
sins	4
sings	4
single	4
singing	4
shout	4
shivering	4
ship	4
shepherd’s	4
sheen	4
sheaves	4
shalt	4
sepulchre	4
sat	4
salt	4
rustling	4
room	4
rocks	4
rock	4
river	4
rim	4
republican	4
remember	4
reedy	4
read	4
race	4
proserpine	4
portico	4
pomegranate	4
polished	4
pleasance	4
played	4
pavilion	4
panoply	4
open	4
notes	4
north	4
noisy	4
nine	4
neck	4
near	4
natural	4
moment	4
mirrored	4
mirror	4
marked	4
mark	4
man’s	4
maidens	4
maidenhood	4
lure	4
loveless	4
lived	4
lion	4
level	4
leap	4
lean	4
late	4
lain	4
lady’s	4
laden	4
la	4
kneel	4
kings	4
keys	4
keep	4
itself	4
italy	4
italia	4
isle	4
inviolate	4
impassioned	4
immortal	4
icy	4
hunting	4
holds	4
himself	4
hid	4
height	4
hearts	4
h	4
grove	4
ground	4
greet	4
grasses	4
got	4
gleaming	4
girt	4
girdled	4
fresh	4
folk	4
feathered	4
feared	4
fast	4
farm	4
falling	4
eve	4
empery	4
early	4
eagle	4
dusty	4
dumb	4
dryad	4
drear	4
dreams	4
dragon	4
doves	4
desolate	4
democracy	4
delicate	4
death’s	4
dearest	4
daybreak	4
dared	4
d	4
cypress	4
curls	4
crowded	4
crowd	4
crocus	4
crew	4
crested	4
creep	4
creamy	4
clustering	4
cloud	4
closed	4
cheek	4
changed	4
cell	4
cast	4
calm	4
brow	4
brimming	4
bride	4
breathe	4
breaking	4
branches	4
brake	4
boys	4
bow	4
bough	4
bosom	4
boat	4
boar	4
blown	4
bleeding	4
birds	4
beside	4
beheld	4
base	4
athena	4
arrows	4
argosy	4
apple	4
answer	4
anguish	4
already	4
ago	4
afar	4
."	4
-~	4
-:	4
-.	4
-,	4
-'	4
ﬂown	3
ﬂoat	3
ﬂee	3
ﬂawless	3
’gan	3
~'	3
|arabic4digit|	3
yew	3
women	3
woman’s	3
wolf	3
wilt	3
whiter	3
whirling	3
wherein	3
wheels	3
wheel	3
wept	3
went	3
weeps	3
weaves	3
waxen	3
waved	3
wattled	3
wanton	3
wander	3
waiting	3
waited	3
void	3
voiceless	3
violets	3
vines	3
vine	3
vile	3
vein	3
vales	3
utterly	3
urn	3
upward	3
unknown	3
u	3
twining	3
treads	3
torches	3
throb	3
threaded	3
thorny	3
thorns	3
thorn	3
tender	3
tawny	3
tangles	3
sylvan	3
swing	3
sway	3
sung	3
summer’s	3
suited	3
suddenly	3
strings	3
stray	3
strained	3
straightened	3
stands	3
stall	3
spotted	3
spilled	3
spied	3
spell	3
spears	3
spake	3
soul’s	3
soothe	3
solemn	3
snowy	3
snows	3
snare	3
slumberous	3
slight	3
sits	3
silky	3
sign	3
shut	3
shuddering	3
shoon	3
ships	3
shields	3
shell	3
shadowy	3
shadow	3
shade	3
separate	3
seneschal	3
seeded	3
seat	3
scythe	3
scroll	3
scented	3
scatters	3
scarce	3
salmacis	3
safe	3
rush	3
rule	3
rue	3
rome’s	3
roll	3
rocky	3
robe	3
rill	3
right	3
reverence	3
returned	3
return	3
retinue	3
republic	3
reapers	3
real	3
reach	3
ravine	3
rapturous	3
range	3
ran	3
rabbit	3
quivering	3
quenched	3
pure	3
proﬁt	3
prayer	3
prayed	3
praise	3
possess	3
poring	3
poppies	3
poop	3
poesy	3
plume	3
piping	3
pines	3
pierced	3
perfect	3
past	3
passes	3
pallas	3
page	3
p	3
ourselves	3
other’s	3
others	3
orchard	3
odorous	3
note	3
northern	3
noonday	3
nodding	3
nigher	3
nature	3
mystic	3
mysteries	3
myriad	3
murderous	3
murder	3
mower	3
mortal	3
moons	3
modern	3
mocking	3
mock	3
moan	3
mix	3
mists	3
milton	3
milky	3
midnight	3
met	3
merchants	3
men’s	3
melancholy	3
master	3
mast	3
mart	3
mars	3
maria	3
marge	3
mar	3
m	3
lured	3
lovely	3
loth	3
lords	3
loosed	3
looked	3
longing	3
longer	3
living	3
listen	3
linnet	3
line	3
lifted	3
life’s	3
lazy	3
laughs	3
knowing	3
kneeling	3
knee	3
keeps	3
keen	3
keats	3
jewelled	3
jeannette	3
jacinth	3
itys	3
iris	3
instead	3
indian	3
impression	3
imagery	3
ida	3
hylas	3
hurrying	3
hum	3
horses	3
horrid	3
hope	3
honour	3
honey	3
homestead	3
hoarse	3
hide	3
hers	3
heritage	3
herakles	3
hence	3
hell	3
hedges	3
heart’s	3
heads	3
hay	3
haunt	3
happy	3
hapless	3
hang	3
hail	3
groom	3
grim	3
greek	3
gown	3
gone	3
goes	3
godlike	3
goal	3
gifts	3
gaze	3
galley	3
frightened	3
fought	3
follow	3
folded	3
florentine	3
felt	3
fate	3
farthest	3
fame	3
fall	3
fairer	3
fade	3
exquisite	3
excess	3
eternity	3
essence	3
eros	3
england’s	3
enemy	3
empire	3
egypt	3
egean	3
eastern	3
easter	3
ease	3
earth’s	3
ears	3
dying	3
du	3
drunk	3
drowned	3
drops	3
dropped	3
drink	3
drenched	3
dome	3
dogs	3
discrowned	3
disc	3
dies	3
desperate	3
dell	3
deer	3
deck	3
deadly	3
daylight	3
daughter	3
darkness	3
dare	3
daphnis	3
dante	3
dance	3
daisies	3
cyprian	3
cut	3
curtains	3
curly	3
crowns	3
cross	3
cromwell	3
cries	3
creeping	3
content	3
conqueror	3
colonos	3
cloth	3
clomb	3
cloak	3
cliffs	3
clang	3
clad	3
circles	3
childless	3
charmides	3
change	3
cedar	3
cattle	3
car	3
cadence	3
brushed	3
brotherhood	3
brings	3
brightest	3
briar	3
bread	3
branch	3
bowed	3
bound	3
boughs	3
bones	3
blows	3
blossom	3
blinded	3
blind	3
blew	3
binds	3
billow	3
bid	3
because	3
beating	3
bark	3
austere	3
athwart	3
athenian	3
arm	3
antique	3
angels	3
angel	3
ambuscade	3
amber	3
altar	3
along	3
almond	3
adonis	3
aboard	3
ﬂute	2
ﬂush	2
ﬂits	2
ﬂit	2
ﬂickering	2
ﬂapped	2
ﬂanks	2
ﬂakes	2
ﬁt	2
ﬁshes	2
ﬁr	2
ﬁlled	2
ﬁlch	2
ﬁgs	2
“”	2
‘-	2
»	2
~~	2
~,	2
}	2
|arabic5+digit|	2
|	2
youth’s	2
yesterday	2
year	2
y	2
wrestled	2
wreath	2
wrath	2
wrapped	2
woven	2
worshipped	2
woodmen	2
woodbine	2
won	2
woes	2
woe	2
witchery	2
wistful	2
wise	2
winds	2
winding	2
wildest	2
whorls	2
whence	2
wheat	2
wharf	2
weight	2
weed	2
wed	2
wears	2
weariness	2
weak	2
waving	2
watery	2
watchmen	2
wastes	2
washed	2
war’s	2
warfare	2
warder	2
wantonly	2
wane	2
walks	2
waits	2
vvhich	2
vvhere	2
vows	2
vow	2
visible	2
virginal	2
virgin	2
victory	2
victim	2
verdant	2
venice	2
vans	2
van	2
upland	2
untroubled	2
untrodden	2
until	2
unsatisfied	2
unrest	2
unreal	2
unravished	2
unmown	2
unlovely	2
unjust	2
unison	2
undid	2
tyranny	2
twittering	2
twice	2
twelve	2
twain	2
turning	2
tuneful	2
tryst	2
trumpets	2
trodden	2
triton	2
triple	2
tresses	2
trembles	2
trembled	2
treasury	2
treasure	2
treading	2
treachery	2
tr	2
toy	2
towards	2
toss	2
tortured	2
took	2
toll	2
timorous	2
timid	2
tigers	2
thrushes	2
throw	2
throats	2
throated	2
threw	2
thread	2
thrall	2
thrace	2
thousand	2
thought	2
thievish	2
thessaly	2
terrors	2
tent	2
teeth	2
team	2
taught	2
tasselled	2
tarnished	2
tales	2
takes	2
taint	2
sweetness	2
swathed	2
swallows	2
swain	2
sure	2
sunlight	2
suit	2
studded	2
struck	2
strewn	2
strewed	2
stretching	2
stretch	2
stress	2
strength	2
streets	2
streaked	2
strain	2
straggling	2
stout	2
story	2
stored	2
stooped	2
stony	2
stones	2
stir	2
steered	2
stealthy	2
steals	2
stayed	2
stay	2
starved	2
starts	2
stark	2
stainless	2
stained	2
stag	2
stack	2
squirrel	2
spy	2
springtide	2
spouse	2
spot	2
spoil	2
splendid	2
spheres	2
spent	2
span	2
sower	2
sound	2
souls	2
sons	2
songs	2
something	2
somehow	2
soldiers	2
sold	2
sober	2
soared	2
snowdrop	2
snaky	2
snakes	2
smock	2
smite	2
smiling	2
slumber	2
skin	2
skies	2
silvered	2
silhouettes	2
silently	2
sighs	2
sickle	2
sicilian	2
shrilly	2
shows	2
should’st	2
shimmering	2
shielded	2
sheet	2
sheds	2
sheathed	2
shattered	2
sharp	2
shapes	2
serene	2
sent	2
sensuous	2
sense	2
send	2
seeks	2
seeing	2
seeds	2
sedgy	2
second	2
search	2
seagreen	2
scentless	2
scales	2
sandy	2
sandford	2
salamis	2
sailed	2
saffron	2
sae	2
sacra	2
ruth	2
russian	2
rushes	2
runs	2
runaway	2
ruins	2
ruby	2
rr	2
roused	2
root	2
roof	2
roma	2
rolled	2
rocking	2
riven	2
rivalry	2
risen	2
ripple	2
ripening	2
rid	2
retreat	2
requiem	2
repentance	2
repair	2
remorse	2
remain	2
reluctant	2
relentless	2
reign	2
ready	2
re	2
ravishment	2
ravenous	2
raven	2
raphael	2
rang	2
raise	2
rainbow	2
rage	2
racing	2
raced	2
quiet	2
quest	2
quay	2
pyramid	2
pursue	2
purity	2
proud	2
proteus	2
proserpina	2
profane	2
prodigal	2
prince	2
primrose	2
priests	2
pressed	2
powers	2
power	2
poseidon’s	2
portia	2
poplar	2
pope	2
poison	2
poets’	2
ply	2
plucked	2
ploughed	2
plant	2
planets	2
pity	2
pitiful	2
pipes	2
pink	2
pillar	2
pictured	2
philosophy	2
people	2
peers	2
peer	2
pearls	2
pearl	2
path	2
passion’s	2
passionless	2
parted	2
paphos	2
palsied	2
painter	2
pageants	2
pageantry	2
outer	2
otherwise	2
orb	2
orange	2
opening	2
opened	2
opal	2
one’s	2
oily	2
oil	2
oftentimes	2
odour	2
ocean’s	2
ocean	2
obvious	2
obey	2
oar	2
oak	2
nymph	2
nurtured	2
nuneham	2
nought	2
northwind	2
nook	2
niobe	2
nile	2
nigh	2
nested	2
need	2
nearer	2
nature’s	2
narcissi	2
naked	2
naiad	2
mystical	2
mute	2
musicless	2
muses	2
murmur	2
murdered	2
moves	2
mountain’s	2
mountains	2
moth	2
morte	2
moor	2
moonlit	2
moonless	2
mocked	2
mitred	2
mistress	2
mirth	2
mingle	2
mightier	2
merchandise	2
melpomene	2
meets	2
meeting	2
medea	2
measured	2
mass	2
mary	2
marvel	2
marking	2
marathon	2
manlihood	2
majesty	2
mail	2
maiden	2
lyre’s	2
lusty	2
lurks	2
lowliest	2
lowing	2
louder	2
loud	2
lordly	2
lordliest	2
loosened	2
loose	2
loom	2
loiters	2
locks	2
ll	2
lizard	2
livery	2
listlessly	2
lion’s	2
lions	2
linnet’s	2
linen	2
limb	2
lily’s	2
lift	2
lieth	2
lidded	2
lets	2
lethaean	2
lengthening	2
lend	2
legions	2
leas	2
leans	2
leafy	2
leads	2
lead	2
laws	2
lawn	2
laurel	2
laugh	2
lane	2
lands	2
lamps	2
lake	2
lads	2
lading	2
laced	2
knoll	2
knives	2
knights	2
kissing	2
king’s	2
kind	2
kill	2
kid	2
kept	2
june	2
journeying	2
jocund	2
jessamine	2
jealousy	2
jasmine	2
jar	2
jagged	2
ivy	2
island	2
ionian	2
insensate	2
inheritance	2
inform	2
infinite	2
incestuous	2
impressions	2
impotent	2
immemorial	2
image	2
ill	2
ii‘	2
ignorance	2
idolatry	2
ice	2
hydra	2
hurried	2
huntress	2
hounds	2
hosts	2
hoots	2
homeward	2
holier	2
holding	2
hoisted	2
history	2
higher	2
heritors	2
heritor	2
herdsman	2
helm	2
heels	2
heed	2
hector	2
heavenly	2
healthful	2
heal	2
haunted	2
hated	2
hastily	2
harvest	2
harmonies	2
hall	2
gyves	2
guilty	2
grown	2
groves	2
greedy	2
graves	2
grasp	2
grace	2
gore	2
goodlier	2
goats	2
gloomy	2
glassy	2
gives	2
girdle	2
giotto’s	2
gently	2
gazed	2
garland	2
gaped	2
galley’s	2
galleys	2
gale	2
fruitless	2
froth	2
frost	2
fringes	2
fringe	2
fretted	2
frets	2
fret	2
france	2
founder	2
form	2
forgets	2
forests	2
ford	2
footed	2
followed	2
foaming	2
flame	2
fen	2
feels	2
fears	2
fearfully	2
fawn	2
father	2
fashioned	2
fantasy	2
fairest	2
eye	2
existences	2
exile	2
eucharis	2
etched	2
essay	2
enna	2
endymion’s	2
endless	2
enchanted	2
empty	2
emerald	2
either	2
eight	2
echo	2
earliest	2
eagles	2
ea	2
dwell	2
driving	2
drift	2
dreamy	2
draws	2
drawn	2
doublet	2
double	2
dot	2
door	2
dolorous	2
divine	2
divide	2
dissonant	2
dishonoured	2
discreet	2
disconsolate	2
dis	2
dionysos	2
diapered	2
dian	2
despite	2
deserted	2
desecrated	2
depths	2
demagogues	2
delights	2
deeming	2
deemed	2
decay	2
deadlier	2
de	2
dawning	2
daulian	2
dashed	2
dares	2
dappled	2
dancing	2
danced	2
danae	2
dame	2
daisy	2
dainty	2
dagger	2
cytheraea	2
cycles	2
cuts	2
curtained	2
curlews	2
curfew	2
cunning	2
culture	2
cuckoo	2
crystalline	2
crownless	2
crisp	2
creation	2
crake	2
cradled	2
coy	2
courtesan	2
country	2
count	2
coral	2
copse	2
constant	2
consecrate	2
conscious	2
comrade	2
comforted	2
coats	2
coat	2
climbing	2
climbed	2
climb	2
cleft	2
clarion	2
citadel	2
church	2
chorister	2
chord	2
choose	2
chilly	2
chastity	2
chaste	2
chariot	2
chapel	2
chaos	2
chanting	2
changes	2
chance	2
chamber	2
chalices	2
chain	2
centuries	2
catch	2
castaly	2
carven	2
cared	2
cardinal	2
caravan	2
canopy	2
calling	2
cadenced	2
butterﬂy	2
bury	2
burnt	2
burden	2
built	2
brush	2
brothers	2
brook	2
brood	2
bronze	2
broke	2
breezes	2
breathing	2
breathed	2
breasted	2
brave	2
brass	2
brain	2
bought	2
both	2
bossy	2
book	2
bonds	2
bodies	2
board	2
bluebells	2
blowing	2
blooms	2
blessed	2
bleak	2
blazed	2
blaze	2
blast	2
blackbird	2
birth	2
bind	2
big	2
bidding	2
berried	2
began	2
beaten	2
beast	2
bayed	2
bawling	2
bassarid	2
bared	2
bard	2
balm	2
bagley	2
bacchus	2
awe	2
ave	2
autumn’s	2
aureoled	2
atone	2
athena’s	2
atalanta	2
asp	2
ashes	2
arts	2
around	2
armed	2
arisen	2
argosies	2
ardent	2
arched	2
apollo’s	2
answering	2
anointed	2
anodyne	2
anemone	2
anarchy	2
amethystine	2
amaryllis	2
alps	2
almost	2
allure	2
alack	2
aimlessly	2
ai	2
age’s	2
afghan	2
adon	2
=	2
<	2
1	2
.~	2
.;	2
....	2
..,	2
.'~	2
.'-	2
.'	2
-\	2
'~	2
%	2
"’	2
	2
ﬂutter	1
ﬂut	1
ﬂushed	1
ﬂung	1
ﬂows	1
ﬂowre	1
ﬂower’s	1
ﬂowery	1
ﬂowering	1
ﬂow	1
ﬂocks	1
ﬂoats	1
ﬂoated	1
ﬂitting	1
ﬂings	1
ﬂinging	1
ﬂing	1
ﬂi	1
ﬂght	1
ﬂesh	1
ﬂeecy	1
ﬂeeced	1
ﬂeck	1
ﬂaw	1
ﬂaunt	1
ﬂats	1
ﬂat	1
ﬂashing	1
ﬂared	1
ﬂare	1
ﬂaps	1
ﬂapping	1
ﬂaming	1
ﬂames	1
ﬂags	1
ﬁshes’	1
ﬁsher’s	1
ﬁsher	1
ﬁrstling	1
ﬁnned	1
ﬁnite	1
ﬁne	1
ﬁnds	1
ﬁnch	1
ﬁnal	1
ﬁlmy	1
ﬁg	1
“—	1
“~~	1
“?	1
“:	1
“"'!“"*““""""""”	1
’twixt	1
’gins	1
’>	1
’'	1
‘”	1
‘“”	1
‘~‘-	1
‘~~~	1
‘~-	1
‘~	1
‘|e‘i'i	1
‘q	1
‘of	1
‘ni	1
‘m’	1
‘mo	1
‘mid	1
‘ma	1
‘m	1
‘lile..i	1
‘k	1
‘i’	1
‘ii	1
‘h	1
‘f	1
‘d	1
‘aw	1
‘and	1
‘ac	1
‘..\	1
‘,	1
‘"e~	1
‘"	1
»»~	1
»>	1
»-.-,	1
»-	1
§~	1
§,	1
§""	1
£~	1
~€	1
~~*	1
~uvsr	1
~iiiiiii	1
~aa	1
~a	1
~>	1
~;	1
~.?§é	1
~.-	1
~.,	1
~*,	1
~'~	1
~"“-‘	1
|g	1
{	1
zone	1
zi~	1
zakynthos	1
yr	1
youths	1
younker	1
youngest	1
yore	1
yoke	1
ymiom	1
yielded	1
yearned	1
yearn	1
y./iiion	1
xiphias	1
xaipe	1
wych	1
ww7	1
wronged	1
written	1
writhed	1
writ	1
wrist	1
wretchedness	1
wrestlers	1
wren	1
wrecked	1
wreathes	1
wreathed	1
wreathe	1
wrathful	1
would’st	1
worth	1
worst	1
worshipper	1
worlds	1
works	1
working	1
work	1
wore	1
woos	1
woollen	1
wooing	1
wooed	1
woodnymphs	1
wonted	1
wont	1
wonderment	1
wondering	1
wonderful	1
wllggjlnﬂﬂe	1
witness	1
withdraws	1
withdrawn	1
withdraw	1
witch	1
wisps	1
wisdom’s	1
winter’s	1
windward	1
windswept	1
wil’st	1
willowy	1
willows	1
willow	1
wildness	1
wight	1
wife	1
wicker	1
whoop	1
whizzing	1
whistling	1
whispers	1
whispering	1
whispered	1
whirr	1
whirl	1
whimpering	1
whets	1
whereen	1
wether	1
westward	1
western	1
wellfbuilt	1
weighs	1
weep	1
ween	1
week	1
wearying	1
wearies	1
weald	1
ways	1
waxed	1
wax	1
waterloo	1
watchword	1
watchman	1
watcher	1
wasting	1
wasp	1
washes	1
wash	1
wars	1
warren	1
warns	1
warning	1
warned	1
warhorse	1
warders	1
ward	1
wants	1
wantons	1
wantonness	1
wantoning	1
waned	1
wanderings	1
wanderers	1
wakes	1
wakened	1
waked	1
waist	1
wain	1
wail	1
wagons	1
wagon	1
wage	1
w0uld’st	1
vvill	1
vvhile	1
vvhen	1
vvhat	1
voyaging	1
voyage	1
votaries	1
voluptuous	1
voiced	1
vivien’s	1
vitae	1
vita	1
visit	1
visage	1
virtue	1
viols	1
violins	1
violate	1
viol	1
vintager	1
vintage	1
vineyard	1
villanelle	1
vigil	1
victories	1
vestured	1
veronesé	1
verona	1
venged	1
venery	1
velvets	1
velvet	1
vein’s	1
veiled	1
vault	1
vat	1
vanished	1
vandals	1
vallombrosa	1
valleys	1
valdarno	1
vail	1
v!/ith	1
utterance	1
usurper	1
usurp	1
usurer	1
urns	1
urbs	1
ur	1
upturned	1
uprose	1
upleapt	1
unworthy	1
unvisited	1
unvintageable	1
untimely	1
unthrifty	1
untented	1
unswathed	1
unsung	1
unstrung	1
unshod	1
unsentient	1
unselfish	1
unseen	1
unrolls	1
unrisen	1
unpainted	1
unnoticed	1
unmoved	1
unloved	1
unloosed	1
unlocks	1
unload	1
unlawful	1
unkissed	1
universe	1
universal	1
ungodly	1
ungainly	1
unfurl	1
unfrequented	1
unfold	1
unfamiliar	1
unexultant	1
unequal	1
unenjoyed	1
undo	1
undisturbed	1
underlip	1
uncrowned	1
unconsciously	1
uncomforted	1
unclimbed	1
unchanged	1
unbowed	1
unbidden	1
unassailed	1
unappeased	1
unanswered	1
uh	1
tzedium	1
twine	1
twilight	1
twig	1
tuskéd	1
tusked	1
tuscany	1
turtle	1
turquoise	1
turin	1
turbaned	1
tunnies	1
tuniced	1
tunic	1
tunes	1
trysting	1
try	1
trunk	1
trump	1
troy’s	1
trow	1
trout	1
troublous	1
trooping	1
troop	1
triumvir	1
triumph	1
tripod	1
trip	1
trimming	1
trimmed	1
trill	1
tried	1
tribute	1
trespasser	1
trellised	1
treasures	1
treason	1
treacherously	1
traﬁic	1
travelling	1
traveller’s	1
travel	1
travail	1
trancéd	1
tranced	1
trample	1
tramp	1
trammelling	1
tragic	1
tragedies	1
trafalgar	1
trader	1
trade	1
toys	1
towing	1
towers	1
towered	1
touch	1
tottering	1
tossing	1
tosses	1
torturing	1
tortoise	1
torchbearer	1
tops	1
toppled	1
topmost	1
top	1
toothed	1
tool	1
ton’s	1
tonight	1
tongues	1
tongue	1
tones	1
toils	1
toil	1
today	1
titian’s	1
tithe	1
titans	1
tis	1
tipped	1
tinkling	1
timidly	1
times	1
timbers	1
tiber	1
thyself	1
thundering	1
thrust	1
thrush’s	1
thrushes’	1
throng	1
throned	1
throbs	1
thrilling	1
thrilled	1
thrill	1
thrice	1
threshold	1
thoughts	1
thistledown	1
thistle	1
thirsty	1
third	1
thinking	1
thighs	1
thickets	1
thicker	1
thick	1
thetis’	1
theseus	1
thepallid	1
theoretikos	1
theocritus	1
thence	1
theatre	1
thawed	1
thammuz	1
tested	1
terror	1
tering	1
tents	1
tenedos	1
tenebris	1
tendrils	1
tenderly	1
tench	1
tenantless	1
temptation	1
temples	1
tempestuous	1
tempe	1
tells	1
telescope	1
taste	1
tarrieth	1
tarried	1
targe	1
tapestrie	1
tanks	1
tangle	1
tamburlaine	1
talks	1
talked	1
talk	1
taken	1
table	1
systole	1
syrinx	1
syracuse	1
symplegades	1
symphony	1
symphonies	1
symmetry	1
sycamore	1
swore	1
swords	1
swooned	1
swinked	1
swings	1
swinging	1
swimming	1
swim	1
swelled	1
sweetly	1
sweeten	1
sweep	1
sweat	1
swear	1
sways	1
swayed	1
swarthy	1
swarms	1
swarming	1
swan’s	1
swains	1
surmise	1
surging	1
surfeit	1
surf	1
sunﬂower	1
sunset	1
sunrise	1
sunium	1
sunburnt	1
sunbeams	1
sum	1
sulphurous	1
sull	1
suffered	1
subdued	1
style	1
stung	1
student	1
strung	1
strode	1
strive	1
strip	1
string	1
strikes	1
strike	1
stride	1
strews	1
strewing	1
stretches	1
stretched	1
streams	1
streaming	1
strays	1
strawberries	1
stranded	1
strait	1
straining	1
straightway	1
straight	1
stoup	1
storm’s	1
stormier	1
stops	1
stopped	1
stock	1
stoat	1
stiﬂed	1
stirs	1
stirring	1
stings	1
stillness	1
stiffened	1
stem’s	1
stem	1
steeps	1
steely	1
steeled	1
steeds	1
steed	1
stealthily	1
stays	1
staying	1
staunch	1
statue	1
starve	1
startledqeyes	1
start	1
starry	1
starred	1
starlit	1
starless	1
standing	1
stamps	1
stalks	1
staked	1
stairs	1
stage	1
stabs	1
stable	1
stabbed	1
stab	1
squires	1
square	1
spume	1
spring’s	1
springs	1
spreads	1
spreading	1
sportive	1
sport	1
spoken	1
spoiler	1
splinter	1
splashed	1
spiritual	1
spired	1
spindle	1
spices	1
sphinx	1
sphered	1
spenser’s	1
spendthrift	1
spend	1
speedwell	1
speck	1
spasm	1
sparta	1
sparrows	1
spared	1
spanned	1
spain	1
space	1
sown	1
sowers	1
sovereignty	1
southwell	1
southward	1
southern	1
sounds	1
soulless	1
sorry	1
sorrow’s	1
sorrows	1
sore	1
sordello’s	1
sops	1
sophokles	1
sooner	1
somewhere	1
sometimes	1
sometime	1
sombrest	1
solve	1
solitude	1
soled	1
soldier’s	1
sojourn	1
soil	1
softly	1
softest	1
snorting	1
snoring	1
snapdragons	1
smote	1
smoothed	1
smooth	1
smoke	1
slung	1
slumbering	1
sluggish	1
slough	1
slope	1
sleuth	1
slept	1
sleepless	1
sleeping	1
sleepibut	1
sleek	1
slays	1
slanderous	1
slake	1
sistine	1
sister’s	1
sisters	1
sister	1
sire	1
sings’t	1
simzetha	1
simpler	1
simon	1
silvery	1
silly	1
sigurd	1
signs	1
sightless	1
sighing	1
sigh	1
sidon	1
sickening	1
sibyl	1
shunned	1
shudders	1
shuddered	1
shriller	1
shrieks	1
shrieking	1
shrieked	1
shower	1
showed	1
shoulders	1
shorn	1
shores	1
shoot	1
shod	1
shivered	1
shipmen	1
shines	1
shine	1
shifting	1
sheltered	1
shelley	1
sheeny	1
shed	1
sheath	1
shears	1
shard	1
shaped	1
shallop	1
shakespeare’s	1
shaggy	1
shaft	1
shady	1
shades	1
sewing	1
several	1
seventh	1
setting	1
servitude	1
servitor	1
serve	1
servants	1
servant	1
serpent	1
serenity	1
serenade	1
seraph	1
sentinel	1
senses	1
senseless	1
sends	1
semele	1
sell	1
seer	1
secure	1
sebastian	1
seaward	1
seats	1
season’s	1
seasons	1
season	1
searching	1
seamew	1
sealed	1
seagull	1
screams	1
screaming	1
scream	1
scout	1
scorching	1
scorch	1
scoglietto’s	1
scion	1
scimetars	1
scimetar	1
scientific	1
science	1
schoolboy	1
school	1
sceptical	1
scent	1
scene	1
scattered	1
scarped	1
scarf	1
scares	1
scared	1
scare	1
scans	1
scanned	1
scale	1
saw’st	1
saved	1
satyrs	1
satyr	1
saturn’s	1
satisfy	1
sarpedon	1
sappy	1
sappho’s	1
sap	1
santa	1
sank	1
sands	1
sandals	1
sandalled	1
sanctify	1
san	1
samarcand	1
sakes	1
sails	1
sailors’	1
sage	1
saga	1
sadly	1
sacrilege	1
sacrifice	1
sacred	1
sacrament	1
rydalian	1
rusty	1
rustles	1
rustle	1
rustic	1
rust	1
rushlight	1
running	1
rung	1
ruled	1
ruined	1
ruder	1
ruddy	1
rudderless	1
royal	1
rows	1
rowers’	1
row	1
roving	1
rough	1
rote	1
roses'of	1
rosemary	1
rosebud	1
rosary	1
rosa.mystk%	1
rosa	1
rope	1
roots	1
rooks	1
roofs	1
roofed	1
romeo	1
romance	1
roman	1
rolling	1
rode	1
robin	1
robbed	1
rob	1
roar	1
roads	1
riﬂed	1
river’s	1
riverside	1
rites	1
rises	1
ripples	1
rings	1
rills	1
rights	1
righteously	1
rife	1
riding	1
rideth	1
richard’s	1
ri	1
rhythmic	1
rhyme	1
revolving	1
revengeful	1
revelry	1
reveller	1
reveillon	1
reveals	1
returns	1
returning	1
rests	1
restlessly	1
resting	1
response	1
resplendent	1
resolved	1
requiescat	1
reproach	1
reply	1
repass	1
renovated	1
renegade	1
reluctance	1
relics	1
rein	1
reigns	1
refreshed	1
refrain	1
reels	1
reeded	1
reddens	1
redbrick	1
recreant	1
reclined	1
recline	1
recesses	1
reap	1
ravisher	1
ravished	1
ravens	1
ravelled	1
ravel	1
ravages	1
rational	1
rat	1
raptures	1
rainproof	1
raiment	1
ragged	1
radiant	1
rack	1
r1	1
q‘	1
quite	1
quill	1
quickening	1
quick	1
questions	1
questionings	1
questioning	1
questing	1
quenchless	1
quarry	1
quarrel	1
quantum	1
quality	1
quaked	1
quaint	1
qie	1
put	1
pushed	1
purified	1
purely	1
pulsation	1
pulpy	1
prudent	1
prowls	1
proverbs	1
proudest	1
prostrations	1
prophets	1
prophesy	1
progeny	1
profitless	1
profaner	1
prize	1
prison’s	1
prisoner	1
prisoned	1
prime	1
primal	1
pricking	1
price	1
press	1
present	1
precipitate	1
precinct	1
praying	1
prayerless	1
prancing	1
praised	1
poverty	1
pottery	1
poseidon	1
portals	1
portaled	1
poppied	1
poplar’s	1
poplars	1
pools	1
pool	1
pooh	1
pontiff	1
pomp	1
polypheme	1
polymnia	1
pole	1
poisonous	1
poised	1
poet’s	1
poet	1
poems	1
plums	1
plumed	1
plumaged	1
plucks	1
plena	1
pleasure’s	1
pleasures	1
pleased	1
please	1
pleadest	1
playmates	1
playmate	1
playfellow	1
plasha	1
planetary	1
plane	1
plains	1
plague	1
pity’s	1
pitiless	1
pitched	1
piped	1
pinions	1
pinion	1
pillowed	1
pillars	1
pillared	1
pillaged	1
pillage	1
pilgrims	1
pilgrimage	1
pilgrim	1
pilfers	1
piles	1
piled	1
pike	1
pigeons	1
pigeon	1
pierces	1
pierce	1
piedmont	1
pied	1
phzeacian	1
philomel	1
phedre	1
phantom	1
phantasies	1
peter	1
petal	1
persistency	1
perseus	1
perished	1
period	1
perilous	1
peril	1
perfume	1
perfection	1
peplos	1
peoples	1
pennon	1
pen	1
peered	1
peeping	1
pearléd	1
peak	1
peach	1
peaceless	1
peacefully	1
pcrzrnéaznua	1
pavilioned	1
paul’s	1
pattering	1
paths	1
pathan’s	1
pasturing	1
pastures	1
pasture	1
pasturage	1
pastoral	1
passeth	1
partiéusl	1
paris	1
pard	1
parched	1
parapet	1
paramours	1
paradise	1
paphian	1
pan’s	1
panting	1
panther	1
panthea	1
panth	1
pansies	1
pans	1
panoplied	1
pandion	1
pander	1
pampered	1
paltry	1
palmstrina	1
pall	1
paled	1
pair	1
paints	1
painters	1
pail	1
pageant	1
pagan	1
paddled	1
paddle	1
paces	1
oﬂ	1
oﬁ‘	1
oﬁf	1
o’ershadowed	1
o’erleap	1
o’erhanging	1
o‘ertops	1
oxus	1
oxlips	1
oxford	1
owlet	1
overweighs	1
overtops	1
overstay	1
overgrows	1
overdrenched	1
overbrimmed	1
overbold	1
ouzel’s	1
ouzel	1
outﬂames	1
outward	1
outstretched	1
outside	1
outline	1
ousel	1
ours	1
orsook	1
orisons	1
orion’s	1
orient	1
organ	1
oread’s	1
oreads	1
orchids	1
orchards	1
orbed	1
oranges	1
oracle	1
oppressor	1
oppress	1
oozy	1
ool	1
ons	1
ones	1
omnipresence	1
ominous	1
olympus	1
olympian	1
olives	1
oleander	1
oldest	1
olafson	1
offering	1
odysseus	1
odours	1
octave	1
ochre	1
obscure	1
obscene	1
oblivion	1
oats	1
oath	1
oaten	1
nymphs	1
nurture	1
nurse	1
nuova	1
nuns	1
numidian	1
nowwould	1
notch	1
noses	1
nor’west	1
northeast	1
normande	1
nooks	1
noise	1
nocturne	1
nobly	1
nipping	1
newly	1
newfound	1
nerves	1
nerve	1
nepenthe	1
neither	1
neighed	1
neigh	1
nectarous	1
necks	1
neat	1
nears	1
neared	1
nd	1
naxos	1
natures	1
natheless	1
narrowed	1
narciss	1
napoleon	1
names	1
nalad	1
nails	1
naiads	1
n=‘=	1
myself	1
myrtles	1
mutata	1
musing	1
musical	1
muse	1
murmured	1
munich	1
multitudinous	1
mullets	1
mows	1
mown	1
mow	1
move	1
mourners	1
mount	1
moums	1
mouldering	1
mould	1
mother’s	1
mortals	1
morris	1
morocco’s	1
mopylze	1
moonéd	1
moony	1
moonstruck	1
monte	1
monstrous	1
monsters	1
monsignores	1
monks	1
moneyed	1
mona	1
moil	1
mnemosyne	1
mitylene	1
missel	1
miss	1
miseries	1
mirroring	1
mirandola	1
miracles	1
miracle	1
minor	1
minds	1
mind	1
min	1
milton’s	1
milkmaid	1
milk	1
mil	1
mightst	1
mightily	1
midmost	1
mia	1
mi1ton’s	1
mi	1
messenger	1
message	1
mesh	1
mer’s	1
merry	1
mermaids	1
merlin	1
mercy	1
mercury	1
memnon’s	1
memnon	1
melodious	1
melodies	1
melilote	1
melian	1
mede	1
measureless	1
meant	1
meanest	1
meads	1
mazzini	1
matin	1
mates	1
matching	1
master’s	1
massacre	1
mask	1
mary’s	1
marvelled	1
martyrs	1
martinmas	1
marsyas	1
marshals	1
marri	1
marred	1
marks	1
marketplace	1
market	1
marjoram	1
mario	1
marigold	1
marguerite	1
margin	1
march	1
mantle	1
manhood	1
manfully	1
maned	1
mane	1
mandragore	1
malady	1
makes	1
main	1
mailed	1
mahomet	1
magdalen’s	1
maeonia’s	1
maenad	1
madrigals	1
madonna	1
madness	1
lyres	1
lycoris	1
lycaon’s	1
lxr	1
lvpressyons	1
luxury	1
luxuries	1
lustily	1
lustihead	1
lust	1
lush	1
luring	1
lune	1
lullaby	1
luff	1
luce	1
lowest	1
lower	1
loveth	1
lovers’	1
lour	1
louis	1
lotos	1
lose	1
loosestrife	1
loosen	1
looms	1
loomed	1
looks	1
longed	1
loneliness	1
lolling	1
loitering	1
loitered	1
loftiest	1
loftier	1
lock	1
loathes	1
load	1
litter	1
lithe	1
listlessness	1
listless	1
listens	1
lisa	1
lip’s	1
lipped	1
linus	1
linnets	1
lingered	1
linger	1
linden	1
lincoln’s	1
limps	1
limpid	1
lilac	1
liking	1
likelier	1
liked	1
lights	1
lightly	1
lighter	1
lifts	1
lidless	1
licence	1
libertatis	1
lg	1
leto	1
lethaan	1
lesbian	1
les	1
leopards	1
leopard	1
leman	1
legend	1
lecture	1
leaﬂess	1
leathern	1
leastl	1
learning’s	1
learned	1
learn	1
lear	1
leaping	1
leaning	1
leaned	1
leader	1
leadenness	1
leaden	1
lea	1
le	1
lawyer’s	1
launched	1
launch	1
lattice	1
latmos	1
lashed	1
larger	1
larch	1
lanes	1
landward	1
lances	1
lance	1
lamps’	1
laggard	1
lad’s	1
ladybird	1
laddered	1
lacon	1
lacks	1
lackeyed	1
lackey	1
lack	1
labyrinth	1
laburnum	1
l1	1
kthese	1
kosmic	1
knout	1
knight	1
knell	1
knees	1
kith	1
kirtled	1
kirtle	1
kinsmen	1
kings’	1
kinglike	1
kingfisher	1
kingdom	1
kine	1
kin	1
kills	1
killing	1
khan	1
key	1
kentish	1
ken	1
kandahar	1
k	1
juno’s	1
juno	1
juniper	1
jungle	1
june’s	1
juice	1
judgement	1
judas	1
joy’s	1
jove’s	1
journey	1
jostling	1
jolly	1
joined	1
jew	1
jesus	1
jeal0us	1
jaws	1
javelins	1
jades	1
iﬁ	1
i’ll	1
i’d	1
i’	1
i~=	1
iunnn9|	1
itthink	1
ithaca’s	1
italia’s	1
ispahan	1
isabella	1
iron	1
irised	1
ir/‘e	1
ip	1
io	1
in‘	1
inwrought	1
invincibly	1
intruder	1
intolerable	1
intense	1
intellectualis	1
intellect	1
instrument	1
inspire	1
insidious	1
injustice	1
inextinguishable	1
indolent	1
indolence	1
indies	1
increase	1
inconstant	1
incompleted	1
incomplete	1
inch	1
incarnate	1
imprisoned	1
impetuous	1
imperishably	1
imperatrix	1
impartiality	1
immortality	1
illyrian	1
illume	1
ilissus	1
ilissos	1
ilion	1
ii’	1
iire	1
ii1	1
ignoble	1
if’	1
if‘	1
idyll	1
idolater	1
idly	1
idle	1
ideals	1
ideal	1
ichabod	1
icarus	1
iato	1
i1	1
i./iipressioivs	1
i'“'‘i	1
i'll	1
hyssop	1
hymned	1
hymettus	1
hymeneal	1
hymenaeal	1
hyaline	1
hyacinth’s	1
hyacinths	1
hyacinth	1
hut	1
hurries	1
hurls	1
hurling	1
hurled	1
hurdles	1
hunter	1
hungry	1
hungering	1
humanity	1
humanitad	1
hui!/anita	1
hugh	1
hued	1
huddle	1
hu1llanltad	1
howled	1
houses’	1
houses	1
hound’s	1
hound	1
host	1
horrors	1
horns	1
horned	1
hopsgupon	1
hopping	1
hopped	1
hoping	1
hoped	1
hooves	1
hooting	1
hooted	1
hood	1
honeycomb	1
homed	1
holocaust	1
holly	1
holiest	1
holes	1
hoist	1
hodden	1
hock	1
hoary	1
ho\v	1
hither	1
hind	1
himalayan	1
hies	1
hierarchy	1
hewn	1
hest	1
hesperus	1
hesperos	1
heron	1
hermes	1
herd’s	1
herds	1
herbs	1
herb	1
heralds	1
heraldries	1
herald	1
henrietta	1
hen	1
hempen	1
hemlock	1
helvellyn	1
help	1
helmsman	1
helmet’s	1
hellenic	1
heliconian	1
helice	1
helena	1
heir	1
heifer	1
hedge	1
hecate’s	1
hecate	1
heavenward	1
heath	1
heated	1
heat	1
hearts’	1
hearth	1
hearted	1
hears	1
hearken	1
hearing	1
heap	1
healed	1
headed	1
hazel	1
haze	1
hawthorn	1
hawk	1
haw	1
havoc	1
haste	1
harshly	1
harsh	1
harried	1
harmless	1
harlotries	1
hark	1
harebells	1
harebell	1
hare	1
hardihood	1
hard	1
harbour	1
hapt	1
hangs	1
halloo	1
halcyons	1
halcyon	1
hair’s	1
haired	1
had’st	1
hades	1
hadbid	1
gurgling	1
gummy	1
gulls	1
gull	1
gul	1
guilt	1
guest	1
guerdon	1
gudrun	1
gs	1
grumbling	1
groweth	1
groping	1
groans	1
groan	1
grisly	1
grifﬁn	1
grettir	1
greenery	1
greeks	1
greed	1
greece	1
grebe	1
graveclothes	1
gratia	1
grasshoppers	1
grasshopper	1
grapes	1
granary	1
gramercy	1
grain	1
gracious	1
grabbled	1
governance	1
goth	1
gorgon’s	1
gorgonian	1
gorgon	1
gorged	1
goodman	1
going	1
goddess	1
gocl’s	1
goatskin	1
gnixi»	1
gnat	1
gnarled	1
gm	1
glowed	1
glow	1
gloves	1
glossy	1
gloriously	1
glorious	1
globe	1
glittering	1
glistening	1
glimmers	1
gleaner’s	1
glean	1
gleams	1
glared	1
gladsome	1
gladness	1
glades	1
gladdening	1
girl’s	1
girls’	1
girls	1
girdles	1
giovanni	1
gilt	1
gild	1
gift	1
gi	1
ghost’s	1
ghostly	1
getting	1
germ	1
genoa	1
genders	1
gear	1
gave	1
gauzy	1
gauze	1
gathers	1
gathering	1
gathered	1
gather	1
gas	1
garths	1
garnered	1
garner	1
garment	1
gardener	1
gaping	1
ganymede	1
ganges	1
gambols	1
galleon	1
gallant	1
galilee	1
galil@an’s	1
galaxy	1
gain	1
gabriel	1
g	1
f“tt	1
furry	1
furrows	1
furrow	1
furled	1
funeral	1
fullness	1
fuller	1
fuite	1
fruitful	1
frozen	1
frowned	1
froward	1
frosted	1
frolic	1
frogs	1
fritillaries	1
fringed	1
frighted	1
fright	1
friezeless	1
frieze	1
friend	1
fresher	1
frenzied	1
freighted	1
freightage	1
freer	1
freedom’s	1
fratricide	1
franchi	1
fra	1
foxes	1
fox	1
four	1
fountains	1
foundered	1
foster	1
fortune’s	1
fortress	1
forsaken	1
forlorn	1
forgetting	1
forgat	1
forest’s	1
forester’s	1
foreign	1
force	1
forbid	1
forbears	1
footsteps	1
fools	1
fool	1
food	1
folks	1
fog	1
flutter	1
flushing	1
flown	1
flooding	1
flooded	1
flits	1
flings	1
flew	1
fled	1
flames	1
fl	1
fit	1
fiesole	1
fhrobbed	1
ff	1
festival	1
ferry	1
fern	1
fenced	1
fence	1
fellows	1
fegean	1
fee	1
feathers	1
feather	1
fawnskin	1
fawns	1
fauns	1
fault	1
father’s	1
fates	1
fated	1
fat	1
farmyard	1
fanned	1
fang	1
fane	1
fancy	1
fan	1
famine	1
fames	1
faintly	1
fainter	1
fain	1
failure	1
failed	1
fail	1
faggots	1
fading	1
factories	1
faces	1
faced	1
fabien	1
e’er	1
eyelids’	1
eyeless	1
eyeballs	1
exultant	1
extent	1
expression	1
expectant	1
evermore	1
everlasting	1
eventide	1
evening’s	1
eurotas	1
europe	1
euripides	1
euphorion	1
eucharist	1
et	1
estate	1
est	1
esquiline	1
eschylus	1
eschylos	1
erycine	1
erect	1
er	1
equipage	1
eptune’s	1
epic	1
epaulette	1
envy	1
envious	1
entwine	1
entranced	1
enthusiasm	1
enthroned	1
enter	1
ensanguined	1
enraptured	1
enfold	1
enemies	1
endymions	1
endure	1
ends	1
endeavour	1
enchantment	1
enamoured	1
enamelled	1
en0ugh	1
en	1
empyreal	1
empurpled	1
emprise	1
empires	1
emperors	1
emperies	1
embroidery	1
embrace	1
embattled	1
elves	1
eloquent	1
elm	1
elle	1
elemental	1
elegy	1
egyptian’s	1
eglantine	1
eggs	1
effete	1
effect	1
eee	1
eddies	1
economies	1
eclipse	1
echoing	1
echoes	1
ebon	1
ebbing	1
eaves	1
eaved	1
eats	1
eaten	1
eat	1
easy	1
eastward	1
earthly	1
earthern	1
earned	1
eared	1
ear	1
eager	1
e1m’s	1
dynasties	1
dye	1
dwelled	1
duty	1
dune	1
duggen	1
dug	1
duel	1
due	1
duck’s	1
dryope	1
dryads	1
dry	1
drunken	1
drums	1
drugs	1
drowning	1
drown	1
drouth	1
dropping	1
drives	1
driven	1
drive	1
drip	1
drinks	1
drifts	1
drew	1
dress	1
dreary	1
drearily	1
dreaming	1
dreamed	1
dreadful	1
drave	1
draught	1
dragged	1
downy	1
dovelike	1
dotting	1
doors	1
doom	1
donned	1
domain	1
dolphins	1
dogmatical	1
dog	1
divinity	1
diviner	1
divided	1
ditty	1
dispossessed	1
dismal	1
disdain	1
discontent	1
disclose	1
dips	1
dipping	1
dip	1
dimmed	1
dig	1
dieth	1
diastole	1
dian’s	1
diamonded	1
dial’s	1
diadems	1
diadem	1
dewy	1
dews	1
dewdrop	1
devour	1
devious	1
destructful	1
desponded	1
despoiled	1
despairing	1
deserts	1
desert	1
desecrate	1
descry	1
depth	1
denys	1
democracies	1
demeter’s	1
delve	1
dells	1
delightful	1
delhi	1
dei	1
deeper	1
deeds	1
decoy	1
decca	1
deathless	1
deacons	1
dart	1
darksome	1
darkly	1
darkening	1
darkened	1
daring	1
daphne	1
dank	1
dancer	1
damask	1
daily	1
daffodils	1
daffadillies	1
dadal	1
czar	1
cythere	1
cytheraea’s	1
cytheraean	1
cyther&a’s	1
cynthia	1
cycled	1
cycle	1
cw	1
curving	1
curved	1
curtain	1
curse	1
curled	1
curl	1
curds	1
curbs	1
cups	1
cumner	1
cuirass	1
cubit	1
cs	1
crying	1
crushing	1
cruelty	1
crucified	1
crucible	1
crows	1
crowning	1
cromwell’s	1
crofts	1
crocketed	1
croaking	1
critics	1
crime	1
cricket	1
cressets	1
creek	1
creeds	1
creed	1
create	1
creaking	1
creaked	1
crawled	1
crate	1
crash	1
crane	1
crags	1
crackling	1
crack	1
coﬁin	1
cowslips	1
covers	1
court	1
course	1
counts	1
countrie	1
counterchange	1
couched	1
coronals	1
coronal	1
cornel	1
corncrake	1
corinth’s	1
corinthian	1
cordage	1
cord	1
copy	1
copses	1
cooling	1
cooed	1
convolvulus	1
control	1
contemn	1
contain	1
confessors	1
cones	1
cone	1
conducts	1
conduct	1
condemned	1
comrades	1
comraded	1
complain	1
company	1
common.fear	1
common-sense	1
cometh	1
combed	1
columns	1
columbine	1
colourless	1
colchian	1
coin	1
cockles	1
cock	1
coated	1
clutching	1
clutches	1
clover	1
clouds	1
clotted	1
closing	1
closer	1
cloistered	1
clinging	1
cling	1
climbs	1
cliff	1
clenching	1
clematis	1
cleaving	1
clearly	1
clearer	1
clean	1
clattering	1
clasping	1
clasped	1
clasp	1
clash	1
clarions	1
clank	1
clanging	1
clan	1
clammy	1
clambers	1
claimed	1
city’s	1
cities	1
cithmron	1
circumvent	1
circle	1
circassian	1
cinctured	1
churning	1
chuck	1
chrysanthemums	1
chronicler	1
christs	1
christians	1
chorus	1
choir	1
choice	1
chirped	1
chimes	1
childbearing	1
chiefest	1
chief	1
chiding	1
chides	1
chewing	1
chest	1
cherubim	1
chequers	1
cheered	1
check	1
cheating	1
cheated	1
chaucer’s	1
chastest	1
chastened	1
chased	1
charon’s	1
charms	1
charm	1
chanson	1
changelings	1
chambers	1
chambering	1
chamberer	1
challenges	1
chaliced	1
chalice	1
certain	1
cephissos	1
century	1
centred	1
centaur	1
censers	1
censer	1
cells	1
celandine	1
ceasing	1
ceaselessly	1
ceaseless	1
cawing	1
caves	1
caverned	1
cavalcade	1
cause	1
causality	1
castalian	1
casque	1
carved	1
carve	1
carols	1
carnations	1
carmel’s	1
carillons	1
carelessness	1
capitol	1
cans’t	1
canst	1
canopied	1
cannonades	1
cankerworm	1
cankering	1
campagna’s	1
calypso	1
calvary	1
calpé	1
calls	1
calabrian	1
cain	1
cabool	1
c7l4rw{ld1l$	1
byre	1
butterﬂies	1
butterflies	1
buttercups	1
busy	1
bustle	1
bursts	1
bursting	1
burns	1
burning	1
buries	1
buried	1
burial	1
burgeoned	1
bulgaria	1
building	1
buds	1
budding	1
bud	1
bubbling	1
bubbles	1
bubble	1
brynhild	1
brunelleschi	1
bruised	1
bruise	1
browed	1
brooding	1
broideries	1
broad	1
brittle	1
bristled	1
brine	1
bridges	1
bridal	1
brewed	1
breton	1
breezy	1
brede	1
breath’d	1
breathless	1
breasting	1
bravely	1
braided	1
br=|"""""“"“'ii~	1
boyhood	1
bowl	1
bower	1
bounteous	1
bosky	1
boreas	1
booming	1
boomed	1
bond	1
bokhara	1
boisterous	1
bodily	1
bode	1
boast	1
blushing	1
blushes	1
blunted	1
bluest	1
bluebells’	1
blot	1
bloomy	1
blooming	1
bloomed	1
bloodred	1
bloodless	1
blithe	1
blinking	1
blend	1
bleeds	1
bleed	1
bleated	1
bleached	1
blare	1
blank	1
blanched	1
blamelessly	1
blame	1
blade	1
blackened	1
blackbirds	1
bitterness	1
bittern	1
bitterly	1
bishop	1
bird’s	1
billets	1
bigger	1
bier	1
bids	1
bice	1
betraying	1
betrayed	1
betray	1
berries	1
bereft	1
bent	1
bend	1
bemoans	1
belt	1
beloved	1
bell’s	1
bell’d	1
bellringer	1
bellamour	1
beleaguerment	1
belated	1
bei	1
beguiled	1
beget	1
beg	1
bee’s	1
beetle	1
beechnuts	1
beechen	1
beech	1
bedfellow	1
bedew	1
becomes	1
become	1
beauty’s	1
beats	1
beatricé	1
beatrice	1
beasts	1
beard	1
beanﬁelds	1
beads	1
beaded	1
beached	1
beach	1
bazaar	1
bays	1
bat’s	1
battled	1
battens	1
bats	1
bat	1
bastioned	1
bassanio	1
basking	1
basil	1
barter	1
barricadoed	1
barricades	1
barrenness	1
barge	1
barbed	1
barbarous	1
bank	1
band	1
ballad	1
ball	1
balcony	1
balanced	1
baffled	1
backward	1
baal	1
aﬂame	1
awakening	1
aw...a	1
avignon	1
avarice	1
avails	1
av	1
austerlitz	1
austerity	1
aureole	1
attack	1
atones	1
atoms	1
athens	1
astride	1
assuage	1
assoil	1
assault	1
asps	1
aspromonte	1
asleep	1
aslaug	1
asking	1
aside	1
asia	1
ashtaroth	1
ashamed	1
ascend	1
artemisium	1
arrow	1
array	1
arras	1
arose	1
arona	1
arno’s	1
arno	1
armoury	1
armies	1
arise	1
ariadne	1
architrave	1
arch	1
arcgdy	1
arcadia	1
arbitress	1
arbiter	1
aragon	1
arachne‘s	1
araby	1
arabs	1
arabia	1
april	1
approaching	1
apples	1
appetite	1
appear	1
appealed	1
apollo	1
aphrodite’s	1
apennines	1
apart	1
anywhere	1
anything	1
antony	1
antonio’s	1
antiphonal	1
antinous	1
answers	1
answered	1
another’s	1
another	1
anguished	1
anger	1
anemones	1
anchorage	1
anchor	1
anarchies	1
analysed	1
amor	1
amiens	1
amethyst	1
ambrosial	1
ambition	1
ambiguous	1
ambassadors	1
amazed	1
amaze	1
amaracine	1
aloud	1
aloof	1
aloft	1
allow	1
alive	1
ale	1
alchemy	1
albeit	1
alarums	1
ajax	1
airfreshens	1
aigina	1
ah‘	1
agony	1
agnolo’s	1
aghast	1
afternoon	1
afterglow	1
afield	1
affright	1
affect	1
aerial	1
aeolian	1
advocate	1
adulteries	1
adulterer	1
adorn	1
adonais	1
actual	1
actium	1
actazons	1
acheron	1
accursed	1
academe	1
abyss	1
abandoned	1
\’l'\	1
\al	1
\:	1
@	1
>	1
=~=	1
=='=""'~'~='	1
=:	1
=1\	1
=.	1
<-	1
7	1
4~'~	1
1t>	1
11~‘"‘	1
11	1
1'<~‘>\	1
/ill/stica	1
/eterna	1
/.	1
/	1
.“	1
.‘	1
.¢|	1
.~:	1
.~..	1
.|.	1
.|-	1
.|	1
.:	1
..~.	1
..=,	1
..;	1
...~	1
.....-	1
.....,	1
....-~	1
...	1
..-.-	1
..-.,	1
..-.	1
..-	1
.-~¢-	1
.-*:	1
.'.	1
.',	1
-~~.	1
-~~-.	1
-~-	1
-~*¢‘	1
->~	1
->,	1
-=-	1
-....‘..,	1
-.....	1
-**.-	1
+	1
*“'."	1
*‘“	1
*~'~""~	1
*\*	1
*1	1
*.;	1
*-	1
*%'i	1
)';	1
'“"	1
'“	1
'§	1
':	1
'/:	1
'.	1
'-'"-	1
',	1
'*'“"“”	1
'*'-'='	1
''~	1
''	1
'"”	1
'".	1
&a	1
"“’	1
"~	1
"=*‘-	1
"-~	1
"-**“"*‘“	1
",	1
"*"	1
"*	1
"'*‘	1
"'	1
""“"’“‘	1
""‘;	1
""=.	1
""':	1
"""':	1
""""""“"	1
""	1
!‘	1
!"	1
