,	1011
the	810
and	645
.	367
;	334
of	290
a	284
to	193
in	180
i	175
'	172
with	123
:	110
that	108
my	108
her	107
he	104
his	100
!	100
|'s|	90
she	84
for	75
—	74
is	71
you	70
on	70
like	70
but	63
all	62
from	60
be	60
at	58
god	53
as	51
no	50
it	48
by	44
me	42
him	40
shall	39
are	39
where	34
was	34
now	33
heaven	33
who	32
this	32
or	32
?	32
.'	32
your	31
world	31
there	30
then	30
their	30
down	29
about	29
still	27
out	27
love	27
we	25
not	25
man	25
here	25
|arabic1digit|	24
over	24
day	24
come	24
night	23
heart	23
have	23
will	22
"	22
thought	21
one	21
hell	21
/	21
some	20
father	20
eyes	20
earth	20
!'	20
when	19
through	19
said	19
life	19
great	19
an	19
what	18
upon	18
up	18
go	18
every	18
ever	18
were	17
oh	17
golden	17
came	17
must	16
into	16
if	16
face	16
blood	16
again	16
way	15
old	15
never	15
men	15
lord	15
its	15
how	15
high	15
after	15
town	14
time	14
they	14
street	14
sea	14
little	14
know	14
happy	14
end	14
death	14
am	14
across	14
while	13
nor	13
may	13
hope	13
hand	13
had	13
feet	13
city	13
can	13
beside	13
before	13
wind	12
went	12
think	12
things	12
sun	12
music	12
mother	12
light	12
fell	12
would	11
woman	11
wife	11
whose	11
than	11
son	11
sing	11
sin	11
see	11
rose	11
new	11
more	11
long	11
let	11
hill	11
dead	11
crimson	11
broke	11
boy	11
away	11
us	10
took	10
tears	10
stars	10
soul	10
so	10
shore	10
our	10
make	10
home	10
far	10
deep	10
?'	10
work	9
sweet	9
stood	9
spring	9
saw	9
right	9
pale	9
made	9
land	9
it's	9
heard	9
head	9
harvest	9
flame	9
fire	9
fall	9
died	9
die	9
cry	9
creed	9
comes	9
along	9
against	9
above	9
years	8
women	8
woe	8
waves	8
wall	8
thing	8
should	8
set	8
pain	8
once	8
mine	8
many	8
last	8
keep	8
houndsditch	8
flowers	8
firth	8
first	8
do	8
cried	8
christ	8
child	8
cast	8
broken	8
alone	8
yet	7
ye	7
word	7
within	7
winter	7
why	7
whole	7
white	7
well	7
voice	7
till	7
though	7
them	7
tell	7
take	7
summer	7
sound	7
sometimes	7
sleep	7
sky	7
sister	7
silver	7
silent	7
shone	7
round	7
repent	7
ran	7
poor	7
passion	7
moon	7
meet	7
lost	7
lo	7
lie	7
led	7
holy	7
hands	7
half	7
done	7
did	7
dear	7
dawn	7
cold	7
born	7
bob	7
believe	7
because	7
air	7
ah	7
•	6
|romannumeral|	6
without	6
wearied	6
water	6
understood	6
too	6
today	6
thirty	6
strong	6
streets	6
space	6
soon	6
songs	6
song	6
skies	6
say	6
rosy	6
ring	6
raised	6
power	6
nothing	6
morn	6
looked	6
look	6
living	6
live	6
lay	6
house	6
himself	6
grew	6
green	6
gold	6
doom	6
devil	6
dark	6
daily	6
burst	6
bore	6
behind	6
bed	6
always	6
young	5
wings	5
which	5
wedding	5
watched	5
warm	5
very	5
universe	5
thou	5
straightway	5
straight	5
star	5
spirit	5
sounding	5
souls	5
snow	5
sit	5
singing	5
sight	5
shadowy	5
seemed	5
sad	5
robe	5
roar	5
purple	5
priest	5
place	5
phantom	5
passed	5
own	5
off	5
most	5
meaning	5
low	5
left	5
i'll	5
hot	5
help	5
hear	5
found	5
forth	5
folk	5
fear	5
emerald	5
east	5
duchess	5
dreams	5
dread	5
divine	5
dew	5
delight	5
creeds	5
caught	5
bring	5
breast	5
between	5
beneath	5
beat	5
ballad	5
back	5
art	5
\	5
wrought	4
wrath	4
winds	4
wild	4
wide	4
whispered	4
wherein	4
west	4
week	4
wanton	4
under	4
two	4
turned	4
turn	4
trembling	4
touch	4
together	4
times	4
tides	4
thundering	4
three	4
teeth	4
sweetly	4
suddenly	4
stones	4
stands	4
stand	4
smoky	4
shook	4
sent	4
scarce	4
roses	4
room	4
ra	4
quick	4
peace	4
path	4
pass	4
orient	4
news	4
naked	4
mountains	4
midnight	4
memory	4
lowly	4
looking	4
lies	4
laughter	4
laid	4
knelt	4
king	4
kind	4
iron	4
icy	4
i'm	4
hungry	4
hung	4
hour	4
hoarse	4
heavy	4
heat	4
hearts	4
has	4
harlot	4
grey	4
good	4
gods	4
glow	4
glory	4
glittering	4
give	4
gave	4
future	4
free	4
foolish	4
floor	4
fill	4
few	4
feeble	4
fate	4
fantastic	4
faint	4
eyed	4
evermore	4
even	4
eat	4
each	4
drums	4
drink	4
door	4
darkness	4
daisies	4
cut	4
crowd	4
cross	4
could	4
convent	4
conquered	4
cloudy	4
children	4
change	4
cease	4
cannot	4
call	4
burned	4
buried	4
brow	4
bright	4
bride	4
brave	4
bosom	4
bones	4
bold	4
body	4
boat	4
black	4
birds	4
below	4
bell	4
began	4
beach	4
ask	4
appeared	4
aphrodite	4
anguish	4
almighty	4
ago	4
."	4
-	4
youth	3
yes	3
words	3
wood	3
wonder	3
wistful	3
wine	3
wheels	3
wave	3
watch	3
wandering	3
walked	3
waited	3
vision	3
veil	3
vain	3
until	3
understand	3
twixt	3
tune	3
tree	3
tonight	3
tired	3
thundered	3
throng	3
throne	3
those	3
these	3
tempest	3
swinging	3
swing	3
sweat	3
sunset	3
sunlight	3
such	3
strike	3
strength	3
storm	3
stole	3
step	3
stained	3
stain	3
square	3
spread	3
sounded	3
softly	3
soft	3
sobbed	3
slave	3
sigismund	3
sigh	3
shrieked	3
shining	3
shafts	3
seraphs	3
save	3
sat	3
sank	3
ruddy	3
romney	3
road	3
river	3
rich	3
rest	3
red	3
ragged	3
purge	3
press	3
poured	3
pleasant	3
play	3
plain	3
pipe	3
people	3
paul	3
passionate	3
park	3
palsied	3
palace	3
others	3
other	3
open	3
only	3
ones	3
obscure	3
note	3
north	3
nobly	3
nightly	3
near	3
nature	3
n	3
myself	3
murmuring	3
muffled	3
moods	3
mood	3
mist	3
million	3
mighty	3
master	3
marsh	3
mark	3
makes	3
maid	3
mad	3
lofty	3
lit	3
listen	3
limb	3
lifted	3
leaves	3
leafless	3
lark	3
lands	3
labour	3
knows	3
knowledge	3
kissed	3
kings	3
keen	3
jewelled	3
ice	3
hurried	3
human	3
hollow	3
holiday	3
ho	3
hither	3
hideous	3
herself	3
held	3
hearted	3
haunt	3
hark	3
happiest	3
hang	3
halls	3
hacked	3
gulf	3
ground	3
greater	3
grass	3
grace	3
glowing	3
glance	3
ghostly	3
ghastly	3
gentle	3
gather	3
gate	3
galaxies	3
g	3
furnace	3
friend	3
frame	3
flood	3
flesh	3
flames	3
filled	3
feared	3
fade	3
exodus	3
evening	3
eternity	3
eternal	3
enchanted	3
ears	3
dull	3
duke	3
driven	3
dressed	3
dress	3
dreaming	3
dream	3
dreadful	3
distress	3
desperate	3
dared	3
dance	3
damned	3
dagger	3
curled	3
cup	3
crossed	3
cries	3
courage	3
corn	3
conquering	3
clouds	3
clenched	3
cities	3
cheek	3
changed	3
casimir	3
carnival	3
broad	3
brine	3
border	3
bonaparte	3
blossoms	3
bloody	3
blast	3
bells	3
beating	3
bar	3
ballads	3
ball	3
awful	3
autumn	3
aside	3
arms	3
antique	3
although	3
alive	3
aldgate	3
ain't	3
agnes	3
zeal	2
yourselves	2
wrung	2
writhed	2
woven	2
worn	2
worm	2
wondering	2
womb	2
wolf	2
woke	2
withered	2
wise	2
wire	2
winding	2
wholly	2
whispers	2
whine	2
whatever	2
wet	2
welter	2
wells	2
welcomed	2
welcome	2
weeping	2
weeds	2
wed	2
weakness	2
waste	2
wardress	2
warder	2
wan	2
walls	2
walk	2
waits	2
wait	2
wail	2
voices	2
velvet	2
vault	2
vapour	2
uttered	2
used	2
upright	2
unpardonable	2
unless	2
unexpected	2
unclean	2
u	2
trust	2
trumps	2
troubled	2
triumph	2
trees	2
travelling	2
train	2
towns	2
tower	2
torrents	2
tore	2
tops	2
tide	2
threw	2
thousands	2
thoughts	2
terrible	2
ten	2
tear	2
taught	2
tangled	2
ta	2
t	2
systems	2
sword	2
swift	2
sweetheart	2
swallows	2
surges	2
surge	2
suns	2
sumptuous	2
suffer	2
stuck	2
struck	2
strange	2
stranded	2
strand	2
straits	2
stormy	2
stopped	2
stone	2
stir	2
steam	2
stay	2
starts	2
started	2
starry	2
stair	2
squares	2
splendid	2
spheres	2
spends	2
spend	2
spell	2
speed	2
special	2
speak	2
spangled	2
sought	2
sore	2
sons	2
somewhat	2
soldering	2
sod	2
snowy	2
smouldering	2
smote	2
smoke	2
smelled	2
slowly	2
slow	2
sleeping	2
skin	2
skeleton	2
sins	2
simpleton	2
simple	2
sign	2
side	2
shrunken	2
shrine	2
shrill	2
shrieking	2
shower	2
shout	2
shod	2
shed	2
shape	2
shadows	2
serenely	2
sere	2
sentence	2
self	2
seen	2
seeing	2
seed	2
seat	2
seal	2
score	2
scope	2
scherzo	2
scalding	2
savage	2
sapphire	2
same	2
salvation	2
salt	2
sake	2
saints	2
ruthless	2
rushing	2
royally	2
rotting	2
rotted	2
roof	2
romped	2
roll	2
rode	2
roam	2
rivers	2
rise	2
ripe	2
ride	2
remember	2
religion	2
rear	2
read	2
reached	2
reach	2
ravine	2
rather	2
rank	2
rain	2
rags	2
radiant	2
question	2
queen	2
python	2
put	2
proud	2
pronounce	2
prone	2
prolonged	2
prodigal	2
pressed	2
predestined	2
preacher	2
preached	2
powers	2
pouring	2
port	2
poisonous	2
poets	2
poet	2
ply	2
plume	2
please	2
pleading	2
played	2
piper	2
pink	2
pinions	2
pillared	2
perhaps	2
perfect	2
peals	2
pealed	2
paved	2
paused	2
paths	2
past	2
part	2
pageant	2
page	2
orchard	2
opened	2
often	2
oboes	2
o	2
noiseless	2
noblest	2
nigh	2
neither	2
needs	2
necks	2
napoleon	2
mr	2
mountain	2
mould	2
morning	2
monster	2
mole	2
mire	2
minister	2
mind	2
millions	2
midst	2
memories	2
mean	2
massive	2
mask	2
mary	2
marked	2
malespina	2
making	2
magic	2
m	2
lyre	2
lustrous	2
lust	2
lurk	2
lucky	2
luck	2
lovers	2
loved	2
loud	2
looks	2
lives	2
lips	2
lip	2
limbs	2
lilies	2
lightly	2
lent	2
leaved	2
lead	2
le	2
laws	2
laughed	2
lash	2
lanterns	2
lamplike	2
lamp	2
lady	2
labourer	2
knew	2
knees	2
killed	2
kill	2
keeper	2
just	2
judgement	2
judge	2
joy	2
journey	2
jasper	2
j	2
itself	2
isn't	2
instant	2
infinite	2
indeed	2
idria	2
hythe	2
husband	2
horror	2
hopes	2
hoofs	2
hoof	2
hood	2
holds	2
hold	2
hoard	2
higher	2
hidden	2
hid	2
heralded	2
henceforth	2
helpless	2
heavenly	2
hawthorn	2
having	2
haunted	2
haughty	2
hate	2
hastened	2
haste	2
hardly	2
hangs	2
handed	2
halfway	2
haired	2
hair	2
h	2
grow	2
gospel	2
gone	2
glowed	2
glided	2
glades	2
girt	2
girls	2
ging	2
gilt	2
ghost	2
gathering	2
gates	2
garland	2
fulfilled	2
frowning	2
fringe	2
fore	2
force	2
footstep	2
fog	2
flying	2
fly	2
flutter	2
flutes	2
flung	2
flower	2
float	2
fleet	2
fled	2
flashed	2
five	2
fine	2
find	2
fillet	2
fighting	2
fiery	2
fast	2
fantasy	2
fan	2
falls	2
fallen	2
faith	2
fair	2
faced	2
eyelids	2
eye	2
expecting	2
everywhere	2
everything	2
everlasting	2
europe	2
ere	2
entered	2
enough	2
else	2
echoed	2
eastertide	2
ease	2
early	2
dymchurch	2
dyed	2
dust	2
dumb	2
dulcimers	2
due	2
dross	2
drops	2
dried	2
dreary	2
dreamed	2
dragonflies	2
downward	2
downs	2
doors	2
don't	2
dome	2
dissolute	2
discord	2
dire	2
dimly	2
dim	2
difficultest	2
diamond	2
desire	2
dens	2
deeply	2
de	2
darkened	2
dare	2
dancing	2
cymbals	2
curse	2
curious	2
crystal	2
crown	2
crest	2
craft	2
crack	2
cousin	2
corpse	2
conquer	2
comely	2
clutched	2
cloud	2
close	2
climbed	2
clad	2
cinnabar	2
churches	2
church	2
chose	2
choice	2
chains	2
certain	2
ceaseless	2
carved	2
care	2
bury	2
burning	2
budding	2
brother	2
brink	2
brimming	2
breathless	2
breath	2
breaks	2
bread	2
brake	2
brain	2
bracelet	2
bowed	2
bound	2
both	2
boom	2
books	2
blush	2
blows	2
blooming	2
bloom	2
blooded	2
blaspheme	2
blanched	2
blanche	2
bit	2
birth	2
bird	2
bind	2
bid	2
beyond	2
better	2
betide	2
best	2
belt	2
believing	2
beholding	2
beheld	2
been	2
become	2
became	2
beauty	2
beast	2
bearing	2
bank	2
bands	2
baleful	2
ay	2
avalanche	2
athwart	2
arose	2
army	2
argosies	2
applause	2
appear	2
apparel	2
angels	2
anew	2
andante	2
ancient	2
among	2
amain	2
also	2
aloud	2
alas	2
airy	2
aha	2
age	2
aftermaths	2
afar	2
adagio	2
abbey	2
...	2
.,	2
!"	2
•what	1
•the	1
•'">	1
„	1
~^	1
}	1
|arabic2digit|	1
zones	1
zone	1
zest	1
youthful	1
you're	1
you'll.'see	1
yoke	1
yielded	1
yelping	1
yellow	1
year	1
yawning	1
yawned	1
yard	1
xlf	1
wrote	1
wrong	1
writings	1
write	1
wrinkled	1
wretchedness	1
wrens	1
wrenched	1
wrench	1
wreck	1
wreaths	1
wrapped	1
wrap	1
wraith	1
wounds	1
wound	1
worship	1
worse	1
works	1
workhouse	1
worked	1
wore	1
woos	1
wool	1
wooed	1
woods	1
wooded	1
wonderstruck	1
wonderful	1
won	1
wolfish	1
woeful	1
wither	1
withdrew	1
with(placid	1
wish	1
wisely	1
wipe	1
windy	1
windows	1
window	1
willows	1
willow	1
wilful	1
wildfire	1
wicked	1
whom	1
whistles	1
whistled	1
whistle	1
whispering	1
whirr	1
whirling	1
whipped	1
whim	1
whelmed	1
weltering	1
weltered	1
welt	1
welled	1
weed	1
weather	1
weary	1
wears	1
wearing	1
weal	1
weakest	1
weak	1
we'll	1
waysides	1
waving	1
watercourses	1
watching	1
wastes	1
wasted	1
washed	1
wars	1
warrior	1
warren	1
warned	1
ward	1
warblers	1
war	1
wantonness	1
waned	1
wands	1
wanderers	1
wanderer	1
wandered	1
wander	1
waltz	1
wallowing	1
wallflower	1
walking	1
wakes	1
wakening	1
wakened	1
wake	1
waiting	1
wain	1
wagged	1
wage	1
vulture	1
vulnerable	1
vows	1
vow	1
voluminous	1
voiceless	1
voiced	1
vitriol	1
visions	1
visionary	1
virginity	1
virgin	1
violet	1
villages	1
viewless	1
victory	1
victor	1
victims	1
victim	1
vessel	1
vesper	1
vermin	1
verdure	1
vengeance	1
veils	1
vast	1
vans	1
vanishing	1
valencay	1
vagrant	1
ushered	1
uses	1
useless	1
use	1
uproot	1
uprears	1
upreared	1
upper	1
unwittingly	1
untroubled	1
untied	1
unspoken	1
unspeakable	1
unsoulled	1
unsolder	1
unsexed	1
unselfishness	1
unscored	1
unsatisfied	1
unquarried	1
unnoticed	1
university	1
union	1
unintelligible	1
unintelligent	1
unimagined	1
unholy	1
unhewn	1
unhelped	1
unfurled	1
unfleshed	1
unfed	1
unfalteringly	1
unending	1
unechoing	1
uneasy	1
undesigned	1
underwood	1
underground	1
undeceived	1
unconsumed	1
unconsciously	1
unconscious	1
unbelieving	1
unbelief	1
unbeautiful	1
un	1
tyranny	1
twitching	1
twins	1
twinkles	1
tureens	1
tunnels	1
tuck	1
trysting	1
try	1
truth	1
trunks	1
trump	1
true	1
troy	1
trowel	1
trow	1
trout	1
troubling	1
trophy	1
trooper	1
trooped	1
trodden	1
trod	1
trips	1
triple	1
tried	1
tresses	1
trembled	1
tremble	1
treasure	1
treads	1
travailed	1
transmitting	1
tramples	1
traitorous	1
trails	1
trailed	1
toys	1
towers	1
towels	1
towards	1
touched	1
toss	1
tortured	1
torture	1
torrent	1
torn	1
tormentors	1
torches	1
tongue	1
tones	1
tone	1
tomorrow	1
tolpd	1
tolling	1
toll	1
tolerant	1
toilsome	1
toiled	1
toil	1
toi	1
tissue	1
tidal	1
thy	1
thus	1
thundrous	1
thunder	1
thumbscrews	1
thrust	1
thrummed	1
throughout	1
thrones	1
throned	1
throbs	1
throbbing	1
throbbed	1
throat	1
thrice	1
thresholds	1
threaten	1
threads	1
thoroughfares	1
thoroughfare	1
thither	1
thin	1
thihk	1
thieves	1
thief	1
thickets	1
thick	1
thereof	1
therefore	1
themselves	1
thejward	1
thee	1
the'ries	1
thawed	1
thankless	1
tenderly	1
tender	1
tended	1
tempts	1
templars	1
tempestuously	1
tells	1
teet	1
teens	1
tearful	1
tawdry	1
taut	1
taste	1
tassel	1
tarried	1
tamely	1
tame	1
tall	1
taking	1
takes	1
tagged	1
tabor	1
table	1
system	1
swung	1
swooned	1
swiftly	1
swelters	1
swell	1
sweeter	1
sweats	1
swathe	1
swarthy	1
swallow	1
surged	1
surely	1
sups	1
supple	1
sunshine	1
sunken	1
sung	1
summon	1
sultry	1
sulphurous	1
suit	1
suffice	1
suffering	1
suffered	1
sudden	1
suburbean	1
suburban	1
subtlest	1
subtle	1
subterranean	1
style	1
stygian	1
stumbled	1
strum	1
struggling	1
strive	1
strips	1
strings	1
string	1
stride	1
stress	1
street"plattq	1
streams	1
streaming	1
streamed	1
streaks	1
strays	1
strappadoes	1
strangest	1
stranger	1
strait	1
strained	1
stormier	1
storied	1
stops	1
stop	1
stooping	1
stony	1
stitches	1
stirs	1
stifled	1
stiff	1
stern	1
steps	1
steppes	1
stepped	1
steeps	1
steep	1
steel	1
steaming	1
stealthy	1
steals	1
stayed	1
staunched	1
states	1
stately	1
starving	1
starves	1
starved	1
start	1
starrier	1
starred	1
stark	1
stare	1
standing	1
stalks	1
stake	1
stains	1
staggered	1
staff	1
stablish	1
st	1
squelch	1
spun	1
sprung	1
sprited	1
springs	1
sprays	1
sprang	1
spooks	1
splitting	1
splendour	1
splash	1
spirted	1
spirits	1
spire	1
spies	1
spheral	1
spent	1
speeds	1
speech	1
sped	1
speculate	1
spectator	1
speaks	1
spattering	1
sparse	1
sparrows	1
spans	1
spanned	1
spacious	1
southwest	1
southernwood	1
south	1
sources	1
sounds	1
soulless	1
sort	1
sorry	1
sooty	1
something	1
sombre	1
solitary	1
solemn	1
society	1
sobbing	1
soar	1
snows	1
snatched	1
snare	1
smouldered	1
smothered	1
smooth	1
smirked	1
smiling	1
smiles	1
smelling	1
small	1
sly	1
sloping	1
sloop	1
slivered	1
slept	1
sleek	1
slaves	1
slavery	1
slate	1
slain	1
size	1
sir	1
sip	1
sinner	1
sinned	1
sings	1
sinful	1
simply	1
silk	1
silence	1
signals	1
signal	1
sighed	1
sides	1
sicken	1
sick	1
siberian	1
shut	1
shun	1
shuddering	1
shuddered	1
shudder	1
shrouded	1
shrinking	1
shrink	1
shrilly	1
shrieks	1
shrank	1
shows	1
shown	1
showing	1
showers	1
shouts	1
shouting	1
shouted	1
shoulders	1
shouldered	1
shoulder	1
shot	1
shortening	1
shores	1
shoeless	1
ships	1
ship	1
shimmering	1
sheets	1
sheer	1
sheep	1
shaven	1
shattered	1
shameless	1
shalt	1
shallow	1
shakes	1
shaggy	1
shady	1
shadow	1
shade	1
sewers	1
sewer	1
seven	1
setting	1
served	1
serried	1
serpent	1
serenade	1
seraph	1
sepulchres	1
sepulchre	1
sends	1
send	1
sell	1
seethes	1
seeking	1
seedtime	1
sedge	1
secret	1
seaweed	1
seated	1
seas	1
seabirds	1
scrupulous	1
scroll	1
screw	1
screams	1
scout	1
scourge	1
scorners	1
scorn	1
scored	1
scorch	1
scientists	1
science	1
scheming	1
sceptics	1
scentless	1
scented	1
scent	1
scattered	1
scarcely	1
scallop	1
scaling	1
saying	1
satan	1
sash	1
sapped	1
sang	1
sandy	1
sands	1
sand	1
saint	1
sailing	1
sags	1
saffron	1
s	1
rustle	1
rustics	1
russet	1
rushlight	1
rushes	1
rush	1
runs	1
runnels	1
rumour	1
rummy	1
rummiest	1
ruby	1
roving	1
rout	1
rouse	1
rough	1
rote	1
rot	1
root	1
rooms	1
roofed	1
rolling	1
rollers	1
rocky	1
rocked	1
rock	1
robin	1
roaring	1
riveted	1
riven	1
rithmetic	1
rises	1
rings	1
ringing	1
righteous	1
ridges	1
rides	1
ridden	1
rhythmic	1
rhythm	1
reward	1
reverence	1
restless	1
restful	1
responsible	1
resolving	1
reprobate	1
reprinted	1
replied	1
repentant	1
rent	1
renown	1
reluctantly	1
rejoice	1
reject	1
reined	1
reigned	1
reign	1
region	1
refreshed	1
refrain	1
reformer	1
reeking	1
redstart	1
recognise	1
recalled	1
rebuke	1
rebellious	1
rebel	1
reason	1
rearing	1
reappearing	1
ravelled	1
rattle	1
rant	1
ranged	1
rang	1
random	1
rainbow	1
railway	1
rails	1
racks	1
rack	1
race	1
rabid	1
r	1
quite	1
quit	1
quicksilver	1
quell	1
quavering	1
quaking	1
quaked	1
quaint	1
quack	1
pursues	1
pursued	1
purpose	1
purpled	1
purling	1
purest	1
pure	1
pur	1
pulsing	1
pulses	1
puddle	1
prouder	1
prostitute	1
proper	1
progress	1
professed	1
prodigals	1
proclaim	1
probe	1
privilege	1
prisoner	1
prisoned	1
prison	1
princess	1
prince	1
primrose	1
priests	1
pride	1
prey	1
pressing	1
presbyter	1
precipitous	1
preach	1
praying	1
prayers	1
prayer	1
prance	1
praises	1
praised	1
pours	1
pound	1
pot	1
post	1
possess	1
pore	1
porch	1
poppet	1
poops	1
poop	1
pools	1
pool	1
polished	1
poisoning	1
pointed	1
pocket	1
plunge	1
plumage	1
plum	1
ploughmen	1
ploughman	1
plough	1
plot	1
plinth	1
plies	1
pliant	1
pleasures	1
pleads	1
playing	1
platter	1
plash	1
plantain	1
plaintive	1
plains	1
plagues	1
places	1
pity	1
pitch	1
pipes	1
pine	1
pinch	1
pimpernel	1
pillow	1
pilgrimage	1
piercing	1
pied	1
piccadilly	1
piano	1
phoenix	1
phlegethon	1
philosophy	1
phalanxes	1
petrifaction	1
petal	1
persevere	1
perfume	1
performs	1
perform	1
perfidy	1
peremptory	1
perchance	1
peopled	1
pence	1
penalty	1
penal	1
peer	1
peeped	1
pebble	1
peasant	1
pearling	1
pearl	1
pealing	1
pause	1
patient	1
pate	1
patched	1
pastures	1
passing	1
passers	1
parting	1
parlour	1
parliaments	1
parks	1
parish	1
parents	1
parallel	1
panting	1
panoplies	1
panes	1
paltry	1
pair	1
painted	1
pageantry	1
pagan	1
packed	1
paced	1
p'r'aps	1
overthrew	1
overhear	1
overbold	1
outworn	1
outstretched	1
outrun	1
outright	1
outer	1
outcast	1
ourselves	1
organ	1
ordnance	1
ordered	1
ordain	1
orchestras	1
orchestral	1
orbs	1
orbed	1
oppress	1
opens	1
opening	1
opal	1
oozed	1
oldest	1
olden	1
oho	1
offing	1
official	1
offer	1
offence	1
offal	1
odoured	1
odd	1
occult	1
obtained	1
obsolete	1
obscurely	1
oblivion	1
obliterating	1
oak	1
o'erhear	1
nursed	1
nuns	1
nun	1
nourish	1
notion	1
notice	1
noted	1
nostrils	1
northern	1
norman	1
nooks	1
none	1
noisy	1
noisome	1
noises	1
noise	1
noble	1
nine	1
nimble	1
nights	1
nightingales	1
nickered	1
newfound	1
nether	1
nest	1
nerves	1
nerve	1
need	1
nectar	1
neck	1
nebulous	1
nearest	1
navies	1
nary	1
narrow	1
name	1
nails	1
naiads	1
mutterings	1
muttering	1
muttered	1
mutter	1
musketeer	1
muscovy	1
murmurs	1
murmured	1
murmur	1
murders	1
murderers	1
mundane	1
multitudinous	1
multitudes	1
multitude	1
much	1
move	1
mouthpiece	1
mouth	1
mouse	1
motley	1
motionless	1
motion	1
mothers	1
moth	1
mossy	1
mosses	1
moss	1
mortised	1
mortal	1
morris	1
mope	1
moons	1
moonlight	1
moonbeam	1
monger	1
moneyers	1
monarchs	1
mollusc	1
moat	1
misty	1
mists	1
mistress	1
missis	1
missal	1
mirth	1
miracle	1
minute	1
mint	1
minstrelsy	1
minstrel	1
mines	1
minds	1
millstones	1
milkpail	1
milkmaid	1
milestones	1
mile	1
might	1
midstream	1
metaphor	1
message	1
merry	1
mermaids	1
mermaiden	1
meres	1
mere	1
mercy	1
mercury	1
memoriam	1
member	1
melted	1
melt	1
melodiously	1
meek	1
meat	1
measures	1
measured	1
meant	1
means	1
meanings	1
meads	1
meadows	1
meadow	1
mead	1
matter	1
mate	1
match	1
masts	1
martyr	1
marry	1
marrow	1
married	1
marish	1
mariners	1
marigolds	1
marian	1
marched	1
mantling	1
mansions	1
mannered	1
mankind	1
manhood	1
mail	1
maidens	1
maiden	1
magician	1
magically	1
magical	1
madge	1
lying	1
lusts	1
lustful	1
lurks	1
lullaby	1
lucifer	1
lowliest	1
lowest	1
lower	1
loving	1
lover	1
loveliest	1
lottery	1
loosestrife	1
loops	1
loom	1
longest	1
longer	1
lonely	1
london	1
loll	1
loi	1
lodgings	1
locks	1
lived	1
lithe	1
literature	1
listened	1
list	1
liquid	1
lingering	1
linger	1
lines	1
lilted	1
lilac	1
likeness	1
lights	1
lightning	1
lightened	1
lick	1
lichened	1
liberty	1
liars	1
letter	1
lengthening	1
length	1
leek	1
lee	1
leda	1
leave	1
leather	1
leas	1
lea	1
lawyer	1
lawn	1
laved	1
lave	1
laugh	1
latin	1
lately	1
late	1
lashed	1
larks	1
largesses	1
lanterned	1
lanes	1
lane	1
lamplight	1
lake	1
lacquers	1
lacked	1
lack	1
lace	1
labyrinths	1
laboured	1
knuckly	1
knuckles	1
known	1
knowing	1
knotted	1
knolls	1
knightly	1
knight	1
knell	1
knave	1
kisses	1
kiss	1
kirtle	1
kingdoms	1
kingdom	1
killing	1
kids	1
key	1
jutted	1
journal	1
joints	1
joined	1
job	1
jewels	1
jewel	1
jet	1
jesus	1
jester	1
jehovah	1
jaws	1
jargon	1
j.d	1
ivory	1
ivied	1
itinerary	1
items	1
italy	1
issued	1
islands	1
irresponsible	1
irk	1
intent	1
intellect	1
instead	1
instantly	1
insatiable	1
inner	1
inland	1
infant	1
incontinent	1
included	1
incense	1
imprisons	1
impotent	1
impossible	1
impassioned	1
immaculate	1
ill	1
idle	1
ideas	1
i've	1
i'd	1
hymns	1
hyacinth	1
hustled	1
husky	1
husks	1
husk	1
hurtling	1
hurt	1
hurled	1
hunks	1
hunger	1
hundred	1
hummed	1
humanity	1
humane	1
hulls	1
huckster	1
houses	1
hours	1
hosts	1
hostel	1
horses	1
horse	1
honeysuckle	1
homespun	1
homes	1
homely	1
hobbyhorse	1
hit	1
hired	1
hills	1
highest	1
hey	1
hewed	1
heroism	1
heretofore	1
heretic	1
helped	1
helms	1
hellish	1
heights	1
height	1
heigh	1
heed	1
hedges	1
hedge	1
heaving	1
heavily	1
heavens	1
heathen	1
hearth	1
hears	1
hearing	1
health	1
healed	1
headlong	1
haughtiest	1
haters	1
harps	1
harmony	1
harbours	1
harbour	1
harass	1
happiness	1
hanker	1
handle	1
handkerchiefs	1
handicraft	1
hammers	1
hamlets	1
hamlet	1
hamadryads	1
hail	1
haggardness	1
hag	1
gusts	1
gulfs	1
guiding	1
grudging	1
growl	1
grope	1
groans	1
groan	1
grim	1
grievous	1
grief	1
greens	1
greatness	1
graves	1
gravely	1
grave	1
grasses	1
grant	1
grain	1
grail	1
gown	1
government	1
got	1
goodnight	1
gongs	1
going	1
goes	1
godhood	1
goddess	1
goal	1
gnawing	1
gnawed	1
gluttonous	1
glosing	1
glorified	1
gloomy	1
globed	1
glittered	1
gleamed	1
glanced	1
glade	1
glad	1
giving	1
given	1
gist	1
girl	1
girded	1
gird	1
giant	1
ghoul	1
ghastlier	1
get	1
gently	1
gentles	1
gems	1
gem	1
gazed	1
gaunt	1
gathered	1
garters	1
garret	1
gardens	1
gaping	1
gap	1
gangs	1
gallic	1
gallery	1
gallant	1
galaxy	1
gains	1
gads	1
gables	1
fustian	1
further	1
furled	1
fugal	1
fruit	1
frosty	1
frost	1
front	1
fro	1
fresh	1
freewill	1
frantic	1
frail	1
fragrant	1
fragrance	1
foxes	1
fountain	1
foundries	1
foundation	1
foulest	1
foster	1
forward	1
fortunes	1
forthwith	1
forsaking	1
forsaken	1
forms	1
forlornly	1
forlorn	1
forgetful	1
foretold	1
forest	1
foreknew	1
forehead	1
footed	1
foot	1
fools	1
fooling	1
fool	1
food	1
followed	1
follow	1
folded	1
foes	1
foam	1
flowing	1
flowerless	1
flowed	1
flooding	1
floated	1
flint	1
flings	1
fling	1
flinched	1
flicker	1
fledgling	1
flay	1
flat	1
flash	1
flaming	1
flamed	1
flakes	1
flags	1
fittest	1
fit	1
fir	1
fining	1
fingers	1
finds	1
fight	1
fife	1
fiercest	1
fierce	1
fields	1
feud	1
fetching	1
festival	1
fervent	1
fens	1
fen	1
felt	1
fellowmen	1
fellow	1
feel	1
feeding	1
feebly	1
federations	1
fed	1
fears	1
fearful	1
fathers	1
fatal	1
fastening	1
fashions	1
fantastically	1
fancy	1
famines	1
false	1
fairyland	1
fail	1
faces	1
f	1
eyeless	1
explore	1
exhaled	1
exercised	1
exclaimed	1
exceeding	1
evil	1
event	1
eve	1
ethiopia	1
ethereal	1
est	1
errantry	1
equal	1
enwreathing	1
entreat	1
entranced	1
entrance	1
enter	1
enshrouded	1
enhance	1
engrugious	1
engraved	1
england	1
engines	1
engine	1
enfranchised	1
enemy	1
enduring	1
endless	1
employer	1
employed	1
emperors	1
embroidered	1
embrace	1
embosses	1
embodied	1
embalmed	1
elyria	1
elfin	1
elements	1
elders	1
egoists	1
effectual	1
edge	1
eddying	1
eclogues	1
ebony	1
easy	1
eastern	1
eased	1
earthy	1
earthly	1
earns	1
earnest	1
eager	1
e	1
dynamic	1
dying	1
dwindled	1
dustbin	1
dusk	1
durst	1
dug	1
duchy	1
dry	1
drunk	1
drowned	1
drove	1
drop	1
droops	1
droop	1
dripping	1
drew	1
drenched	1
dreamer	1
draw	1
draught	1
drained	1
drain	1
doubted	1
doubt	1
double	1
doting	1
doomed	1
donned	1
dolorous	1
doleful	1
doing	1
dogmas	1
doffed	1
doesn't	1
divinely	1
dived	1
ditties	1
disused	1
dissolving	1
dissolved	1
disorderly	1
dismay	1
dismal	1
dislocate	1
disguise	1
disembodied	1
discords	1
discordant	1
disarray	1
dirges	1
diocese	1
dingy	1
din	1
dimmer	1
difference	1
didn't	1
dick	1
diamonds	1
dewy	1
devoured	1
devious	1
despair	1
desires	1
design	1
deserted	1
desert	1
descending	1
depart	1
denying	1
denote	1
demons	1
demands	1
dells	1
dell	1
deity	1
degree	1
deepest	1
deeper	1
deemed	1
deed	1
declared	1
decked	1
deck	1
decided	1
dearest	1
dealt	1
dazzling	1
days	1
daylight	1
dawned	1
dashed	1
darkly	1
darken	1
dardan	1
dapple	1
dandelions	1
danced	1
damnation	1
damn	1
dames	1
dale	1
daisied	1
cyprian	1
curtains	1
cursed	1
curs	1
curdled	1
cur	1
cupboard	1
cunning	1
cuckoos	1
crumpled	1
crumbling	1
crumble	1
crucifix	1
crowds	1
crooned	1
croak	1
crimsoning	1
crime	1
crests	1
crept	1
creation	1
creaked	1
creak	1
crawling	1
crashing	1
crashes	1
crash	1
cranes	1
cradle	1
crackling	1
cracking	1
coverts	1
coverlet	1
cover	1
countries	1
count	1
counsellors	1
couldn't	1
cough	1
cosmetics	1
corner	1
core	1
cords	1
cord	1
copy	1
cooling	1
convinced	1
convert	1
conversion	1
converse	1
conventicles	1
continents	1
continent	1
constrained	1
constellations	1
constant	1
consciousness	1
conscious	1
conquests	1
conjoined	1
conies	1
confident	1
confessed	1
complaint	1
complaining	1
compel	1
compass	1
communion	1
comfortable	1
comest	1
comeliness	1
combs	1
combines	1
columns	1
coloured	1
colour	1
coldly	1
clue	1
clouded	1
clothes	1
clothed	1
cloth	1
closed	1
cloak	1
clime	1
climb	1
climates	1
clerk	1
cleaves	1
cleave	1
cleanse	1
claws	1
clasping	1
clashed	1
clapping	1
clanked	1
clangs	1
clang	1
clamoured	1
clammy	1
circling	1
cinque	1
churl	1
chrysoprase	1
christs	1
christian	1
chosen	1
choose	1
chimneys	1
chiming	1
chill	1
chiefly	1
cherished	1
cheer	1
cheeks	1
chattering	1
chaste	1
chased	1
chaplet	1
chaos	1
chandelier	1
chance	1
champion	1
chamber	1
chair	1
chained	1
chain	1
cess	1
certainty	1
centre	1
central	1
ceases	1
ceased	1
cavernous	1
causey	1
cause	1
catch	1
casuists	1
casts	1
castled	1
castle	1
carvest	1
carven	1
cart	1
carried	1
carlyle	1
cargoes	1
caress	1
cant	1
cannon	1
candles	1
cake	1
buy	1
buttercups	1
busk	1
bush	1
burns	1
burnished	1
burglar	1
burden	1
bunks	1
bullion	1
buds	1
brutish	1
bruit	1
bruised	1
brows	1
brown	1
brook	1
brood	1
brokenhearted	1
brittle	1
bringing	1
brim	1
bridges	1
bridge	1
breezes	1
breeze	1
breed	1
brede	1
breathing	1
breathe	1
breaker	1
break	1
brazen	1
brands	1
branches	1
branch	1
brained	1
brags	1
boys	1
bows	1
bowls	1
bowl	1
bowerless	1
bower	1
bossed	1
boss	1
bosomed	1
bosky	1
boomed	1
book	1
bodies	1
boastful	1
board	1
blushes	1
blushed	1
blubber	1
blowing	1
blow	1
bloomed	1
bloodstained	1
bloodred	1
blinded	1
blind	1
blew	1
blessing	1
bless	1
blent	1
bleeds	1
bleeding	1
bleared	1
blasphemy	1
blaspheming	1
blasphemies	1
blades	1
blackbirds	1
bitter	1
bitted	1
bishops	1
bishop	1
biscuit	1
bike	1
betrothed	1
betrayed	1
betimes	1
bet	1
besought	1
bend	1
belted	1
belong	1
belmarie	1
bellethrist	1
belfries	1
being	1
behold	1
begotten	1
begins	1
beginning	1
begin	1
beggar	1
beetling	1
bee	1
beckon	1
beck	1
beatified	1
beard	1
beans	1
beams	1
beam	1
beak	1
beads	1
bauble	1
battling	1
battle	1
baths	1
bathed	1
bathe	1
base	1
barriers	1
barred	1
barn	1
bark	1
bared	1
banners	1
banjo	1
band	1
bally	1
b	1
aye	1
awe	1
aware	1
awaits	1
awaiting	1
authority	1
austerlitz	1
august	1
attended	1
attacked	1
atone	1
atom	1
astrology	1
astray	1
astonished	1
asking	1
ashes	1
ashamed	1
artists	1
arras	1
armoury	1
arm	1
arise	1
archangels	1
arcady	1
april	1
approach	1
apple	1
appears	1
appeal	1
appal	1
apollo	1
apes	1
ape	1
apart	1
apace	1
any	1
antic	1
anon	1
anointed	1
announced	1
anglican	1
angel	1
amidst	1
amid	1
amen	1
ambuscades	1
amazed	1
aloft	1
alms	1
allow	1
alleys	1
alight	1
alchemy	1
alb	1
alack	1
aisle	1
aimed	1
agony	1
aghast	1
aft	1
afloat	1
adventurous	1
adust	1
adorn	1
adored	1
adore	1
adonis	1
adam	1
aching	1
aches	1
accursed	1
according	1
abyss	1
absolute	1
abroad	1
abroach	1
abhorred	1
abhor	1
abbess	1
abashed	1
^	1
>	1
<.	1
<,	1
<	1
/-/<>//	1
/'	1
..	1
.*-	1
*	1
)	1
'•	1
'.	1
',	1
''	1
".-""	1
