,	1419
the	883
and	820
to	466
i	381
of	371
.	302
that	266
a	245
;	228
it	223
in	198
—	191
is	174
me	172
not	164
!	163
all	162
but	141
my	134
with	128
so	124
as	121
for	120
you	119
her	119
?	116
from	103
was	96
be	96
what	91
more	74
no	70
its	68
at	68
life	67
which	65
or	64
love	64
have	64
by	64
are	64
there	62
on	60
one	59
if	58
now	55
see	54
he	52
day	52
his	51
too	50
this	50
how	50
than	48
then	47
she	47
yet	46
were	46
shall	44
over	44
him	44
will	43
where	43
still	43
once	43
who	41
them	41
saw	41
can	41
light	40
when	39
|arabic1digit|	36
go	35
before	35
we	34
nor	34
know	34
could	34
'	34
they	33
only	33
long	33
joy	33
:	33
leaves	32
last	32
had	32
"	32
make	31
like	30
trees	29
sky	29
o	29
let	29
far	29
while	28
never	28
away	28
after	28
t	27
sweet	27
say	27
till	26
little	26
face	26
am	26
again	26
place	25
come	25
|'s|	24
would	24
pain	24
old	24
may	24
ever	24
clouds	24
whose	23
their	23
should	23
breeze	23
men	22
made	22
glad	22
any	22
whom	21
quite	21
here	21
grass	21
upon	20
such	20
song	20
some	20
seen	20
hope	20
hear	20
first	20
eyes	20
alone	20
snow	19
night	19
near	19
most	19
(	19
waves	18
thought	18
many	18
do	18
|arabic2digit|	17
world	17
why	17
think	17
things	17
thing	17
these	17
spring	17
other	17
has	17
good	17
find	17
even	17
cold	17
well	16
through	16
take	16
soul	16
said	16
must	16
much	16
look	16
less	16
green	16
give	16
an	16
way	15
wait	15
past	15
out	15
just	15
into	15
grow	15
full	15
flowers	15
earth	15
birds	15
air	15
your	14
wind	14
white	14
turn	14
singing	14
seem	14
sad	14
loved	14
fall	14
ere	14
die	14
desire	14
against	14
without	13
slow	13
since	13
myself	13
lonely	13
left	13
indeed	13
heard	13
enough	13
dream	13
blue	13
ah	13
under	12
tree	12
strange	12
side	12
seemed	12
rocks	12
pass	12
meet	12
man	12
low	12
knew	12
itself	12
gone	12
end	12
down	12
days	12
clear	12
charm	12
cannot	12
because	12
beautiful	12
very	11
vain	11
us	11
up	11
true	11
sunlight	11
sun	11
stars	11
something	11
shore	11
own	11
off	11
mine	11
live	11
hold	11
found	11
fear	11
cloud	11
close	11
above	11
about	11
waters	10
voice	10
tis	10
summer	10
sound	10
music	10
murmur	10
might	10
heart	10
hard	10
half	10
guinevere	10
gawaine	10
friend	10
feel	10
each	10
death	10
changed	10
calm	10
between	10
bees	10
beauty	10
went	9
watch	9
time	9
though	9
sure	9
soon	9
shadows	9
shadow	9
moment	9
makes	9
leaf	9
king	9
gain	9
forget	9
few	9
feet	9
every	9
below	9
ask	9
always	9
•	8
yes	8
years	8
words	8
within	8
wish	8
winter	8
warm	8
took	8
today	8
swift	8
silence	8
shame	8
seems	8
sea	8
river	8
rise	8
right	8
rest	8
pure	8
perhaps	8
neither	8
need	8
mist	8
mere	8
lost	8
longing	8
lie	8
lay	8
keep	8
ground	8
grasses	8
gold	8
fields	8
change	8
bright	8
beyond	8
barren	8
back	8
along	8
)	8
|romannumeral|	7
|arabic3digit|	7
wonder	7
walk	7
those	7
surely	7
stood	7
stand	7
smile	7
sing	7
save	7
prove	7
play	7
none	7
lose	7
lake	7
happy	7
hand	7
grows	7
god	7
fair	7
evil	7
dreams	7
doubt	7
despair	7
came	7
bitter	7
best	7
autumn	7
almost	7
ago	7
."	7
yesterday	6
year	6
word	6
twas	6
touch	6
thrilling	6
tell	6
sunlit	6
strife	6
songs	6
snows	6
slowly	6
sleep	6
show	6
sat	6
remember	6
quivering	6
proved	6
nothing	6
new	6
name	6
movement	6
morning	6
lovely	6
lives	6
linger	6
lest	6
leave	6
instead	6
hopes	6
heaven	6
hardly	6
grief	6
grey	6
grace	6
golden	6
forever	6
flow	6
fight	6
either	6
ear	6
did	6
delay	6
dark	6
crawl	6
chestnut	6
brightness	6
blown	6
beneath	6
begin	6
bay	6
another	6
.)	6
),	6
worse	5
worm	5
winds	5
whether	5
waste	5
wander	5
used	5
use	5
tomorrow	5
thus	5
swiftly	5
sunset	5
suddenly	5
star	5
speak	5
somehow	5
skies	5
silver	5
sight	5
seeking	5
safe	5
rose	5
red	5
real	5
quiet	5
pray	5
please	5
pity	5
peace	5
part	5
overhead	5
our	5
others	5
noises	5
nay	5
meadows	5
meadow	5
marguerite	5
lurking	5
loves	5
loveliness	5
least	5
known	5
kiss	5
hands	5
great	5
gave	5
forth	5
forgot	5
fly	5
flower	5
faint	5
endeavour	5
eager	5
dear	5
dead	5
darkness	5
dare	5
creep	5
crawling	5
comes	5
changing	5
cease	5
butterflies	5
brook	5
breezes	5
branches	5
both	5
born	5
black	5
bird	5
better	5
beside	5
believe	5
being	5
been	5
bare	5
apart	5
answer	5
afterward	5
across	5
yourself	4
yearning	4
wrong	4
work	4
won	4
woman	4
withhold	4
wings	4
wholly	4
weary	4
wear	4
ways	4
watched	4
want	4
wake	4
vines	4
vague	4
understand	4
twice	4
turned	4
touched	4
tonight	4
told	4
together	4
thoughts	4
thinking	4
thanks	4
tender	4
strong	4
strangely	4
stirred	4
stands	4
springtime	4
spirit	4
spent	4
smooth	4
slight	4
sings	4
set	4
sense	4
sees	4
seek	4
secret	4
rock	4
rippling	4
restless	4
rain	4
present	4
ponder	4
pleasure	4
perfect	4
pathway	4
path	4
passing	4
passes	4
passed	4
overgrown	4
otherwise	4
oh	4
often	4
oak	4
n	4
motion	4
moss	4
mockery	4
miles	4
midst	4
met	4
making	4
loth	4
looking	4
looked	4
lo	4
living	4
listening	4
listen	4
lines	4
lifeless	4
leap	4
lazy	4
laughter	4
late	4
lancelot	4
knight	4
influence	4
ice	4
hours	4
hills	4
high	4
hide	4
heavy	4
grown	4
grave	4
grandly	4
glory	4
gloom	4
garden	4
future	4
frozen	4
freshness	4
fresh	4
free	4
follow	4
foam	4
flying	4
fire	4
felt	4
fast	4
fail	4
except	4
empty	4
else	4
easy	4
ease	4
dumb	4
dread	4
draw	4
delight	4
dearest	4
daisies	4
creeping	4
crawled	4
climb	4
choose	4
charmed	4
chance	4
called	4
broken	4
broad	4
brief	4
break	4
blow	4
blind	4
blankness	4
behold	4
bade	4
appear	4
alas	4
•"	3
youth	3
yonder	3
ye	3
wretched	3
worth	3
woods	3
wood	3
woo	3
women	3
win	3
wild	3
whole	3
whispering	3
whatever	3
west	3
waving	3
war	3
wandering	3
walked	3
waiting	3
vainly	3
utterly	3
unwilling	3
unseen	3
unknown	3
unheard	3
two	3
turning	3
tops	3
thrust	3
thrilled	3
thin	3
therefore	3
tears	3
tale	3
takes	3
strive	3
stray	3
storm	3
stir	3
stern	3
step	3
spray	3
splendid	3
space	3
soft	3
smiles	3
smiled	3
sink	3
single	3
silent	3
si	3
shyly	3
shut	3
showed	3
ships	3
shed	3
shapes	3
self	3
seeing	3
second	3
saved	3
same	3
sails	3
rustling	3
rule	3
round	3
room	3
roar	3
regret	3
reach	3
quick	3
purer	3
precious	3
praise	3
poison	3
places	3
patient	3
overcome	3
ourselves	3
noiseless	3
noise	3
mystery	3
murmurs	3
murmuring	3
mountain	3
morn	3
moon	3
moan	3
melting	3
magic	3
loving	3
lovelier	3
loneliness	3
loathe	3
lips	3
lies	3
led	3
learned	3
lead	3
laugh	3
la	3
kingdom	3
journey	3
inscrutable	3
impossible	3
hither	3
himself	3
hill	3
hickories	3
hers	3
helpless	3
help	3
head	3
having	3
hate	3
harm	3
hair	3
growing	3
grasshoppers	3
grapes	3
gracious	3
goes	3
glow	3
glisten	3
gleamed	3
glancing	3
gates	3
fulfilled	3
fro	3
forgive	3
foot	3
foolish	3
flowing	3
floating	3
fill	3
fell	3
fears	3
falls	3
eye	3
et	3
est	3
escape	3
enter	3
endure	3
ended	3
early	3
dying	3
dusty	3
dress	3
dreadful	3
drawn	3
downward	3
douce	3
doubted	3
does	3
distance	3
devoid	3
deep	3
dearer	3
darkened	3
cure	3
crocuses	3
crimson	3
content	3
clung	3
clover	3
cheerful	3
changes	3
cenone	3
careless	3
call	3
bring	3
breathing	3
bravely	3
boughs	3
bloom	3
birth	3
bent	3
bending	3
began	3
become	3
around	3
aright	3
also	3
alien	3
aglow	3
accuse	3
?"	3
yours	2
wrestling	2
wrapped	2
wound	2
worthy	2
worst	2
woodbine	2
wonderful	2
wist	2
wished	2
winning	2
winged	2
willows	2
willing	2
wilful	2
wide	2
whence	2
weather	2
weak	2
warmth	2
wall	2
waited	2
wail	2
violets	2
vine	2
vex	2
utter	2
uses	2
upper	2
unwillingness	2
unto	2
until	2
unsought	2
understood	2
underneath	2
unclose	2
uncertain	2
unaware	2
unanswered	2
tyre	2
twigs	2
twere	2
twenty-one	2
twenty	2
tt	2
truth	2
troubled	2
tried	2
transparent	2
touching	2
tortures	2
thwarted	2
thunder	2
thou	2
taught	2
taste	2
tangled	2
tall	2
t^orgive	2
sword	2
sweeter	2
swan	2
surest	2
supreme	2
sullenly	2
suffer	2
succeed	2
subtle	2
street	2
stranger	2
straight	2
story	2
stop	2
stoop	2
stole	2
stealthily	2
steals	2
steal	2
stainless	2
spurn	2
springs	2
spoke	2
split	2
splendour	2
spirits	2
spell	2
speechless	2
sparkling	2
sounds	2
softly	2
smooths	2
smoothly	2
smite	2
smiling	2
slumber	2
slim	2
slightest	2
sleepless	2
sleeping	2
slave	2
slain	2
sitting	2
sit	2
sin	2
sidewise	2
shining	2
shifting	2
share	2
shallow	2
shade	2
setting	2
serenely	2
separate	2
seldom	2
seed	2
seas	2
scorned	2
scents	2
scattered	2
sake	2
sail	2
safety	2
sadness	2
sacred	2
s	2
rubies	2
rosy	2
roses	2
rode	2
rod	2
rob	2
road	2
rising	2
rill	2
rewarded	2
revere	2
returning	2
returned	2
restrain	2
restlessness	2
reserved	2
reply	2
remembered	2
recollection	2
receding	2
rather	2
ran	2
quieted	2
questions	2
questioned	2
question	2
queen	2
puts	2
put	2
pursuit	2
promised	2
praying	2
power	2
possessed	2
poor	2
pool	2
poisons	2
pleased	2
plays	2
played	2
peer	2
paths	2
passionate	2
pardon	2
panting	2
pale	2
painful	2
outer	2
ought	2
oftener	2
oft	2
oee	2
obscurely	2
oaks	2
northeast	2
noblest	2
nights	2
nearer	2
nature	2
narrow	2
mute	2
mused	2
murmured	2
moving	2
moves	2
move	2
mouths	2
mouth	2
moral	2
moonlight	2
month	2
moaning	2
misty	2
miss	2
mire	2
mingled	2
mind	2
memories	2
melt	2
melancholy	2
meant	2
means	2
meaning	2
matter	2
mark	2
maples	2
mankind	2
mad	2
lying	2
luxurious	2
lucretia	2
loss	2
longings	2
longer	2
loathed	2
listened	2
line	2
lilac	2
lights	2
lighted	2
lifting	2
lifelong	2
law	2
laughing	2
land	2
knows	2
kisses	2
keeps	2
interwoven	2
insulted	2
insatiate	2
indignant	2
inch	2
incessant	2
imploring	2
hungry	2
human	2
hour	2
hopeful	2
holly	2
holds	2
ho	2
hissing	2
higher	2
hiding	2
hidden	2
herself	2
heroic	2
heroes	2
helplessness	2
held	2
height	2
hearts	2
hearted	2
hat	2
hark	2
happier	2
haply	2
hall	2
guides	2
guide	2
grudge	2
groping	2
grew	2
greet	2
grain	2
got	2
going	2
gods	2
goddess	2
glimpse	2
glide	2
gleam	2
glass	2
gladness	2
gladden	2
gives	2
genial	2
gay	2
fruitless	2
frost	2
fringes	2
friends	2
frank	2
fountain	2
forego	2
forced	2
floats	2
float	2
flickering	2
flecks	2
flashes	2
flakes	2
finding	2
fickle	2
fatal	2
fancy	2
familiar	2
false	2
falling	2
fallen	2
faintly	2
failures	2
faded	2
fade	2
f	2
expecting	2
expectation	2
excluded	2
everywhere	2
everything	2
evermore	2
elm	2
eighteen	2
echo	2
eagerness	2
e	2
dwell	2
dust	2
dung	2
dreamy	2
dreamed	2
door	2
done	2
doing	2
dim	2
deny	2
denied	2
deliver	2
delights	2
defiled	2
deferred	2
december	2
dandelions	2
cut	2
curves	2
cry	2
crickets	2
cover	2
count	2
corn	2
control	2
contented	2
consider	2
common	2
coloured	2
colour	2
closer	2
clinging	2
cling	2
clearness	2
cirri	2
cheek	2
ceaseless	2
ceased	2
causes	2
cared	2
care	2
calls	2
bushes	2
burn	2
bud	2
bubbles	2
brown	2
brought	2
brings	2
bringing	2
brighter	2
breathe	2
bound	2
blossoms	2
blossom	2
blithe	2
blinding	2
blessed	2
bless	2
blent	2
blasphemy	2
bitterness	2
birthday	2
birches	2
bind	2
betray	2
beseeching	2
believed	2
behind	2
begot	2
beautify	2
beat	2
bear	2
base	2
awful	2
aught	2
attempt	2
attain	2
astray	2
astir	2
april	2
apple	2
ample	2
among	2
aloft	2
allured	2
alive	2
akin	2
afternoon	2
afar	2
accursed	2
'"	2
«*	1
«	1
~xtow	1
~t)reak	1
~\~\	1
|arabic5+digit|	1
yield	1
y	1
wronged	1
writhing	1
writhe	1
wrinkled	1
wretchedness	1
wreaths	1
woven	1
wounded	1
worthiness	1
worthier	1
worn	1
works	1
working	1
wool	1
wondrous	1
wondering	1
woes	1
woe	1
withered	1
withdrawn	1
wise	1
wins	1
winked	1
wing	1
window	1
wilting	1
wilt	1
wilds	1
wildly	1
wilderness	1
wider	1
widens	1
whiteness	1
whitely	1
whispered	1
whisper	1
whirls	1
wherever	1
wherethrough	1
whereof	1
whenever	1
wheat	1
wets	1
westward	1
wells	1
welcomed	1
weight	1
weigh	1
weep	1
weedy	1
weeds	1
web	1
weaves	1
wearily	1
wealth	1
wayward	1
waveless	1
wave	1
watered	1
water	1
watching	1
watchfulness	1
wash	1
warp	1
warmest	1
warded	1
wants	1
wan	1
walls	1
walks	1
walking	1
waking	1
wakes	1
wakefulness	1
waked	1
waits	1
wagon	1
voices	1
visits	1
visit	1
virtues	1
vexes	1
vessel	1
venusberg	1
venus	1
vengeance	1
vein	1
vanished	1
value	1
valley	1
useless	1
urged	1
upsprings	1
upspringing	1
uprouse	1
uprose	1
upgrowing	1
upborne	1
unyielding	1
unwelcomed	1
unwelcome	1
unutterable	1
unthrifty	1
unsuspected	1
unsubstantial	1
unsteadily	1
unstained	1
unselfish	1
unsatisfied	1
unsaid	1
unruffled	1
unrelished	1
unquestioned	1
unprofitable	1
unpolluted	1
unnamable	1
unmoving	1
unlovely	1
unlisted	1
unlike	1
unjoyful	1
university	1
uninspiring	1
unimaginable	1
unhelped	1
unheeded	1
unhappy	1
ungathered	1
unfruitful	1
unforgotten	1
unfilled	1
unfelt	1
uneven	1
unenjoyed	1
unending	1
uneasy	1
undiscovered	1
undiscerning	1
underlies	1
underflow	1
undecided	1
undazzled	1
uncover	1
uncounted	1
uncontrolled	1
unconsciously	1
unburthened	1
unblest	1
unblenching	1
unawares	1
unassisted	1
unasking	1
unasked	1
unapproved	1
unappeased	1
unanswerable	1
ugly	1
twisted	1
twelve	1
tv	1
turns	1
tumult	1
truthfulness	1
trusting	1
trust	1
trunks	1
trouble	1
triumphant	1
tristram	1
trickling	1
tremble	1
treasure	1
travel	1
transmitted	1
transmit	1
trample	1
tracery	1
traced	1
trace	1
torrents	1
tormenting	1
torches	1
tongues	1
toil	1
tireless	1
tiny	1
tingle	1
thrills	1
thrill	1
thrice	1
threatening	1
threadlike	1
thrall	1
thither	1
third	1
thinnest	1
thick	1
thence	1
themselves	1
thankfulness	1
thankfully	1
testifying	1
tenderness	1
tempt	1
tempests	1
tells	1
teardrops	1
teach	1
tay	1
tassels	1
tardy	1
tangle	1
talks	1
talk	1
tackle	1
ta	1
sympathy	1
sympathise	1
swinging	1
swing	1
swifter	1
sweetness	1
sweetest	1
sways	1
swaying	1
sway	1
swarm	1
swans	1
swallow	1
surround	1
surprise	1
surpasses	1
surpassed	1
surly	1
supremely	1
suppressed	1
supporting	1
supplying	1
supply	1
sunshiny	1
sunshine	1
sunsets	1
suns	1
sunny	1
sung	1
sumach	1
suggestive	1
suggestion	1
suggest	1
suffering	1
suck	1
succession	1
succeeding	1
sublime	1
stung	1
stumbled	1
stumble	1
stubborn	1
struggling	1
struggle	1
struck	1
strongest	1
striving	1
strives	1
stretches	1
strenuously	1
stree	1
streams	1
streamed	1
strays	1
strangeness	1
stranded	1
storms	1
stone	1
stillness	1
stifled	1
stiff	1
sternly	1
stems	1
steer	1
steep	1
steadfast	1
stay	1
stately	1
startle	1
starlight	1
stake	1
stained	1
stain	1
spurning	1
spurned	1
sprang	1
spotless	1
spot	1
spoken	1
spite	1
speckless	1
special	1
speaking	1
sparks	1
sown	1
sower	1
souls	1
sought	1
sorrow	1
sore	1
sooner	1
sometimes	1
sometime	1
solid	1
sojvg	1
soiled	1
soil	1
softer	1
softened	1
soaks	1
sneer	1
snapdragon	1
smothered	1
smoky	1
smokes	1
smik	1
sloping	1
slopes	1
slipping	1
slipped	1
slide	1
sleet	1
sleepy	1
sleeper	1
slaves	1
sjr	1
sincere	1
simply	1
silently	1
silencing	1
silences	1
sign	1
sigh	1
sides	1
sickening	1
shy	1
shutting	1
shunned	1
shun	1
shuffling	1
shudders	1
shuddering	1
shudder	1
shrubs	1
shrouded	1
shrink	1
shrank	1
shows	1
shown	1
showers	1
shoulder	1
short	1
shorn	1
shone	1
ship	1
shines	1
shine	1
shimmers	1
sharp	1
shape	1
shamefully	1
shaky	1
shake	1
shadowy	1
shadowed	1
settled	1
sets	1
service	1
serve	1
serious	1
serenity	1
separates	1
separated	1
sent	1
senses	1
selfsame	1
seized	1
seethe	1
seeming	1
seeds	1
securely	1
secure	1
seagulls	1
screening	1
screen	1
scorning	1
scorn	1
scarred	1
scarlet	1
scared	1
scarce	1
scanty	1
scanned	1
says	1
saving	1
saves	1
sapphire	1
sands	1
sand	1
sakes	1
sailors	1
sailing	1
saddened	1
sacrifice	1
rustle	1
rush	1
running	1
rulers	1
ruler	1
ruined	1
rugged	1
ruffled	1
rounded	1
roots	1
rivers	1
rises	1
ripplingly	1
rippled	1
ripple	1
ringing	1
rills	1
rightly	1
rightful	1
rifted	1
rich	1
reward	1
revolving	1
review	1
reveals	1
reveal	1
returns	1
retain	1
restore	1
restlessly	1
resist	1
resign	1
reserve	1
reproduced	1
reproached	1
repress	1
represent	1
repels	1
repelled	1
renewing	1
renew	1
removed	1
remorse	1
remind	1
remembers	1
remembering	1
remedy	1
remains	1
remain	1
reluctantly	1
reluctant	1
relieved	1
release	1
relationship	1
rejoicing	1
regretting	1
regretful	1
regain	1
referred	1
recurring	1
recognise	1
receives	1
received	1
rebellious	1
reasons	1
reason	1
reaming	1
realise	1
read	1
reaching	1
reaches	1
re	1
ray	1
ravishing	1
ranging	1
range	1
raised	1
raging	1
ragged	1
rage	1
r	1
quivers	1
quietness	1
quickly	1
quickening	1
quickened	1
quest	1
quench	1
queenlier	1
quaintly	1
qtanding	1
q	1
puzzle	1
putting	1
pursuing	1
pursue	1
purple	1
purest	1
purely	1
proving	1
prophets	1
prophet	1
prophesy	1
proof	1
prone	1
promises	1
projection	1
profound	1
productive	1
prize	1
print	1
pride	1
pricks	1
price	1
prevented	1
prevailing	1
preserve	1
prefigured	1
powers	1
postpone	1
possessing	1
poised	1
poem	1
ploughed	1
plough	1
plentiful	1
pleasant	1
planted	1
plant	1
plan	1
plain	1
placed	1
piteous	1
pine	1
piece	1
pictures	1
philoctetes	1
perplexes	1
permitted	1
perfumed	1
perforce	1
people	1
pendulous	1
pegasus	1
peering	1
pearly	1
pearl	1
peaceful	1
pausing	1
pauses	1
paused	1
pasture	1
passion	1
parts	1
partly	1
parted	1
pardoned	1
paradise	1
palpitating	1
palace	1
painters	1
pains	1
painfullest	1
pacing	1
pace	1
p	1
oxen	1
ow	1
overthrown	1
overshadow	1
overreaching	1
overlean	1
overlast	1
overhangs	1
overhanging	1
overhang	1
overfull	1
overfraught	1
overflush	1
overflow	1
overfalling	1
overfallen	1
overfall	1
overcomes	1
overborne	1
overbear	1
outworn	1
outwear	1
outward	1
outstretched	1
outspread	1
outside	1
outrun	1
outlook	1
outlive	1
outlines	1
outlaw	1
outgrown	1
outgrow	1
ours	1
otherwhere	1
ore	1
opens	1
opening	1
open	1
ooted	1
oneness	1
ohe	1
offered	1
oenone	1
ocean	1
obtain	1
oblivion	1
nowhither	1
november	1
nought	1
northern	1
noon	1
nodded	1
nod	1
noblemen	1
nipped	1
nigh	1
nicely	1
next	1
network	1
nest	1
neglected	1
needing	1
needed	1
neck	1
necessary	1
neath	1
nearness	1
nearest	1
nauseous	1
naturally	1
narcissus	1
named	1
naked	1
mysteries	1
musical	1
muse	1
multitude	1
mulleins	1
mowers	1
moved	1
motionless	1
mossy	1
morsel	1
moralists	1
moons	1
moonlit	1
moonless	1
months	1
momentary	1
mists	1
mistresses	1
mistaking	1
miserable	1
mirth	1
mingling	1
mingles	1
mingle	1
milky	1
mildly	1
midway	1
midsummer	1
middle	1
midday	1
mid	1
mew	1
messenger	1
merest	1
merciless	1
memory	1
melted	1
medusa	1
mechanically	1
measure	1
meanest	1
maze	1
may-day	1
matters	1
mates	1
match	1
masses	1
mass	1
mask	1
marvellous	1
martyred	1
marry	1
marked	1
march	1
marble	1
maple	1
main	1
madonnas	1
madness	1
ma	1
lust	1
luring	1
lower	1
lovingly	1
lovers	1
loveless	1
loses	1
lordly	1
lord	1
loosely	1
loo	1
longs	1
longed	1
lock	1
loathsome	1
load	1
lived	1
littleness	1
litten	1
lithe	1
lip	1
link	1
likeness	1
lifts	1
lift	1
lichens	1
levels	1
letting	1
lets	1
lesson	1
lessens	1
leisure	1
learning	1
learn	1
leaping	1
leaning	1
lean	1
leads	1
leaden	1
laughters	1
latter	1
larger	1
lapse	1
languidly	1
languid	1
lane	1
lands	1
lamp	1
lament	1
laid	1
knowledge	1
knowing	1
know-how	1
knights	1
knighthood	1
knees	1
kissing	1
kissed	1
kingly	1
kindred	1
kindly	1
kind	1
kill	1
kept	1
keen	1
kay	1
katydid	1
kara	1
justify	1
justified	1
july	1
judgement	1
judge	1
joys	1
joyously	1
journeying	1
join	1
january	1
j	1
iven	1
isle	1
irresistibly	1
irked	1
irk	1
inviting	1
invites	1
invite	1
inviolable	1
intruding	1
intimacy	1
interwrought	1
interweave	1
interpreter	1
insufficient	1
insufferable	1
instruct	1
inspired	1
insistence	1
insensibly	1
inquire	1
innumerable	1
inherit	1
inhaling	1
influences	1
inflowing	1
infinite	1
infection	1
inexpressible	1
indifference	1
incredible	1
increasing	1
inclusion	1
impurity	1
impure	1
impulsive	1
importunate	1
impassable	1
imparting	1
immortal	1
image	1
ill	1
ilion	1
idly	1
idler	1
idleness	1
idle	1
icy	1
icebergs	1
hymn	1
husky	1
husband	1
hurry	1
ht^hese	1
however	1
hovering	1
hot	1
horses	1
horse	1
horrible	1
hoping	1
hoped	1
hoof	1
homeward	1
home	1
hollow	1
holding	1
hitherto	1
hippocrene	1
hillside	1
hile	1
highway	1
highest	1
hides	1
hid	1
hesitation	1
hero	1
herald	1
henceforth	1
hen	1
helps	1
hell	1
heedless	1
hector	1
heavily	1
heaves	1
heavenly	1
hears	1
hearing	1
health	1
haycock	1
hateful	1
hastily	1
haste	1
harmoniously	1
harmless	1
hardened	1
harbours	1
happened	1
hanks	1
hanging	1
hang	1
halfway	1
hail	1
habit	1
ha	1
h	1
gush	1
gulf	1
guilty	1
guessed	1
guarded	1
guard	1
grind	1
grim	1
grieve	1
griefs	1
greener	1
gratitude	1
grassy	1
grand	1
graces	1
goodness	1
goodbye	1
goal	1
goad	1
gnawed	1
gnash	1
glows	1
glorious	1
gloomy	1
gloomier	1
glistens	1
glimpses	1
glimps	1
glides	1
glided	1
glee	1
glances	1
gladly	1
glade	1
given	1
girl	1
gigantic	1
giddy	1
ghastly	1
get	1
gaze	1
gaw^ws	1
gather	1
gas	1
game	1
galvafne	1
gaivaine	1
gaily	1
fury	1
furthest	1
fully	1
fulfilment	1
fruits	1
fruitful	1
fruit	1
frosty	1
friendships	1
freshly	1
freshens	1
frequent	1
frenzy	1
freezes	1
freeze	1
freedom	1
freed	1
frankness	1
fragrant	1
fragrance	1
fragment	1
four	1
fountains	1
fought	1
forward	1
fortune	1
forsooth	1
forms	1
formless	1
form	1
forlorn	1
fork	1
forgetting	1
forgetful	1
forests	1
forest	1
foresees	1
foresaw	1
foregone	1
foregoing	1
forceless	1
force	1
forbidden	1
forbade	1
footsteps	1
follows	1
following	1
foe	1
fluttering	1
flows	1
flout	1
floor	1
flight	1
flies	1
flesh	1
fled	1
fleck	1
flattering	1
flash	1
flames	1
flame	1
fix	1
five	1
fitted	1
fit	1
fireside	1
fires	1
firebrand	1
final	1
fills	1
filled	1
fighter	1
fifteen	1
fhat	1
fever	1
fertilest	1
fertile	1
ferns	1
feed	1
fearful	1
favour	1
fate	1
fascination	1
fascinated	1
farther	1
farmers	1
fancied	1
fan	1
falters	1
faithful	1
faith	1
fairy	1
fairly	1
fairer	1
fainter	1
failure	1
failing	1
exulting	1
external	1
express	1
expects	1
expand	1
exhaust	1
excites	1
excess	1
exceeding	1
evening	1
eternity	1
estranging	1
estranged	1
especially	1
escapes	1
error	1
equally	1
equal	1
enwrought	1
envy	1
envious	1
envied	1
entrapped	1
entrance	1
enthrals	1
enthral	1
enjoy	1
enhancer	1
enhance	1
enfold	1
ends	1
ending	1
encroaching	1
enchanted	1
emptied	1
embracing	1
embrace	1
embarrassment	1
eight	1
edges	1
edge	1
ecstasies	1
echoing	1
echoes	1
eat	1
easily	1
ears	1
earring	1
earnest	1
dwelling	1
dwarfed	1
dutchmen	1
dusky	1
dusk	1
drops	1
driven	1
drink	1
dreaming	1
dreamful	1
dragons	1
doubtful	1
doubly	1
dogwoods	1
dle	1
divine	1
distress	1
distorting	1
distant	1
dissever	1
disobeyed	1
dismay	1
dishevelled	1
disguise	1
disdain	1
discord	1
discontent	1
discolours	1
disarm	1
disappear	1
directly	1
dimpled	1
dight	1
dewdrops	1
dew	1
devoted	1
determined	1
destroyed	1
despond	1
despite	1
desires	1
desired	1
desert	1
descends	1
depths	1
depraves	1
deplore	1
departed	1
denying	1
demur	1
demanding	1
demand	1
deluding	1
delightful	1
delicately	1
defy	1
define	1
defer	1
deeper	1
deem	1
deed	1
decreed	1
declare	1
deck	1
decides	1
deaf	1
deadly	1
daylight	1
daunt	1
dashed	1
darknesses	1
dared	1
dappled	1
dally	1
curving	1
curtains	1
cursed	1
curled	1
cured	1
cuckoo	1
cruel	1
crowds	1
crouching	1
crossed	1
crookedly	1
criticise	1
cricket	1
crete	1
cretans	1
crept	1
creature	1
create	1
creamy	1
creaking	1
crawls	1
crave	1
craft	1
crackling	1
cows	1
cowardice	1
cost	1
correction	1
corinth	1
cool	1
contemplative	1
contemplate	1
constant	1
consoled	1
consecrates	1
conscious	1
conquer	1
confess	1
condemning	1
concealing	1
conceal	1
compelling	1
compel	1
company	1
command	1
coming	1
columbines	1
collatinus	1
coldly	1
colder	1
coin	1
cluster	1
cloudy	1
cloudless	1
cloudily	1
clothed	1
closely	1
clock	1
cloak	1
clings	1
clews	1
clearly	1
clearest	1
clasped	1
claim	1
city	1
circumstances	1
circling	1
circle	1
church	1
christ	1
chosen	1
chose	1
chirruping	1
chill	1
child	1
cherry	1
cheerfulness	1
cheer	1
cheeks	1
cheat	1
chatterings	1
charge	1
chances	1
chair	1
chain	1
certainly	1
certain	1
central	1
ceasing	1
ceaselessly	1
cause	1
caught	1
catch	1
carrion	1
cares	1
carelessly	1
careful	1
captivate	1
camp	1
calmest	1
calling	1
caf	1
c^ilent	1
bye	1
bursting	1
burning	1
building	1
buds	1
budding	1
brushing	1
brushed	1
brother	1
brothel	1
brooks	1
brooding	1
brood	1
broadly	1
bristly	1
brightest	1
bridge	1
breezy	1
breathes	1
breaking	1
brave	1
brain	1
bought	1
bough	1
bosom	1
bore	1
border	1
boon	1
books	1
boldly	1
bolder	1
bodily	1
boasting	1
boasted	1
blurring	1
blows	1
blowing	1
blotted	1
blossoming	1
blooms	1
blood	1
blinds	1
blindly	1
blew	1
blesses	1
blend	1
blankest	1
blacker	1
blacken	1
blackberry	1
bitterly	1
bitterer	1
biting	1
birch	1
bids	1
bewildered	1
bends	1
bend	1
belted	1
beloved	1
belong	1
belief	1
behalf	1
begins	1
beginning	1
begets	1
becomes	1
beckoning	1
beckon	1
beautifying	1
beasts	1
beastly	1
beams	1
beach	1
baulks	1
battling	1
bask	1
bars	1
bark	1
bargained	1
banners	1
bank	1
banish	1
band	1
bad	1
awake	1
await	1
avoid	1
avis	1
avails	1
auch	1
attained	1
asters	1
aspire	1
aslant	1
asked	1
ashamed	1
ascended	1
arthur	1
art	1
arrow	1
arranged	1
arms	1
armies	1
arise	1
apt	1
approval	1
appointment	1
appointed	1
appeal	1
appals	1
anything	1
answers	1
answerless	1
answering	1
answered	1
annoys	1
anew	1
amid	1
amicum	1
ambitions	1
amber	1
amazed	1
amassed	1
altered	1
aloof	1
ally	1
alluring	1
allures	1
airy	1
ain	1
aimless	1
aid	1
aghast	1
afterthought	1
afterglow	1
affords	1
affirm	1
afely	1
advances	1
adding	1
ad	1
actual	1
acquiesce	1
acquaintance	1
ache	1
accomplished	1
accept	1
absence	1
abrupt	1
abroad	1
a/pretext	1
\	1
?'	1
>	1
7hy	1
/^\	1
.....'.	1
..";	1
.'	1
-	1
(~~*	1
('	1
'(	1
''	1
"\	1
"'	1
""	1
!)	1
!'	1
!"	1
