,	807
and	448
the	370
.	360
a	163
her	137
i	134
to	125
:	124
of	114
as	104
she	102
in	100
with	96
;	85
my	76
was	68
that	61
at	51
night	48
eyes	46
all	46
when	45
—	42
on	42
|'s|	38
upon	37
then	36
had	34
me	33
though	32
his	32
he	32
for	31
heart	29
but	29
out	27
through	26
they	26
it	26
day	26
|arabic2digit|	25
were	25
from	24
by	24
lay	22
knew	21
would	20
so	20
saw	20
their	19
seemed	19
now	19
lilac	19
yet	18
looked	18
again	18
not	17
him	17
hare	17
dead	17
about	17
up	16
stood	16
still	16
beside	16
we	15
sea	15
light	15
into	15
"	15
until	14
or	14
mother	14
heard	14
came	14
an	14
'	14
there	13
one	13
never	13
happy	13
black	13
before	13
watched	12
time	12
no	12
man	12
last	12
fire	12
..	12
|arabic1digit|	11
went	11
turned	11
them	11
should	11
over	11
more	11
like	11
life	11
lad	11
i'd	11
could	11
cold	11
bed	11
be	11
back	11
young	10
while	10
well	10
too	10
suddenly	10
sky	10
sight	10
red	10
fear	10
beneath	10
!	10
white	9
very	9
tree	9
sun	9
singing	9
only	9
little	9
just	9
how	9
head	9
felt	9
dawn	9
thought	8
think	8
strange	8
shot	8
she'd	8
once	8
merrily	8
long	8
if	8
half	8
ere	8
deep	8
breath	8
breast	8
alone	8
air	8
word	7
within	7
wind	7
who	7
where	7
van	7
sweet	7
spoke	7
sleep	7
slag	7
side	7
sat	7
room	7
old	7
hour	7
hot	7
have	7
flame	7
first	7
father	7
fat	7
ever	7
empty	7
edge	7
down	7
dancing	7
come	7
burst	7
bright	7
bloom	7
behind	7
wife	6
us	6
took	6
till	6
stir	6
some	6
see	6
round	6
quite	6
pit	6
off	6
moon	6
moment	6
left	6
know	6
kept	6
keen	6
glad	6
girl	6
foot	6
folk	6
far	6
eager	6
dropped	6
death	6
clear	6
brought	6
broke	6
away	6
among	6
you	5
wondering	5
wild	5
way	5
voice	5
this	5
take	5
started	5
slack	5
since	5
scent	5
rise	5
pete	5
must	5
luck	5
lie	5
i'm	5
hill	5
hers	5
heels	5
heel	5
heather	5
hear	5
hands	5
hand	5
glare	5
every	5
even	5
dull	5
died	5
caught	5
burn	5
after	5
across	5
."	5
without	4
wings	4
wide	4
whitsuntide	4
wedding	4
watch	4
unto	4
track	4
together	4
those	4
things	4
they'd	4
tenderness	4
summer	4
sudden	4
straw	4
stone	4
staring	4
stare	4
stand	4
spark	4
soon	4
song	4
sobbing	4
snare	4
slow	4
slept	4
sleepy	4
shaken	4
set	4
said	4
rose	4
roots	4
right	4
quick	4
quaking	4
parents	4
our	4
none	4
moorland	4
men	4
lying	4
low	4
lover	4
knife	4
its	4
husband	4
hungry	4
he'd	4
go	4
gleam	4
fled	4
flash	4
flare	4
find	4
fill	4
fiery	4
fiddle	4
feet	4
feel	4
fall	4
ears	4
dread	4
done	4
devil	4
desire	4
dazed	4
days	4
dark	4
cry	4
crash	4
coming	4
burning	4
broken	4
break	4
boat	4
bit	4
big	4
between	4
astare	4
asleep	4
alive	4
against	4
woman	3
woke	3
winter	3
what	3
welcome	3
walking	3
walked	3
waking	3
waked	3
unseen	3
unknown	3
twinkling	3
twas	3
touched	3
told	3
toe	3
tied	3
than	3
terror	3
teeth	3
talked	3
tale	3
taken	3
supper	3
stumbled	3
strife	3
stopped	3
stop	3
step	3
stars	3
standing	3
stair	3
sore	3
something	3
snow	3
snipe	3
smouldering	3
smell	3
sleeping	3
sleek	3
skin	3
six	3
shore	3
seals	3
sang	3
safe	3
rest	3
remembered	3
ran	3
rain	3
quietly	3
pot	3
poor	3
planted	3
philip	3
noon	3
new	3
need	3
neath	3
near	3
months	3
meat	3
mad	3
lost	3
looking	3
lived	3
listening	3
let	3
leapt	3
lain	3
laid	3
kindling	3
keep	3
joy	3
is	3
house	3
home	3
hills	3
heap	3
hair	3
ground	3
grey	3
grass	3
god	3
glowing	3
gazing	3
furnace	3
full	3
frightened	3
fright	3
friendly	3
free	3
follow	3
flying	3
fires	3
filled	3
fears	3
fearful	3
fair	3
face	3
eyed	3
evermore	3
enough	3
end	3
eat	3
drew	3
dreams	3
dreaming	3
door	3
do	3
dim	3
did	3
dick	3
dance	3
crouched	3
close	3
clean	3
child	3
chair	3
called	3
burned	3
breathing	3
bread	3
both	3
blossom	3
blood	3
blind	3
blazing	3
blaze	3
bite	3
bent	3
been	3
babe	3
awoke	3
any	3
always	3
along	3
almost	3
afire	3
|romannumeral|	2
youth	2
you've	2
year	2
world	2
wit	2
window	2
will	2
whole	2
which	2
wed	2
wayside	2
waste	2
warm	2
wakened	2
waited	2
violin	2
vanished	2
uttered	2
upright	2
unearthly	2
tyre	2
turning	2
turn	2
tune	2
true	2
tripped	2
travelling	2
tingled	2
thick	2
tent	2
tender	2
tall	2
talking	2
syke	2
struggling	2
struck	2
strong	2
stricken	2
stream	2
strangled	2
strained	2
stirred	2
steep	2
steady	2
startled	2
starting	2
stared	2
staggering	2
stack	2
spread	2
spinning	2
spill	2
spent	2
sound	2
soil	2
smoke	2
smiled	2
smile	2
smelled	2
slowly	2
slouched	2
slipped	2
slashed	2
skua	2
skinned	2
sitting	2
sit	2
sister	2
sing	2
silent	2
shrill	2
shoot	2
shiny	2
sheeny	2
shadow	2
seventeen	2
send	2
seen	2
seeking	2
seal	2
scented	2
scared	2
run	2
rough	2
robert	2
rising	2
ripple	2
reel	2
raised	2
quivering	2
quickly	2
quickening	2
queer	2
presence	2
pool	2
play	2
place	2
picked	2
peat	2
peal	2
past	2
parted	2
parson	2
pangs	2
pack	2
own	2
overhead	2
others	2
nigh	2
news	2
neck	2
naked	2
murky	2
mound	2
mist	2
minute	2
mine	2
mind	2
might	2
mid	2
merry	2
melted	2
meg	2
meet	2
meant	2
many	2
maiden	2
made	2
machine	2
lugs	2
loth	2
look	2
lips	2
lifted	2
lest	2
leering	2
ledge	2
least	2
leap	2
laughing	2
laughed	2
kindly	2
kestrel	2
jag	2
jack	2
isle	2
indrawn	2
icy	2
hunted	2
however	2
honey	2
here	2
heavens	2
heat	2
hate	2
harm	2
hardly	2
hard	2
hacked	2
gully	2
grown	2
grouse	2
grip	2
grew	2
green	2
good	2
gone	2
gold	2
going	2
glanced	2
gazed	2
gay	2
gaping	2
fresh	2
frenzy	2
found	2
forgot	2
footstep	2
followed	2
flood	2
fierce	2
fellow	2
fallen	2
eye	2
enkindling	2
easy	2
early	2
each	2
dry	2
drumming	2
drop	2
drawing	2
distress	2
deeps	2
darted	2
daft	2
d	2
cursed	2
crimson	2
creep	2
crazy	2
core	2
cock	2
clutching	2
clutch	2
cloudless	2
climbed	2
climb	2
cinder	2
chin	2
chill	2
cheer	2
care	2
caravan	2
bundle	2
buds	2
brow	2
brooding	2
bring	2
brave	2
boy	2
bolt	2
blue	2
blink	2
blinding	2
bleak	2
bitterness	2
better	2
best	2
belly	2
began	2
beasts	2
banks	2
baby	2
awhile	2
awake	2
ashore	2
around	2
arm	2
are	2
answering	2
answer	2
alight	2
aleer	2
agape	2
affright	2
adread	2
above	2
/	2
...	2
!"	2
■	1
•	1
|arabic5+digit|	1
|	1
your	1
you're	1
you'll	1
yield	1
yellow	1
years	1
wrong	1
writhing	1
wreaths	1
wrack	1
working	1
work	1
wooden	1
won	1
women	1
witted	1
wits	1
wise	1
winking	1
windy	1
windless	1
win	1
william	1
wildly	1
wildfire	1
who'd	1
whistled	1
whistle	1
whirr	1
whiff	1
whenever	1
wheels	1
wheeling	1
wet	1
weight	1
week	1
weed	1
weatherwise	1
weasel	1
wearied	1
we've	1
we're	1
wax	1
wave	1
waters	1
washed	1
warmer	1
wandering	1
wandered	1
wander	1
waken	1
wake	1
waiting	1
wails	1
vixen	1
village	1
vans	1
vales	1
vain	1
upstairs	1
untold	1
unsounding	1
unlifting	1
unless	1
underneath	1
under	1
unceasingly	1
uncanny	1
unaware	1
twould	1
twixt	1
twist	1
twinkled	1
twinkle	1
twilight	1
twain	1
tunes	1
tumbling	1
tucked	1
trouble	1
tripping	1
tricks	1
trembled	1
transfigured	1
trampling	1
tramped	1
trackways	1
tracks	1
traces	1
towns	1
towards	1
tough	1
tossing	1
topmost	1
tongue	1
toil	1
toes	1
toast	1
tis	1
tired	1
tips	1
tinkling	1
tinkers	1
times	1
tight	1
tide	1
tick	1
thunder	1
thump	1
thronged	1
throng	1
throbbing	1
thrill	1
threshold	1
three	1
thread	1
thistle	1
they've	1
thewed	1
thevlad	1
themselves	1
thank	1
tenderly	1
ten	1
tell	1
tears	1
tap	1
tame	1
swung	1
swoon	1
swinging	1
swim	1
swarthy	1
surprise	1
surface	1
sure	1
sunlight	1
sullen	1
suck	1
stupendous	1
stumbling	1
stuff	1
struggled	1
strolled	1
stroke	1
street	1
streams	1
streamed	1
strapping	1
strangling	1
strangely	1
stranded	1
strand	1
straining	1
strain	1
storm	1
stooped	1
stolen	1
stole	1
stock	1
stitching	1
stifled	1
stiff	1
sties	1
stewing	1
stepped	1
steel	1
steamed	1
stealing	1
stayed	1
start	1
starry	1
star	1
stairs	1
stabbing	1
squire	1
squeal	1
spurt	1
springing	1
sprawled	1
spend	1
speedily	1
speech	1
sped	1
speaking	1
sparrow	1
sparkling	1
sparkless	1
sparkled	1
spade	1
sous	1
sources	1
soundless	1
souls	1
soul	1
songs	1
son	1
somewhere	1
soaks	1
soaked	1
snuggling	1
snug	1
snuffing	1
snowy	1
snow-white	1
snoozing	1
snatched	1
smouldered	1
smoulder	1
smoking	1
smartly	1
slung	1
slumbering	1
sluggard	1
slip	1
slinking	1
slide	1
slice	1
sleepless	1
skirted	1
skirl	1
skipping	1
skies	1
sink	1
single	1
sinews	1
silence	1
sigh	1
sickness	1
sicker	1
shut	1
shuffled	1
shudders	1
shrug	1
shrilling	1
shred	1
showing	1
shower	1
show	1
shoulder	1
short	1
shone	1
shivers	1
shivering	1
shivered	1
shiver	1
shining	1
shelter	1
sheer	1
shed	1
sharp	1
shall	1
serene	1
senses	1
selfsame	1
seldom	1
seething	1
seethed	1
seems	1
seek	1
secret	1
seaward	1
seas	1
scrambling	1
scrambled	1
scarcely	1
scarce	1
scamper	1
savour	1
savage	1
sauntered	1
sapped	1
sap	1
sank	1
same	1
sailors	1
sail	1
sag	1
rusty	1
rustling	1
rushy	1
rudderless	1
royal	1
rowed	1
rout	1
rolled	1
rode	1
rock	1
ringing	1
ring	1
ridden	1
rid	1
rich	1
returning	1
retracing	1
rested	1
rescue	1
remembrance	1
rejoicing	1
regret	1
reels	1
reeling	1
reeking	1
reedy	1
redshank	1
recalled	1
ready	1
reached	1
reach	1
rattling	1
rattled	1
rather	1
rare	1
rapped	1
rang	1
rained	1
rag	1
rabbits	1
quiet	1
quarry	1
quaggy	1
put	1
puss	1
pulses	1
puckered	1
printed	1
prime	1
pride	1
pricking	1
pricked	1
pouncing	1
potluck	1
popped	1
policeman	1
point	1
pocket	1
plunge	1
pluck	1
plover	1
pleased	1
pleasantly	1
pleasant	1
playing	1
plant	1
piping	1
piped	1
pipe	1
pin	1
pies	1
picking	1
petted	1
pestered	1
perfume	1
peewit	1
peace	1
paw	1
pane	1
pain	1
owed	1
overtaken	1
overnight	1
overhanging	1
overcast	1
oven	1
outside	1
otherwise	1
otherwhere	1
ore	1
opened	1
opal	1
often	1
oar	1
o'erwrought	1
o'erhead	1
nursed	1
note	1
nose	1
nor	1
noonday	1
nipped	1
nimbler	1
nigher	1
nfght	1
newly	1
newborn	1
neither	1
needle	1
neckerchief	1
neatly	1
nearly	1
nearer	1
neared	1
nattily	1
muttered	1
munched	1
mud	1
much	1
moved	1
mouth	1
mouse	1
mounded	1
mould	1
moss	1
morning	1
moonshiny	1
moonblaze	1
money	1
moan	1
mists	1
missed	1
mischief	1
mirth	1
miracle	1
mettlesome	1
metal	1
met	1
memory	1
melt	1
may	1
marrow	1
maid	1
lust	1
lurked	1
lurcher	1
lull	1
lucky	1
lowering	1
loving	1
lout	1
loud	1
lord	1
loosed	1
looming	1
london	1
lolloped	1
lively	1
livelong	1
liveliest	1
live	1
littered	1
lit	1
listless	1
listen	1
lip	1
lingered	1
limitbd	1
liked	1
lightning	1
lighting	1
lighthearted	1
lift	1
lifeless	1
licked	1
leveret	1
lessj	1
length	1
legged	1
leaping	1
lazy	1
laugh	1
lass	1
larks	1
lanky	1
land	1
lagged	1
lag	1
knuckles	1
knows	1
known	1
knowledge	1
knowing	1
knocker	1
knit	1
kitchen	1
kissed	1
kind	1
kinched	1
kin	1
kicked	1
kettle	1
kerchief	1
jumped	1
jump	1
jolly	1
joke	1
joined	1
jealousy	1
jagged	1
jacket	1
it's	1
island	1
iron	1
instant	1
inland	1
inkling	1
infinity	1
ifon	1
i've	1
i'll	1
hushed	1
hung	1
hundred	1
hummed	1
human	1
hulking	1
hugged	1
hug	1
hover	1
household	1
horizon	1
hopes	1
hoofs	1
homeward	1
homespun	1
homely	1
holy	1
hollow	1
hole	1
highroad	1
higher	1
high	1
held	1
height	1
heavy	1
heathery	1
heath	1
hearts	1
hearted	1
hearkened	1
heady	1
headlong	1
hawkshaw	1
hawk	1
has	1
hares	1
harbour	1
happily	1
haired	1
hailed	1
hag	1
gypsy	1
gust	1
guessed	1
grumbling	1
grizzled	1
grips	1
grind	1
grin	1
grim	1
greet	1
grave	1
got	1
golden	1
glum	1
glowed	1
glow	1
gloom	1
glittering	1
glistening	1
glance	1
gladly	1
giant	1
getting	1
gentlest	1
gentle	1
gave	1
gathering	1
gathered	1
gaped	1
gallery	1
furnaces	1
fur	1
fun	1
frowned	1
frisked	1
friendliness	1
friend	1
fretting	1
fretfully	1
freedom	1
frantic	1
frail	1
forsaken	1
forgotten	1
foreheads	1
foolish	1
fool	1
following	1
fog	1
fluttering	1
flutter	1
flooded	1
flight	1
flashing	1
flag	1
fix	1
fitfully	1
fit	1
fisher	1
fingered	1
finger	1
fine	1
filling	1
fijled	1
fight	1
fifes	1
fever	1
fern	1
fells	1
fellows	1
fell	1
fed	1
fearing	1
fearfully	1
feared	1
fare	1
familiar	1
faltering	1
failed	1
fail	1
faded	1
faces	1
f	1
exulting	1
evening	1
envious	1
endless	1
encompassed	1
else	1
ecstasy	1
echoing	1
eastern	1
east	1
eased	1
earth	1
drum	1
drowsing	1
drowsily	1
drown	1
drooping	1
drooped	1
drive	1
drifting	1
dried	1
dressed	1
dreamily	1
dream	1
draw	1
drank	1
drag	1
dozing	1
downstairs	1
double	1
doomed	1
dog	1
dizzily	1
dipped	1
dimly	1
digged	1
different	1
die	1
despair	1
depths	1
dense	1
deck	1
dealiof	1
dazzling	1
dazzled	1
daylong	1
dart	1
darkness	1
dared	1
dank	1
danced	1
daintily	1
daily	1
curtains	1
curls	1
cuddled	1
crystal	1
crying	1
crowns	1
crowd	1
cropped	1
cried	1
crept	1
creature	1
creaking	1
crawling	1
crampt	1
crag	1
crackling	1
cover	1
course	1
courage	1
cottage	1
corner	1
coops	1
cool	1
content	1
comrades	1
comely	1
cocked	1
coat	1
coals	1
coal	1
clutched	1
clucking	1
clowes	1
cloud	1
closing	1
closer	1
clock	1
clink	1
cleft	1
clattering	1
clasping	1
clap	1
clad	1
circle	1
cinders	1
christian	1
chisels	1
chisel	1
chip	1
chilly	1
chested	1
chance	1
challenged	1
certain	1
cause	1
cattle	1
castles	1
cares	1
careless	1
caravans	1
cantered	1
candle	1
can't	1
can	1
calm	1
calling	1
call	1
cairn	1
cackled	1
busybodies	1
busy	1
burnt	1
burnished	1
buried	1
burdened	1
bundled	1
building	1
bubbling	1
bubble	1
brood	1
broad	1
brink	1
brightest	1
brighter	1
bride	1
breathe	1
breaking	1
breakfast	1
breach	1
brass	1
brain	1
bowls	1
bow	1
bound	1
bother	1
bosom	1
borough	1
bore	1
booths	1
booth	1
bolting	1
bolted	1
bolder	1
body	1
bobbed	1
blundered	1
blown	1
blocks	1
bliss	1
blinked	1
blew	1
bleeding	1
blasted	1
blast	1
blade	1
bitterer	1
bird	1
biggest	1
betwixt	1
betrayed	1
bend	1
below	1
bells	1
bellies	1
bell	1
belching	1
being	1
begin	1
beetling	1
because	1
becalmed	1
beacon	1
barren	1
bare	1
ball	1
awful	1
awaits	1
awaiting	1
awaite	1
attracted	1
ate	1
asnore	1
aslide	1
askance	1
asinging	1
art	1
arose	1
arms	1
anywhere	1
anything	1
anyone	1
another	1
amber	1
amaze	1
already	1
alarm	1
ailing	1
ai	1
ahead	1
ago	1
aghast	1
agaze	1
aflame	1
adder	1
acock	1
aching	1
ablaze	1
abide	1
abed	1
(	1
!)	1
