,	1274
the	778
and	576
of	397
;	255
to	248
.	241
or	161
a	159
in	143
with	139
is	123
thy	119
!	112
life	100
all	89
which	80
|'s|	78
that	72
we	71
for	69
thou	68
as	66
on	62
by	61
thee	60
oh	58
are	58
our	57
some	56
i	55
from	55
—	54
yet	51
but	50
who	49
not	48
no	48
it	48
be	46
fair	44
love	42
through	37
more	36
at	36
there	35
sweet	35
art	35
young	34
they	34
shall	34
high	34
day	34
when	33
little	33
its	32
eyes	32
what	30
have	29
great	29
time	28
sun	28
still	28
nor	28
'	28
upon	27
days	27
?	27
his	26
this	25
ever	25
earth	25
one	24
can	24
thought	23
see	23
light	23
each	23
youth	22
so	22
old	22
deep	22
where	21
too	21
strong	21
man	21
if	21
every	21
white	20
while	20
were	20
their	20
soul	20
blessed	20
though	19
know	19
full	19
will	18
them	18
sea	18
now	18
infinite	18
heart	18
doth	18
come	18
world	17
thine	17
than	17
new	17
far	17
cold	17
before	17
within	16
up	16
till	16
things	16
song	16
pain	16
dost	16
death	16
dead	16
child	16
strife	15
night	15
long	15
eternal	15
down	15
:	15
tree	14
pure	14
precious	14
only	14
mother	14
mind	14
may	14
how	14
heaven	14
grow	14
good	14
god	14
flower	14
comes	14
an	14
age	14
wrong	13
whose	13
us	13
toil	13
souls	13
sleep	13
rest	13
race	13
lives	13
joy	13
feet	13
dream	13
done	13
divine	13
calm	13
born	13
air	13
years	12
was	12
stand	12
side	12
once	12
law	12
hope	12
hidden	12
has	12
fire	12
eye	12
dim	12
best	12
again	12
whatever	11
voice	11
those	11
slow	11
sky	11
round	11
men	11
maybe	11
like	11
growing	11
ere	11
brain	11
ways	10
take	10
skies	10
set	10
praise	10
over	10
land	10
joys	10
innocent	10
gain	10
fruit	10
force	10
fate	10
face	10
clear	10
care	10
bear	10
would	9
turn	9
together	9
these	9
strange	9
soaring	9
never	9
mark	9
lie	9
last	9
hopes	9
heights	9
grown	9
go	9
glorious	9
first	9
fall	9
even	9
early	9
content	9
change	9
brute	9
then	8
tell	8
springs	8
spent	8
space	8
sense	8
self	8
rise	8
right	8
past	8
midst	8
me	8
labour	8
ill	8
hour	8
hold	8
here	8
he	8
hand	8
free	8
depths	8
dark	8
creation	8
bent	8
being	8
always	8
above	8
thoughts	7
swift	7
such	7
spring	7
sometimes	7
savage	7
rapt	7
power	7
perfect	7
passion	7
own	7
out	7
name	7
move	7
morn	7
misery	7
might	7
make	7
lost	7
look	7
living	7
live	7
indeed	7
higher	7
gracious	7
gold	7
forth	7
following	7
fixed	7
fields	7
fear	7
father	7
dull	7
dear	7
daily	7
careless	7
bright	7
breath	7
beneath	7
worn	6
without	6
wild	6
whom	6
whether	6
wherever	6
well	6
weak	6
universe	6
truth	6
tears	6
sure	6
sunk	6
stream	6
star	6
smile	6
shine	6
scheme	6
saw	6
rude	6
place	6
palm	6
page	6
other	6
oft	6
nought	6
mute	6
mild	6
made	6
itself	6
ineffable	6
health	6
grace	6
glow	6
forget	6
flowers	6
fill	6
evening	6
darkness	6
comest	6
childish	6
cannot	6
blind	6
away	6
any	6
another	6
alone	6
your	5
you	5
yearning	5
year	5
worker	5
word	5
way	5
wave	5
watching	5
virgin	5
treasure	5
trace	5
tongue	5
thyself	5
thick	5
soon	5
sinks	5
sing	5
since	5
simple	5
sight	5
seer	5
said	5
rose	5
primal	5
patient	5
pass	5
part	5
note	5
near	5
nature	5
mystic	5
motherhood	5
memory	5
looking	5
limb	5
knows	5
knowledge	5
keep	5
home	5
him	5
hill	5
hear	5
hast	5
happy	5
grows	5
gone	5
glad	5
forces	5
fires	5
filled	5
faint	5
evil	5
essence	5
ease	5
eager	5
dying	5
dreams	5
draw	5
do	5
did	5
clouds	5
clime	5
chill	5
cease	5
cares	5
brown	5
bring	5
brief	5
bowed	5
bird	5
back	5
arm	5
amid	5
|romannumeral|	4
work	4
woe	4
winged	4
wert	4
weal	4
wastes	4
warm	4
waking	4
vision	4
under	4
twilight	4
tranquil	4
town	4
today	4
tis	4
tide	4
thrill	4
summer	4
sublime	4
struggle	4
struck	4
strength	4
streams	4
speech	4
spark	4
source	4
sound	4
sings	4
silence	4
show	4
should	4
she	4
sees	4
seems	4
secret	4
scent	4
scant	4
sage	4
safe	4
sad	4
rises	4
rejoice	4
rapid	4
radiance	4
purple	4
prize	4
pleasure	4
peace	4
passing	4
pale	4
off	4
mystery	4
myriads	4
music	4
many	4
maiden	4
maid	4
lovers	4
lot	4
lingering	4
lift	4
lies	4
left	4
large	4
laid	4
laborious	4
june	4
innocence	4
holds	4
holding	4
her	4
hearts	4
hearth	4
haunted	4
hard	4
ground	4
grey	4
grew	4
grass	4
gradually	4
golden	4
goes	4
glory	4
gives	4
frozen	4
found	4
flow	4
fiery	4
feeble	4
fears	4
fancies	4
duty	4
doubt	4
despair	4
crown	4
cool	4
complete	4
coming	4
children	4
celestial	4
canst	4
call	4
brings	4
boyhood	4
book	4
blown	4
bloom	4
blood	4
birth	4
behind	4
been	4
beauty	4
bare	4
amaze	4
along	4
across	4
"	4
youthful	3
working	3
workers	3
wonder	3
wintery	3
wings	3
wing	3
wind	3
wilt	3
whisper	3
wherefrom	3
wells	3
wealth	3
watch	3
wakes	3
voids	3
victories	3
vast	3
upward	3
untrodden	3
unselfish	3
universal	3
unfathomed	3
undefiled	3
unbounded	3
two	3
tumultuous	3
trouble	3
triumphs	3
towards	3
tossed	3
throne	3
throbbing	3
throb	3
thin	3
tale	3
takes	3
sweetness	3
sunny	3
subtle	3
stronger	3
strand	3
store	3
stirred	3
steps	3
steadfast	3
state	3
stands	3
spirit	3
sown	3
sought	3
soil	3
shut	3
separate	3
seen	3
seem	3
secular	3
scorning	3
scented	3
scarce	3
saint	3
sacrifice	3
rot	3
roll	3
road	3
risen	3
returning	3
reach	3
rays	3
raise	3
rage	3
queen	3
profit	3
press	3
presence	3
powers	3
potency	3
poor	3
pool	3
pity	3
painters	3
outward	3
open	3
ofttimes	3
ode	3
obey	3
nothing	3
northern	3
nobler	3
nay	3
much	3
most	3
miss	3
meed	3
matter	3
manhood	3
lower	3
low	3
loss	3
looks	3
limbs	3
lily	3
lights	3
lifts	3
less	3
length	3
leave	3
laws	3
laughing	3
lands	3
knowing	3
knowest	3
knees	3
kiss	3
joyous	3
journey	3
into	3
immortal	3
hymn	3
hurry	3
hours	3
hot	3
hopeless	3
herb	3
height	3
heavens	3
heavenly	3
hate	3
green	3
greater	3
grave	3
godhead	3
goal	3
globes	3
glimpse	3
glance	3
give	3
girt	3
girlish	3
girlhood	3
gentle	3
gaze	3
gay	3
garden	3
future	3
fullest	3
frosty	3
fringed	3
fret	3
fresh	3
former	3
form	3
footsteps	3
flows	3
fleet	3
flame	3
fitting	3
fierce	3
feel	3
fast	3
fame	3
falling	3
faith	3
failing	3
fade	3
end	3
else	3
dwells	3
dwell	3
dust	3
draws	3
die	3
dewy	3
dew	3
descending	3
deeper	3
dare	3
cruel	3
creature	3
creative	3
created	3
company	3
cloud	3
clearer	3
circling	3
charm	3
centuries	3
calmer	3
busied	3
burns	3
brow	3
broad	3
blow	3
below	3
begin	3
bee	3
beast	3
autumn	3
aspect	3
around	3
ancient	3
am	3
allure	3
against	3
afraid	3
abysses	3
•	2
«	2
zest	2
yore	2
yields	2
worth	2
worlds	2
wood	2
wondering	2
wither	2
wise	2
wisdom	2
winter	2
wide	2
wholly	2
whiteness	2
whence	2
weight	2
weed	2
weather	2
weary	2
wear	2
waves	2
war	2
wanton	2
waning	2
wandered	2
wander	2
walk	2
visions	2
virginity	2
views	2
very	2
vain	2
until	2
unknown	2
unhappy	2
unfaltering	2
unfailing	2
uneasy	2
undone	2
unclouded	2
unattained	2
tyres	2
twere	2
turning	2
trust	2
true	2
tropic	2
touched	2
toiling	2
toilers	2
toiler	2
toiled	2
tired	2
tiny	2
thunder	2
thousand	2
think	2
thing	2
themselves	2
theme	2
sweeter	2
surface	2
supreme	2
sung	2
summit	2
summers	2
sufficient	2
sufferers	2
sudden	2
successions	2
student	2
struggles	2
stretched	2
stray	2
strain	2
stone	2
stainless	2
stain	2
spread	2
spoken	2
spend	2
speeds	2
speck	2
span	2
southern	2
soulless	2
sorrows	2
something	2
soft	2
soar	2
snows	2
snow	2
snatches	2
small	2
slumbers	2
slowly	2
sitting	2
sits	2
sit	2
sister	2
sinking	2
sin	2
silently	2
shun	2
shrine	2
shows	2
shore	2
shining	2
shines	2
shamefastness	2
shadow	2
setting	2
sent	2
seek	2
seasons	2
season	2
score	2
save	2
sand	2
same	2
sake	2
sacred	2
runs	2
rulest	2
rosy	2
root	2
rolling	2
rings	2
reward	2
renewal	2
remedy	2
regarding	2
reels	2
red	2
reaching	2
ray	2
put	2
pursuit	2
processions	2
prevails	2
present	2
prayers	2
poison	2
plunge	2
plenitude	2
plain	2
pines	2
pillar	2
petty	2
pervading	2
people	2
peaks	2
parting	2
paling	2
ourselves	2
ours	2
organic	2
ordered	2
orbs	2
orbed	2
oppressed	2
opens	2
opened	2
onward	2
ones	2
observance	2
novel	2
noise	2
nigh	2
newfound	2
nearer	2
natures	2
nations	2
narrow	2
names	2
naked	2
must	2
multitude	2
mountains	2
moonlight	2
moon	2
months	2
mixed	2
miseries	2
mirth	2
miracle	2
mingled	2
mine	2
minds	2
midsummer	2
memories	2
march	2
marble	2
makes	2
maker	2
majestic	2
maidenhood	2
madonnas	2
lust	2
loving	2
loves	2
lore	2
loom	2
longer	2
loftier	2
load	2
lo	2
lithe	2
lisping	2
lips	2
lip	2
line	2
lilies	2
lighted	2
let	2
led	2
leaves	2
laden	2
known	2
kissed	2
kingly	2
keeps	2
keeping	2
just	2
jocund	2
isle	2
inner	2
indwelling	2
increased	2
il	2
hut	2
hunter	2
hunger	2
human	2
hue	2
house	2
hollow	2
history	2
hills	2
hide	2
heritage	2
heir	2
heavenward	2
haze	2
haste	2
hardly	2
happiness	2
growth	2
grosser	2
grieve	2
grief	2
glorified	2
glimmer	2
gliding	2
glee	2
gleaming	2
gleam	2
glass	2
giveth	2
gift	2
gazer	2
gather	2
gate	2
gains	2
gaining	2
fulfilled	2
fulfil	2
fruitful	2
friendless	2
four	2
fount	2
foundations	2
foul	2
forsaken	2
forlorn	2
footpace	2
folded	2
flying	2
flush	2
flood	2
flings	2
fled	2
fisher	2
fish	2
finer	2
find	2
fin	2
farest	2
fancy	2
fairy	2
fairest	2
fades	2
faces	2
fabled	2
eyed	2
expanding	2
everywhere	2
evermore	2
eve	2
eulogy	2
estate	2
entranced	2
endless	2
enchanted	2
empires	2
east	2
earliest	2
drawn	2
door	2
does	2
diviner	2
divide	2
directs	2
difficult	2
desert	2
delights	2
delight	2
defying	2
deadly	2
dawn	2
cure	2
cry	2
cries	2
crested	2
course	2
corn	2
control	2
continent	2
constant	2
confessed	2
coarse	2
clothed	2
cleansed	2
cleanse	2
city	2
circle	2
chime	2
chilled	2
childhood	2
cheers	2
cheek	2
chase	2
characters	2
channel	2
chance	2
cause	2
catch	2
caressing	2
busy	2
burning	2
burn	2
buried	2
burden	2
brutes	2
brought	2
brood	2
brisk	2
bringing	2
breezes	2
breeze	2
breathless	2
breathing	2
breathes	2
breast	2
boy	2
bounding	2
bound	2
bold	2
body	2
bodies	2
blossom	2
blooms	2
blinding	2
blight	2
bleed	2
black	2
bitter	2
binds	2
beyond	2
bending	2
begun	2
beds	2
bed	2
beatific	2
beat	2
bears	2
bard	2
banks	2
ball	2
bade	2
baby	2
aye	2
ay	2
awhile	2
arms	2
anxious	2
animate	2
angels	2
among	2
already	2
aloft	2
alas	2
airs	2
aims	2
ah	2
ago	2
agile	2
afar	2
accents	2
/	2
-	2
|arabic2digit|	1
|arabic1digit|	1
zones	1
youngling	1
younger	1
yesterday	1
yellow	1
yearnings	1
yea	1
xons	1
write	1
writ	1
wreaths	1
wraps	1
wrapped	1
worshipped	1
worship	1
worldly	1
works	1
worked	1
words	1
wondrous	1
wonders	1
wonderful	1
women	1
woman	1
woke	1
withstand	1
withhold	1
withered	1
withdrawing	1
withdraw	1
wished	1
winters	1
winging	1
wine	1
winds	1
winch	1
wiles	1
wile	1
widowed	1
whirl	1
whilst	1
whereon	1
wherein	1
wheels	1
wheat	1
whatsoever	1
wet	1
westering	1
west	1
weird	1
weeping	1
weep	1
week	1
weaving	1
wearing	1
weakness	1
weaker	1
wayside	1
waxing	1
watered	1
watchtower	1
waste	1
warmer	1
warmed	1
wanting	1
wanders	1
wandering	1
wand	1
walls	1
wall	1
wakened	1
wakeful	1
wake	1
waits	1
waiting	1
wailing	1
waging	1
wafts	1
void	1
voices	1
voiced	1
visual	1
visionary	1
visible	1
vines	1
vinedresser	1
vine	1
vile	1
vigorous	1
vigils	1
viewing	1
vie	1
victory	1
victor	1
vice	1
vestal	1
verse	1
verities	1
veiled	1
vasts	1
varied	1
vanished	1
vanish	1
vane	1
used	1
urged	1
upwards	1
unwonted	1
unwittingly	1
unwillingly	1
unsung	1
unspent	1
unsought	1
unseen	1
unreproved	1
unremembered	1
unrecorded	1
unquiet	1
unmoved	1
unmade	1
unlike	1
union	1
unheard	1
unhallowed	1
unforgotten	1
unfathomable	1
undying	1
undimmed	1
undeveloped	1
understood	1
understand	1
undented	1
unconscious	1
unchanging	1
unchangeable	1
uncaring	1
unbidden	1
unafraid	1
ultimate	1
twofold	1
twilights	1
twas	1
twain	1
tut	1
tuscan	1
turmoil	1
turbid	1
turbaned	1
tuneless	1
tumult	1
trumpet	1
truly	1
troubled	1
troops	1
trodden	1
trod	1
trivial	1
triumphant	1
triumph	1
trifles	1
trembling	1
trees	1
tread	1
treacheries	1
traveller	1
travail	1
transgression	1
transgress	1
transform	1
train	1
trades	1
tracts	1
trackless	1
toys	1
toy	1
touch	1
tottering	1
tortured	1
torrent	1
torments	1
topmost	1
took	1
tongues	1
tomorrow	1
tomb	1
toilsome	1
toilest	1
tiger	1
tides	1
tideless	1
thundering	1
thrust	1
throw	1
throe	1
throat	1
threshold	1
thirst	1
thinker	1
thief	1
thatvcheers	1
thatched	1
thanks	1
tending	1
tender	1
tend	1
ten	1
tempt	1
tempest	1
tempered	1
temperate	1
teems	1
teach	1
tardy	1
tall	1
talk	1
tales	1
taking	1
takest	1
taken	1
tablets	1
symphony	1
swirling	1
swiftly	1
swifter	1
swept	1
swells	1
swelling	1
swell	1
sweat	1
sustained	1
surpassing	1
surely	1
supply	1
sunsets	1
sunset	1
suns	1
sunrise	1
sunder	1
sunbeams	1
sum	1
sully	1
sullen	1
suffers	1
suffer	1
succouring	1
submissive	1
subjected	1
strive	1
stripping	1
stretching	1
stress	1
straight	1
story	1
storms	1
storm	1
storing	1
stirs	1
sting	1
stillness	1
stifling	1
stiffening	1
stiffen	1
stern	1
step	1
steeps	1
steel	1
stead	1
stature	1
statesman	1
starlit	1
standing	1
stalwart	1
stalks	1
stains	1
stage	1
spurning	1
spuming	1
springing	1
sprightly	1
spreads	1
spotless	1
splendours	1
spiritual	1
spire	1
spin	1
spikes	1
spheres	1
sphere	1
spends	1
spell	1
sped	1
spear	1
south	1
sot	1
sordid	1
somewhat	1
solitude	1
sole	1
soldier	1
soiled	1
sohws	1
socrates	1
soars	1
sneer	1
snatched	1
smooths	1
smoothed	1
smoke	1
smitten	1
smiles	1
slumber	1
sloughs	1
slough	1
slothful	1
sleeper	1
slays	1
skiff	1
skate	1
sittest	1
sisters	1
sires	1
sire	1
sink	1
singultient	1
singing	1
singer	1
sincerest	1
silvery	1
silver	1
silken	1
silent	1
signs	1
sign	1
sickly	1
sick	1
sicily	1
shudder	1
shrunk	1
shouts	1
shout	1
short	1
shooter	1
ship	1
shepherd	1
shell	1
sheath	1
shared	1
shamefast	1
shame	1
severe	1
sets	1
serenely	1
sentient	1
sentience	1
senses	1
selfishness	1
selfish	1
seethe	1
seeming	1
seemeth	1
seeks	1
seeking	1
seeds	1
seed	1
sedately	1
secure	1
secrets	1
seas	1
seaman	1
seam	1
sculptured	1
scorn	1
scion	1
science	1
school	1
scene	1
scarcely	1
savagery	1
satiety	1
sainted	1
sails	1
sailed	1
sadly	1
saddest	1
sabbath	1
run	1
ruins	1
rugged	1
royal	1
rounds	1
rounded	1
roses	1
rosebud	1
roots	1
rolls	1
rollers	1
rocks	1
robes	1
river	1
rite	1
rising	1
risest	1
riper	1
ripe	1
ringed	1
rim	1
righteous	1
rifle	1
riddles	1
rich	1
revolts	1
reverent	1
revealing	1
revealed	1
reveal	1
return	1
rests	1
restful	1
resigned	1
rends	1
render	1
removed	1
remove	1
remembrance	1
remember	1
remains	1
remain	1
relax	1
rejoicing	1
regret	1
regimen	1
regard	1
refreshments	1
reflection	1
redeem	1
recurring	1
recovered	1
reclined	1
recall	1
reared	1
reaping	1
reapers	1
realms	1
realm	1
read	1
reached	1
re	1
ravin	1
rare	1
rapture	1
rank	1
raises	1
rains	1
rain	1
racked	1
quick	1
queenly	1
pyramid	1
pushing	1
push	1
pursues	1
pursue	1
purity	1
purge	1
purer	1
pureness	1
purblind	1
pulses	1
prudence	1
proserpine	1
propped	1
prolong	1
progressions	1
prizing	1
prized	1
printed	1
prime	1
pride	1
pressing	1
presences	1
prescient	1
prepare	1
pre	1
prayer	1
praises	1
powerless	1
possibilities	1
possess	1
portals	1
poetic	1
plume	1
plough	1
pliant	1
pleasant	1
playfield	1
play	1
plato	1
plant	1
plains	1
piteous	1
pit	1
pinions	1
pierces	1
pierced	1
pierce	1
philosophic	1
phantoms	1
petals	1
perish	1
periphery	1
peripheries	1
perhaps	1
perfectly	1
perchance	1
penalty	1
pen	1
peer	1
peasant	1
pearled	1
peaceful	1
pause	1
path	1
pastures	1
passionately	1
passionate	1
passest	1
passes	1
parts	1
parents	1
parching	1
parcel	1
paradox	1
paradise	1
paraclete	1
panting	1
palms	1
pall	1
palace	1
pains	1
painful	1
pace	1
overcloud	1
outworn	1
ought	1
others	1
orient	1
order	1
ordained	1
orbits	1
orbit	1
orbing	1
opposite	1
opening	1
ooze	1
onwards	1
often	1
observe	1
obscurity	1
obscured	1
obeyed	1
obedient	1
oar	1
nymphs	1
nymph	1
nursed	1
nurse	1
nunnery	1
number	1
nourished	1
noon	1
none	1
nomads	1
nightly	1
nightfall	1
next	1
nets	1
nerve	1
nereids	1
needs	1
need	1
necessary	1
nearly	1
native	1
nakedness	1
mythology	1
mysterious	1
mysteries	1
myriad	1
my	1
musk	1
muse	1
muezzin	1
moving	1
moved	1
mourning	1
mourn	1
mountain	1
mount	1
mound	1
mould	1
motes	1
moses	1
mortal	1
morning	1
monuments	1
monstrous	1
moment	1
modest	1
misunderstood	1
mist	1
miry	1
ministering	1
milker	1
mighty	1
mightiest	1
middle	1
mid	1
metaphysical	1
merrily	1
mercy	1
memorials	1
melodies	1
meeting	1
meet	1
medicine	1
measureless	1
measure	1
meadow	1
mayest	1
maxims	1
matters	1
mated	1
mastodon	1
master	1
martyr	1
mart	1
marring	1
mar	1
manned	1
making	1
majesty	1
mailed	1
magical	1
magi	1
m	1
lymph	1
luxury	1
lurks	1
luminous	1
lull	1
lowly	1
lovely	1
loved	1
lord	1
lookest	1
longing	1
lonely	1
loitering	1
loins	1
locks	1
locked	1
ll	1
livelong	1
lived	1
liturgies	1
listening	1
lisp	1
lion	1
linked	1
link	1
linger	1
lines	1
limitless	1
limited	1
likened	1
lijc	1
lightest	1
lifting	1
lifted	1
lift.thee	1
lifelong	1
lifeless	1
liberty	1
lest	1
lesson	1
legend	1
leaven	1
leaved	1
least	1
learning	1
lean	1
leaf	1
lead	1
lawn	1
launched	1
latest	1
later	1
late	1
lasting	1
landward	1
landscape	1
lake	1
lady	1
lad	1
labours	1
labouring	1
kneeling	1
kneel	1
knee	1
kingship	1
king	1
kindly	1
kindling	1
kind	1
kill	1
keepest	1
jurist	1
joying	1
jollity	1
joined	1
jaw	1
j	1
issue	1
islet	1
inward	1
invisible	1
intermittent	1
instinctive	1
instant	1
inspired	1
inspire	1
insensible	1
insect	1
inorganic	1
innerve	1
inglorious	1
influence	1
infected	1
ineffectual	1
indefinite	1
inchoate	1
inborn	1
impulse	1
impotent	1
impossible	1
implicit	1
imperial	1
imperfect	1
immersed	1
immense	1
immeasurable	1
immature	1
imaginings	1
illumes	1
ignorance	1
icy	1
hymns	1
hushing	1
hushed	1
hush	1
hurtling	1
hurries	1
hungering	1
hum	1
horoscope	1
horn	1
horizons	1
hoof	1
honours	1
honeyed	1
honey	1
homely	1
holier	1
holdest	1
hoary	1
hoarse	1
hid	1
herds	1
helpless	1
held	1
heed	1
heaving	1
heave	1
hearted	1
heardst	1
heard	1
healing	1
heads	1
head	1
hawthorn	1
having	1
haunts	1
hatred	1
hath	1
hastening	1
harmony	1
harmonious	1
harm	1
happiest	1
happier	1
haply	1
hapless	1
hands	1
half	1
hair	1
gusts	1
guilt	1
guile	1
guiding	1
guides	1
guarding	1
guarded	1
guard	1
grovelling	1
gross	1
gropings	1
groan	1
greatness	1
graver	1
grassy	1
gradual	1
governance	1
godlike	1
goddess	1
glowing	1
glories	1
glooms	1
glimmering	1
glide	1
glassy	1
glances	1
glamour	1
girl	1
girdles	1
girdest	1
gifts	1
giddy	1
giant	1
germs	1
germ	1
gentlier	1
gentler	1
generations	1
general	1
gazing	1
gautama	1
gaslights	1
game	1
galleon	1
gained	1
g	1
fused	1
furrowed	1
furnace	1
fur	1
fullness	1
fulfilment	1
frowns	1
fronts	1
front	1
friend	1
frets	1
freshness	1
freedom	1
frank	1
fragrant	1
forms	1
forgotten	1
forge	1
forehead	1
foredoomed	1
fond	1
fomi	1
followed	1
follow	1
fold	1
foam	1
fly	1
flutter	1
floated	1
float	1
flies	1
fleets	1
fleeting	1
fleeter	1
flare	1
flaming	1
fit	1
fireflies	1
fired	1
finite	1
fine	1
finding	1
findest	1
final	1
fills	1
fiend	1
field	1
few	1
fever	1
fenced	1
felt	1
feign	1
feeling	1
feast	1
fearless	1
fearful	1
faults	1
fathomless	1
fathers	1
fatherhood	1
fanned	1
fangs	1
false	1
fallow	1
fairer	1
fainting	1
fainter	1
fain	1
fails	1
fading	1
faculty	1
faced	1
fables	1
exulting	1
extremest	1
explain	1
expire	1
existence	1
exist	1
except	1
excellences	1
exceeding	1
ethereal	1
essay	1
equatorial	1
envy	1
engines	1
energies	1
ends	1
endeavour	1
enclosing	1
empty	1
empire	1
emerge	1
embrace	1
embattled	1
eloquent	1
either	1
egyptian	1
eglantine	1
effort	1
echoes	1
eat	1
easy	1
eastern	1
earthy	1
earthly	1
earthborn	1
earned	1
ear	1
dwelling	1
dwellest	1
dusky	1
dumb	1
duller	1
drouth	1
drought	1
drink	1
drifted	1
drift	1
dried	1
dress	1
dreaming	1
dreading	1
drawest	1
draughts	1
drags	1
downward	1
dove	1
doubts	1
doubting	1
doubly	1
dominant	1
doll	1
docile	1
dividing	1
divides	1
divergent	1
dispel	1
disgrace	1
discourse	1
discords	1
disarrayed	1
disappointment	1
directing	1
died	1
didst	1
dews	1
despise	1
desk	1
desire	1
depress	1
denies	1
demurely	1
delicate	1
deity	1
degrees	1
deform	1
deed	1
decrepit	1
declining	1
declare	1
deathlike	1
deathless	1
dealt	1
deaf	1
dazzling	1
dazzled	1
dazed	1
daze	1
dawns	1
daughter	1
darling	1
curves	1
curve	1
current	1
curls	1
cunning	1
crossed	1
cross	1
crest	1
crescent	1
creeps	1
creep	1
creatures	1
create	1
creak	1
cradle	1
coward	1
covert	1
cover	1
countless	1
counsel	1
could	1
cotton	1
cottage	1
cot	1
cooler	1
converse	1
convents	1
contumely	1
contracting	1
continually	1
contained	1
consummate	1
consciousness	1
consciousless	1
conscious	1
conscience	1
conquerors	1
conquering	1
confusions	1
confucius	1
conforming	1
conflict	1
concord	1
concentrate	1
completeness	1
completely	1
complain	1
compassed	1
common	1
command	1
cometh	1
colour	1
colder	1
coheres	1
cohere	1
coercive	1
clown	1
cloudless	1
clouded	1
clothing	1
closing	1
closed	1
cloistered	1
cloister	1
climbers	1
cleaner	1
claw	1
classic	1
clash	1
clangs	1
cities	1
churchyard	1
church	1
choose	1
chills	1
childlike	1
chiefest	1
chief	1
chestnut	1
chequered	1
cheerful	1
cheer	1
chaste	1
chased	1
chaos	1
changing	1
changes	1
changeful	1
changed	1
chambers	1
chalice	1
chair	1
chained	1
chain	1
cerement	1
centres	1
central	1
cells	1
ceasing	1
ceases	1
ceaseless	1
ceased	1
cease'and	1
caxton	1
caught	1
cast	1
carols	1
carking	1
car	1
cape	1
canvas	1
cane	1
calls	1
called	1
byways	1
buttercups	1
bursting	1
burst	1
bulk	1
build	1
budding	1
brutal	1
browsing	1
brother	1
brook	1
broadening	1
bringest	1
brightness	1
brightest	1
briefer	1
breed	1
breasts	1
breaks	1
break	1
brake	1
brains	1
boys	1
boundless	1
boundary	1
both	1
bosom	1
bond	1
bom	1
boat	1
blush	1
blue	1
blotting	1
blot	1
blossoms	1
blossomed	1
blooming	1
blessedness	1
blaze	1
blame	1
birdlike	1
bids	1
bid	1
between	1
beloved	1
bells	1
bellow	1
bell	1
believe	1
begins	1
beginnings	1
beget	1
began	1
befall	1
beetles	1
beccles	1
beautiful	1
beats	1
bearing	1
bearest	1
beamest	1
beam	1
beach	1
bay	1
bathed	1
bashful	1
baseless	1
based	1
barren	1
bark	1
barbarian	1
banish	1
banded	1
band	1
balmy	1
baleful	1
backward	1
awful	1
awestruck	1
awe	1
awaking	1
awaken	1
awaits	1
await	1
averts	1
avalanche	1
autumnal	1
automatic	1
attempered	1
attain	1
assyrian	1
assuage	1
assail	1
aspiration	1
asleep	1
aside	1
ascend	1
aryan	1
artemis	1
armed	1
ardent	1
arcades	1
ar	1
approach	1
appointed	1
appears	1
appear	1
ape	1
apart	1
answer	1
angel	1
and'thrill	1
ancestors	1
although	1
allures	1
allurements	1
alien	1
aid	1
agony	1
aglow	1
ages	1
aged	1
afternoon	1
after	1
afresh	1
afloat	1
affection	1
aeons	1
advancing	1
advance	1
adore	1
admiring	1
adds	1
accursed	1
accordant	1
accent	1
about	1
ablaze	1
abased	1
*	1
)	1
!.	1
