,	549
the	407
and	229
of	151
;	143
.	125
in	110
a	107
to	98
—	95
!	73
he	58
that	54
his	54
i	51
|arabic2digit|	47
|'s|	45
is	44
but	41
this	40
on	39
from	39
|romannumeral|	38
with	37
as	37
we	34
not	34
all	34
:	34
one	32
it	32
for	31
"	31
who	30
by	29
was	28
they	26
night	23
no	22
love	22
day	22
world	21
when	21
what	20
our	20
like	20
its	20
have	20
their	19
here	19
man	18
him	17
at	17
are	17
?	17
or	16
so	15
now	15
life	15
song	14
me	14
'	14
through	13
thou	13
there	13
soul	13
panel	13
o	13
long	13
light	13
high	13
heart	13
down	13
be	13
us	12
such	12
shall	12
never	12
name	12
my	12
make	12
thought	11
then	11
sweet	11
new	11
more	11
men	11
you	10
while	10
thee	10
old	10
mountain	10
may	10
great	10
thy	9
many	9
knight	9
inscriptions	9
if	9
her	9
has	9
farm	9
art	9
where	8
were	8
well	8
upon	8
up	8
truth	8
some	8
poems	8
loved	8
how	8
heard	8
death	8
beyond	8
an	8
|arabic1digit|	7
yet	7
true	7
too	7
those	7
made	7
living	7
little	7
hope	7
find	7
far	7
ever	7
dream	7
did	7
deep	7
dead	7
could	7
city	7
can	7
brooks	7
work	6
whose	6
valley	6
tree	6
sun	6
spirit	6
sky	6
see	6
sea	6
said	6
pasture	6
over	6
news	6
music	6
mind	6
into	6
hour	6
had	6
grave	6
god	6
glorious	6
four	6
fight	6
face	6
earth	6
each	6
dear	6
dark	6
bright	6
bird	6
bells	6
before	6
above	6
(	6
would	5
word	5
whom	5
way	5
voice	5
twas	5
tower	5
tone	5
though	5
take	5
swift	5
summer	5
say	5
saw	5
place	5
people	5
path	5
own	5
only	5
oh	5
nor	5
near	5
muir	5
most	5
let	5
know	5
human	5
heaven	5
happy	5
cows	5
clear	5
brave	5
black	5
birds	5
beauty	5
ancient	5
alone	5
air	5
after	5
winds	4
white	4
think	4
than	4
tender	4
strange	4
still	4
state	4
sound	4
souls	4
skies	4
shame	4
seen	4
seemed	4
rose	4
peace	4
out	4
others	4
once	4
noble	4
mine	4
memory	4
low	4
lonely	4
lives	4
listened	4
lincoln	4
lane	4
land	4
known	4
kind	4
john	4
green	4
grace	4
go	4
give	4
gave	4
full	4
freedom	4
found	4
forever	4
fire	4
fair	4
doth	4
done	4
desert	4
courage	4
comes	4
come	4
caneto	4
came	4
blind	4
blameless	4
back	4
age	4
against	4
again	4
)	4
!"	4
|arabic4digit|	3
youth	3
your	3
year	3
ye	3
without	3
wit	3
winding	3
wind	3
wild	3
why	3
which	3
went	3
war	3
tusitala	3
town	3
tomorrow	3
tomb	3
time	3
things	3
thing	3
these	3
terrace	3
tears	3
sure	3
sunset	3
sudden	3
strife	3
street	3
stand	3
spring	3
spoke	3
sounds	3
sorrow	3
sir	3
singing	3
silent	3
shout	3
should	3
shield	3
she	3
shameless	3
september	3
sense	3
seek	3
seas	3
scorn	3
same	3
sad	3
sabbath	3
roaring	3
right	3
pretty	3
poor	3
poet	3
planet	3
phantom	3
passion	3
part	3
pain	3
other	3
orchard	3
ocean	3
musing	3
moved	3
mean	3
master	3
luther	3
lover	3
live	3
lips	3
lies	3
less	3
leaves	3
learned	3
last	3
knew	3
king	3
just	3
janet	3
home	3
holy	3
heritage	3
ground	3
grief	3
grey	3
glory	3
gives	3
gay	3
flowers	3
florence	3
false	3
every	3
even	3
egypt	3
ear	3
do	3
cool	3
comfort	3
child	3
century	3
call	3
brow	3
brook	3
bring	3
born	3
beneath	3
bend	3
because	3
bars	3
."	3
yonder	2
years	2
wrong	2
wrath	2
wouldst	2
wordsworth	2
words	2
wonder	2
won	2
windows	2
win	2
wide	2
west	2
watched	2
warm	2
walter	2
wall	2
wake	2
virtue	2
unseen	2
u	2
two	2
twixt	2
tuscany	2
turn	2
trees	2
tramp	2
toward	2
touched	2
touch	2
torn	2
tool	2
tongue	2
today	2
tis	2
tinkling	2
throne	2
thousand	2
them	2
tell	2
tales	2
syria	2
sung	2
strolling	2
stroke	2
strike	2
stratford	2
stormy	2
storm	2
stone	2
stay	2
stately	2
stars	2
starry	2
square	2
spake	2
southeast	2
sounding	2
sought	2
sorrowful	2
sooth	2
songs	2
solemn	2
soft	2
soaring	2
smile	2
sincere	2
since	2
side	2
shrunken	2
show	2
shottery	2
shore	2
shining	2
shine	2
shakespeare	2
shadowy	2
served	2
serve	2
separate	2
self	2
seems	2
seem	2
scarce	2
saints	2
sacred	2
s	2
rush	2
rucellai	2
room	2
rock	2
river	2
rife	2
rich	2
respite	2
real	2
read	2
ranks	2
rang	2
ran	2
proved	2
pray	2
power	2
pouring	2
potentate	2
pope	2
poets	2
plume	2
pleasant	2
play	2
plan	2
pine	2
perhaps	2
pathway	2
past	2
passed	2
page	2
onward	2
off	2
november	2
nothing	2
northwest	2
nigh	2
neath	2
nature	2
nation	2
narrow	2
names	2
murmured	2
much	2
moving	2
mouth	2
mountains	2
moon	2
mood	2
monuments	2
monstrous	2
mile	2
message	2
mary	2
marble	2
maples	2
loves	2
lot	2
lost	2
look	2
longed	2
lived	2
listens	2
lifted	2
letter	2
lest	2
learn	2
lay	2
large	2
laid	2
labour	2
knowledge	2
justice	2
joyful	2
journey	2
increased	2
inch	2
immortal	2
image	2
ill	2
ice	2
hours	2
holds	2
hold	2
heroic	2
hell	2
hearts	2
hear	2
hark	2
hand	2
half	2
h	2
good	2
gloom	2
given	2
giant	2
gentle	2
gathered	2
gates	2
fun	2
front	2
friend	2
free	2
forlorn	2
forgotten	2
forest	2
folly	2
followed	2
follow	2
foe	2
flocks	2
flight	2
flies	2
fit	2
fine	2
field	2
few	2
felt	2
feet	2
fear	2
father	2
fame	2
falls	2
falling	2
faces	2
eyes	2
evening	2
eve	2
eternal	2
ending	2
end	2
eld	2
eclipse	2
duomo	2
drink	2
dreams	2
dove	2
doubt	2
don't	2
does	2
die	2
days	2
darkness	2
cynic	2
curving	2
currents	2
crunch	2
crown	2
creature	2
cow	2
country	2
couldst	2
cost	2
comrades	2
cold	2
clown	2
clouds	2
clattering	2
children	2
cheered	2
calf	2
busy	2
burst	2
brought	2
breathless	2
breathing	2
breath	2
blue	2
blow	2
bless	2
birth	2
betwixt	2
between	2
best	2
bent	2
begun	2
been	2
battle	2
aye	2
autumn	2
any	2
another	2
among	2
airs	2
afar	2
across	2
!)	2
|arabic5+digit|	1
youngsaviour	1
yes	1
yearn	1
wrought	1
writers	1
writ	1
wreathed	1
wrapped	1
wot	1
worth	1
worships	1
worshipful	1
worship	1
working	1
wore	1
woody	1
woods	1
wood	1
wonderful	1
won't	1
woman	1
woke	1
wittenberg	1
witness	1
within	1
wisely	1
wise	1
wisdom	1
wire	1
wins	1
winged	1
wing	1
window	1
wily	1
willing	1
will	1
widowed	1
wickedly	1
wholesome	1
whole	1
whitens	1
whistlings	1
whispered	1
whiff	1
whicn	1
whether	1
whence	1
whate'erthy	1
westward	1
welcoming	1
weep	1
ween	1
weaver	1
weave	1
weather	1
weary	1
wear	1
wealthier	1
ways	1
waters	1
watching	1
watch	1
wasted	1
washington	1
warriors	1
warrior	1
ward	1
wanderings	1
wanderers	1
wandered	1
wander	1
wand	1
walls	1
walled	1
walk	1
wakes	1
wakenest	1
waited	1
wailings	1
wagged	1
wag	1
vow	1
votes	1
voices	1
voiced	1
vn	1
visible	1
vine	1
villas	1
villa	1
vienna	1
vexed	1
very	1
verses	1
verse	1
velvet	1
vast	1
vassal	1
various	1
vantage	1
vanquished	1
valiant	1
vales	1
vale	1
utter	1
usurp	1
use	1
upshoot	1
unto	1
until	1
unstartled	1
unshackled	1
unknown	1
unite	1
ungrasped	1
unfurled	1
unfulfilled	1
unfrequented	1
unforgetting	1
under	1
uncounted	1
unchanged	1
ugly	1
twilights	1
twilight	1
turret	1
turf	1
tuned	1
truths	1
trust	1
truly	1
trudged	1
trod	1
triumphed	1
trickling	1
trice	1
tremendous	1
trembling	1
treating	1
tread	1
tragic	1
track	1
towers	1
torturing	1
tore	1
tops	1
took	1
tombs	1
tolerance	1
told	1
toils	1
toilless	1
together	1
times	1
till	1
tide	1
thunderous	1
thundering	1
thunder	1
thrushes	1
thrones	1
throned	1
throbbing	1
throbbed	1
thrilled	1
thrice	1
three	1
thrall	1
thousands	1
thoreau	1
thinking	1
thine	1
thieving	1
therefore	1
thanksgiving	1
ten	1
tellers	1
teller	1
teaching	1
task	1
talking	1
talk	1
takes	1
tactics	1
swords	1
sword	1
sweeter	1
swans	1
sustenance	1
surprise	1
supreme	1
supped	1
superb	1
sufferer	1
suddenly	1
strove	1
strings	1
strikes	1
stricken	1
striae	1
strenuous	1
strength	1
streams	1
strata	1
story	1
stopping	1
stop	1
stooping	1
stood	1
stolen	1
stilling	1
stevenson	1
statue	1
stations	1
starts	1
starting	1
standing	1
stale	1
spread	1
spot	1
spoils	1
splendour	1
splendid	1
spiritual	1
spirits	1
spires	1
spilled	1
spelled	1
speed	1
speech	1
spectral	1
special	1
speak	1
spark	1
south	1
soundless	1
sounded	1
sorrowing	1
sordid	1
soot	1
soon	1
son	1
sometimes	1
something	1
soldiers	1
soldier	1
sod	1
sobs	1
smote	1
smooth	1
smiling	1
smiled	1
small	1
slowly	1
slow	1
slope	1
sliding	1
sleigh	1
slanting	1
six	1
sits	1
sired	1
sings	1
sing	1
sincerity	1
simulates	1
silver	1
silk	1
silence	1
sighed	1
sick	1
shut	1
shrunk	1
shrine	1
shrilling	1
shrewdly	1
shrewd	1
showery	1
shouts	1
short	1
shores	1
shook	1
shoes	1
shirk	1
shipwreck	1
shines	1
shimmers	1
shepherd	1
shed	1
shameful	1
shadows	1
shadow	1
servitor	1
sends	1
send	1
semblance	1
secret	1
secluded	1
seasons	1
searching	1
seams	1
sculptors	1
screen	1
scott	1
scope	1
scimitar	1
scholars	1
sceptred	1
scented	1
scattered	1
scarcely	1
scan	1
scamp	1
saved	1
save	1
santa	1
sands	1
samoa	1
saintly	1
sails	1
sailors	1
sailor	1
safety	1
safeguard	1
saddened	1
sacrifice	1
ruth	1
rumpus	1
ruled	1
rule	1
ruffling	1
rude	1
rounds	1
round	1
rough	1
rothay	1
romance	1
romana	1
roam	1
roadside	1
road	1
rivers	1
rises	1
risen	1
ringing	1
ring	1
rhymes	1
rhymers	1
revenge	1
return	1
rests	1
rest	1
resources	1
resonant	1
resolve	1
repute	1
reproach	1
renown	1
rending	1
remote	1
remembrance	1
remember	1
relit	1
religious	1
rejoice	1
reels	1
reeking	1
reef	1
red	1
record	1
rapture	1
rapine	1
range	1
rains	1
rage	1
radiant	1
racy	1
racier	1
races	1
race	1
r	1
quivering	1
quick	1
queenly	1
queenlier	1
quartz	1
quake	1
pylons	1
put	1
pursuing	1
pursue	1
purple	1
purer	1
pure	1
proud	1
prospered	1
projectors	1
prizes	1
priestly	1
pride	1
priceless	1
price	1
press	1
president	1
presence	1
precisely	1
preaching	1
prayers	1
prato	1
prating	1
praises	1
praised	1
praise	1
pour	1
pond	1
politicians	1
politician	1
pole	1
poisoner	1
points	1
point	1
poignant	1
poem	1
plunged	1
plumaged	1
plodders	1
plies	1
pleased	1
please	1
playing	1
planting	1
plane	1
places	1
pity	1
pioneers	1
pilgrims	1
pigmies	1
pigeon	1
picture	1
phrases	1
phrased	1
philosophic	1
perish	1
perilous	1
perfect	1
perceived	1
peopled	1
pennies	1
pen	1
pearl	1
pbantom	1
paynim	1
pausing	1
pause	1
pathos	1
passions	1
passionate	1
parted	1
paramount	1
paradise	1
papa	1
panic	1
pang	1
pan	1
pall	1
pale	1
palaces	1
palace	1
painters	1
painted	1
paint	1
owe	1
outpours	1
outlast	1
ours	1
orator	1
opinion	1
openings	1
olive	1
nuns	1
numbers	1
novella	1
nought	1
note	1
northern	1
north	1
noon	1
none	1
noisy	1
nobly	1
noblest	1
nightingales	1
nicolay	1
nestles	1
nearer	1
nations	1
named	1
n	1
mystic	1
myself	1
must	1
musicians	1
multiplied	1
move	1
mounted	1
mountainous	1
motto	1
motion	1
mothers	1
mother	1
morning	1
moral	1
moment	1
mixes	1
miracle	1
minor	1
minds	1
mindless	1
mimic	1
milking	1
milk	1
mighty	1
midst	1
midnight	1
middle	1
mid	1
michael	1
met	1
mercy	1
merchants	1
men-of-war	1
memories	1
melting	1
melodious	1
mellow	1
melancholy	1
medici	1
means	1
meadow	1
mckinley	1
maw	1
marks	1
mark	1
maria	1
manufacturers	1
manhood	1
malice	1
majesty	1
majesties	1
majestic	1
maid	1
madness	1
mad	1
m	1
lyric	1
lyre	1
lust	1
lure	1
lunch	1
lulled	1
loyal	1
lovest	1
lovers	1
lovely	1
loveliness	1
lovelier	1
loud	1
loss	1
lose	1
lords	1
lord	1
looming	1
looking	1
longing	1
log	1
lofty	1
lo	1
liveth	1
lit	1
listening	1
list	1
lisa	1
lingering	1
linger	1
lines	1
limpid	1
lilac	1
lights	1
lightly	1
lie	1
liberty	1
letters	1
lessened	1
legends	1
left	1
led	1
leaved	1
leapt	1
leaps	1
leap	1
leans	1
leaned	1
leafless	1
leaf	1
leads	1
leading	1
leadest	1
law	1
laureate	1
laughter	1
laughing	1
late	1
larger	1
lanterns	1
landscape	1
lamp	1
lady	1
laborious	1
knock	1
knelt	1
knees	1
kneel	1
kiss	1
kings	1
killed	1
keys	1
ken	1
keeps	1
keep	1
june	1
joy	1
join	1
jife	1
italy	1
italian	1
issues	1
islands	1
island	1
is'wont	1
irregular	1
inward	1
investigators	1
inventors	1
intent	1
insistent	1
innocence	1
infinity	1
indoors	1
indeed	1
increase	1
imps	1
illume	1
illimitable	1
ilex	1
i've	1
i'll	1
husband	1
hurled	1
humour	1
humorous	1
humanity	1
huge	1
huddling	1
housing	1
household	1
house	1
hound	1
horde	1
hopes	1
honour	1
honest	1
homeward	1
homestead	1
homes	1
hollow	1
holding	1
hitched	1
hint	1
himself	1
hillside	1
hills	1
hill	1
highroad	1
higher	1
hides	1
hide	1
hid	1
hi	1
hers	1
heroes	1
hero	1
hermit	1
herds	1
helmet	1
hellish	1
held	1
heirs	1
heights	1
heifers	1
heifer	1
hedged	1
heavily	1
heavens	1
hearth	1
hearted	1
hears	1
heal	1
head	1
he's	1
he'll	1
he'd	1
hawks	1
haunting	1
hater	1
hateful	1
hate	1
hast	1
harmed	1
harm	1
hardy	1
hard	1
hands	1
halted	1
hall	1
hail	1
gusty	1
gulfs	1
guilty	1
guessing	1
guessed	1
guard	1
grizzlies	1
grinding	1
grimace	1
grew	1
gravely	1
grand	1
gracious	1
got	1
goodwill	1
goodhearted	1
golden	1
goes	1
gobble	1
goal	1
glooms	1
glittering	1
glistens	1
glide	1
glee	1
glacier	1
giving	1
george	1
gentlest	1
gentler	1
generous	1
gate	1
garlanded	1
garish	1
garfield	1
garden	1
fury	1
furnace	1
friendship	1
friendly	1
freshness	1
fresh	1
freemen	1
fray	1
frankly	1
framed	1
frame	1
fox	1
fountained	1
fought	1
forth	1
forsaken	1
forked	1
forgive	1
footstep	1
foeman	1
flying	1
fly	1
flute	1
flowery	1
flout	1
floods	1
flood	1
float	1
flits	1
fled	1
flawless	1
flat	1
flaming	1
flames	1
flamed	1
fixed	1
fitfully	1
first	1
fingers	1
finger	1
finer	1
finder	1
fills	1
filled	1
fierce	1
fiends	1
fields	1
fiddle	1
fellowman	1
fellow	1
fell	1
feigned	1
feeling	1
federation	1
feast	1
fearless	1
fearful	1
fate	1
fast	1
farseeing	1
farms	1
farmhouse	1
familiar	1
fames	1
fall	1
faithful	1
faith	1
fairy	1
fail	1
fagade	1
fact	1
faced	1
eyed	1
exquisite	1
exposition	1
explorers	1
exists	1
example	1
evil	1
eternity	1
escapade	1
erect	1
ere	1
epitaph	1
epic	1
entered	1
enlighten	1
enlarge	1
english	1
engineers	1
endless	1
enchanter	1
emulation	1
emptiness	1
empire	1
emperor	1
embowering	1
embowered	1
else	1
election	1
edith	1
eating	1
eastward	1
early	1
dwells	1
dwellers	1
duty	1
dusk	1
dull	1
dropped	1
driven	1
drew	1
dreaded	1
draws	1
drawn	1
draw	1
doors	1
door	1
doomed	1
doom	1
domes	1
dome	1
doing	1
dog	1
dobson	1
divine	1
divide	1
disgrace	1
dignities	1
dies	1
died	1
didst	1
dew	1
devil	1
developed	1
despise	1
desecrate	1
demagogue	1
delight	1
deer	1
deepening	1
deemed	1
deed	1
dedicatory	1
dedication	1
debtor	1
deadly	1
dawn	1
dares	1
dared	1
dance	1
damning	1
dales	1
d	1
cypress	1
curtained	1
curious	1
cup	1
cunning	1
cud	1
crystal	1
cry	1
crunching	1
cruel	1
crowned	1
crowd	1
crouched	1
crossed	1
crooked	1
crimson	1
crime	1
cries	1
cried	1
crest	1
creators	1
creator	1
creates	1
countless	1
cottage	1
cot	1
cosimo	1
cooes	1
conventions	1
continents	1
constant	1
consort	1
conscious	1
concerning	1
conceived	1
comradeship	1
comprehend	1
compass	1
common	1
commerce	1
comedy	1
colourless	1
colonnades	1
cobbled	1
cobble	1
close	1
cling	1
climbed	1
cliff	1
clave	1
clasp	1
clanging	1
claim	1
civilization	1
civil	1
civic	1
citizen	1
cinctured	1
cimabue	1
choke	1
choice	1
chivalry	1
chisel	1
chink	1
chimney	1
chiming	1
chimes	1
chiefs	1
chief	1
chewing	1
chestnut	1
cherished	1
cherish	1
chequered	1
cheek	1
charmed	1
charlemagne	1
charged	1
chapel	1
change	1
certain	1
celestial	1
ceaselessly	1
causes	1
cause	1
cattle	1
careless	1
cared	1
care	1
captain	1
cannot	1
candidate	1
candid	1
can't	1
campi	1
calls	1
called	1
bursts	1
burn	1
bulk	1
built	1
builds	1
builder	1
builded	1
buffalo	1
bubbling	1
brush	1
brotherhood	1
brood	1
brokenhearted	1
broken	1
broke	1
brimmed	1
brightly	1
brief	1
bride	1
breezes	1
breeze	1
breathes	1
breathed	1
breast	1
breaks	1
break	1
branching	1
brains	1
brain	1
bowed	1
bounden	1
bound	1
boulder	1
bosun	1
boreal	1
bore	1
boon	1
book	1
bonds	1
boles	1
body	1
boat	1
blowing	1
blossoming	1
blooms	1
bloom	1
bliss	1
blessing	1
blazed	1
blaze	1
blanket	1
bland	1
bitter	1
bit	1
bisenzio	1
bisenpo	1
big	1
better	1
betray	1
beside	1
bermoothes	1
benediction	1
below	1
bell	1
belief	1
being	1
behind	1
begins	1
begin	1
beethoven	1
become	1
beckoning	1
became	1
beast	1
bears	1
beard	1
beams	1
baying	1
battles	1
bass	1
basker	1
barked	1
bapistery	1
banks	1
balm	1
backward	1
awful	1
away	1
awakened	1
avon	1
averse	1
austin	1
aurora	1
august	1
athwart	1
athenian	1
assigned	1
askew	1
asked	1
arts	1
arrows	1
arm	1
architects	1
april	1
apennines	1
answered	1
anne	1
anguish	1
angels	1
angelo	1
anew	1
ancestry	1
amhersl	1
american	1
america	1
am	1
always	1
although	1
alpha	1
aloud	1
along	1
alive	1
alaska	1
alas	1
ahead	1
ah	1
agriculturists	1
agoes	1
ages	1
afraid	1
aeons	1
aeolian	1
actors	1
accursed	1
acclaim	1
academe	1
absent	1
abode	1
^	1
?"	1
.,	1
-	1
!'"	1
