the	395
,	282
and	226
.	142
of	106
a	89
to	79
in	75
!	66
my	59
i	58
|arabic2digit|	40
with	36
me	35
will	33
o	33
he	31
that	30
on	29
was	27
;	26
by	25
|'s|	24
his	24
for	24
"	24
over	23
from	23
their	21
away	21
be	20
far	19
but	19
your	18
who	18
up	18
her	18
?	18
you	17
when	17
men	17
is	17
hills	17
—	16
|arabic1digit|	16
no	16
had	16
earth	16
:	16
they	15
fire	15
would	14
there	14
night	14
i'd	14
at	14
wind	13
white	13
she	13
house	13
never	11
him	11
domhnal	11
day	11
come	11
as	11
'	11
them	10
strength	10
or	10
macmorna	10
lake	10
horse	10
have	10
donn	10
dermott	10
are	10
all	10
young	9
wild	9
upon	9
more	9
man	9
it	9
down	9
door	9
where	8
what	8
trees	8
then	8
nor	8
if	8
i'll	8
heart	8
has	8
give	8
face	8
breast	8
were	7
treasure	7
sky	7
red	7
place	7
now	7
not	7
heavy	7
hear	7
good	7
go	7
fair	7
dream	7
cradle	7
child	7
(	7
while	6
this	6
see	6
say	6
rise	6
out	6
like	6
let	6
i'm	6
hoard	6
forest	6
dark	6
could	6
broken	6
bring	6
bed	6
without	5
within	5
wise	5
us	5
till	5
through	5
thought	5
they'll	5
terrible	5
strange	5
stir	5
song	5
seed	5
sea	5
saw	5
robber	5
roads	5
road	5
rest	5
quiet	5
make	5
knew	5
here	5
hair	5
girl	5
fields	5
dreamed	5
draw	5
came	5
between	5
before	5
ban	5
across	5
."	5
world	4
words	4
well	4
walk	4
until	4
two	4
sure	4
sunset	4
stood	4
spread	4
softly	4
so	4
sail	4
said	4
rocking	4
rann	4
raised	4
plough	4
our	4
one	4
once	4
moon	4
many	4
making	4
lonesome	4
little	4
lift	4
lay	4
lands	4
it's	4
hugh	4
hill	4
head	4
gold	4
gate	4
floor	4
darkness	4
coffin	4
city	4
care	4
build	4
bog	4
blue	4
bird	4
beside	4
back	4
around	4
any	4
am	4
always	4
again	4
above	4
you'll	3
women	3
woman	3
wish	3
wide	3
wet	3
way	3
water	3
waste	3
time	3
these	3
thatch	3
tell	3
sword	3
sun	3
strong	3
stone	3
spain	3
silent	3
shall	3
scattering	3
savage	3
round	3
put	3
proud	3
praying	3
people	3
pass	3
pain	3
own	3
only	3
old	3
none	3
nevin	3
near	3
music	3
morn	3
might	3
maker	3
made	3
loneliness	3
leave	3
laugh	3
latin	3
labour	3
know	3
into	3
horses	3
hillside	3
hearth	3
hands	3
going	3
gods	3
god	3
glen	3
girls	3
friends	3
fox	3
forth	3
farmer	3
eyes	3
eirinn	3
do	3
deep	3
darkening	3
cry	3
cried	3
comes	3
cold	3
clocks	3
cast	3
byre	3
brutes	3
brute	3
brown	3
bright	3
bride	3
black	3
behind	3
beauty	3
bare	3
ballad	3
autumn	3
ask	3
an	3
against	3
.)	3
''	3
yoked	2
years	2
wotan	2
wore	2
winds	2
why	2
whose	2
went	2
we	2
wandering	2
walls	2
wake	2
voice	2
verse	2
unto	2
under	2
turf	2
troubled	2
tree	2
tread	2
travels	2
tops	2
too	2
together	2
three	2
thoughts	2
though	2
think	2
things	2
teach	2
tamer	2
tale	2
take	2
surely	2
summer	2
suilier	2
stride	2
strewn	2
streams	2
store	2
still	2
stand	2
sport	2
speckled	2
speak	2
sower	2
soul	2
some	2
soldiers	2
smoke	2
silver	2
silence	2
sign	2
showed	2
shortly	2
shore	2
ship	2
shining	2
shed	2
share	2
sees	2
secure	2
seas	2
scholar	2
sails	2
rose	2
roof	2
right	2
ridge	2
raise	2
rain	2
pray	2
poor	2
plougher	2
playing	2
pitchers	2
pigeons	2
passing	2
pan	2
off	2
nigh	2
new	2
narrow	2
must	2
mouth	2
mountain	2
mother	2
mor	2
moist	2
mist	2
mine	2
meadows	2
mavourneen	2
mary	2
manus	2
mantle	2
makes	2
love	2
long	2
lone	2
line	2
lifting	2
lie	2
left	2
leaves	2
last	2
kine	2
kind	2
kin	2
keep	2
joyce	2
its	2
irish	2
image	2
hundreds	2
honey	2
herds	2
hell	2
heeding	2
hears	2
hearing	2
heard	2
hawthorn	2
hand	2
half	2
green	2
greek	2
grecian	2
got	2
goes	2
gleam	2
glad	2
given	2
gall	2
gael	2
forties	2
forsaken	2
forget	2
folk	2
feargeal	2
fast	2
fain	2
exile	2
ever	2
enough	2
dublin	2
drover	2
drew	2
dowry	2
dim	2
dew	2
den	2
delph	2
dawn	2
daughter	2
dancing	2
dana	2
cuckoo	2
crying	2
crop	2
cries	2
corn	2
converse	2
connachtman	2
comrade	2
cloud	2
close	2
clock	2
clay	2
chain	2
cattle	2
carry	2
can	2
bringer	2
break	2
breadth	2
bound	2
blow	2
bit	2
best	2
below	2
beautiful	2
barn	2
ash	2
arise	2
alone	2
ah	2
after	2
about	2
|romannumeral|	1
|arabic4digit|	1
you've	1
you'd	1
yet	1
yellow	1
works	1
word	1
wood	1
wonders	1
won't	1
wistful	1
wisdom	1
winding	1
win	1
whole	1
whether	1
wheels	1
welcome	1
weights	1
weight	1
ween	1
week	1
weds	1
wednesday	1
weary	1
ways	1
watched	1
watch	1
wasted	1
warmer	1
warmed	1
wall	1
virgil	1
very	1
verbs	1
vase	1
used	1
uor	1
twixt	1
twisted	1
twin	1
twill	1
twilight	1
twere	1
twelve	1
turned	1
turn	1
trout	1
trouble	1
treasures	1
trample	1
tramp	1
town	1
towers	1
touched	1
touch	1
top	1
took	1
tomorrow	1
toll	1
toiled	1
tis	1
tired	1
times	1
ticking	1
throw	1
thrones	1
threw	1
threshing	1
third	1
thin	1
they're	1
therein	1
thanks	1
than	1
tender	1
tears	1
teaching	1
task	1
talk	1
tables	1
swinging	1
sweetest	1
sweet	1
sweeping	1
sweat	1
swaying	1
sway	1
swallows	1
supper	1
sunshine	1
sung	1
such	1
stumble	1
strongest	1
striving	1
strive	1
strip	1
strike	1
stricken	1
streaks	1
streak	1
straying	1
stories	1
storeen	1
stop	1
stooped	1
stoop	1
stool	1
stirring	1
step	1
stay	1
stars	1
stark	1
star	1
stands	1
standing	1
staggered	1
st	1
spring	1
spoil	1
splendours	1
spite	1
spirit	1
spin	1
spending	1
spend	1
spell	1
speech	1
spear	1
speaks	1
spare	1
space	1
sowing	1
sow	1
south	1
sorrow	1
sore	1
songs	1
somewhere	1
something	1
solemn	1
soft	1
sods	1
sod	1
sobbing	1
smouldering	1
smooth	1
smoky	1
smell	1
smart	1
slumber	1
slowly	1
slips	1
slipping	1
slippery	1
slight	1
sleeveen	1
sleeping	1
sleep	1
singing	1
sing	1
silk	1
silently	1
sights	1
sight	1
side	1
shyly	1
should	1
shivering	1
shiver	1
ships	1
shelter	1
shelf	1
sheep	1
shawls	1
shaking	1
set	1
servant	1
seldom	1
seer	1
seen	1
scaring	1
scant	1
sank	1
salt	1
salmon	1
saint	1
safe	1
sack	1
rye	1
rustic	1
rushes	1
rush	1
rot	1
room	1
rocks	1
river	1
ripples	1
rings	1
rights	1
rick	1
rich	1
rhythms	1
reserved	1
reply	1
repeal	1
reiving	1
rein	1
reek	1
reeds	1
rear	1
read	1
reached	1
rare	1
rambling	1
puts	1
purples	1
printed	1
primal	1
pride	1
prices	1
praise	1
power	1
potatoes	1
point	1
poets	1
plunged	1
plucked	1
pluck	1
play	1
pitiful	1
pit	1
pious	1
piled	1
pile	1
pigeon	1
picture	1
phrase	1
pendulum	1
peering	1
peat	1
peace	1
path	1
pastures	1
passed	1
pale	1
painting	1
painted	1
padraic	1
overhead	1
oul	1
ouf	1
open	1
oj	1
oisin	1
oh	1
often	1
ocon	1
och	1
ocean	1
o'hanlon	1
o'clock	1
numbed	1
nouns	1
nought	1
nigher	1
next	1
nets	1
nests	1
nest	1
neath	1
name	1
myself	1
myklove	1
munster	1
muffled	1
mow	1
mouthing	1
mounting	1
mounds	1
mothers	1
moons	1
mood	1
money	1
mocking	1
moat	1
moan	1
mind	1
mile	1
melt	1
meet	1
meek	1
meath	1
meadow	1
maybe	1
may	1
maunsel	1
matter	1
matched	1
master	1
marvel	1
main	1
maids	1
maiden	1
low	1
lovers	1
loved	1
loud	1
loth	1
lost	1
lore	1
loosened	1
loosed	1
looks	1
look	1
longford	1
longer	1
loads	1
live	1
listening	1
lines	1
limited	1
likely	1
lights	1
light	1
lifts	1
lifted	1
lies	1
less	1
leitrim	1
led	1
leas	1
leaning	1
lean	1
lea	1
late	1
land	1
lady	1
knee	1
kisses	1
kiss	1
kings	1
kingdom	1
king	1
kiltimagh	1
kept	1
keen	1
john	1
jeaeid	1
iron	1
ireland	1
instead	1
indeed	1
impudent	1
impotent	1
i've	1
hush	1
husband	1
hurrying	1
hunger	1
hundred	1
huggle	1
how	1
hours	1
hour	1
hounds	1
hosts	1
homer	1
home	1
hired	1
himself	1
hilts	1
high	1
hidden	1
hid	1
herded	1
hence	1
height	1
heaven	1
heather	1
heat	1
heaped	1
heads	1
he'd	1
harsh	1
hard	1
halls	1
haggard	1
grudge	1
growth	1
grow	1
ground	1
grief	1
great	1
grass	1
grandfather	1
granard	1
goodnight	1
glum	1
glory	1
glenart	1
glebe	1
gladden	1
giving	1
get	1
gentle	1
gave	1
gathering	1
gap	1
galway	1
full	1
friendship	1
friend	1
founder	1
fortune	1
forged	1
foremost	1
forces	1
footsteps	1
foolish	1
follow	1
foddered	1
fly	1
flinging	1
flank	1
fixing	1
fisher	1
first	1
fires	1
fine	1
filled	1
fill	1
field	1
fiddles	1
fiddler	1
feet	1
fear	1
falls	1
falling	1
falconer	1
faces	1
eyelids	1
exultant	1
equals	1
enter	1
end	1
edge	1
eat	1
east	1
ease	1
earthward	1
each	1
dusky	1
duck	1
drowned	1
drown	1
dresser	1
dreamer	1
does	1
distant	1
digging	1
did	1
depth	1
delight	1
deepening	1
deems	1
deeds	1
deck	1
dearth	1
dear	1
dead	1
dazed	1
days	1
daybreak	1
dawning	1
darkest	1
dante	1
cut	1
curlew	1
cups	1
crushed	1
cruchmaelinn	1
crows	1
crowds	1
crops	1
croppings	1
crave	1
cradles	1
cover	1
courage	1
couples	1
country	1
corncrakes	1
corncrake	1
continuous	1
contests	1
contents	1
connaught	1
commands	1
coming	1
comfort	1
colum	1
coat	1
co	1
clustered	1
clouds	1
closed	1
clearing	1
clear	1
clean	1
clash	1
clare	1
clan	1
clamp	1
cities	1
choice	1
childless	1
childbed	1
cheek	1
chariots	1
chains	1
caught	1
cart	1
card	1
captain	1
can'st	1
calves	1
call	1
cabins	1
byways	1
buy	1
busy	1
bush	1
bursting	1
brought	1
broke	1
bridget	1
brewed	1
bred	1
breathing	1
breath	1
breaking	1
breaker	1
branch	1
boys	1
boy	1
bowed	1
boughs	1
bosom	1
born	1
bore	1
books	1
book	1
bogs	1
boards	1
bloom	1
blood	1
blind	1
blend	1
bitter	1
beyond	1
beneath	1
bending	1
bend	1
being	1
begin	1
beggars	1
because	1
beats	1
beasts	1
bawn	1
bank	1
ballads	1
b	1
ay	1
awkward	1
awake	1
avail	1
ate	1
ashes	1
aright	1
arab	1
among	1
amid	1
ale	1
ages	1
age	1
^	1
/	1
.,	1
).	1
),	1
)	1
'.	1
&	1
!)	1
!'	1
!"	1
