,	1246
the	885
and	678
.	461
of	443
to	362
:	361
in	308
a	261
i	242
with	200
his	185
my	183
that	140
is	135
this	134
he	125
as	125
not	120
on	116
her	115
;	114
for	107
it	90
their	89
thy	88
but	88
me	86
at	83
have	81
no	79
'	78
|'s|	76
she	74
from	72
all	72
are	62
shall	61
?	60
so	59
our	55
love	54
—	53
one	53
had	53
by	52
you	51
was	51
these	51
or	49
him	48
they	47
man	47
more	46
its	45
your	43
some	43
when	40
then	40
out	40
old	40
be	40
an	40
thee	39
came	38
years	37
ye	36
thou	36
now	36
like	36
we	35
will	34
upon	33
there	32
eyes	32
yet	31
were	31
if	30
day	30
who	29
james	29
till	28
than	28
days	28
rest	27
gods	27
time	26
through	26
mine	26
them	25
heart	25
hand	25
down	25
am	25
what	24
here	24
alone	24
long	23
god	23
face	23
mother	22
last	22
well	21
still	21
son	21
mary	21
whose	20
should	20
light	20
father	20
could	20
would	19
where	19
nature	19
men	19
earth	19
us	18
name	18
most	18
let	18
hands	18
can	18
beyond	18
thought	17
thing	17
own	17
must	17
life	17
has	17
among	17
thus	16
made	16
|arabic1digit|	15
soul	15
round	15
right	15
o	15
know	15
king	15
hour	15
come	15
world	14
words	14
wine	14
though	14
since	14
silence	14
nor	14
make	14
left	14
half	14
gave	14
fall	14
fair	14
eternal	14
before	14
sun	13
such	13
squire	13
race	13
much	13
lips	13
land	13
how	13
heaven	13
feet	13
change	13
about	13
.'	13
young	12
voice	12
set	12
see	12
read	12
pride	12
pain	12
only	12
night	12
never	12
great	12
good	12
full	12
fear	12
ere	12
best	12
been	12
above	12
wrong	11
word	11
while	11
very	11
thine	11
tears	11
silent	11
power	11
past	11
may	11
knew	11
held	11
grew	11
found	11
end	11
dream	11
done	11
die	11
bitter	11
better	11
again	11
william	10
whom	10
which	10
went	10
week	10
weary	10
those	10
things	10
tell	10
surely	10
seen	10
purpose	10
morning	10
might	10
into	10
hold	10
enough	10
each	10
curse	10
calm	10
beneath	10
ancient	10
after	10
year	9
without	9
why	9
vengeance	9
up	9
tis	9
sons	9
sleep	9
shame	9
sacred	9
rule	9
rose	9
pale	9
once	9
nothing	9
nay	9
lonely	9
little	9
ill	9
heard	9
hear	9
grave	9
first	9
evil	9
death	9
daughter	9
children	9
child	9
cannot	9
brain	9
wrought	8
wisdom	8
wed	8
too	8
told	8
think	8
sweet	8
stars	8
sound	8
something	8
seemed	8
secure	8
sea	8
said	8
queen	8
praise	8
new	8
loved	8
longer	8
leave	8
house	8
hours	8
head	8
hath	8
endure	8
desolation	8
dead	8
comfort	8
cease	8
age	8
worship	7
weep	7
weak	7
walls	7
tyrant	7
tread	7
towards	7
touch	7
throne	7
tear	7
strong	7
state	7
speak	7
sire	7
scorn	7
save	7
return	7
repose	7
proud	7
poor	7
place	7
peace	7
patient	7
other	7
noon	7
nations	7
mortal	7
mean	7
many	7
lord	7
look	7
led	7
least	7
known	7
kings	7
immortal	7
himself	7
high	7
glory	7
future	7
fierce	7
fell	7
fail	7
faces	7
everlasting	7
even	7
equal	7
empire	7
else	7
dust	7
divine	7
clouds	7
city	7
burning	7
bring	7
between	7
behold	7
bear	7
bare	7
zeus	6
yours	6
yonder	6
wise	6
winter	6
wind	6
way	6
waves	6
vows	6
utter	6
use	6
took	6
today	6
sure	6
store	6
stood	6
spake	6
sorrow	6
smooth	6
sat	6
room	6
ripe	6
ready	6
purple	6
pause	6
near	6
mock	6
mind	6
master	6
makes	6
large	6
kingdom	6
idle	6
hero	6
hast	6
hall	6
guide	6
gone	6
girl	6
fire	6
find	6
farewell	6
fancy	6
ever	6
ended	6
drawn	6
do	6
delight	6
country	6
content	6
command	6
cloud	6
choice	6
careless	6
breath	6
born	6
blood	6
blind	6
behind	6
art	6
another	6
against	6
"	6
writing	5
woods	5
wished	5
wife	5
wedded	5
weather	5
wave	5
vain	5
under	5
turn	5
tumult	5
toil	5
together	5
times	5
take	5
strength	5
stream	5
stranger	5
stone	5
sting	5
steps	5
started	5
spring	5
soon	5
small	5
seat	5
seas	5
say	5
same	5
robert	5
road	5
ride	5
reward	5
resume	5
record	5
reap	5
pleasant	5
narrow	5
miller	5
mercy	5
lies	5
keep	5
joy	5
indeed	5
honour	5
homeward	5
hills	5
herself	5
heroic	5
gold	5
food	5
fields	5
feel	5
farmer	5
farm	5
far	5
failed	5
ending	5
endeavour	5
ease	5
dull	5
doom	5
died	5
core	5
close	5
choose	5
chief	5
changed	5
care	5
canst	5
brother	5
broken	5
boy	5
beauty	5
beautiful	5
beat	5
ay	5
arm	5
any	5
alboin	5
wrote	4
worse	4
work	4
wore	4
wish	4
wholly	4
weakness	4
waters	4
watched	4
watch	4
wait	4
void	4
vales	4
until	4
unrest	4
tyranny	4
two	4
true	4
tomorrow	4
titans	4
thunder	4
throve	4
teeth	4
teach	4
taught	4
talk	4
sword	4
sunday	4
summer	4
strange	4
stand	4
spoken	4
sole	4
smile	4
slow	4
side	4
shade	4
settled	4
sense	4
self	4
secret	4
seated	4
season	4
sad	4
run	4
ruled	4
royal	4
river	4
rich	4
revel	4
remember	4
recent	4
realm	4
question	4
pledge	4
people	4
over	4
number	4
neighbour	4
need	4
neck	4
native	4
music	4
moved	4
move	4
mountain	4
motion	4
mighty	4
memory	4
meadows	4
martha	4
marriage	4
low	4
lost	4
loss	4
lords	4
looked	4
lived	4
live	4
limbs	4
lest	4
leaves	4
lean	4
lament	4
lady	4
kept	4
incense	4
hungry	4
home	4
hereafter	4
herd	4
harvest	4
halls	4
golden	4
go	4
given	4
give	4
friend	4
freshness	4
forward	4
forth	4
forget	4
flower	4
firm	4
few	4
feasting	4
fate	4
falling	4
faint	4
evermore	4
edge	4
dwelled	4
duty	4
draws	4
dost	4
discord	4
destruction	4
desire	4
deeper	4
deep	4
deed	4
darkness	4
dared	4
crush	4
craft	4
county	4
conquest	4
comes	4
cold	4
chide	4
cheek	4
burn	4
build	4
breathe	4
brave	4
brand	4
bloom	4
beside	4
bears	4
barren	4
back	4
armies	4
alien	4
ageless	4
adonis	4
across	4
!	4
|romannumeral|	3
zeal	3
wretched	3
worthy	3
worth	3
weigh	3
wear	3
waste	3
want	3
wall	3
wake	3
vexed	3
verge	3
veil	3
vapour	3
vague	3
unstable	3
troubles	3
trivial	3
towns	3
town	3
thyself	3
thrust	3
thrown	3
thrice	3
three	3
thirty	3
thirst	3
thick	3
theseus	3
therefore	3
thence	3
taint	3
sworn	3
supreme	3
sudden	3
stung	3
strove	3
streets	3
storm	3
stock	3
stint	3
stiff	3
station	3
staring	3
stale	3
stain	3
spread	3
spoke	3
spirit	3
spires	3
speech	3
source	3
sour	3
souls	3
song	3
somewhat	3
soft	3
slept	3
slender	3
slave	3
sky	3
sick	3
shrunk	3
shallow	3
shales	3
shadow	3
servant	3
serene	3
sequel	3
sentence	3
sent	3
score	3
saw	3
sand	3
sail	3
safety	3
rosy	3
rolling	3
rode	3
rim	3
revolt	3
revenge	3
restless	3
rent	3
relish	3
rein	3
refused	3
refuse	3
recompense	3
reason	3
reach	3
ran	3
rampart	3
rain	3
puny	3
protest	3
prosperity	3
prevails	3
powers	3
poison	3
planned	3
picture	3
perpetual	3
patch	3
pastures	3
pastime	3
parish	3
paid	3
ours	3
obedience	3
nurture	3
nought	3
none	3
nobler	3
noble	3
nest	3
needy	3
naked	3
murmur	3
moving	3
morn	3
mist	3
meet	3
match	3
lose	3
living	3
lives	3
listen	3
lift	3
letter	3
less	3
leaning	3
lay	3
late	3
larger	3
lad	3
knows	3
j	3
itself	3
isolation	3
instinct	3
infinite	3
inch	3
impious	3
imperial	3
imminent	3
ill-fated	3
idol	3
human	3
honourable	3
honest	3
holds	3
helps	3
heed	3
hedge	3
heavy	3
hearts	3
heads	3
hated	3
hard	3
happy	3
growth	3
grown	3
grey	3
granite	3
grain	3
goodman	3
gleamy	3
gentler	3
gentility	3
generation	3
further	3
friends	3
frequent	3
free	3
frame	3
former	3
forgave	3
foresight	3
fools	3
feign	3
feed	3
feeble	3
feared	3
farms	3
falls	3
fallen	3
eve	3
eternally	3
ensure	3
empty	3
emotion	3
eighteen	3
ear	3
dusk	3
droop	3
drink	3
drift	3
drew	3
dreamed	3
dread	3
draw	3
drave	3
draff	3
dominion	3
dishonoured	3
did	3
devised	3
delicious	3
deeds	3
dawn	3
dare	3
cup	3
crushed	3
crowd	3
crimson	3
course	3
council	3
complain	3
common	3
cliff	3
changes	3
chanced	3
cattle	3
carved	3
cares	3
burden	3
built	3
broad	3
bred	3
bound	3
bought	3
both	3
bones	3
blade	3
birds	3
bird	3
away	3
asphodel	3
aphrodite	3
anger	3
amid	3
amber	3
always	3
alas	3
air	3
acres	3
absent	3
abode	3
]	3
?'	3
."	3
youth	2
younger	2
yeoman	2
wounded	2
worthless	2
worthier	2
worn	2
worldly	2
works	2
withhold	2
withers	2
wisely	2
wilderness	2
wild	2
whistling	2
whisper	2
wherein	2
whence	2
wet	2
weave	2
wearied	2
ways	2
wavering	2
waver	2
wasted	2
war	2
wandered	2
walked	2
wage	2
violet	2
vernal	2
venture	2
vein	2
vale	2
vacant	2
urn	2
upstart	2
uphold	2
unroot	2
unenvied	2
twilight	2
twigs	2
trust	2
truest	2
trouble	2
trod	2
trim	2
tremulous	2
trembling	2
tremble	2
trample	2
touched	2
toss	2
torture	2
tongue	2
thrones	2
thriving	2
threshold	2
thorny	2
thorns	2
thirsty	2
thickened	2
thereafter	2
themselves	2
themes	2
test	2
tender	2
taste	2
tale	2
t	2
sway	2
sustained	2
sustain	2
sunshine	2
sunset	2
sunrise	2
summits	2
suggestion	2
submission	2
sturdy	2
stunned	2
stuff	2
study	2
stubborn	2
stronger	2
stormy	2
stolid	2
stem	2
steeds	2
steed	2
steal	2
steadfast	2
stay	2
stately	2
stable	2
squires	2
splendours	2
spiral	2
sphere	2
speed	2
sped	2
spare	2
space	2
sounds	2
sought	2
soldier	2
soil	2
snows	2
smooths	2
smoke	2
smiles	2
slowly	2
slipped	2
sleepy	2
sleepless	2
slay	2
slaves	2
skull	2
skies	2
sit	2
sister	2
sinning	2
single	2
sinew	2
silver	2
sight	2
sigh	2
shy	2
shuddering	2
shuddered	2
show	2
shook	2
shocks	2
shire	2
shining	2
shelter	2
shalt	2
shake	2
shadows	2
serve	2
selfish	2
seething	2
seek	2
seed	2
searching	2
sealed	2
scheme	2
sceptre	2
scared	2
scarce	2
safe	2
sacrifice	2
rushes	2
ruling	2
roses	2
roots	2
rooted	2
rood	2
rivals	2
rising	2
riper	2
rider	2
richly	2
result	2
rested	2
resolute	2
resistance	2
reproach	2
reply	2
remorse	2
rejoice	2
reign	2
region	2
refill	2
reeds	2
rebellion	2
reached	2
rash	2
rank	2
raised	2
raise	2
radiance	2
queendom	2
pushed	2
prosperous	2
prospered	2
prosper	2
promised	2
promise	2
process	2
prime	2
prevail	2
presume	2
pressed	2
presence	2
precincts	2
prayer	2
portrait	2
ploughmen	2
plot	2
plenty	2
plant	2
plain	2
plague	2
pines	2
philosophy	2
petty	2
perfume	2
perforce	2
penned	2
peck	2
patience	2
pasture	2
passed	2
pass	2
parent	2
pan	2
palace	2
painted	2
pack	2
owe	2
orphan	2
ordinance	2
order	2
orchard	2
oracle	2
onward	2
ones	2
often	2
off	2
ocean	2
occupation	2
obey	2
numbered	2
notes	2
note	2
nod	2
necks	2
nearer	2
myself	2
mouths	2
mouth	2
mountains	2
moulded	2
mould	2
morrow	2
moon	2
month	2
model	2
moan	2
misty	2
mistrust	2
misfortune	2
milk	2
mid	2
mere	2
matter	2
maternal	2
masked	2
march	2
mantle	2
mansion	2
main	2
maidens	2
maiden	2
loves	2
lover	2
lovely	2
lordly	2
loosened	2
loosed	2
loom	2
lombard	2
loathing	2
loathed	2
lip	2
linked	2
lines	2
line	2
lights	2
level	2
length	2
leisure	2
learn	2
leaf	2
laugh	2
lane	2
laid	2
lads	2
lack	2
labourer	2
labour	2
kneel	2
knaves	2
kisses	2
kissed	2
kingdoms	2
kindly	2
kind	2
keen	2
italian	2
interval	2
innumerable	2
infirm	2
infamy	2
impulse	2
imperfect	2
immortality	2
ignoble	2
idiot	2
hymn	2
hy	2
hurl	2
hunt	2
hung	2
huge	2
horse	2
horrible	2
hope	2
homes	2
hide	2
heroes	2
herbage	2
herald	2
henceforward	2
helpless	2
helmichis	2
hellas	2
heights	2
heavenly	2
heath	2
haven	2
haughty	2
hardly	2
guilt	2
groves	2
ground	2
grievance	2
green	2
greater	2
grass	2
grasps	2
godhead	2
gliding	2
gleams	2
gleaming	2
glare	2
glance	2
girlish	2
girdled	2
gigantic	2
gentlemen	2
gentleman	2
gentle	2
genial	2
gear	2
gazing	2
gaze	2
gale	2
fruitful	2
fretful	2
fret	2
franchise	2
frail	2
founded	2
forsooth	2
form	2
forgot	2
forgiveness	2
forgive	2
forego	2
forbid	2
footsteps	2
folly	2
folks	2
foes	2
flushing	2
floating	2
fleck	2
flashed	2
flash	2
flakes	2
fingers	2
filial	2
fiercer	2
fibre	2
features	2
feast	2
fears	2
fathers	2
fared	2
famine	2
family	2
faltered	2
false	2
faintest	2
eye	2
extirpate	2
excessive	2
except	2
event	2
erewhile	2
envy	2
environed	2
entreat	2
endures	2
endured	2
emerald	2
elder	2
effort	2
easy	2
earthly	2
earthborn	2
eager	2
dynasty	2
dwift	2
dwell	2
dumb	2
dry	2
drop	2
drooping	2
dribbling	2
dress	2
dreams	2
dreaming	2
draughts	2
dragged	2
drag	2
door	2
doomed	2
dole	2
distorted	2
dishonour	2
dim	2
dews	2
dewdrop	2
detested	2
destroy	2
despite	2
despair	2
depth	2
departed	2
demigod	2
delay	2
declined	2
declare	2
decision	2
decide	2
dearest	2
dear	2
dash	2
dark	2
daily	2
custom	2
curving	2
cunning	2
cunimund	2
crystal	2
crushing	2
crumbling	2
creep	2
credit	2
courtship	2
courage	2
count	2
couldst	2
cottage	2
consecrate	2
conquered	2
congregated	2
confusion	2
conflict	2
conclusion	2
comrades	2
compel	2
column	2
coin	2
coeval	2
coat	2
clouded	2
clothed	2
clothe	2
closed	2
clog	2
clean	2
clasping	2
civic	2
cinctured	2
church	2
choir	2
chiefly	2
cherish	2
cheer	2
cheating	2
cheat	2
chance	2
chained	2
chain	2
celestial	2
ceased	2
caught	2
cast	2
canvas	2
busy	2
burns	2
builded	2
brow	2
brought	2
brooks	2
brood	2
breed	2
breathing	2
breaks	2
break	2
boys	2
bowed	2
bosomed	2
bore	2
boon	2
bolton	2
bolt	2
blossoms	2
blooms	2
blindness	2
blindly	2
blessed	2
blasted	2
blank	2
blame	2
blackened	2
bitterness	2
bite	2
birth	2
bind	2
bid	2
belshazzar	2
believed	2
being	2
bees	2
because	2
became	2
beasts	2
beam	2
base	2
barely	2
banquet	2
bailiffs	2
bade	2
bad	2
babylon	2
azure	2
avenge	2
aught	2
ate	2
assumed	2
ask	2
ascend	2
arms	2
arise	2
arch	2
apart	2
answer	2
anarchies	2
although	2
along	2
albeit	2
agony	2
adoration	2
action	2
ache	2
accomplished	2
acclaim	2
accident	2
abject	2
abhorred	2
*	2
|arabic3digit|	1
zones	1
zero	1
youngster	1
yield	1
yesternight	1
yesterday	1
yes	1
yeneas	1
yellow	1
yell	1
yawning	1
wrongly	1
wronging	1
written	1
writhed	1
writ	1
wretchedness	1
wrestling	1
wrestles	1
wrestled	1
wrestle	1
wreck	1
wreathing	1
wrathful	1
wrangle	1
wrack	1
woven	1
wound	1
wouldst	1
worst	1
worships	1
worshippers	1
workings	1
working	1
worked	1
wordy	1
wools	1
woodman	1
wood	1
wont	1
wonders	1
wondering	1
wondered	1
wonder	1
woman	1
woes	1
woe	1
wiving	1
wives	1
wits	1
withstood	1
withering	1
withered	1
withdrew	1
withdrawn	1
wisps	1
wiser	1
wing	1
wines	1
win	1
willingly	1
wildly	1
wifedom	1
widowhood	1
widowed	1
widow	1
whole	1
whither	1
white	1
whistles	1
whistle	1
whispering	1
whispered	1
whining	1
whim	1
whiff	1
whereon	1
wherefore	1
wheels	1
wheatear	1
westward	1
west	1
wert	1
wept	1
well-to-do	1
weird	1
weight	1
weighs	1
weighing	1
weighed	1
weeping	1
weedy	1
weeds	1
web	1
weathered	1
weariness	1
wealthy	1
weaker	1
we'll	1
wayward	1
water	1
watching	1
watchers	1
watcher	1
wastes	1
wast	1
wash	1
wary	1
wars	1
warpt	1
warped	1
warmth	1
warm	1
wares	1
warehouse	1
wanting	1
waning	1
wane	1
wandering	1
wander	1
wan	1
walking	1
walk	1
waking	1
waiting	1
waited	1
wages	1
waft	1
voyage	1
volumes	1
voices	1
visit	1
visionary	1
vision	1
visible	1
virtue	1
vintage	1
vineyards	1
vine	1
village	1
vile	1
vigour	1
viewless	1
view	1
victor	1
victims	1
victim	1
vibration	1
vexations	1
vex	1
vessels	1
verbiage	1
velvet	1
veils	1
vassal	1
variety	1
vapours	1
van	1
valley	1
vainness	1
vainly	1
vacancy	1
utterly	1
uttering	1
utmost	1
usurps	1
usefulness	1
urns	1
urchin	1
upraise	1
uppermost	1
uplands	1
upland	1
unworthy	1
unwisely	1
unweave	1
unusual	1
untutored	1
untread	1
unto	1
unthwarted	1
unthrifty	1
unsure	1
unstormy	1
unspeak	1
unsay	1
unroll	1
unripe	1
unreverenced	1
unrefreshed	1
unrecompensed	1
unnatural	1
unmoved	1
unmeet	1
unmeaning	1
unloved	1
unknown	1
unknit	1
unkind	1
universal	1
unison	1
union	1
unhoped	1
unheeding	1
ungirdled	1
unfriended	1
unfolded	1
unfettered	1
unfaith	1
unevenly	1
unequal	1
unearthly	1
uneager	1
unduly	1
undrained	1
undiminished	1
undertone	1
underprop	1
undermath	1
undelightful	1
uncouth	1
uncounted	1
unclouded	1
unchallenged	1
unattainment	1
unatoned	1
unapproachable	1
ulterior	1
typing	1
type	1
twenty-four	1
twenty	1
twelvemonth	1
turned	1
turmoil	1
tuneful	1
tumultuous	1
tumults	1
tumultous	1
tumid	1
tryst	1
truth	1
trustful	1
trusted	1
trumpet	1
truce	1
trojan	1
triumphant	1
triumph	1
triple	1
tried	1
trickling	1
trickles	1
trick	1
tremulously	1
trembled	1
treasure	1
treason	1
travel	1
trash	1
transfigured	1
train	1
trails	1
trailers	1
trade	1
trace	1
townsman	1
township	1
tough	1
touching	1
tottering	1
tossed	1
tortured	1
torment	1
topic	1
tomb	1
token	1
title	1
tithonus	1
titanic	1
tints	1
tinder	1
timid	1
tie	1
tide	1
thunders	1
thundered	1
thrusts	1
thrush	1
throng	1
throbbing	1
throat	1
thrives	1
thriven	1
thrive	1
thrift	1
threw	1
threads	1
thread	1
thralls	1
thousands	1
thousand	1
thoughts	1
third	1
thinning	1
thickens	1
thermometer	1
theory	1
theirs	1
their'praise	1
thanked	1
thank	1
tether	1
testing	1
territorial	1
terrible	1
term	1
tending	1
tenderness	1
tenderly	1
tended	1
tenants	1
ten	1
temple	1
temper	1
tekel	1
tasked	1
tarns	1
tankards	1
tankard	1
talking	1
talked	1
tales	1
tables	1
system	1
swordsman	1
swollen	1
swept	1
swell	1
sweetness	1
sweeter	1
sweeten	1
sweeps	1
swear	1
swaying	1
swayed	1
swam	1
suspense	1
survive	1
surrounded	1
surprise	1
surmise	1
surge	1
surfeit	1
supremacy	1
supposed	1
superior	1
sundown	1
sundered	1
summons	1
summoned	1
summit	1
summertime	1
suited	1
suit	1
sufferance	1
suddenly	1
succeeding	1
succeeded	1
substitute	1
substance	1
subsistence	1
subscribe	1
subject	1
subduing	1
style	1
studs	1
stubbled	1
stubble	1
strung	1
strode	1
striving	1
stripling	1
strip	1
strings	1
strike	1
striding	1
strew	1
strengthless	1
strengthened	1
street	1
streamy	1
streams	1
streaming	1
strangers	1
strand	1
straitly	1
straining	1
straight	1
story	1
storing	1
stooped	1
stony	1
stocking	1
stinted	1
steward	1
step	1
steep	1
stave	1
statesman	1
starved	1
stakes	1
staining	1
staid	1
stagnant	1
stacks	1
st	1
square	1
sprung	1
spruce	1
sprouts	1
spreads	1
spreadest	1
sprawl	1
splendour	1
spleen	1
spite	1
spirits	1
spinster	1
spice	1
spheres	1
spent	1
specks	1
speck	1
specious	1
speaking	1
speakest	1
spared	1
soughing	1
songs	1
son-in-law	1
solitude	1
solid	1
solemn	1
solace	1
softer	1
sodden	1
sociability	1
sobs	1
snowy	1
snatched	1
smother	1
smoothly	1
smoothest	1
smoothed	1
smoking	1
smiling	1
smartened	1
slumberous	1
slumber	1
slothful	1
sloth	1
slip	1
slight	1
slice	1
slew	1
sleet	1
sleeping	1
sleek	1
slaved	1
slacken	1
slabs	1
sisters	1
sires	1
sings	1
singing	1
sin	1
simper	1
silken	1
silicon	1
sights	1
sighing	1
sidney	1
sickness	1
sickly	1
sicilian	1
shuffled	1
shudder	1
shrewing	1
shreds	1
showering	1
shower	1
shout	1
shouldst	1
shortsighted	1
shortened	1
short-lived	1
short	1
ships	1
ship	1
shine	1
shimmer	1
shielding	1
shell	1
sheet	1
sheer	1
sheep	1
shed	1
sheathed	1
sheaf	1
sharpens	1
shards	1
shaped	1
shape	1
shamed	1
shaking	1
shakes	1
shafts	1
seven	1
settles	1
sere	1
sepulchre	1
senses	1
senseless	1
sending	1
sells	1
sell	1
sees	1
seer	1
seem	1
seeing	1
seeds	1
sedges	1
sedge	1
securely	1
second	1
seats	1
seasons	1
search	1
seams	1
seamed	1
scratch	1
scrapes	1
scrape	1
scorning	1
scoring	1
scorch	1
scope	1
schooling	1
schoolfellow	1
school	1
scheming	1
scented	1
scatter	1
scathing	1
scars	1
scarred	1
scarlet	1
scarcely	1
scant	1
scaling	1
scaled	1
scale	1
savouring	1
savour	1
savings	1
sameness	1
sale	1
saints	1
sails	1
safely	1
rusts	1
rustling	1
rushing	1
rush	1
runs	1
rumour	1
rules	1
ruler	1
ruinous	1
ruin	1
rugged	1
rubs	1
rubbish	1
rub	1
royalty	1
routine	1
rout	1
rounding	1
rough	1
rotten	1
roseate	1
root	1
roomed	1
roof	1
romance	1
rolled	1
rocks	1
rock	1
robe	1
rippling	1
ripples	1
ripple	1
ripened	1
riot	1
rims	1
rillet	1
rifted	1
ridges	1
riches	1
richer	1
rhaitian	1
reviving	1
reverse	1
revelations	1
revealments	1
revealed	1
returns	1
returning	1
returned	1
retrospect	1
resumed	1
respite	1
resolve	1
resign	1
requite	1
required	1
request	1
reputed	1
reprove	1
replaced	1
repeal	1
repaired	1
repaid	1
rents	1
rented	1
renovation	1
renewals	1
rending	1
rendered	1
rend	1
removes	1
removed	1
remove	1
remonstrance	1
remembrance	1
remake	1
remained	1
remainder	1
relinquish	1
relieve	1
release	1
relapse	1
rejoicing	1
rejection	1
reject	1
reigning	1
regent	1
regard	1
refusal	1
refining	1
reeling	1
reedy	1
red	1
recumbent	1
recount	1
recorded	1
recoil	1
recognition	1
reclined	1
reclaimed	1
received	1
rebellious	1
reasons	1
reasoning	1
rear	1
reapt	1
reapers	1
realms	1
reality	1
real	1
reaching	1
reaches	1
raven	1
rather	1
rashly	1
rare	1
ranks	1
ramparts	1
rallied	1
rainy	1
rained	1
rainbow	1
raging	1
rage	1
rafters	1
racket	1
rack	1
quoth	1
quills	1
quickened	1
quest	1
querulous	1
quelling	1
queller	1
quell	1
queenly	1
put	1
push	1
purport	1
pure	1
purblind	1
punctual	1
pulses	1
pulseless	1
puffs	1
public	1
prying	1
prune	1
provide	1
prove	1
prophet	1
prone	1
profit	1
probe	1
probation	1
private	1
prison	1
prints	1
printed	1
princes	1
prince	1
pricking	1
prevailed	1
pretext	1
pretence	1
presumptuous	1
pressure	1
press	1
prerogative	1
premise	1
prelude	1
prefers	1
preferable	1
prefatory	1
predominance	1
precipitate	1
precipice	1
precious	1
prate	1
practice	1
poverty	1
poured	1
posterity	1
possessed	1
possess	1
posies	1
portion	1
port	1
pore	1
porch	1
poppies	1
poplars	1
poorer	1
pondered	1
pomp	1
pointing	1
point	1
pockets	1
plumage	1
plucking	1
plough	1
pledged	1
pleasure	1
pleases	1
pleading	1
plaster	1
plashy	1
plane	1
plan	1
plaintive	1
plains	1
plaguing	1
plagues	1
placed	1
pitiful	1
pitcher	1
pipe	1
piny	1
pinnacles	1
pinnacle	1
pine	1
piled	1
piebald	1
picked	1
phrasing	1
phosphate	1
phoebus	1
phase	1
phalanx	1
petals	1
pervades	1
persuasion	1
persians	1
perplexity	1
perplexities	1
perish	1
perilous	1
peril	1
perhaps	1
perfection	1
peres	1
perchance	1
perceive	1
peopled	1
penurious	1
pensiveness	1
pensive	1
peers	1
pedigree	1
peat	1
pealed	1
peaceful	1
pay	1
pavia	1
pavement	1
pave	1
pausing	1
pauses	1
pattern	1
patiently	1
path	1
patched	1
pastoral	1
pastimes	1
passionate	1
passion	1
passage	1
parts	1
parted	1
part	1
parlour	1
park	1
parcels	1
parallelogram	1
panic	1
paltry	1
palsied	1
palms	1
palmer	1
palling	1
pallid	1
paler	1
palaces	1
painting	1
pains	1
painless	1
painful	1
pail	1
paced	1
owned	1
owes	1
owards	1
overthrow	1
overgrown	1
overflow	1
overborne	1
outstands	1
outright	1
outpays	1
outlet	1
ou	1
otherwhere	1
orphic	1
original	1
orbs	1
orb	1
orange	1
opposing	1
open	1
oozy	1
onwards	1
omnipotence	1
ominous	1
olympus	1
olives	1
oh	1
office	1
odours	1
odorous	1
occasion	1
obscure	1
obedient	1
oaths	1
oath	1
oak	1
nymph	1
numbering	1
november	1
nostril	1
north	1
nonsense	1
noisy	1
noise	1
nobly	1
noblest	1
nightly	1
nice	1
nibs	1
next	1
news	1
newborn	1
nests	1
nervy	1
nerveless	1
neptune	1
neighbours	1
neglect	1
needless	1
needle	1
needful	1
nectar	1
necessary	1
nearly	1
nearing	1
natures	1
natured	1
nameiess	1
named	1
naiad	1
mysterious	1
myrtle	1
myriad	1
mutinous	1
mutely	1
mute	1
murmured	1
murder	1
municipal	1
multiplies	1
moves	1
moveless	1
mounts	1
mount	1
mounded	1
motherly	1
mote	1
mortals	1
moral	1
moonlight	1
mooning	1
monument	1
months	1
monotonous	1
moments	1
moment	1
moly	1
mole	1
moister	1
moistened	1
moisten	1
moaning	1
moaned	1
mists	1
misdoubt	1
mischief	1
mischance	1
mirror	1
minute	1
minister	1
minds	1
mincings	1
mimicked	1
millionth	1
mild	1
mightier	1
midsummer	1
middle-aged	1
mew	1
metropolis	1
meting	1
methought	1
merciful	1
merchant	1
mercenary	1
mended	1
mend	1
melody	1
melancholy	1
mef	1
meekly	1
meek	1
meed	1
meditative	1
median	1
medes	1
meat	1
measure	1
meanwhile	1
meantime	1
means	1
meaning	1
meanest	1
meads	1
mayhap	1
mating	1
mates	1
material	1
mate	1
matching	1
mastered	1
massive	1
maskings	1
masking	1
mask	1
marshes	1
marry	1
marrow	1
married	1
marls	1
marks	1
mark	1
margin	1
marble	1
mar	1
map	1
manor	1
manners	1
manes	1
mandate	1
malignant	1
malice	1
making	1
majesty	1
majestic	1
maize	1
maids	1
magi	1
madman	1
mad	1
lying	1
lust	1
lurcher	1
lulled	1
luke	1
lucid	1
lowly	1
lower	1
lovers	1
loveless	1
lovedst	1
lounge	1
losing	1
lordliest	1
looks	1
loneliness	1
lonelier	1
london	1
lombards	1
lodged	1
locks	1
loan	1
lit	1
listening	1
lisping	1
liquid	1
link	1
linger	1
lined	1
lineage	1
lime	1
lilies	1
likewise	1
lightning	1
lighting	1
lighter	1
lighten	1
lifting	1
lifted	1
lie	1
lick	1
licence	1
libation	1
lethean	1
lessening	1
lengths	1
lengthening	1
lengthened	1
lees	1
ledges	1
leavings	1
leaving	1
leasehold	1
lease	1
learned	1
leap	1
leaned	1
league	1
leafless	1
leading	1
leaders	1
leader	1
lazy	1
lax	1
lawyer	1
lawgiver	1
lawful	1
latter	1
latest	1
later	1
lately	1
lastly	1
lasted	1
lass	1
largely	1
lapse	1
languor	1
languish	1
lanes	1
landscape	1
landmark	1
landlord	1
lamentation	1
ladies	1
lacked	1
labyrinths	1
labyrinth	1
labouring	1
laboured	1
knelt	1
knees	1
kiss	1
kingly	1
kine	1
kindred	1
kindled	1
kills	1
key	1
keeping	1
keels	1
just	1
jumped	1
juicy	1
judgement	1
judah	1
joyless	1
joyful	1
jostling	1
jonathan	1
jiver	1
jealous	1
jarring	1
jane	1
j.je	1
ivy	1
itching	1
it's	1
issue	1
israel	1
isle	1
irrevocable	1
irresolute	1
irresistible	1
iris	1
inward	1
invulnerably	1
invite	1
invincible	1
intruding	1
intrude	1
intricate	1
intervals	1
interpretation	1
interpret	1
interim	1
interchanged	1
intercept	1
intent	1
intenser	1
intense	1
intelligence	1
insulted	1
insult	1
instrument	1
instant	1
inspiration	1
insolent	1
insolence	1
insidious	1
innocent	1
innate	1
injured	1
inheriting	1
inhaling	1
ingenious	1
influx	1
infernal	1
infants	1
incurious	1
increased	1
increase	1
income	1
incline	1
inarticulate	1
inane	1
inaction	1
impunity	1
impress	1
imposed	1
importance	1
import	1
immutable	1
immeasurable	1
imagined	1
illness	1
ill-used	1
idols	1
idler	1
idleness	1
ideal	1
i've	1
i'm	1
hymns	1
hushed	1
husband	1
hurt	1
hurried	1
hurled	1
hunters	1
hunted	1
hunger	1
hundred	1
humble	1
hugged	1
hugely	1
however	1
hovels	1
houses	1
household	1
hourly	1
hounds	1
hot	1
hosts	1
host	1
horses	1
hoped	1
honey	1
homestead	1
homely	1
homeless	1
holy	1
hollowed	1
hollow	1
holding	1
hoary	1
hoarseness	1
hoarse	1
hinting	1
hind	1
hers	1
heritage	1
herb	1
heracles	1
henceforth	1
hence	1
hems	1
helpful	1
help	1
heirs	1
heiress	1
heirdom	1
heir	1
heedful	1
hedgerows	1
hedgerow	1
hectic	1
hecatombs	1
heavily	1
heavens	1
heated	1
hearths	1
heap	1
he'll	1
hazel	1
hazards	1
hawthorn	1
having	1
hating	1
hateful	1
hatchment	1
harvests	1
harmony	1
harmonious	1
hang	1
hammer	1
halter	1
hallowed	1
hair	1
hail	1
habitation	1
h	1
gum	1
guilty	1
guessing	1
guessed	1
guess	1
guardian	1
guage	1
growing	1
groaning	1
grim	1
grieves	1
grief	1
greek	1
greedy	1
greatly	1
grazed	1
graze	1
grateful	1
grasses	1
grasping	1
grandly	1
graftings	1
gradual	1
grade	1
goes	1
godlike	1
godless	1
goblets	1
goal	1
goaded	1
glowed	1
glow	1
gloved	1
glossy	1
gloss	1
glorified	1
glories	1
gloom	1
glister	1
glistens	1
glisten	1
glaze	1
glassiness	1
glancing	1
glanced	1
glad	1
gives	1
giver	1
girls	1
girlhood	1
gilded	1
gifts	1
gift	1
giddily	1
ghastly	1
geside	1
germ	1
george	1
gentry	1
gently	1
generous	1
gehold	1
gay	1
gathered	1
gates	1
gate	1
gases	1
garnished	1
garlands	1
garland	1
garden	1
gapless	1
galls	1
gallery	1
gallant	1
gainsay	1
gaining	1
gained	1
g	1
furzy	1
furrowed	1
furnished	1
furlough	1
functions	1
function	1
fumes	1
fullest	1
fruited	1
fruitage	1
fruit	1
frozen	1
frowned	1
frost	1
friendships	1
freshet	1
fresh	1
french	1
freewill	1
freedom	1
fourscore	1
foul	1
fought	1
fostered	1
formula	1
forgotten	1
forgiven	1
forgets	1
forgery	1
forge	1
foresworn	1
forest	1
foresee	1
foremost	1
foreland	1
foreheads	1
forehead	1
forces	1
forced	1
force	1
forbids	1
forbidden	1
forbearance	1
footings	1
foot	1
foolish	1
fool	1
foodless	1
fondness	1
fondly	1
folds	1
foldings	1
folding	1
fold	1
foe	1
flutter	1
fluted	1
flute	1
flush	1
fluent	1
fluctuation	1
flows	1
flowers	1
flowed	1
flow	1
flout	1
flourish	1
florid	1
floor	1
flood	1
flocks	1
flock	1
floated	1
float	1
flippant	1
flinty	1
flicker	1
flemings	1
fleeting	1
fleet	1
flee	1
fled	1
flax	1
flaming	1
flame	1
flags	1
fixtures	1
fixity	1
fitter	1
fissile	1
finished	1
fingering	1
fine	1
final	1
filmy	1
filling	1
fifty	1
fewer	1
fever	1
festered	1
fester	1
fervour	1
fern	1
ferment	1
fences	1
fence	1
felled	1
feigned	1
feels	1
feebler	1
fed	1
feasted	1
fealty	1
favoured	1
faults	1
faultless	1
fault	1
fatter	1
fated	1
fastness	1
faster	1
farther	1
farmstead	1
farming	1
farmers	1
fare	1
fangs	1
fanciful	1
fancies	1
fancied	1
famish	1
familiar	1
falters	1
falsehood	1
fallowy	1
fallows	1
fallow	1
falernian	1
faithful	1
faith	1
fairness	1
fairest	1
fairer	1
fainter	1
failings	1
failing	1
faded	1
fabled	1
f	1
exultation	1
exploit	1
exile	1
exhales	1
excuse	1
excess	1
excellent	1
exact	1
ewes	1
evolve	1
evident	1
euphrates	1
eternity	1
establish	1
essence	1
esquire	1
escape	1
eryx	1
erred	1
erasing	1
erase	1
equably	1
envying	1
entwine	1
entreaty	1
entrance	1
enters	1
enswathed	1
ensue	1
ensign	1
enrich	1
enjoyed	1
england	1
energy	1
energies	1
enduring	1
endurance	1
ends	1
encumbered	1
encanopied	1
enamoured	1
eminent	1
eminence	1
emerge	1
embers	1
embered	1
elysian	1
ell	1
elements	1
element	1
eld	1
either	1
eightieth	1
egypt	1
effectual	1
effect	1
edges	1
echoes	1
ebon	1
ebbing	1
eaves	1
eave	1
eat	1
eastern	1
easily	1
earthwards	1
earnest	1
early	1
e	1
dynasties	1
dyked	1
dying	1
dwelling	1
duller	1
due	1
drudge	1
drowzest	1
drowsy	1
drowning	1
dross	1
drops	1
dropped	1
drive	1
drips	1
drifts	1
dried	1
dregs	1
drear	1
drank	1
drained	1
drain	1
dragon	1
downwards	1
downward	1
dowered	1
dower	1
doubts	1
doubtings	1
doubtful	1
doubt	1
dotard	1
doors	1
dooms	1
domineering	1
dog	1
divinity	1
divineness	1
divided	1
disused	1
distant	1
distance	1
dissonant	1
dissolve	1
dispute	1
dispossessed	1
disparity	1
disordered	1
disorder	1
dismantled	1
disgrace	1
disdainful	1
disdain	1
discontents	1
disconsolate	1
discomfortable	1
discomfort	1
dirge	1
dinned	1
dimmed	1
dignified	1
difference	1
dies	1
didst	1
dicaeus	1
dew	1
devoted	1
devious	1
devil	1
device	1
development	1
dethrone	1
detect	1
destroying	1
despise	1
desolate	1
desecrated	1
descended	1
descend	1
denied	1
demands	1
demand	1
delusion	1
delos	1
delicates	1
delicately	1
delian	1
delegates	1
delegated	1
defiled	1
defence	1
defect	1
deer	1
deepest	1
deepened	1
deem	1
decree	1
declining	1
decline	1
deck	1
december	1
decay	1
deaths	1
deathbed	1
dearth	1
dealt	1
deaf	1
dauntless	1
dasdalus	1
darn	1
darkening	1
dares	1
dappled	1
danger	1
dame	1
daffodil	1
d	1
cut	1
customers	1
curves	1
curtained	1
current	1
curious	1
cups	1
cumbers	1
cumbered	1
cry	1
cruelties	1
crownless	1
crowning	1
crowds	1
crotchets	1
crops	1
crocus	1
croak	1
crisp	1
crisis	1
crippled	1
crimsoning	1
crime	1
crete	1
creeping	1
creatures	1
creation	1
creating	1
creak	1
crazy	1
craving	1
craven	1
crave	1
crags	1
craggy	1
crafty	1
craftsman	1
cracked	1
cowering	1
cow	1
cousin	1
courted	1
counts	1
counterchanged	1
counter	1
costly	1
corruption	1
corn	1
cope	1
cool	1
convulsive	1
conviction	1
controlled	1
contrived	1
contrive	1
contrast	1
contradiction	1
continuous	1
continual	1
contented	1
contended	1
contend	1
contemplative	1
contemplation	1
contagion	1
consuming	1
consume	1
constraint	1
constrain	1
constant	1
console	1
consolation	1
consider	1
consecration	1
conquering	1
conquer	1
confusedly	1
confidence	1
condemned	1
conclude	1
concentrated	1
conceit	1
conceding	1
concealment	1
concealed	1
comrade	1
compulsion	1
complaint	1
complained	1
communion	1
commonwealth	1
commended	1
comfortably	1
comely	1
comb	1
colour	1
colloquial	1
collect	1
coated	1
coaches	1
clutches	1
clung	1
clowns	1
cloven	1
cloudy	1
cloudless	1
clothes	1
closing	1
closest	1
closely	1
clogs	1
clod	1
clockwork	1
clink	1
clenched	1
clench	1
cleave	1
clearing	1
clearer	1
cleared	1
clear	1
citizen	1
citadel	1
churchyard	1
chose	1
choke	1
choicest	1
childless	1
chemistry	1
cheeks	1
cheeked	1
cheap	1
chat	1
chasm	1
chary	1
charity	1
charioteer	1
chariot	1
chaotic	1
chaos	1
changeless	1
chancing	1
chamel	1
chaldeans	1
chair	1
chains	1
chaining	1
chafing	1
cerement	1
central	1
censer	1
ceiling	1
cedes	1
cedarn	1
cedar	1
ceases	1
cavern	1
caution	1
catch	1
casual	1
caste	1
carve	1
carry	1
carouse	1
carousal	1
carnage	1
carelessness	1
careful	1
cared	1
captivity	1
captives	1
captains	1
capes	1
cape	1
canopy	1
cankered	1
cancelled	1
cancel	1
cambridge	1
calmly	1
calling	1
call	1
cain	1
cackler	1
burnt	1
burnish	1
buried	1
bumpkins	1
bum	1
bullrush	1
bulge	1
builds	1
buffet	1
buds	1
brutish	1
brutal	1
bruce	1
brothers	1
brook	1
broadly	1
broaden	1
broached	1
briskly	1
brisk	1
bright	1
bride	1
breeze	1
breast	1
braver	1
braved	1
brasidas	1
branchy	1
brace	1
bowl	1
bowers	1
bower	1
bountiful	1
boundary	1
bosom	1
borrowed	1
bordered	1
border	1
book	1
bony	1
bone	1
bolts	1
boles	1
board	1
bluster	1
blushed	1
blush	1
blurted	1
blossom	1
bloomy	1
blooming	1
blinder	1
blight	1
bless	1
blends	1
blend	1
blemish	1
blazon	1
blast	1
bland	1
blaming	1
blackness	1
blackens	1
blackbird	1
birthright	1
binds	1
big	1
bicker	1
betrayed	1
besunned	1
bestial	1
bess	1
besmear	1
bereft	1
bereaved	1
bereave	1
bent	1
benignant	1
benefits	1
bending	1
bend	1
bench	1
belted	1
beloved	1
believe	1
beheld	1
beguile	1
begone	1
beggared	1
beef	1
becomes	1
becalmed	1
beaming	1
beaker	1
beach	1
bay	1
battlefield	1
battle	1
battered	1
batter	1
bating	1
barter	1
barred	1
barnes	1
barley	1
barbarian	1
bar	1
banter	1
banners	1
banner	1
bank	1
banish	1
bands	1
balances	1
bailiff	1
baffled	1
backwards	1
baby	1
babe	1
aye	1
awry	1
awkwardness	1
awful	1
avail	1
autumn	1
automatic	1
authority	1
audibly	1
auctioneer	1
attraction	1
attentive	1
athens	1
assuring	1
assured	1
assurance	1
assent	1
aspiring	1
aside	1
ash	1
artificer	1
arrows	1
arrogant	1
arose	1
army	1
armour	1
armorial	1
armed	1
arithmetic	1
arises	1
arid	1
argue	1
architrave	1
arching	1
applicants	1
apples	1
appearance	1
apeish	1
ape	1
apathy	1
apathies	1
antl	1
antagonistic	1
answers	1
answered	1
annoyance	1
annals	1
anguish	1
angle	1
angels	1
ample	1
amorous	1
amends	1
ambrosial	1
ambered	1
alternative	1
alternate	1
altered	1
alteration	1
altar	1
alpine	1
almost	1
allowing	1
allow	1
allotted	1
allegiance	1
allege	1
alive	1
airs	1
aim	1
ah	1
ague	1
agree	1
ago	1
agitation	1
agent	1
afternoons	1
afield	1
affect	1
aerial	1
aeons	1
advise	1
advice	1
adversity	1
advantage	1
advancement	1
admits	1
adjures	1
adder	1
adamantine	1
actor	1
acted	1
acre	1
aching	1
achievement	1
aches	1
accustomed	1
accredited	1
accounts	1
accord	1
abysmal	1
absolute	1
abolish	1
abiding	1
abide	1
^~jood	1
.'"	1
'?	1
'.	1
'"	1
'!	1
!'	1
!"	1
