,	1624
the	920
—	536
and	519
.	515
;	408
"	400
of	343
a	336
!	323
to	302
in	241
i	192
that	190
|'s|	179
with	157
for	136
his	135
but	129
you	127
(	126
he	113
'	107
?	102
on	96
was	92
is	92
not	91
it	87
at	87
my	86
one	84
her	84
as	84
we	68
by	67
all	67
no	64
this	63
when	62
so	62
then	61
from	61
:	61
she	60
be	60
or	59
who	55
there	54
.)	54
more	52
."	52
where	51
some	50
your	48
they	46
me	45
yet	44
an	44
time	43
had	43
him	42
!"	41
love	40
still	39
what	38
how	38
are	38
were	36
us	36
old	36
would	35
now	35
shall	33
o	32
like	32
if	32
ah	31
too	30
may	30
will	29
last	29
go	29
must	28
came	28
sing	27
say	27
thy	26
see	26
men	26
have	26
rose	25
out	25
)	25
here	24
than	23
our	22
those	21
think	21
over	21
once	21
man	21
even	21
child	21
why	20
tis	20
these	20
eyes	20
come	20
such	19
know	19
first	19
can	19
-	19
whom	18
half	18
comes	18
caliph	18
!)	18
sweet	17
poor	17
make	17
babette	17
them	16
should	16
day	16
|romannumeral|	15
|arabic1digit|	15
whose	15
through	15
song	15
saw	15
said	15
only	15
might	15
long	15
just	15
cupid	15
again	15
.'	15
|arabic3digit|	14
thought	14
princess	14
night	14
m	14
light	14
least	14
green	14
far	14
days	14
beau	14
alas	14
which	13
till	13
none	13
never	13
little	13
john	13
head	13
find	13
young	12
upon	12
though	12
strange	12
sea	12
miss	12
life	12
less	12
hard	12
goes	12
goat	12
face	12
dear	12
before	12
alley	12
).	12
turned	11
thou	11
spoke	11
red	11
pass	11
page	11
note	11
new	11
made	11
its	11
grew	11
found	11
fly	11
fate	11
fair	11
each	11
door	11
dolly	11
denise	11
baron	11
away	11
air	11
),	11
•	10
way	10
twas	10
their	10
surely	10
soon	10
sometimes	10
soft	10
read	10
nor	10
name	10
morning	10
loves	10
lo	10
let	10
lay	10
hand	10
great	10
give	10
dream	10
down	10
do	10
dead	10
countess	10
could	10
clear	10
brocade	10
am	10
you're	9
years	9
without	9
very	9
two	9
tox	9
thus	9
sun	9
seemed	9
off	9
much	9
most	9
mine	9
knows	9
knew	9
kind	9
heard	9
has	9
guard	9
gone	9
george	9
friends	9
fresh	9
farewell	9
ever	9
did	9
dance	9
cyclops	9
blue	9
blow	9
word	8
wind	8
wherever	8
well	8
vieuxbois	8
up	8
truth	8
true	8
things	8
thing	8
tale	8
swine	8
stirred	8
stay	8
somewhat	8
she'd	8
scarce	8
pale	8
own	8
muse	8
many	8
leave	8
into	8
indeed	8
good	8
full	8
fire	8
feet	8
fast	8
fall	8
ere	8
doubt	8
dora	8
course	8
case	8
cap	8
age	8
after	8
across	8
ways	7
watch	7
voice	7
vain	7
until	7
under	7
try	7
tried	7
town	7
told	7
strong	7
something	7
sky	7
sings	7
sight	7
shepherdess	7
rosy	7
room	7
river	7
part	7
palace	7
nothing	7
nay	7
low	7
london	7
lady	7
king	7
i've	7
high	7
heart	7
he's	7
grow	7
gold	7
fish	7
eye	7
dreams	7
dorine	7
crowd	7
bright	7
bow	7
birds	7
bird	7
bid	7
best	7
behind	7
always	7
alone	7
youth	6
yea	6
within	6
white	6
went	6
waken	6
wait	6
used	6
tune	6
tread	6
three	6
take	6
stood	6
stays	6
stand	6
spring	6
speech	6
speak	6
slow	6
sir	6
since	6
shoot	6
shapes	6
scene	6
sad	6
round	6
reader	6
pipe	6
past	6
pair	6
nobody	6
next	6
near	6
monsieur	6
mind	6
lord	6
looked	6
look	6
locks	6
lines	6
letters	6
leaf	6
laughing	6
l'etoile	6
host	6
heavy	6
hear	6
he'd	6
grows	6
grey	6
forth	6
flowers	6
felt	6
drop	6
drew	6
death	6
de	6
bud	6
boy	6
bound	6
beside	6
beneath	6
been	6
bed	6
bar	6
back	6
ask	6
|arabic5+digit|	5
yore	5
yesterday	5
world	5
work	5
words	5
women	5
wine	5
wife	5
while	5
weary	5
war	5
view	5
unto	5
trees	5
tree	5
today	5
times	5
tell	5
taken	5
sure	5
stones	5
stem	5
stage	5
spare	5
sound	5
smith	5
small	5
sleep	5
silent	5
side	5
shy	5
short	5
shepherd	5
seyd	5
set	5
seem	5
same	5
saith	5
road	5
ring	5
prayer	5
porto	5
place	5
paused	5
notes	5
mother	5
memory	5
mean	5
maids	5
maid	5
m'sieu	5
lucilla	5
lie	5
left	5
late	5
j	5
hung	5
hour	5
hope	5
himself	5
hill	5
hearts	5
haste	5
grave	5
got	5
girl	5
gets	5
freeze	5
free	5
four	5
fortune	5
forget	5
fond	5
flee	5
filled	5
feel	5
faces	5
equal	5
e	5
dust	5
dumb	5
dreamed	5
divine	5
daisy	5
coming	5
city	5
can't	5
called	5
call	5
box	5
blood	5
bent	5
because	5
beauty	5
ballad	5
art	5
ancient	5
adored	5
about	5
abdallah	5
abbe	5
";	5
|arabic4digit|	4
you'll	4
yes	4
wrong	4
write	4
writ	4
wooed	4
woman	4
woes	4
wings	4
wild	4
wholly	4
whole	4
wake	4
voices	4
verse	4
vale	4
turn	4
trembling	4
tired	4
tide	4
throat	4
tears	4
street	4
straight	4
spread	4
soul	4
smiled	4
smile	4
shore	4
shape	4
sent	4
roll	4
rise	4
right	4
rhyme	4
rest	4
renown	4
reads	4
queen	4
price	4
pray	4
praised	4
power	4
poured	4
poets	4
poet	4
pleasure	4
please	4
plays	4
played	4
plan	4
perchance	4
people	4
paul	4
passed	4
pain	4
ours	4
others	4
other	4
oft	4
ode	4
nightingale	4
names	4
mosque	4
money	4
met	4
mere	4
mare	4
maiden	4
lost	4
looks	4
looking	4
lips	4
line	4
length	4
led	4
leaves	4
lean	4
le	4
laurel	4
laughed	4
laugh	4
laid	4
la	4
k	4
jove	4
intended	4
implored	4
ignored	4
i'll	4
i'd	4
huge	4
home	4
ground	4
greek	4
glorious	4
garden	4
g	4
foul	4
foot	4
followed	4
fluttering	4
flute	4
fled	4
finished	4
finis	4
feels	4
fancies	4
fact	4
earth	4
dull	4
dry	4
dragon	4
dove	4
done	4
distress	4
deny	4
dark	4
danced	4
cry	4
common	4
close	4
charming	4
changed	4
chambermaid	4
catch	4
care	4
build	4
brows	4
brow	4
bring	4
break	4
born	4
bolder	4
bluebottle	4
blithe	4
beyond	4
began	4
beast	4
awry	4
autonoe	4
around	4
arm	4
april	4
among	4
afraid	4
...	4
!...	4
|arabic2digit|	3
youths	3
year	3
wrought	3
wound	3
worth	3
worse	3
workmen	3
worked	3
wore	3
wondering	3
wonder	3
woe	3
window	3
whether	3
we've	3
wall	3
w	3
vizier	3
virtue	3
venus	3
untuneful	3
un	3
twixt	3
twill	3
turret	3
traced	3
tongue	3
toil	3
thine	3
temps	3
tap	3
talked	3
t	3
swim	3
suppose	3
sung	3
summer	3
suitor	3
suit	3
sudden	3
style	3
squire	3
spanish	3
spake	3
space	3
son	3
snow	3
slay	3
skill	3
sirens	3
silver	3
sign	3
sigh	3
shyly	3
showed	3
shame	3
selfsame	3
seems	3
second	3
season	3
scarcely	3
sat	3
rule	3
row	3
reply	3
reached	3
re	3
rather	3
ran	3
quite	3
quaint	3
puts	3
purpose	3
pure	3
pride	3
praise	3
pour	3
possibly	3
polypheme	3
plymouth	3
plump	3
pleased	3
pleasant	3
pine	3
perhaps	3
perfidy	3
pearl	3
paper	3
pane	3
pan	3
orchard	3
open	3
nought	3
nine	3
need	3
nectar	3
named	3
musician	3
mistake	3
minute	3
milk	3
mild	3
meanwhile	3
means	3
maybe	3
lot	3
lonely	3
lived	3
limp	3
lies	3
lest	3
legend	3
law	3
lavender	3
laughter	3
large	3
knights	3
kindly	3
june	3
inn	3
icy	3
i'm	3
hut	3
hundred	3
human	3
hue	3
however	3
hours	3
hole	3
hold	3
hogarth	3
hide	3
hearken	3
heads	3
happy	3
hands	3
guest	3
goodbye	3
gods	3
god	3
glow	3
girlish	3
get	3
gentleman	3
gentle	3
gate	3
gale	3
friend	3
form	3
forgotten	3
forehead	3
following	3
follow	3
flower	3
fixed	3
five	3
fine	3
fill	3
fell	3
feed	3
features	3
fear	3
father	3
fates	3
fain	3
fail	3
eyed	3
exactly	3
evil	3
every	3
etesian	3
ensign	3
enough	3
end	3
en	3
else	3
either	3
easy	3
dusty	3
drove	3
dressed	3
draw	3
draught	3
downward	3
dim	3
didn't	3
despair	3
deep	3
decay	3
dash	3
dames	3
daily	3
cut	3
cursed	3
curling	3
cup	3
cried	3
cousin	3
cole	3
coach	3
clitander	3
clad	3
cheerless	3
cheek	3
chair	3
cave	3
cant	3
buzz	3
brown	3
brought	3
broken	3
brings	3
breath	3
brain	3
bosom	3
blown	3
blossoms	3
bloom	3
blind	3
black	3
better	3
bet	3
bello	3
belfry	3
behold	3
beguiled	3
beard	3
bases	3
bare	3
bard	3
backward	3
author	3
aught	3
audience	3
arch	3
apple	3
apollo	3
any	3
angel	3
amoris	3
although	3
along	3
allah	3
agate	3
advance	3
abode	3
[	3
?"	3
....	3
"-	3
zenith	2
youthful	2
writing	2
wreathed	2
worker	2
wool	2
woods	2
woodland	2
won't	2
woke	2
witch	2
wit	2
wistful	2
wish	2
wise	2
windsor	2
win	2
willingly	2
wider	2
wheels	2
whatever	2
welcome	2
week	2
wedlock	2
weave	2
wears	2
wear	2
wave	2
watched	2
warn	2
wanton	2
wand	2
walpole	2
waking	2
waited	2
wage	2
vows	2
verses	2
vernon	2
vein	2
varied	2
vanished	2
valet	2
va	2
utter	2
use	2
upward	2
u	2
turning	2
troughs	2
triolets	2
tresses	2
tremulous	2
treasure	2
transient	2
train	2
tragic	2
trade	2
trace	2
tra	2
toy	2
towns	2
towers	2
towards	2
toujours	2
touch	2
torrid	2
took	2
tonight	2
tomorrow	2
tolls	2
toll	2
token	2
tiny	2
thundered	2
thrust	2
throne	2
thorn	2
thirty	2
third	2
thereupon	2
thereto	2
thenceforth	2
thence	2
thejiddle	2
terrible	2
tender	2
tear	2
taught	2
taste	2
task	2
tales	2
swore	2
swims	2
sum	2
suffused	2
suffices	2
suddenly	2
styes	2
stunted	2
strive	2
string	2
stricken	2
strawberries	2
strangely	2
strained	2
straightway	2
straggling	2
story	2
stopped	2
stone	2
stole	2
stir	2
steal	2
state	2
start	2
stars	2
standing	2
stains	2
st	2
square	2
sprung	2
spoken	2
spoil	2
splash	2
spire	2
spell	2
spavined	2
spain	2
sources	2
souls	2
sort	2
sorrow	2
sore	2
soothe	2
songs	2
somehow	2
somebody	2
soften	2
soared	2
snore	2
smiling	2
sly	2
slowly	2
slips	2
slight	2
sleeps	2
sleeping	2
sleek	2
skies	2
sits	2
sit	2
sire	2
single	2
sincere	2
silenus	2
sights	2
sick	2
show	2
shooting	2
shoe	2
ship	2
shining	2
shaft	2
shade	2
seventeen	2
serving	2
served	2
sequel	2
sense	2
send	2
sen	2
self	2
seldom	2
seek	2
seaward	2
seat	2
scraps	2
scorning	2
scorn	2
scoff	2
save	2
sardonyx	2
sans	2
sang	2
sake	2
saint	2
sail	2
saddle	2
saddest	2
s	2
rustic	2
running	2
run	2
roses	2
rondeau	2
roman	2
rode	2
rocks	2
rock	2
roar	2
rival	2
ripe	2
rider	2
rhymes	2
returned	2
remained	2
refuse	2
records	2
recall	2
rear	2
reading	2
reach	2
rare	2
rank	2
rabbit	2
r	2
question	2
published	2
proverbs	2
prologue	2
prize	2
princes	2
prince	2
priceless	2
present	2
prefers	2
preferred	2
preached	2
pottle	2
posting	2
portly	2
point	2
pocket	2
plucking	2
play	2
plate	2
plain	2
places	2
pity	2
piteous	2
pistol	2
pilgrimage	2
pictures	2
picture	2
phrases	2
phillis	2
peeped	2
pathetic	2
patch	2
passion	2
passes	2
passengers	2
pas	2
pandora	2
painted	2
pail	2
paid	2
ovid	2
overseas	2
overhead	2
order	2
opened	2
older	2
often	2
odysseus	2
obey	2
oak	2
nurse	2
nullity	2
november	2
nous	2
north	2
norah	2
non	2
noisy	2
nice	2
news	2
nest	2
neat	2
nearer	2
n	2
muttered	2
mute	2
muslin	2
music	2
muses	2
mouth	2
mourner	2
motions	2
mostly	2
mortals	2
morn	2
moral	2
moon	2
moment	2
mock	2
misses	2
misogynist	2
mire	2
minstrelsy	2
minds	2
milkmaid	2
mien	2
middle	2
metamorphosis	2
mercury	2
mend	2
melancholy	2
matter	2
master	2
marks	2
marked	2
march	2
makes	2
main	2
maidens	2
magazine	2
mad	2
mabel	2
lyre	2
lute	2
lumbering	2
lucy	2
loveliest	2
loved	2
louis	2
longing	2
lone	2
lofty	2
lives	2
lit	2
lighted	2
leisure	2
leaping	2
lazy	2
lawn	2
lane	2
landscape	2
laced	2
known	2
kin	2
kill	2
kensington	2
jean	2
jasper	2
ivy	2
ink	2
immaculate	2
idyll	2
idly	2
hurry	2
hungry	2
house	2
hosier	2
horse	2
horn	2
hoping	2
hopes	2
hopeless	2
hoped	2
honey	2
holding	2
hiss	2
highwaymen	2
hid	2
hermit	2
hereafter	2
herd	2
hence	2
hem	2
held	2
heels	2
heed	2
heaven	2
headlong	2
hawthorn	2
hath	2
hat	2
hart	2
hapless	2
hall	2
hair	2
guide	2
graven	2
grass	2
grand	2
grace	2
goddess	2
glass	2
girls	2
gingham	2
gilded	2
gifts	2
gift	2
gem	2
geese	2
gay	2
gave	2
gardens	2
game	2
galatea	2
further	2
fugitive	2
frowned	2
froissart	2
freak	2
fragile	2
fourpence	2
forty	2
forms	2
forlorn	2
folly	2
folks	2
folk	2
flying	2
flutes	2
float	2
flight	2
fleet	2
fleckless	2
flaw	2
flashed	2
flames	2
flame	2
flaccus	2
fitting	2
fitted	2
fit	2
final	2
fifty	2
fifth	2
fifteen	2
fiddler	2
feminine	2
feast	2
favour	2
fancy	2
fan	2
famous	2
faded	2
fable	2
excuse	2
eve	2
et	2
escaping	2
erycine	2
english	2
enduring	2
empty	2
emblemata	2
elixir	2
election	2
eight	2
edge	2
eau	2
eat	2
ease	2
ear	2
dwelling	2
dwelled	2
dunce	2
due	2
drums	2
dropped	2
drive	2
dreaming	2
drawn	2
drank	2
doze	2
don't	2
dome	2
dog	2
directed	2
devonshire	2
despite	2
desire	2
demise	2
deliver	2
decide	2
dawn	2
daughter	2
dart	2
dare	2
damosels	2
daisies	2
curtain	2
curled	2
curious	2
cures	2
crumbs	2
crowned	2
crown	2
crazy	2
couple	2
countless	2
corner	2
cool	2
contours	2
confidence	2
company	2
command	2
cologne	2
colin	2
coin	2
coiled	2
cobbler	2
cloud	2
cliff	2
clangour	2
circe	2
chords	2
choose	2
chestnut	2
cheerful	2
cheeks	2
charlie	2
chapter	2
chant	2
change	2
chance	2
chalcedony	2
certainly	2
certain	2
carved	2
carpet	2
carp	2
careless	2
car	2
caps	2
calls	2
cabinet	2
button	2
bust	2
built	2
builded	2
bringing	2
brief	2
breast	2
brawl	2
brave	2
braid	2
brag	2
bowed	2
bottle	2
both	2
book	2
bonds	2
bluebottles	2
blonde	2
bleating	2
bitter	2
betwixt	2
between	2
beryl	2
bells	2
bellerophon	2
belle	2
bella	2
bell	2
being	2
begin	2
beggars	2
bees	2
become	2
became	2
beat	2
bear	2
basket	2
barren	2
barber	2
balls	2
bags	2
baby	2
babel	2
awhile	2
avert	2
avail	2
aunt	2
aulaire	2
au	2
assume	2
ass	2
aspect	2
askance	2
arts	2
ars	2
armed	2
arching	2
arcady	2
anvil	2
ann	2
angry	2
angels	2
anew	2
andre	2
amours	2
amid	2
amethyst	2
also	2
ale	2
alarm	2
airs	2
ago	2
affirm	2
affection	2
adverse	2
adore	2
act	2
acquaintanceship	2
above	2
?'	2
..."	2
..	2
('	2
("	2
';	2
'!	2
"..."	2
!'"	2
!!	2
»	1
}	1
zephyrs	1
zephyri	1
youthfullest	1
youngest	1
yorkshire	1
yoos	1
yonder	1
yoke	1
yields	1
yielding	1
yers	1
yemen	1
yellow	1
yearning	1
yearned	1
yearn	1
yawning	1
wrote	1
written	1
writeth	1
writes	1
wrinkling	1
wrinkled	1
wrestlers	1
wreck	1
wreaths	1
wreathe	1
wreath	1
woven	1
worst	1
worship	1
worn	1
wooer	1
woodwork	1
woodlands	1
wooded	1
wood	1
woo	1
wonted	1
wont	1
wonderment	1
wondered	1
won	1
witting	1
withhold	1
withal	1
witches	1
wisp	1
wisdom	1
winter	1
winsome	1
wins	1
winged	1
wing	1
wildfowl	1
who'd	1
whitsuntide	1
whitefield	1
whispered	1
whisper	1
whiskered	1
whirr	1
whirled	1
whip	1
whimsically	1
whim	1
wherein	1
wherefore	1
whenever	1
whelmed	1
wheeled	1
wheel	1
whale	1
westminster	1
wesley	1
weep	1
weeks	1
weed	1
wedding	1
wed	1
weaving	1
weariness	1
wearily	1
wearies	1
we'll	1
wayfaring	1
waved	1
waters	1
watching	1
watches	1
waste	1
wash	1
warner	1
warmed	1
warm	1
warbling	1
warbles	1
want	1
waning	1
wandering	1
wandered	1
wan	1
waltzes	1
waltz	1
wallet	1
walled	1
walking	1
walk	1
wales	1
wakefullest	1
waisted	1
waist	1
wain	1
wagons	1
wager	1
wadded	1
vowed	1
vow	1
vovs	1
voltaire	1
volauvent	1
voiture	1
voids	1
vocation	1
vleuxbois	1
visits	1
vision	1
virelay	1
violoncello	1
violets	1
vindice	1
ville	1
villanelle	1
villain	1
viflcan	1
vieux	1
vient	1
vieillesse	1
vidame	1
victrix	1
victor	1
vice-admiral	1
vest	1
versus	1
verity	1
veritable	1
verily	1
verge	1
verbum	1
venice	1
venetian	1
velvet	1
veins	1
veined	1
vat	1
vast	1
variation	1
vapours	1
vanes	1
vane	1
valorous	1
valley	1
valiant	1
valentines	1
vague	1
uttering	1
utmost	1
usher	1
urn	1
urged	1
urge	1
urchin	1
urban	1
uprose	1
uplifting	1
upland	1
unwilling	1
unwholesome	1
unwelcome	1
unutterably	1
untold	1
unsyllabled	1
unsung	1
unsubdued	1
unspoiled	1
unquenchable	1
unpraised	1
unpractised	1
unpitied	1
unmerciful	1
unless	1
unkind	1
unjeune	1
unite	1
unhopeful	1
unheard	1
unforeseen	1
unfilleted	1
uneasily	1
undone	1
undistinguished	1
undismayed	1
undiminished	1
undeveloped	1
undesigned	1
undefined	1
undarned	1
uncouth	1
unclose	1
unclean	1
uncle	1
unbroken	1
unbent	1
unbended	1
tyre	1
tyrant	1
typhoeus	1
tyburn	1
twist	1
twirl	1
twinkling	1
twining	1
twine	1
turns	1
turc'men	1
tumult	1
tumbledown	1
tumbled	1
tumble	1
tuas	1
ttio	1
ttiessalian	1
trunk	1
trumpet	1
truly	1
troy	1
trove	1
troglodyte	1
trodden	1
trix	1
triton	1
trite	1
triple	1
trimmer	1
trimmed	1
trim	1
tressed	1
tremble	1
treat	1
treads	1
travestied	1
traversed	1
travellers	1
traveller	1
travel	1
travails	1
travail	1
trapped	1
transmitted	1
transforming	1
trance	1
traitor	1
trail	1
track	1
tout	1
tours	1
topsman	1
tops	1
topics	1
topers	1
tone	1
tomb	1
toiled	1
tjiere	1
titles	1
titans	1
tiro	1
tirili	1
tints	1
timorous	1
tile	1
tight	1
tiffed	1
tidings	1
ticked	1
tiberius	1
thyrsus	1
thyme	1
throwing	1
thrifty	1
thrice	1
threw	1
threefold	1
thread	1
thrace	1
thousand	1
thoughts	1
thong	1
thirty-nine	1
thirteen	1
thirst	1
thinking	1
thief	1
thicker	1
they're	1
they'd	1
thews	1
therewithal	1
thereon	1
thereof	1
therels	1
therein	1
therefore	1
theophii.e	1
theocritus	1
thefts	1
theft	1
thee	1
thamis	1
th	1
text	1
tethered	1
terse	1
terrors	1
terre	1
tern	1
tennyson	1
tends	1
tenderly	1
tend	1
ten	1
temples	1
temper	1
tells	1
teheran	1
teeth	1
teach	1
tea	1
tattoo	1
tatters	1
tats	1
tasteful	1
tangled	1
tan	1
tambour	1
tally	1
tall	1
talk	1
talented	1
taking	1
tajes	1
tails	1
syracuse	1
sympathy	1
symmetry	1
swung	1
swirl	1
swift	1
swelled	1
sweets	1
sweep	1
sway	1
swashing	1
swans	1
swan	1
swallows	1
sustainment	1
suspicious	1
suspense	1
surviving	1
survived	1
surtout	1
surrey	1
surrender	1
surprise	1
surplus	1
surpass	1
surnamed	1
surge	1
surface	1
surcote	1
supreme	1
suppliant	1
suppliance	1
supine	1
supers	1
superior	1
sunk	1
sunburnt	1
summit	1
sullied	1
suits	1
suitors	1
suggestive	1
sugar	1
suffice	1
successfully	1
succeeds	1
subsisted	1
sublime	1
stygian	1
sty	1
stupid	1
stupefied	1
stubbed	1
strove	1
stronger	1
striving	1
strips	1
stripped	1
strike	1
strictures	1
strew	1
stress	1
stream	1
straying	1
stray	1
straw	1
strait	1
straining	1
strain	1
stout	1
storm	1
store	1
stop	1
stony	1
stoned	1
stoic	1
stocks	1
stock	1
stirs	1
stiff	1
sties	1
sterne	1
stern	1
steps	1
step	1
steering	1
steep	1
stealing	1
steadfastly	1
station	1
states	1
stately	1
stated	1
startling	1
starting	1
stark	1
staring	1
star	1
stands	1
stammering	1
stairs	1
stair	1
stained	1
stain	1
stael	1
stable	1
sprout	1
sprigged	1
sprang	1
spouting	1
spot	1
sports	1
spoils	1
spite	1
spilled	1
spiced	1
spheres	1
speedwell	1
speckless	1
special	1
spearing	1
speaks	1
speaketh	1
speaker	1
spaw	1
spark	1
span	1
spade	1
spaces	1
sown	1
sow	1
south	1
sour	1
sounding	1
sought	1
soubrette	1
sorry	1
sorrowing	1
sorrowed	1
sonnet	1
somewhere	1
someone	1
solve	1
solitary	1
solitaire	1
sole	1
softness	1
softly	1
softened	1
sod	1
socks	1
society	1
snouts	1
snatch	1
snapped	1
snake	1
smooth	1
smoky	1
smoke	1
smartly	1
slowlier	1
slipped	1
slip	1
slept	1
slender	1
sleeves	1
slaves	1
slave	1
slash	1
slant	1
slang	1
slandered	1
slain	1
slacken	1
slab	1
skinned	1
skin	1
skilfullest	1
sketch	1
skate	1
size	1
six	1
sitting	1
site	1
sister	1
siren	1
sips	1
singled	1
singing	1
simpering	1
similar	1
siller	1
silently	1
silence	1
signal	1
sighed	1
siege	1
sides	1
sicklied	1
shut	1
shun	1
shuddering	1
shrunk	1
shows	1
showing	1
showering	1
shower	1
shouldered	1
shoulder	1
shoreward	1
shoreumrd	1
shoreless	1
shops	1
shone	1
shocks	1
shiraz	1
shines	1
shillyshally	1
shifting	1
shifters	1
shield	1
shell	1
shelf	1
sheeted	1
sheer	1
shed	1
sheaves	1
sheaf	1
she'll	1
shattered	1
sharp	1
shark	1
shared	1
shaping	1
shapen	1
shamed	1
shales	1
shakes	1
shaken	1
shake	1
shag	1
shafts	1
shady	1
shadowy	1
shadows	1
sh	1
sex	1
sevres	1
severe	1
settling	1
settled	1
setter	1
ses	1
servitude	1
service	1
serve	1
servant	1
serpent	1
sermon	1
serious	1
serene	1
seq	1
sentiment	1
sentence	1
senseless	1
senseful	1
sensation	1
semper	1
semblance	1
seize	1
sees	1
seen	1
seeketh	1
seeing	1
seed	1
seductive	1
sedateness	1
security	1
secrets	1
secret	1
secrecy	1
seclusion	1
seasons	1
seas	1
searching	1
search	1
seaport	1
seaman	1
sealed	1
seal	1
sculptor	1
scruple	1
scrolled	1
scrawled	1
scrapes	1
scrape	1
scouts	1
scornful	1
scorner	1
schoolroom	1
scholar	1
schiller	1
scenes	1
scatters	1
scar	1
scantest	1
says	1
saving	1
saved	1
savagery	1
satyr	1
sash	1
sap	1
sanded	1
sandalled	1
sanctity	1
salts	1
salt	1
sally	1
saints	1
sainted	1
sails	1
sage	1
safely	1
sadly	1
saddling	1
sacred	1
s'enrichit	1
ruth	1
rustling	1
rusted	1
rushing	1
runs	1
rung	1
rummer	1
ruined	1
ruin	1
ruggedest	1
ruddy	1
rowers	1
roused	1
rouse	1
rounds	1
rounded	1
rough	1
rosa	1
roof	1
ronsard	1
rondels	1
rondeaus	1
romped	1
romance	1
rolls	1
rolling	1
rolled	1
roguish	1
robin	1
robes	1
robber	1
robbed	1
rob	1
roaring	1
roadway	1
roadster	1
roadside	1
riven	1
rivals	1
rising	1
ripped	1
rink	1
ringlets	1
ringer	1
rind	1
rim	1
rillet	1
righteous	1
rigadoon	1
rifts	1
rifled	1
ride	1
riddle	1
riches	1
ribbed	1
rhymed	1
rhoetus	1
revive	1
revient	1
revent	1
reveils	1
revealed	1
return	1
retreating	1
retort	1
rethel	1
restore	1
restless	1
responsible	1
respected	1
respect	1
resource	1
resolvings	1
resolved	1
resisting	1
resist	1
resign	1
reserve	1
required	1
require	1
repressed	1
repose	1
report	1
repetita	1
repented	1
repeat	1
renews	1
rend	1
remembered	1
remember	1
remarkable	1
remain	1
religiously	1
rejoice	1
rein	1
regretful	1
regiment	1
refused	1
refrain	1
refection	1
reedy	1
record	1
reclined	1
recitals	1
receive	1
rebelle	1
rebel	1
reasons	1
reason	1
reapers	1
reams	1
really	1
reality	1
realities	1
ready	1
readings	1
reaching	1
ravening	1
rating	1
rates	1
rat	1
rarely	1
rapturous	1
rapid	1
ranged	1
rally	1
raises	1
raised	1
rain	1
rails	1
railed	1
rail	1
rags	1
rage	1
radcliffe	1
race	1
qvai	1
quoth	1
quivers	1
quiver	1
quirk	1
quinze	1
quintus	1
quickly	1
quick	1
quibble	1
qui	1
questioned	1
quest	1
querulously	1
queries	1
quasi	1
quarterings	1
quart	1
quarrel	1
quantities	1
quand	1
quaker	1
quail	1
putting	1
pushed	1
pursuits	1
purse	1
purloined	1
purity	1
punt	1
pulseless	1
pulse	1
pulsation	1
puck	1
publius	1
public	1
prudence	1
prow	1
proud	1
prosy	1
prose	1
propos	1
prophet	1
prophesy	1
pronounce	1
profile	1
proffered	1
product	1
produce	1
prodigals	1
prodigal	1
proceeding	1
probation	1
pro	1
prized	1
privilegio	1
privilege	1
private	1
prison	1
prints	1
pricked	1
prick	1
prh	1
prevailing	1
pretty	1
pretend	1
pretence	1
pressure	1
presses	1
pressed	1
preside	1
presently	1
presence	1
premiers	1
premier	1
premature	1
prefer	1
precaution	1
prattle	1
practical	1
pp	1
powers	1
powerless	1
powder	1
poverty	1
pouvait	1
pouts	1
poured"i	1
pouch	1
potted	1
potential	1
potent	1
potalnle	1
pot	1
postmen	1
post	1
possible	1
possibilities	1
possesses	1
portugal	1
portrait	1
portals	1
port	1
porphyrion	1
porcelain	1
pope	1
pool	1
pond	1
pomp	1
pomander	1
polly	1
polite	1
polar	1
poison	1
poised	1
poetical	1
poetica	1
poetic	1
poem	1
pockets	1
ply	1
plush	1
plus	1
plucked	1
plough	1
plot	1
plodding	1
plight	1
pleasuring	1
pleasance	1
plaything	1
playmates	1
playful	1
plates	1
planned	1
plaintive	1
plaint	1
plainly	1
plague	1
placidly	1
placed	1
placebit	1
pitiless	1
pitiful	1
pinnacles	1
pink	1
pillow	1
pilgrims	1
piled	1
pile	1
pilaster	1
pigeons	1
pieces	1
piece	1
picnics	1
picks	1
piccadilly	1
picardy	1
physic	1
photograph	1
phoenix	1
philtres	1
petty	1
pets	1
petals	1
pet	1
peste	1
pert	1
persons	1
persistence	1
perse	1
perplexity	1
perpendicular	1
permitting	1
permitted	1
perish	1
peril	1
perforce	1
perfection	1
perdrix	1
pent	1
pen	1
peering	1
peer	1
peel	1
pedestrian	1
pedants	1
pebbly	1
pears	1
peaked	1
peacock	1
peach	1
peace	1
pays	1
pay	1
paven	1
pausing	1
pause	1
paunch	1
patient	1
paths	1
pathos	1
pater	1
pate	1
patched	1
pastoral	1
pastime	1
passions	1
passing	1
partner	1
partly	1
parthian	1
parsley	1
parley	1
parish	1
parian	1
parapet	1
paradox	1
paradise	1
pantoum	1
panting	1
pansies	1
panoplies	1
paniers	1
pairs	1
paints	1
painting	1
painter	1
paint	1
painfully	1
painful	1
pained	1
p	1
ozone	1
ovidius	1
overthrow	1
overt	1
overscrawled	1
overplus	1
overnice	1
overflow	1
outworn	1
outside	1
outset	1
outgrows	1
outer	1
oui	1
ought	1
orpheus	1
ordered	1
orange	1
oppose	1
oo	1
onyx	1
omitted	1
olympus	1
olympic	1
olympians	1
oliver	1
ohn	1
offing	1
offering	1
offered	1
offer	1
oddest	1
octogenarian	1
occupant	1
obliging	1
objects	1
oared	1
oar	1
oaken	1
nymphlike	1
nurses	1
nursery	1
nunc	1
number	1
nox	1
novelty	1
novels	1
novel	1
noted	1
nose	1
norman	1
nodus	1
nobles	1
ninon	1
ninette	1
nimble	1
nigra	1
nigh	1
nicholas	1
nicest	1
nibble	1
newfound	1
nettled	1
nerveless	1
neighbour	1
needed	1
necklace	1
neatly	1
neath	1
nd	1
navy	1
nature	1
naso	1
nants	1
nail	1
n's	1
mythology	1
myself	1
myitere	1
mutine	1
musketeer	1
murray	1
murmuring	1
murky	1
mungo	1
munched	1
mudie	1
mucklethraw	1
mrs	1
mr	1
moving	1
mourning	1
mournful	1
mountain	1
mound	1
motley	1
mothers	1
mot	1
mossed	1
moss	1
mortis	1
mortal	1
morsels	1
mors	1
moreau	1
morality	1
moor	1
moonlight	1
moody	1
moods	1
mood	1
months	1
montaigne	1
monotonous	1
monotone	1
monkey	1
monk	1
moneyed	1
molecular	1
moire	1
modesty	1
modest	1
model	1
mode	1
mix	1
mistress	1
mistaken	1
missives	1
misnomer	1
misery	1
mischief	1
misbehaved	1
mirth	1
mirnas	1
minstrel	1
mingled	1
minded	1
mincing	1
minced	1
milly	1
milking	1
miles	1
mieux	1
midst	1
midnight	1
middy	1
mid	1
methought	1
methodist	1
mete	1
messieurs	1
mess	1
merriment	1
merits	1
merely	1
mercy	1
memorial	1
melt	1
melior	1
meg	1
meeting	1
meet	1
meek	1
meditative	1
meats	1
meat	1
meant	1
meaning	1
meal	1
mayfair	1
maxim	1
maufrignac	1
mature	1
matters	1
mats	1
matron	1
mate	1
masters	1
mast	1
mass	1
mason	1
masks	1
marybone	1
marvelled	1
mars	1
marry	1
marriage	1
marquis	1
marl	1
mark	1
marivaux	1
marish	1
manus	1
mannish	1
manners	1
mankind	1
mane	1
mancini	1
malplaquet	1
male	1
making	1
makers	1
mainly	1
maine	1
mahomet	1
magnanimous	1
madrigals	1
mademoiselle	1
madding	1
madame	1
madam	1
macheath	1
ma'am'selle	1
ma	1
lyde	1
lxstrigon	1
lurked	1
lure	1
lungs	1
lumley	1
luke	1
ludgate	1
luckless	1
loyal	1
lower	1
lowell	1
lovingly	1
loving	1
louring	1
louder	1
loud	1
lothair	1
lordship	1
loosely	1
loosed	1
longingly	1
longer	1
longed	1
loneliness	1
londoner	1
locked	1
local	1
loathly	1
loathe	1
loath	1
loading	1
living	1
live	1
litter	1
listening	1
listed	1
lissome	1
liquor	1
lingering	1
lindley	1
limping	1
limped	1
limner	1
limits	1
limes	1
lime	1
limbed	1
likeness	1
lighter	1
lifting	1
lifters	1
lift	1
lifelong	1
lieux	1
lieutenant	1
lid	1
library	1
leycester	1
levin	1
levee	1
letter	1
les	1
leopard	1
lent	1
legged	1
lees	1
leaved	1
leapt	1
leaps	1
leap	1
league	1
leads	1
lead	1
lawyer	1
laws	1
lawrence	1
later	1
latent	1
lately	1
lasts	1
lastly	1
las	1
lapdog	1
lands	1
landor	1
landlord	1
land	1
lake	1
laertes	1
ladyship	1
ladies	1
lacked	1
lace	1
labour	1
l'exoile	1
l'eroile	1
l'eioile	1
kur	1
knox	1
knowledge	1
knowing	1
knocks	1
knitted	1
knit	1
knelt	1
knell	1
knees	1
kneel	1
knave	1
kiss	1
kirtle	1
kinds	1
kindred	1
kindlier	1
kinder	1
killed	1
key	1
kept	1
kemble	1
keeps	1
keep	1
keen	1
keel	1
keats	1
justine	1
jupiter	1
jumped	1
judys	1
joyous	1
joy	1
jotted	1
jolly	1
jokes	1
joined	1
joe	1
jocund	1
joan	1
jeunes	1
jesting	1
jerky	1
jenny	1
jelick	1
jeer	1
jawbone	1
jaw	1
jar	1
jape	1
jams	1
jade	1
jacquot	1
ivory	1
itself	1
item	1
ita	1
issues	1
issue	1
islet	1
irony	1
ire	1
ipso	1
invidious	1
invalid	1
intricately	1
intimate	1
intervene	1
intention	1
intent	1
intellect	1
instincts	1
instead	1
inspect	1
insidious	1
inside	1
inscribed	1
insane	1
inquisition	1
inquiries	1
inquired	1
inmost	1
inland	1
injured	1
ingle	1
influence	1
infamous	1
inevitable	1
ineffectual	1
ineffable	1
indoors	1
indefinite	1
incumbent	1
increase	1
inclusive	1
include	1
inclinations	1
inaudibly	1
impromptu	1
impotent	1
impotence	1
importuning	1
impetuous	1
impeded	1
impatient	1
imp	1
immure	1
immortelle	1
imitate	1
imbruted	1
ills	1
ill	1
idea	1
ice	1
i...eulalie	1
i'ceuvre	1
hydra	1
hushed	1
hurriedly	1
hurrah	1
hunt	1
humour	1
humming	1
humbly	1
humbling	1
humbled	1
hum	1
hugs	1
hued	1
huddling	1
hovers	1
houses	1
hounds	1
hot	1
hostel	1
horror	1
horatius	1
horace	1
hops	1
hopelessness	1
hopelessly	1
hopeful	1
hoofs	1
hood	1
hon	1
homme	1
homer	1
homely	1
hollies	1
holborn	1
hodges	1
hoarding	1
ho	1
hitherto	1
hither	1
hit	1
historical	1
hillside	1
hillock	1
highwayman	1
hideous	1
hi	1
hey	1
hers	1
heroines	1
heroes	1
hero	1
hermes	1
hercules	1
henceforth	1
hen	1
helplessly	1
helpless	1
help	1
hellenics	1
hell	1
height	1
heigho	1
heel	1
hedjaz	1
hebrus	1
hebe	1
heavily	1
heath	1
heat	1
hearth	1
hearted	1
hears	1
healed	1
haze	1
hawk	1
having	1
haunts	1
hate	1
hasty	1
harvest	1
harry	1
hardly	1
hardest	1
harbinger	1
happens	1
hanover	1
hannah	1
hangs	1
hanging	1
hanger	1
hanged	1
hang	1
handasyd	1
hamlet	1
hamet	1
halting	1
half.shut	1
hairs	1
haired	1
hail	1
hac	1
habit	1
h	1
guiltless	1
guiltiness	1
guides	1
guests	1
guessed	1
guards	1
growth	1
grown	1
growled	1
growing	1
grovelling	1
groups	1
groping	1
groinings	1
groaning	1
gritty	1
grim	1
grieve	1
greybeard	1
greenness	1
greatness	1
graybeard	1
gravely	1
grasses	1
grapes	1
grape	1
grants	1
granted	1
grandpapa	1
grandest	1
grander	1
gran	1
grain	1
gradual	1
graciousness	1
graces	1
graced	1
gown	1
gower	1
gossip	1
goose	1
golden	1
going	1
godlike	1
goats	1
gloves	1
glories	1
gloomy	1
gloom	1
glimmer	1
glide	1
gleam	1
glaze	1
glancing	1
glances	1
glanced	1
glance	1
glamour	1
gladsome	1
gladness	1
glad	1
gives	1
gill	1
giants	1
ghosts	1
ghastly	1
germander	1
germ	1
genuine	1
gentler	1
gentlemen	1
gems	1
gavotte	1
gautier	1
gathered	1
gasped	1
gasconading	1
garrulities	1
garment	1
gape	1
ganders	1
gander	1
gamut	1
gallopade	1
gallic	1
galley	1
gallery	1
galleries	1
gall	1
gainsaid	1
gain	1
g's	1
future	1
futher	1
furnace	1
furiously	1
funny	1
funereal	1
fully	1
ft	1
fruits	1
fruitless	1
frozen	1
frowning	1
frore	1
front	1
frogs	1
frock	1
frisked	1
fright	1
fribble	1
fretful	1
frequent	1
frenchman	1
freemen	1
frederick	1
fray	1
fraudful	1
frankest	1
franked	1
frank	1
francis	1
france	1
frames	1
frailer	1
foxglove	1
fountain	1
foundation	1
forward	1
forthwith	1
forsooth	1
forgot	1
forgive	1
forgets	1
forgetfulness	1
forerunner	1
forelock	1
foreign	1
forearm	1
force	1
forbear	1
fop	1
foolish	1
fontenay	1
fontaine	1
folio	1
folding	1
fold	1
foes	1
foamed	1
flutterings	1
fluttered	1
flutter	1
flushed	1
flues	1
flows	1
flowing	1
flow	1
floral	1
floor	1
flood-tide	1
flood	1
floe	1
flocks	1
flirt	1
flint	1
flies	1
flesh	1
fleeting	1
flaws	1
flatters	1
flats	1
flanders	1
flagons	1
flagon	1
fix	1
fist	1
firm	1
firing	1
fires	1
fins	1
finish	1
fingers	1
filles	1
file	1
figures	1
figurehead	1
fight	1
fierce	1
fields	1
field	1
fiddle	1
fiction	1
few	1
fettered	1
fetes	1
fetching	1
festival	1
fellow	1
feigned	1
feign	1
fees	1
feeding	1
fee	1
fed	1
feat	1
fears	1
feared	1
fealty	1
fay	1
favours	1
faults	1
fathers	1
fatefull	1
fat	1
faster	1
fashions	1
fashioned	1
fashion	1
fared	1
fare	1
fantastic	1
fanned	1
fames	1
fame	1
falls	1
fallen	1
faith	1
fairer	1
faintest	1
faint	1
fade	1
facile	1
eyelids	1
eyebrows	1
eyebrow	1
exploring	1
expect	1
exit	1
existed	1
exhort	1
exhaustively	1
exert	1
excursion	1
exciseman	1
excess	1
evoke	1
evidence	1
everyone	1
evermore	1
eventide	1
evenings	1
evening	1
evade	1
eurylochus	1
etiquette	1
etait	1
est	1
especially	1
eskimo	1
erratic	1
errand	1
equips	1
equipped	1
eques	1
equally	1
epitaph	1
epilogue	1
enwound	1
envoy	1
envious	1
entering	1
enraged	1
enlist	1
engravings	1
engraving	1
england	1
enervate	1
energetic	1
endured	1
endure	1
endued	1
ending	1
ended	1
endeavour	1
encroachment	1
encore	1
enchantress	1
enceladus	1
enamel	1
emptiness	1
emperor	1
embodiments	1
emblazoned	1
email	1
em	1
eloquent	1
elm	1
eldest	1
elation	1
eh	1
eggs	1
egg	1
efforts	1
effeminate	1
effaced	1
eerie	1
een	1
ed	1
ecstasy	1
eclectics	1
easily	1
earthquake	1
earthly	1
ears	1
earned	1
earn	1
early	1
eared	1
eager	1
eadem	1
dyspepsia	1
duty	1
dusky	1
dusk	1
dun	1
dumpling	1
duly	1
duke	1
dues	1
duchess	1
dryden	1
drowsily	1
drowning	1
drowned	1
drooped	1
driving	1
drifted	1
drift	1
dried	1
dresses	1
dress	1
dregs	1
dread	1
drawing	1
draweth	1
dram	1
drained	1
drags	1
dozen	1
downcast	1
dower	1
doubts	1
doubtful	1
doublet	1
doth	1
doted	1
dote	1
doors	1
doomed	1
doom	1
domine	1
does	1
do's	1
divide	1
ditty	1
dit	1
distraught	1
distort	1
distinguish	1
distinction	1
distilled	1
distill	1
distent	1
dissembling	1
dispersing	1
dispersed	1
dispense	1
dispatches	1
dispatch	1
dispart	1
disgusted	1
disguise	1
disgraced	1
disdained	1
disdain	1
discussing	1
discuss	1
discreetly	1
discovered	1
discern	1
discard	1
disastrous	1
director	1
dine	1
din	1
diminished	1
dilemma	1
digress	1
dignus	1
diet	1
died	1
die	1
didactic	1
dickens	1
dick	1
dian	1
diadem	1
dexter	1
devotion	1
devious	1
devices	1
detective	1
detected	1
details	1
desultory	1
destroy	1
desolately	1
desires	1
desirable	1
design	1
deserved	1
description	1
descended	1
descend	1
deprecatory	1
denned	1
denies	1
denied	1
demurs	1
demure	1
demand	1
delusive	1
delivering	1
delightfully	1
delightful	1
delight	1
delicate	1
delia	1
delays	1
degrees	1
degree	1
degraded	1
defrauded	1
defer	1
deer	1
deem	1
dedicate	1
decrees	1
declivity	1
declined	1
decline	1
declared	1
declare	1
decies	1
december	1
deceit	1
debased	1
debarred	1
deb	1
deatks	1
dearer	1
daylight	1
david	1
date	1
darkly	1
daring	1
dared	1
dardanian	1
dappled	1
dapple	1
dangling	1
dances	1
dan	1
damp	1
dame	1
dally	1
dalliance	1
daffodil	1
d'une	1
d'un	1
d'or	1
d'avray	1
d'aurelles	1
cytisus	1
cypress	1
cynic	1
cyclop	1
cutthroat	1
cute	1
custom	1
cushions	1
curtains	1
current	1
curls	1
cure	1
curd	1
curb	1
cupola	1
cupids	1
cum	1
cultivation	1
culte	1
cue	1
crumbling	1
crumbled	1
crumble	1
crumb	1
cruel	1
crowns	1
crowning	1
crowded	1
crow	1
croup	1
crosses	1
crossed	1
cross	1
crop	1
crocus	1
crocks	1
critic	1
crisis	1
cripple	1
crime	1
crew	1
crest	1
creatures	1
creaking	1
crate	1
crash	1
cramps	1
crafty	1
cradle	1
cracked	1
coy	1
cowed	1
cowards	1
cow	1
coverlet	1
courts	1
courtiers	1
courtier	1
court	1
courses	1
cour	1
couples	1
coupled	1
country	1
cosy	1
costume	1
corset	1
corridor	1
correct	1
coronal	1
cornelian	1
cornaline	1
core	1
cord	1
coquette	1
coquet	1
copy	1
coppers	1
cook	1
coo	1
conviction	1
conversing	1
conversation	1
controls	1
contrary	1
consuming	1
constant	1
constancy	1
consign	1
consentient	1
conned	1
confidential	1
confess	1
conducive	1
condemned	1
concealed	1
comrades	1
compelled	1
commonplaces	1
common-sense	1
comic	1
comfits	1
comer	1
combined	1
comb	1
columned	1
colt	1
coloured	1
colourable	1
colliers	1
collie	1
collected	1
colder	1
cold	1
coinage	1
coffin	1
cof	1
cockerel	1
cob	1
coat	1
coaches	1
cm	1
clutch	1
clung	1
clumsy	1
club	1
clove	1
clov	1
cloudless	1
closing	1
closest	1
closer	1
closelier	1
clocks	1
clock	1
cloak	1
clipped	1
clip	1
climbs	1
climbed	1
clerk	1
clearer	1
clay	1
clattered	1
classing	1
classical	1
clasp	1
claims	1
civic	1
circumstances	1
circuit	1
circles	1
cieux	1
church	1
chronicler	1
choicest	1
choice	1
chisel	1
chirrups	1
chirping	1
chill	1
chiefly	1
chief	1
cherubin	1
cherished	1
chemic	1
cheeked	1
checked	1
chateau	1
chasen	1
chase	1
charley	1
chaplain	1
chapelain	1
chansonnette	1
changing	1
changes	1
chandeliers	1
chandelier	1
chances	1
chambers	1
chambellan	1
chalice	1
chalet	1
chain	1
chaff	1
centaur	1
cemetery	1
celibate	1
celia	1
celebration	1
cedar	1
ceaseless	1
ceased	1
caven	1
caved	1
cause	1
cataract	1
cat	1
cast	1
cases	1
carves	1
carrying	1
carry	1
carried	1
carps	1
carouses	1
carouse	1
carnival	1
cares	1
careful	1
carded	1
capers	1
canvassing	1
cantoes	1
cantering	1
cannot	1
candlesticks	1
cameos	1
calm	1
calais	1
cakes	1
caked	1
cake	1
cage	1
caecuban	1
cackled	1
buttons	1
buttoned	1
butterflies	1
butments	1
busts	1
busto	1
buskin	1
bury	1
burst	1
burned	1
burn	1
buried	1
buridan	1
bunch	1
bulged	1
building	1
buds	1
brute	1
brunette	1
browed	1
broom	1
brood	1
bronze	1
brompton	1
broke	1
broidered	1
broad	1
british	1
briony	1
brink	1
brim	1
briggs	1
briefly	1
bridle	1
breeze	1
breed	1
bred	1
breathing	1
breathed	1
breasts	1
breaking	1
breakfast	1
bread	1
breach	1
bravo	1
bravery	1
bragging	1
bragg''sj	1
boys	1
bower	1
bouquets	1
bouquet	1
bounties	1
bough	1
boudoir	1
borrowed	1
bore	1
boon	1
books	1
boney	1
bones	1
bone	1
bondsman	1
bond	1
bon	1
bombazine	1
bom	1
bolton	1
bolt	1
bole	1
boldly	1
bold	1
boileau	1
boding	1
bob	1
boasted	1
blushing	1
blundered	1
bluer	1
blows	1
blotter	1
blot	1
blistered	1
blinded	1
blessings	1
bleed	1
bleat	1
bleak	1
blanching	1
blanche	1
blade	1
blacksmith	1
blackmoor	1
bitterness	1
bitterest	1
bit	1
bishops	1
billows	1
bijou	1
biers	1
bewitching	1
beware	1
bevis	1
betters	1
bethlehem	1
bestial	1
beshrew	1
bertha	1
bernardine	1
berger	1
berg	1
berecynthian	1
benignly	1
benefit	1
benedick	1
bend	1
ben	1
belted	1
below	1
belongs	1
belong	1
bellerophonte	1
begun	1
begone	1
beg	1
befitting	1
beersheba	1
beer	1
beef	1
bee	1
becoming	1
beaux	1
beautiful	1
beatitude	1
beaten	1
beasts	1
bears	1
bearing	1
bean	1
beams	1
bead	1
bawl	1
battle	1
battered	1
bathed	1
batches	1
basking	1
basin	1
basement	1
base	1
bart	1
barriers	1
barons	1
bark	1
barely	1
bared	1
bards	1
barbed	1
barbarian	1
banks	1
banished	1
banged	1
bane	1
band	1
ballet	1
ball	1
bald	1
baker	1
bah	1
bagshot	1
baggage	1
bag	1
badge	1
bade	1
bad	1
b	1
azure	1
aylmer	1
aye	1
awkward	1
awake	1
aves	1
average	1
aver	1
ave	1
autumn	1
authentic	1
austere	1
aurum	1
aultres	1
attendre	1
attempting	1
assured	1
assumed	1
assembly	1
aspirings	1
aspire	1
asleep	1
askew	1
aside	1
ashes	1
ascribed	1
artless	1
artillery	1
artemis	1
arrow	1
arrogant	1
array	1
army	1
arms	1
arming	1
aright	1
ardour	1
ardent	1
arc	1
arbour	1
apron	1
appropriateness	1
approaching	1
apples	1
applauded	1
appetite	1
appear	1
appealed	1
appeal	1
apology	1
ape	1
antoine	1
antique	1
answered	1
anserine	1
another	1
anon	1
announced	1
annotate	1
ankles	1
anger	1
angelas	1
and"couriers	1
anchors	1
amy	1
amorous	1
amor	1
amiss	1
ambiguous	1
altered	1
alp	1
aloud	1
alms	1
almost	1
almoner	1
almond	1
allude	1
allons	1
alleged	1
alike	1
alice	1
alert	1
alchemy	1
alcestis	1
ajax	1
ails	1
aids	1
aiding	1
aid	1
ai	1
agitation	1
ages	1
aged	1
aganippe	1
afterthought	1
afore	1
affright	1
afford	1
affliction	1
affects	1
aesthetics	1
advent	1
ads	1
adriatic	1
adoration	1
admired	1
adieu	1
adequately	1
aden	1
addresses	1
addle	1
adding	1
add	1
actseon	1
acres	1
acquaintance	1
acorn	1
aching	1
ache	1
accoutred	1
accomplished	1
abroad	1
abide	1
abhorrence	1
abba	1
a.d	1
a-la-mode	1
]	1
\iyou	1
?...	1
?-	1
0/"detroy	1
/	1
.}	1
.]	1
.;	1
.,	1
.),	1
.")	1
."'	1
*	1
);	1
(!)	1
',	1
''	1
'"	1
"/«	1
"...	1
!-	1
!':	1
!'	1
!")	1
!"'	1
