,	2550
the	1793
and	957
of	939
.	748
;	487
to	450
in	426
thy	380
|'s|	351
a	319
!	306
for	280
is	266
thou	257
o	244
that	239
with	229
—	207
on	196
are	180
thee	178
?	168
"	164
by	158
not	151
when	150
from	150
our	144
his	144
we	143
i	143
but	140
'	135
her	130
he	124
life	123
was	113
my	108
no	107
be	105
there	102
have	99
one	96
over	95
shall	94
as	91
all	90
hath	89
me	87
may	87
it	83
they	82
yet	81
oh	81
heaven	81
who	80
day	80
where	76
their	76
or	76
thine	75
at	75
god	74
light	73
ye	72
still	71
us	69
now	68
land	68
will	67
this	66
dear	64
soul	63
love	61
rest	60
home	60
holy	60
world	58
would	57
come	56
blessed	56
years	55
feet	55
down	55
art	55
were	53
then	53
heart	52
so	51
lord	51
through	50
."	50
what	49
these	49
prayer	49
like	49
:	49
night	48
hand	48
face	48
even	48
never	47
eyes	47
long	46
bright	46
sweet	45
fair	45
divine	44
dead	44
sun	43
she	43
nor	43
old	42
each	42
own	41
flowers	41
how	40
tis	39
new	39
eternal	39
white	38
souls	38
little	38
its	38
an	38
again	38
spirit	37
hast	37
|arabic3digit|	36
some	36
sin	36
hands	36
give	36
than	35
more	35
him	35
work	34
paradise	34
once	34
hour	34
altar	34
above	34
within	33
peace	33
far	33
crown	33
time	32
earth	32
did	32
city	32
while	31
virgin	31
tears	31
many	31
know	30
had	30
doth	30
done	30
awful	30
ere	29
before	29
away	29
neath	28
hills	28
first	28
see	27
mother	27
morning	27
mid	27
last	27
joy	27
great	27
ever	27
can	27
brow	27
beneath	27
been	27
voice	26
till	26
son	26
said	26
kiss	26
grace	26
full	26
dark	26
though	25
them	25
tell	25
strange	25
pure	25
near	25
faith	25
|arabic2digit|	24
yon	24
year	24
whose	24
well	24
unto	24
since	24
saints	24
garden	24
days	24
wild	23
saw	23
meet	23
green	23
golden	23
glory	23
death	23
cross	23
angels	23
true	22
sleep	22
sea	22
sacred	22
pale	22
must	22
friend	22
dim	22
weary	21
upon	21
up	21
too	21
might	21
laid	21
if	21
hymn	21
grief	21
evening	21
didst	21
church	21
two	20
shrine	20
here	20
hearts	20
cold	20
beautiful	20
toil	19
thought	19
strife	19
round	19
only	19
lips	19
hours	19
desert	19
bliss	19
today	18
thyself	18
say	18
rise	18
race	18
mountain	18
mine	18
lie	18
let	18
human	18
high	18
grave	18
eden	18
around	18
without	17
street	17
silent	17
path	17
iona	17
hill	17
father	17
earthly	17
door	17
deep	17
calm	17
|arabic1digit|	16
veil	16
triumph	16
throne	16
stand	16
sorrow	16
set	16
sad	16
place	16
fall	16
faithful	16
crowned	16
brief	16
breast	16
bird	16
amid	16
alone	16
worn	15
vision	15
veiled	15
trees	15
serene	15
promise	15
pray	15
man	15
knew	15
heard	15
good	15
gold	15
eternity	15
child	15
came	15
breeze	15
bless	15
better	15
ancient	15
air	15
afternoon	15
whence	14
welcome	14
waves	14
storm	14
stars	14
splendour	14
sons	14
queen	14
poor	14
onward	14
memory	14
hope	14
hear	14
go	14
glorious	14
flower	14
fail	14
die	14
clouds	14
tree	13
praise	13
past	13
low	13
head	13
greet	13
fears	13
everlasting	13
dying	13
brother	13
bride	13
bowers	13
!"	13
young	12
won	12
wilt	12
which	12
weeping	12
way	12
twas	12
threshold	12
those	12
shine	12
saint	12
risen	12
prove	12
other	12
ones	12
need	12
nearer	12
lives	12
leaves	12
goal	12
gaze	12
favoured	12
dost	12
cloistered	12
bring	12
beloved	12
beauty	12
your	11
words	11
whom	11
ways	11
vernal	11
trembling	11
touch	11
temple	11
tear	11
soon	11
skies	11
sign	11
shalt	11
seas	11
santa	11
rood	11
promised	11
perchance	11
passed	11
pass	11
pain	11
mystery	11
mournful	11
morn	11
moon	11
midst	11
men	11
loved	11
kind	11
keep	11
joys	11
israel	11
happy	11
grow	11
gifts	11
fold	11
fields	11
evermore	11
easter	11
dove	11
celestial	11
blood	11
bear	11
another	11
win	10
wait	10
vine	10
very	10
trod	10
thousand	10
think	10
take	10
spread	10
side	10
scarce	10
saviour	10
run	10
rose	10
restless	10
reach	10
pillow	10
peaceful	10
palm	10
out	10
ours	10
music	10
lone	10
living	10
lily	10
king	10
jesus	10
iron	10
into	10
heavenly	10
hail	10
glen	10
gift	10
fire	10
fast	10
dull	10
died	10
diadem	10
called	10
bitter	10
bells	10
behold	10
ask	10
agony	10
age	10
wings	9
why	9
wave	9
wake	9
waiting	9
visions	9
twenty	9
turn	9
tomorrow	9
tomb	9
three	9
tabor	9
swept	9
sunshine	9
suns	9
spirits	9
sorrows	9
smile	9
sky	9
silence	9
sight	9
shriven	9
shadow	9
seraphim	9
seen	9
sacrifice	9
reverent	9
radiant	9
quiet	9
prayers	9
palestine	9
orient	9
ocean	9
nest	9
mount	9
mortal	9
mists	9
mighty	9
live	9
lit	9
lent	9
left	9
lay	9
journey	9
hopes	9
holiest	9
hearth	9
half	9
free	9
forth	9
fled	9
fill	9
fearful	9
fear	9
fanned	9
fallen	9
fain	9
deathbed	9
dawn	9
could	9
clasped	9
clad	9
care	9
brows	9
bosom	9
balm	9
babe	9
aye	9
arms	9
ah	9
youth	8
winged	8
weep	8
waters	8
warm	8
understand	8
supernal	8
summer	8
spring	8
song	8
sinai	8
should	8
sheaves	8
sentinel	8
san	8
same	8
phoenix	8
perfect	8
penitential	8
notes	8
midday	8
memories	8
look	8
lonely	8
levi	8
lamps	8
kneeling	8
jacob	8
infinite	8
homes	8
hide	8
groves	8
grant	8
gone	8
gentle	8
form	8
fixed	8
find	8
few	8
fell	8
feel	8
faint	8
eyed	8
eve	8
dreary	8
dread	8
darkness	8
cup	8
cradle	8
coming	8
blue	8
beside	8
baby	8
adore	8
wreath	7
wouldst	7
winds	7
wills	7
wherefore	7
victory	7
vanished	7
vale	7
tranquil	7
tonight	7
thoughts	7
things	7
talents	7
sunday	7
strong	7
steep	7
star	7
sown	7
shut	7
shone	7
shadowy	7
servant	7
sent	7
seat	7
s	7
royal	7
rim	7
requiems	7
rays	7
psalm	7
power	7
pitying	7
pause	7
paths	7
pastures	7
part	7
often	7
none	7
name	7
mystic	7
mysterious	7
moment	7
midnight	7
melody	7
mary	7
maria	7
mar	7
make	7
maiden	7
loving	7
loss	7
lingering	7
lights	7
lift	7
laughing	7
june	7
jerusalem	7
hot	7
health	7
hallowed	7
grey	7
gleam	7
gethsemane	7
gently	7
gazing	7
gazed	7
gate	7
fresh	7
firmament	7
feast	7
farewell	7
eye	7
exceeding	7
entered	7
echo	7
drink	7
draw	7
doubt	7
doomed	7
do	7
children	7
burden	7
brighter	7
breath	7
brain	7
blaze	7
bid	7
begun	7
beat	7
back	7
ark	7
angel	7
am	7
ages	7
adorning	7
across	7
*	7
wondering	6
woe	6
wise	6
wintery	6
wine	6
wide	6
wearied	6
wayward	6
water	6
wast	6
tune	6
throng	6
thorns	6
thorn	6
taken	6
swifter	6
surely	6
strewn	6
steal	6
stair	6
splendours	6
sought	6
soothe	6
soft	6
smiled	6
small	6
sing	6
send	6
seek	6
scattered	6
salve	6
safe	6
rolled	6
resurrection	6
reap	6
realms	6
rather	6
quivering	6
primal	6
presence	6
prayed	6
pour	6
portal	6
penance	6
patient	6
page	6
nigh	6
mind	6
mercy	6
meeting	6
maids	6
maid	6
lowly	6
lilies	6
leave	6
lands	6
jesu	6
immemorial	6
hold	6
hadst	6
gloria	6
glens	6
glade	6
gates	6
galilee	6
funeral	6
foretaste	6
footsteps	6
follow	6
filled	6
every	6
ethereal	6
et	6
end	6
eager	6
dwelling	6
dowers	6
daughter	6
court	6
consecrated	6
clear	6
churchyard	6
chase	6
changed	6
chamber	6
central	6
carry	6
canst	6
canaan	6
birds	6
beyond	6
best	6
bending	6
beach	6
apart	6
anguish	6
afar	6
abraham	6
.'	6
wondrous	5
went	5
watch	5
walk	5
vainly	5
vain	5
utmost	5
until	5
unknown	5
undefiled	5
unclouded	5
traveller	5
tide	5
thrones	5
tender	5
sunny	5
sublime	5
stretch	5
strength	5
streets	5
stored	5
spotless	5
sometimes	5
solemn	5
slowly	5
slow	5
shrink	5
shower	5
shining	5
shed	5
sharp	5
shadows	5
seem	5
seeds	5
sealed	5
seal	5
save	5
rugged	5
robes	5
river	5
rising	5
ring	5
requiem	5
rejoice	5
purple	5
prostrate	5
pride	5
prepared	5
palms	5
olive	5
offer	5
nuns	5
nights	5
narrow	5
most	5
moments	5
miss	5
messenger	5
made	5
lying	5
loveliness	5
lost	5
longing	5
lebanon	5
laden	5
kissed	5
isle	5
implore	5
impart	5
hung	5
himself	5
guide	5
graves	5
glance	5
glades	5
glad	5
gardens	5
gale	5
food	5
flow	5
floor	5
flesh	5
flashed	5
fervent	5
fertile	5
familiar	5
falter	5
excelsis	5
erin	5
enough	5
embrace	5
eaves	5
dream	5
domes	5
depart	5
deck	5
cruel	5
crowns	5
comes	5
close	5
climbed	5
clasp	5
choir	5
cell	5
ceiling	5
cast	5
caressed	5
cannot	5
call	5
burning	5
buried	5
breezes	5
breathed	5
brave	5
bought	5
bleeding	5
blazing	5
bier	5
bend	5
bed	5
aureole	5
altars	5
youthful	4
wreaths	4
worse	4
word	4
wooed	4
wind	4
wherever	4
weariness	4
wear	4
weal	4
walks	4
wakening	4
waft	4
victor	4
vast	4
vanishing	4
valleys	4
upward	4
uplifted	4
unveiled	4
twilight	4
turning	4
trouble	4
town	4
told	4
tired	4
thursday	4
thrill	4
thirty	4
thing	4
th	4
terrible	4
ten	4
taught	4
tale	4
sword	4
sweetness	4
sunset	4
sunlit	4
such	4
success	4
stranger	4
steed	4
spouse	4
spheres	4
speak	4
sparkling	4
southern	4
sixty	4
sinless	4
shore	4
shame	4
sees	4
seems	4
saying	4
sacrament	4
rude	4
rills	4
reward	4
return	4
resting	4
repose	4
red	4
reaper	4
ready	4
ray	4
rapture	4
ransomed	4
rain	4
quick	4
poured	4
pity	4
pinions	4
pilgrims	4
peopled	4
peerless	4
pathway	4
paternal	4
passion	4
parting	4
paradisal	4
opening	4
offered	4
off	4
o'clock	4
northern	4
mysteries	4
monotone	4
mist	4
mayest	4
matin	4
martyr	4
marco	4
march	4
lovelier	4
lot	4
longed	4
lived	4
linger	4
laugh	4
knelt	4
kings	4
just	4
judge	4
jonas	4
ivy	4
italy	4
inmost	4
indeed	4
incarnation	4
immortal	4
image	4
higher	4
hidden	4
heritage	4
height	4
hebrides	4
healing	4
harvest	4
graces	4
gorgeous	4
gloom	4
glittering	4
gleaming	4
girt	4
genius	4
gave	4
frontier	4
friends	4
fragrance	4
flee	4
flash	4
five	4
fireside	4
fires	4
fine	4
fierce	4
fellowmen	4
features	4
fame	4
false	4
falling	4
fadeless	4
envy	4
enter	4
enfold	4
emerald	4
echoing	4
echoed	4
early	4
dwell	4
dreams	4
dreaming	4
downward	4
doors	4
dew	4
decay	4
dale	4
curtains	4
country	4
count	4
cottage	4
complete	4
cloister	4
censers	4
calvary	4
brought	4
broken	4
bridal	4
brethren	4
bower	4
bore	4
blessing	4
between	4
bell	4
battle	4
bands	4
awhile	4
asleep	4
appeal	4
anthems	4
anthem	4
alleluias	4
ago	4
afraid	4
absolution	4
aaron	4
•	3
yours	3
yesterday	3
woods	3
wonder	3
withered	3
wisdom	3
winter	3
wing	3
wilderness	3
wife	3
wet	3
weighed	3
weeks	3
weave	3
walls	3
wailing	3
wail	3
wafted	3
vow	3
volume	3
vista	3
vanquished	3
uplift	3
unseen	3
unfold	3
unfinished	3
twixt	3
turf	3
triumphed	3
tried	3
treasures	3
tread	3
touched	3
together	3
thickly	3
therefore	3
taste	3
task	3
tarry	3
t	3
swiftly	3
sweeter	3
surrender	3
stream	3
straight	3
stood	3
stone	3
stirred	3
steeped	3
stealing	3
stay	3
standing	3
stained	3
stain	3
spoken	3
speed	3
special	3
sound	3
soothed	3
songs	3
softly	3
sod	3
slept	3
sister	3
sins	3
silver	3
sighs	3
sigh	3
showers	3
shouldst	3
shattered	3
shade	3
severed	3
setting	3
secrecy	3
scorning	3
sawest	3
santo	3
sails	3
rush	3
roamed	3
rings	3
reverence	3
remember	3
regret	3
region	3
read	3
reached	3
radiance	3
quickly	3
prosperous	3
proffered	3
powers	3
portion	3
poet	3
plain	3
pilgrim	3
pierce	3
pharao	3
peep	3
paused	3
patriarch	3
patience	3
pastoral	3
passing	3
paschal	3
pall	3
painter	3
pages	3
overwhelming	3
oft	3
oblation	3
obedient	3
nursery	3
nothing	3
north	3
noon	3
newborn	3
natures	3
nahor	3
mystical	3
murmuring	3
moses	3
moriah	3
moonlight	3
months	3
moan	3
mirth	3
miriam	3
ministrations	3
minister	3
met	3
message	3
meets	3
may'st	3
master	3
marie	3
marble	3
lux	3
lowliest	3
lovely	3
looked	3
listening	3
links	3
link	3
lightning	3
lifted	3
lest	3
less	3
languid	3
lambs	3
lamb	3
ladder	3
known	3
knowing	3
kindly	3
kindling	3
keeping	3
jewels	3
jephte	3
isaac	3
intense	3
incense	3
imaged	3
ill	3
hunger	3
hundred	3
house	3
holier	3
heroic	3
hemispheres	3
heights	3
heavy	3
heather	3
has	3
harp	3
haply	3
grown	3
ground	3
grille	3
griefs	3
grew	3
grain	3
glow	3
glorias	3
glide	3
giveth	3
gilead	3
gem	3
gathered	3
garners	3
garlands	3
gain	3
gabriel	3
freed	3
fragile	3
fountain	3
found	3
forlorn	3
floats	3
final	3
feverish	3
felt	3
feasts	3
fairest	3
failure	3
failed	3
faded	3
fade	3
faced	3
eventide	3
eucharistic	3
entwine	3
enkindled	3
empires	3
else	3
eleazar	3
duty	3
dust	3
drops	3
drear	3
dower	3
does	3
distant	3
dight	3
dews	3
devotion	3
destiny	3
deeper	3
deem	3
deed	3
dedication	3
dearest	3
dearer	3
dazzling	3
darling	3
dare	3
cry	3
croce	3
creature	3
courts	3
common	3
comfort	3
circle	3
christ	3
chime	3
chilly	3
cherubim	3
cheer	3
charm	3
certain	3
ceased	3
cease	3
campo	3
calmly	3
calling	3
buds	3
break	3
book	3
body	3
blossoms	3
blossoming	3
bloom	3
bleak	3
blast	3
blame	3
bewail	3
below	3
behind	3
beheld	3
begin	3
befitting	3
beclouded	3
beatitude	3
banquet	3
banished	3
band	3
awoke	3
awake	3
aspire	3
asking	3
arise	3
apennine	3
anxious	3
answered	3
answer	3
anointed	3
annunciation	3
anna	3
angelic	3
ammon	3
alverna	3
also	3
after	3
(	3
!)	3
|romannumeral|	2
|arabic5+digit|	2
yearning	2
yearned	2
writer	2
wreathed	2
wrath	2
would'st	2
worm	2
works	2
wonderful	2
woman	2
wold	2
wish	2
winning	2
willing	2
wiliest	2
widow	2
wherein	2
west	2
wept	2
wending	2
weight	2
week	2
wedding	2
wedded	2
web	2
wearily	2
waving	2
watched	2
wasted	2
warrior	2
warmth	2
wane	2
wanderer	2
wander	2
waited	2
wafts	2
vineyards	2
vigour	2
vigorous	2
vigil	2
victorious	2
vestures	2
vestibule	2
vested	2
vesperi	2
verdure	2
veins	2
vague	2
vacant	2
utter	2
upper	2
unwounded	2
unwearied	2
unuttered	2
untrustful	2
untrodden	2
untouched	2
unrolled	2
unforgotten	2
unfettered	2
unfamiliar	2
unfallen	2
undreamed	2
undimmed	2
unction	2
unbroken	2
unborn	2
unbeguiled	2
unapproached	2
tyre	2
turned	2
trust	2
trophies	2
triumphant	2
traced	2
towers	2
tomes	2
toils	2
tight	2
thunder	2
throwing	2
throw	2
thrills	2
thirsting	2
thirst	2
tents	2
temptation	2
tempore	2
tempest	2
tamarisk	2
swift	2
sweep	2
sweat	2
swallow	2
surround	2
sunsets	2
summits	2
struck	2
strive	2
stripped	2
string	2
stricken	2
strewed	2
streams	2
storms	2
store	2
stones	2
stir	2
stilled	2
stern	2
steeps	2
state	2
starlike	2
sprinkling	2
springtide	2
spoke	2
spell	2
span	2
space	2
sow	2
south	2
sore	2
solitude	2
soil	2
softer	2
soared	2
snow	2
slave	2
sink	2
sinful	2
silently	2
signet	2
sickness	2
sickly	2
shrinking	2
shrines	2
show	2
ship	2
shield	2
shekinah	2
shades	2
seton	2
servants	2
seed	2
secrets	2
secret	2
scornful	2
scorn	2
scorching	2
scorched	2
science	2
scent	2
scathed	2
sands	2
sand	2
sanctus	2
salvation	2
sake	2
saintly	2
sadness	2
sacramental	2
ruthless	2
rushing	2
runs	2
ruined	2
rosy	2
roses	2
roll	2
rod	2
roam	2
rites	2
rigorous	2
rife	2
rich	2
reverently	2
revealed	2
rested	2
resignation	2
resign	2
reparata	2
rent	2
relief	2
reign	2
refrain	2
reflex	2
redressed	2
redeemer	2
recall	2
realm	2
rarely	2
rapturous	2
raindrops	2
rainbow	2
races	2
queens	2
quaint	2
put	2
psalms	2
proved	2
proud	2
prophet	2
privileged	2
prisoners	2
prime	2
primaeval	2
priests	2
priest	2
price	2
press	2
possession	2
portals	2
planted	2
planets	2
plan	2
placed	2
pinion	2
pierced	2
phantom	2
perilous	2
perfumes	2
perfumed	2
per	2
penitent	2
penal	2
pebbly	2
paved	2
pasts	2
parent	2
pardon	2
parched	2
pallid	2
paint	2
paid	2
pace	2
outspread	2
ourselves	2
others	2
opened	2
open	2
olives	2
nought	2
notre	2
nos	2
nook	2
noble	2
nile	2
needest	2
nebo	2
nature	2
native	2
myrrh	2
much	2
mrs	2
moved	2
mourn	2
mountains	2
moons	2
modern	2
misereres	2
ministered	2
mingled	2
mingle	2
milk	2
miles	2
mightest	2
midian	2
messengers	2
meekness	2
measure	2
mean	2
maternity	2
marvel	2
mart	2
mansion	2
manhood	2
magnify	2
magdalene	2
lured	2
lure	2
lullaby	2
loves	2
lotus	2
lore	2
looks	2
lonelier	2
litanies	2
liquid	2
lion	2
limbs	2
lifetime	2
lies	2
libera	2
learning	2
learned	2
lead	2
law	2
laughter	2
laudations	2
lane	2
lamp	2
labyrinthine	2
knit	2
knife	2
knell	2
kneel	2
kirkyard	2
kindred	2
kindness	2
kin	2
keen	2
justice	2
judah	2
journeys	2
issues	2
islands	2
irish	2
inspired	2
inspiration	2
inkling	2
index	2
increase	2
incompleteness	2
incarnate	2
imperial	2
hymns	2
humble	2
hosts	2
horses	2
horeb	2
hor	2
hopeless	2
honey	2
homestead	2
holyrood	2
hides	2
henceforth	2
helpless	2
hebrew	2
heathen	2
heat	2
hearths	2
hearest	2
haze	2
having	2
hastened	2
hasten	2
harvests	2
harps	2
hard	2
happier	2
hailed	2
guardian	2
grows	2
grim	2
greeting	2
grass	2
grasp	2
granted	2
grand	2
goodly	2
goodbye	2
going	2
gods	2
glowing	2
glorified	2
glories	2
glides	2
gleams	2
glamour	2
gladly	2
gives	2
gild	2
genial	2
gems	2
garnered	2
garner	2
gained	2
future	2
fulfilled	2
fruits	2
fruitful	2
fruit	2
fringed	2
fret	2
freely	2
framed	2
frail	2
forty	2
forgiveness	2
forget	2
foretastes	2
folly	2
fluttering	2
flowing	2
flowerets	2
florence	2
floods	2
flood	2
flew	2
flashes	2
flames	2
flame	2
fit	2
fish	2
fiore	2
finished	2
filippo	2
festival	2
fed	2
faultless	2
fashioned	2
farewells	2
fane	2
falls	2
facade	2
f	2
express	2
expectant	2
existence	2
evil	2
evangel	2
erit	2
ephod	2
endless	2
ended	2
eis	2
eight	2
egypt	2
ecstasy	2
echoes	2
earnest	2
dusky	2
dumbarton	2
drop	2
drooping	2
drew	2
drenched	2
dreariness	2
drawn	2
doubts	2
domine	2
doing	2
disembodied	2
diadems	2
dewy	2
dewdrops	2
despised	2
despair	2
desire	2
depths	2
depth	2
departed	2
delightful	2
del	2
dei	2
dedicated	2
decrees	2
daze	2
daughters	2
darkening	2
darkened	2
damp	2
curtain	2
crystalline	2
crying	2
creatures	2
creation	2
crave	2
crash	2
coronation	2
corn	2
cool	2
conquered	2
confound	2
confession	2
compline	2
communion	2
commission	2
columba	2
cloud	2
cloisters	2
clock	2
climb	2
clay	2
cinctures	2
choose	2
choirs	2
chimes	2
chill	2
cheeks	2
check	2
chastened	2
change	2
chalice	2
chained	2
cerements	2
centuries	2
censer	2
cells	2
campaign	2
camp	2
camels	2
burns	2
burn	2
build	2
brown	2
brothers	2
brood	2
broke	2
broad	2
brightly	2
bridegroom	2
bread	2
branches	2
boundless	2
born	2
border	2
bloodless	2
blessings	2
blend	2
blank	2
bitterness	2
birthday	2
bethlehem	2
benignant	2
benediction	2
beds	2
barren	2
banks	2
balances	2
backward	2
babes	2
awaking	2
awaken	2
aureoles	2
assumption	2
assail	2
asks	2
aside	2
ash	2
aroer	2
appointed	2
appears	2
apollo	2
any	2
antonino	2
amazing	2
along	2
almost	2
almighty	2
aisles	2
aid	2
agnes	2
affray	2
aeolian	2
adored	2
accept	2
absolved	2
absolve	2
abide	2
abel	2
''	2
„"	1
|arabicprice|	1
zone	1
zion	1
zenith	1
zabulon	1
you	1
yields	1
yield	1
yesternight	1
yearnings	1
yearn	1
xystus	1
wrought	1
written	1
write	1
wrinkled	1
wrecked	1
wrathfully	1
woven	1
wove	1
wounds	1
worship	1
worketh	1
wore	1
wood	1
woo	1
women	1
womb	1
wives	1
wits	1
witness	1
withhold	1
withering	1
withdrawn	1
withdraw	1
wistful	1
wiser	1
wire	1
wiped	1
wipe	1
windows	1
window	1
winding	1
wiles	1
wile	1
wildest	1
wickedness	1
wicked	1
whosoever	1
whoso	1
whispers	1
whispering	1
whispered	1
whisper	1
whirlwind	1
whereto	1
wheel	1
whatever	1
western	1
wend	1
well-known	1
welfare	1
welcomed	1
weird	1
weeps	1
wednespay	1
wednesday	1
wean	1
wealth	1
weakness	1
weak	1
waxing	1
wax	1
watery	1
watches	1
wash	1
warriors	1
warmest	1
warbleth	1
warble	1
war	1
wanting	1
wanest	1
wandering	1
wan	1
walketh	1
waking	1
wakes	1
wakenings	1
waken	1
waked	1
waits	1
waiteth	1
wails	1
w1th1n	1
vvhen	1
vowed	1
voluptuous	1
voluntatis	1
voluntas	1
voiceless	1
visionary	1
virgins	1
virginity	1
virginal	1
violets	1
violet	1
victim	1
viaticum	1
vesture	1
vestments	1
vestal	1
vesper	1
verses	1
verdicts	1
venturing	1
ventures	1
venture	1
venice	1
venezia	1
vapours	1
valois	1
valetudinarian	1
valerian	1
vail	1
uttered	1
utopia	1
ushered	1
uptaking	1
upraising	1
unwavering	1
unveiling	1
unveil	1
unvanquished	1
untold	1
unsung	1
unspeakable	1
unscorched	1
unscathed	1
unroll	1
unrift	1
unrest	1
unreluctant	1
unpitying	1
unmingled	1
unloved	1
unlearn	1
unheard	1
ungratified	1
unfeigned	1
unearthly	1
undone	1
undisturbed	1
understands	1
undernotes	1
undented	1
undazzled	1
uncouth	1
unconcealed	1
uncommon	1
unclosing	1
unclosed	1
unchanging	1
uncertainty	1
unbodied	1
unbarred	1
unaccustomed	1
umbria	1
twining	1
twined	1
twine	1
twill	1
twice	1
twere	1
twelve	1
tuse	1
tuscan	1
turns	1
tuos	1
tunes	1
tumult	1
tuam	1
tuae	1
try	1
truthful	1
truth	1
trustful	1
trumps	1
troubling	1
troubles	1
troubled	1
triune	1
triumphs	1
triumphal	1
trinity	1
trims	1
trim	1
triclinium	1
trickle	1
tribunal	1
tribulation	1
trial	1
treasurest	1
treasured	1
travelled	1
travail	1
transparent	1
transformed	1
transept	1
transcendental	1
traitors	1
traitor	1
train	1
tract	1
trace	1
towards	1
tourraine	1
tournament	1
touching	1
tossed	1
toss	1
torturers	1
tortured	1
torture	1
torn	1
torment	1
tore	1
topgallant	1
top	1
took	1
tongue	1
tone	1
tolled	1
toll	1
toiling	1
toiled	1
tjie	1
title	1
times	1
timbrel	1
tightly	1
tidings	1
tides	1
tideless	1
thundering	1
thunderbolt	1
thrown	1
throughout	1
thronging	1
thronged	1
throbs	1
throbbing	1
throb	1
thrilled	1
thrice	1
threw	1
thrall	1
thinly	1
thinking	1
thin	1
theirs	1
thankfulness	1
testament	1
terror	1
terrestrial	1
terra	1
teris	1
teresa	1
tented	1
tent	1
tenebrse	1
tenebrae	1
tenderly	1
tended	1
tend	1
tempter	1
tempted	1
temptations	1
tempt	1
tempestuous	1
tempests	1
temper	1
telling	1
telegraph	1
tearless	1
teaching	1
teach	1
tea	1
tasks	1
tartan	1
tapers	1
tame	1
table	1
t1s	1
t1me	1
syracuse	1
sympathy	1
symbol	1
sylph	1
swell	1
sweetly	1
sweeps	1
sweeping	1
swallows	1
swallowing	1
surrounding	1
surpassing	1
surer	1
sure	1
supreme	1
superfluous	1
superexaltetur	1
sunrise	1
sunlight	1
sung	1
sultry	1
suffered	1
suffer	1
suddenly	1
succour	1
successes	1
sublimer	1
subjects	1
stunning	1
stubborn	1
strung	1
struggle	1
stronger	1
striven	1
strings	1
stretching	1
stretches	1
stretched	1
strengthening	1
strained	1
strain	1
stra1ght	1
story	1
stormy	1
stores	1
stolen	1
stirring	1
stirling	1
sting	1
sternum	1
step	1
steered	1
steel	1
stealeth	1
steadfast	1
staunched	1
stately	1
start	1
standeth	1
standest	1
stairway	1
stains	1
squandered	1
squalors	1
spurn	1
sprinkled	1
sprinkle	1
spreadeth	1
spot	1
sport	1
splendid	1
spilled	1
spicy	1
sphered	1
spent	1
speeds	1
speeding	1
sped	1
sparrow	1
sparks	1
spake	1
sovereign	1
sounds	1
soundeth	1
sorrowful	1
sootheth	1
soothes	1
sooner	1
somewhere	1
something	1
someone	1
solved	1
solve	1
solitary	1
solemnly	1
sold	1
soaring	1
smoothing	1
smoking	1
smiles	1
slumbering	1
sleepless	1
sleeping	1
slanting	1
skill	1
sixteen	1
sire	1
sion	1
sinned	1
singing	1
singer	1
simeon	1
silvery	1
silken	1
signest	1
sighted	1
sighing	1
sighed	1
sibyl	1
shrunk	1
shrouds	1
shrouding	1
shroudeth	1
shrill	1
shrieks	1
shrank	1
shown	1
shipwrecks	1
shields	1
shepherds	1
shepherd	1
sheltered	1
sheffield	1
sheets	1
sheet	1
sheaf	1
share	1
shadowing	1
sever	1
seventy	1
sevenfold	1
seven	1
settled	1
seternam	1
setemam	1
serve	1
sere	1
seraphs	1
septuagesima	1
september	1
sentence	1
sensual	1
senses	1
sense	1
self	1
seer	1
seemed	1
seeing	1
securest	1
sects	1
secondly	1
season	1
scroll	1
scots	1
scotland	1
scorner	1
scintillate	1
school	1
schemes	1
scenes	1
scatter	1
scathe	1
scarcely	1
scant	1
scanned	1
says	1
savage	1
saturday	1
satan	1
sapphire	1
sant	1
sank	1
sang	1
sanctity	1
sanctissimum	1
sanctissima	1
salute	1
salutation	1
salt	1
saintliness	1
saintlike	1
sailed	1
sages	1
safely	1
safeguard	1
sadly	1
sacristy	1
sacrificial	1
sacramentum	1
sacraments	1
sacerdotal	1
sabbaths	1
sabbath	1
s1na1	1
rustle	1
running	1
rule	1
ruins	1
ruffle	1
rowans	1
rowan	1
rough	1
rosesand	1
root	1
rooms	1
room	1
ronsardand	1
rome	1
rock	1
robe	1
roaring	1
roared	1
roar	1
roamest	1
road	1
riviera	1
rivers	1
riven	1
riper	1
ringing	1
righteousness	1
right	1
rifted	1
rift	1
rheims	1
reviving	1
revives	1
reversing	1
revered	1
rever	1
revellers	1
revelation	1
reunion	1
reuben	1
returneth	1
returned	1
rests	1
restore	1
restful	1
resplendent	1
respect	1
resolutions	1
resigned	1
rereward	1
require	1
reply	1
repeating	1
repeat	1
repaid	1
remotely	1
remnant	1
remembrances	1
rememberest	1
reluctant	1
release	1
reinnette	1
reine	1
reigns	1
reigned	1
regretful	1
regions	1
regal	1
refreshed	1
refresh	1
refined	1
refine	1
refer	1
reeds	1
reed	1
redemption	1
redeemed	1
recompense	1
recollection	1
recognise	1
recked	1
received	1
rebuke	1
rebecca	1
reaping	1
reaped	1
reachest	1
ravine	1
raptures	1
range	1
rang	1
random	1
ran	1
rambled	1
raising	1
raise	1
rage	1
radiancy	1
r	1
quiver	1
quitting	1
quite	1
quia	1
quake	1
q	1
pyre	1
purity	1
purifying	1
purify	1
purgatorial	1
purest	1
pulvis	1
pulverem	1
pulse	1
public	1
province	1
provided	1
provide	1
proves	1
prosaic	1
procession	1
prize	1
privilege	1
prisoned	1
prison	1
presumptuous	1
present	1
presanctified	1
prepare	1
preludes	1
prelude	1
predestined	1
pre	1
praying	1
praises	1
pours	1
pouring	1
port	1
poorer	1
ponderous	1
pompeii	1
pollution	1
poets	1
plume	1
pluck	1
plenty	1
pled	1
pleasures	1
pleasure	1
pleasant	1
pleading	1
played	1
play	1
plants	1
planned	1
plains	1
places	1
pitiless	1
pitcher	1
pink	1
pine	1
pillowed	1
pigeons	1
piercing	1
pictures	1
picts	1
photograph	1
philosopher	1
philanthropies	1
pharisees	1
pharaos	1
phantoms	1
petition	1
petals	1
perpetua	1
peristyle	1
perfume	1
perched	1
people	1
penitents	1
penetrated	1
peers	1
peer	1
peeping	1
pearly	1
peal	1
peacefulness	1
pay	1
pax	1
pavilions	1
pauseth	1
pauper	1
patron	1
patriot	1
patrick	1
pathways	1
paters	1
pated	1
passionem	1
passionate	1
passes	1
parts	1
partings	1
parterres	1
parental	1
papa	1
pangs	1
pang	1
palls	1
paled	1
palaces	1
pacific	1
paced	1
p	1
owns	1
owning	1
owned	1
overwhelms	1
overcast	1
outpoured	1
outer	1
osiris	1
orpheus	1
orphan	1
oriflamme	1
oriental	1
ordained	1
orb	1
omnibus	1
omission	1
olympus	1
oleander	1
olden	1
ointment	1
oil	1
ofttimes	1
offerings	1
obituary	1
oars	1
o^santa	1
o'erpassed	1
o'erhead	1
note	1
northeast	1
noontide	1
noons	1
noonday	1
noiseless	1
nipped	1
nineveh	1
nine	1
nimbus	1
nightly	1
newly	1
netherbow	1
nestle	1
nerves	1
nepthali	1
neglected	1
needed	1
nearness	1
nearest	1
nazareth	1
nazarene	1
naz1anzen	1
nay	1
nativity	1
nations	1
namest	1
named	1
myself	1
myriad	1
mutual	1
musing	1
mused	1
murmurous	1
murmur	1
multitude	1
multiplied	1
mown	1
mowings	1
mourning	1
mournfully	1
mourneth	1
mourners	1
morven	1
morrows	1
morrow	1
montes	1
monster	1
momentary	1
mitre	1
misunderstood	1
mission	1
mirrors	1
ministering	1
miniato	1
mingling	1
millions	1
mien	1
midsummer	1
mid-air	1
merciful	1
memnon	1
memento	1
mellowing	1
meekly	1
meek	1
mediaeval	1
measures	1
measured	1
meaning	1
meaneth	1
meads	1
meadows	1
maze	1
mayen	1
mate	1
match	1
mast	1
maspha	1
marvelled	1
martyrs	1
marked	1
marched	1
maniac	1
mandate	1
mama	1
malady	1
makes	1
majesty	1
majestical	1
mail	1
magnitude	1
madrigal	1
madonna	1
madness	1
m	1
lyrics	1
lyre	1
lute	1
lulled	1
lullabies	1
lull	1
lucy	1
luceat	1
lowlands	1
lowered	1
lovest	1
lovers	1
louvre	1
losing	1
lose	1
lords	1
longings	1
longest	1
longer	1
loneliest	1
locum	1
lochs	1
litany	1
listened	1
linked	1
lines	1
linen	1
line	1
lightly	1
lighting	1
lightened	1
lighted	1
lido	1
leven	1
lessons	1
lesson	1
lend	1
legions	1
legends	1
legend	1
led'st	1
led	1
leaved	1
least	1
leap	1
leal	1
leafy	1
leafless	1
leaf	1
leadeth	1
lays	1
laying	1
layest	1
lavished	1
laurel	1
laughed	1
laudetur	1
laud	1
latest	1
lately	1
late	1
languores	1
landscapes	1
landmark	1
landed	1
lagoon	1
lachrymatory	1
la	1
l1ttle	1
knoweth	1
knowest	1
knock	1
knitting	1
knewest	1
knew'st	1
knees	1
kneels	1
knee	1
kith	1
kisses	1
kingdom	1
kindled	1
kindle	1
kept	1
k	1
judgments	1
judea	1
joyless	1
journeying	1
journeyed	1
joseph	1
jordan	1
joins	1
joined	1
join	1
jewel	1
jew	1
jesse	1
jar	1
jan	1
issachar	1
isles	1
island	1
isaias	1
isaacs	1
invisible	1
invade	1
intermediate	1
intenser	1
innocents	1
innermost	1
inner	1
inheritance	1
inherit	1
inhabitants	1
influence	1
infinitely	1
infant	1
inexorable	1
ineffable	1
indian	1
incurable	1
incomplete	1
inchmahome	1
impressed	1
impious	1
imperious	1
immortelle	1
immortals	1
immeasurable	1
immaculate	1
imbued	1
illuming	1
illumination	1
illumes	1
ills	1
idol	1
ice	1
hushed	1
hush	1
husband	1
hurts	1
hurricanes	1
hurricane	1
hungered	1
hundredfold	1
humbly	1
humbler	1
humanity	1
hover	1
horrible	1
hopeth	1
homo	1
hominibus	1
homeward	1
homesteads	1
homage	1
holocaust	1
holiness	1
holies	1
holds	1
hoary	1
history	1
historic	1
hinder	1
highway	1
highlands	1
highest	1
hiding	1
hesitate	1
hermit	1
hereafter	1
heralds	1
henri	1
hence	1
hemisphere	1
help	1
hellas	1
hell	1
heliopolis	1
held	1
hedgerows	1
hedgerow	1
heavenliest	1
hearkening	1
heareth	1
heal	1
heads	1
headache	1
hawk	1
havilah	1
haunts	1
haters	1
hastenings	1
hastening	1
hasteneth	1
harmonious	1
harm	1
hardened	1
harbour	1
hangs	1
hang	1
hammer	1
halting	1
halos	1
halo	1
hails	1
hailing	1
haggard	1
habitationis	1
h1s	1
h	1
guileless	1
guest	1
guerdons	1
guarded	1
guard	1
grudge	1
growing	1
groweth	1
gregory	1
greater	1
grateful	1
grasped	1
grapes	1
granite	1
grander	1
gradually	1
gracious	1
goodness	1
goes	1
goals	1
glows	1
glorise	1
gloriously	1
glorify	1
glorifies	1
glooms	1
glideth	1
gleamed	1
gladness	1
gladden	1
giving	1
given	1
girl	1
gird	1
giovanni	1
gertrude	1
germains	1
gentile	1
general	1
gateway	1
gartan	1
garrulous	1
garrisoned	1
garrison	1
garment	1
garland	1
gardeners	1
gambolled	1
galliarde	1
galleys	1
gales	1
galaxy	1
gad	1
fury	1
furthest	1
fully	1
fruitless	1
frowardness	1
frost	1
fro	1
fringing	1
fringe	1
frigid	1
friday	1
fraught	1
frankincense	1
francis	1
france	1
frame	1
fount	1
founded	1
foul	1
fotheringhay	1
forum	1
fortune	1
forgotten	1
forgot	1
forgive	1
forever	1
foretells	1
forests	1
forest	1
foremost	1
forego	1
forcing	1
foolish	1
fool	1
fontainbleau	1
font	1
fond	1
follows	1
following	1
foliage	1
folds	1
folded	1
foetid	1
foes	1
foam	1
fly	1
flung	1
flown	1
flowed	1
floating	1
floatest	1
floated	1
flit	1
flings	1
fling	1
flight	1
flies	1
fleetly	1
fleet	1
flax	1
flashing	1
flaming	1
fir	1
fiori	1
finish	1
fingers	1
fined	1
fillet	1
fig	1
fiercer	1
field	1
fiat	1
fevers	1
fevered	1
fettered	1
fervour	1
feeding	1
feedeth	1
feed	1
feebly	1
feeble	1
fearing	1
fault	1
fatigued	1
fathers	1
fatherless	1
fated	1
fate	1
fashions	1
fares	1
fantasy	1
falters	1
faltering	1
faltered	1
falcons	1
faithless	1
faithfully	1
fairer	1
faintly	1
fainting	1
failures	1
fails	1
failing	1
fades	1
faces	1
fabled	1
extinguished	1
expressed	1
expect	1
exhausted	1
exchange	1
excel	1
exceedingly	1
ewe	1
evolved	1
evensong	1
evangels	1
europe	1
eucharist	1
etruria	1
ethiopia	1
eternities	1
estranged	1
estimate	1
essay	1
eshcol	1
escape	1
esau	1
es	1
erst	1
ermine	1
erewhile	1
erect	1
er	1
equalled	1
equal	1
envyings	1
envying	1
envious	1
entwined	1
entreating	1
entrance	1
enthral	1
entereth	1
enterest	1
ensigns	1
enshrouded	1
enshrining	1
enshrined	1
endure	1
endeavour	1
encompasseth	1
encompass	1
enclosed	1
enchantment	1
empty	1
employment	1
employ	1
emotion	1
emmanuel	1
embraced	1
embalm	1
eloquence	1
elcana	1
elated	1
eighteen	1
ecossaise	1
ebbings	1
eastern	1
earthy	1
earthquake	1
earthlier	1
ears	1
earliest	1
e	1
dwells	1
dwellings	1
dusty	1
durrow	1
dunedin	1
duly	1
dullness	1
dullest	1
dule	1
drunk	1
drowns	1
drowning	1
drowned	1
drought	1
drinks	1
drifted	1
dressed	1
dreamy	1
dreamed	1
drawing	1
draweth	1
draught	1
downy	1
downweighs	1
doves	1
dovelike	1
doubtless	1
double	1
doom	1
donegal	1
dona	1
don	1
domus	1
domino	1
dome	1
dolorous	1
dole	1
divinity	1
disturbed	1
distress	1
distance	1
discerns	1
dirge	1
dire	1
din	1
dimmer	1
dilexi	1
different	1
dies	1
devouring	1
devote	1
devil	1
deuil	1
details	1
destruction	1
destined	1
desolate	1
desires	1
desired	1
deserving	1
deserve	1
deserts	1
desecration	1
deo	1
deny	1
denial	1
den	1
demandeth	1
dell	1
deliver	1
delineate	1
delight	1
deignest	1
deigned	1
deign	1
defiant	1
deferred	1
defaced	1
def1led	1
deemed	1
deeds	1
decorem	1
declared	1
decking	1
decked	1
deceived	1
decade	1
debt	1
deathless	1
dearly	1
deadened	1
dazzled	1
darlings	1
dared	1
dante	1
dan	1
dame	1
daisies	1
dainty	1
dainties	1
daily	1
d1d	1
cycles	1
cursed	1
curious	1
cure	1
cups	1
crushed	1
crumbs	1
crozier	1
crowd	1
crossed	1
crimson	1
cried	1
creed	1
creator	1
craving	1
covet	1
covering	1
cover	1
countries	1
could'st	1
cosy	1
correction	1
corona	1
cooling	1
conversion	1
conversed	1
converse	1
convalescence	1
contrition	1
content	1
consummation	1
consumed	1
consigned	1
consecration	1
consecrate	1
conqueror	1
confounding	1
condescends	1
conceived	1
concealed	1
completely	1
completed	1
compass	1
companions	1
commonplace	1
commit	1
commercial	1
commanded	1
command	1
cometh	1
comest	1
colles	1
coeval	1
coat	1
coast	1
clustered	1
clouding	1
clouded	1
clothing	1
clothed	1
closing	1
closed	1
cling	1
clime	1
climbing	1
clenched	1
clearly	1
cleansed	1
classic	1
clamorous	1
claims	1
claimest	1
claimed	1
claim	1
citron	1
citizens	1
cities	1
citadels	1
citadel	1
christian	1
chrism	1
chosen	1
choice	1
chirp	1
chinks	1
china	1
chills	1
chilling	1
childhood	1
chiefly	1
chid	1
cherished	1
cheers	1
cheerful	1
cheek	1
chastisement	1
chastening	1
chasing	1
chased	1
charms	1
charmed	1
chariots	1
chariot	1
chapel	1
chanted	1
chant	1
changing	1
changes	1
changeless	1
chances	1
champions	1
chaldean	1
chair	1
chain	1
censed	1
celestially	1
cedron	1
cedar	1
cecilia	1
ceasing	1
ceaseless	1
cave	1
caught	1
catholic	1
catherine	1
cathedral	1
castles	1
cast-off	1
carrier	1
carmel	1
caressing	1
caresseth	1
cares	1
careless	1
careful	1
career	1
canticle	1
canker	1
candlemas	1
candle	1
cana	1
campanile	1
calms	1
calming	1
calendar	1
caged	1
cadence	1
business	1
bush	1
burst	1
burned	1
burial	1
burdens	1
built	1
bud	1
bruised	1
broom	1
brook	1
brings	1
bringeth	1
brimming	1
brightness	1
brightest	1
briers	1
brides	1
breezy	1
breathing	1
breathes	1
breathe	1
brantome	1
brainless	1
boyhood	1
boy	1
bowed	1
bound	1
borrowing	1
bonse	1
bond	1
blued	1
blow	1
blooms	1
blooming	1
bloomed	1
blissful	1
blinded	1
blesseth	1
blessedness	1
blemish	1
blazed	1
blasted	1
blanche	1
black	1
bitterer	1
birth	1
birch	1
billows	1
biers	1
bids	1
bible	1
bewilder	1
beware	1
bewailed	1
betwixt	1
beton	1
bethuel	1
bestowing	1
beseech	1
bereft	1
bent	1
benjamin	1
benefit	1
benedicite	1
bends	1
belongs	1
beleagured	1
being	1
beguiled	1
beguile	1
beginnings	1
beginning	1
beggars	1
began	1
befell	1
beersheba	1
become	1
beckoneth	1
because	1
became	1
beautify	1
beautified	1
beauteous	1
beatified	1
beams	1
bays	1
bay	1
bated	1
basked	1
bars	1
bare	1
baptised	1
banners	1
bade	1
bacchanals	1
awfuller	1
awakeneth	1
awaits	1
awaiting	1
await	1
aves	1
avenues	1
ave	1
availing	1
autumn	1
austere	1
august1ne	1
aught	1
attune	1
attained	1
attain	1
atrium	1
atque	1
atmosphere	1
atlantic	1
aternam	1
asunder	1
assyria	1
assures	1
assure	1
assign	1
assails	1
assailed	1
asketh	1
ashes	1
asher	1
ashamed	1
ascend	1
as[lovely	1
arrangement	1
armed	1
arm	1
arimathea	1
ardent	1
arctic	1
architects	1
araby	1
appointing	1
appearing	1
appealing	1
apostles	1
anointing	1
annunziata	1
annoy	1
angers	1
angelus	1
angelical	1
and'neath	1
amorous	1
amiss	1
ambition	1
amaranth	1
amabilissima	1
altissima	1
although	1
already	1
alp	1
alluring	1
alloy	1
alighted	1
alien	1
album	1
albeit	1
alas	1
aisle	1
agonies	1
agoniam	1
aglow	1
agatha	1
against	1
affright	1
affliction	1
aerial	1
advent	1
adriatic	1
adorings	1
adoring	1
adoremus	1
aching	1
aches	1
aces	1
accustomed	1
accounts	1
accents	1
abyss	1
absolving	1
absolves	1
absolutely	1
about	1
abound	1
abhorred	1
\	1
[	1
8th	1
//	1
....	1
..	1
.,	1
+	1
',	1
",	1
