,	1442
the	812
and	744
of	305
—	234
.	229
to	190
a	181
;	178
in	175
with	165
|'s|	125
i	115
her	103
all	100
!	100
my	98
his	91
?	90
that	84
you	80
"	76
by	74
is	73
their	72
me	70
for	70
as	70
which	68
be	66
no	64
love	63
its	62
so	58
he	58
but	58
|arabic2digit|	57
when	56
or	56
not	56
it	56
on	54
from	54
sweet	52
life	50
your	46
will	46
more	45
fair	44
she	42
are	42
like	40
thy	39
heart	39
day	39
yet	38
would	38
may	37
have	37
this	36
who	35
they	34
if	34
what	32
at	32
we	31
one	31
long	31
has	31
how	30
eyes	30
ah	30
had	29
night	28
tender	27
years	26
light	26
where	25
thou	25
spring	25
only	25
could	25
again	25
while	24
was	24
still	24
white	23
there	23
our	23
dear	23
winter	22
whose	22
some	22
last	22
bloom	22
them	21
sing	21
pain	21
nor	21
feet	21
dead	21
!"	21
world	20
time	20
these	20
then	20
than	20
soul	20
o	20
him	20
here	20
down	20
come	20
|arabic3digit|	19
year	19
thee	19
old	19
were	18
up	18
shall	18
lost	18
face	18
death	18
days	18
air	18
us	17
through	17
summer	17
grass	17
earth	17
an	17
above	17
soft	16
should	16
see	16
rain	16
now	16
never	16
hearts	16
golden	16
gold	16
bring	16
before	16
youth	15
though	15
loved	15
hand	15
can	15
'	15
souls	14
rest	14
leaves	14
grow	14
fall	14
every	14
even	14
bright	14
been	14
away	14
wave	13
song	13
poor	13
once	13
make	13
little	13
joy	13
heaven	13
grief	13
green	13
flowers	13
flower	13
dew	13
because	13
sun	12
softly	12
rosebud	12
rich	12
perfect	12
new	12
nature	12
know	12
hold	12
happy	12
far	12
do	12
alas	12
why	11
warm	11
toil	11
those	11
smile	11
roses	11
red	11
rare	11
mother	11
men	11
grave	11
does	11
cold	11
child	11
call	11
beauty	11
within	10
willow	10
wild	10
wide	10
went	10
well	10
true	10
tears	10
silver	10
rose	10
out	10
near	10
many	10
lovely	10
land	10
give	10
garden	10
each	10
birds	10
back	10
art	10
another	10
among	10
against	10
after	10
woe	9
walk	9
upon	9
under	9
tree	9
too	9
till	9
things	9
strong	9
story	9
snow	9
sky	9
shining	9
own	9
over	9
other	9
oh	9
let	9
knew	9
keep	9
hope	9
half	9
grown	9
grace	9
go	9
full	9
find	9
die	9
deep	9
dark	9
comes	9
children	9
buds	9
bitter	9
beloved	9
always	9
alone	9
age	9
:	9
woman	8
two	8
touch	8
told	8
sunshine	8
sudden	8
strange	8
star	8
side	8
reach	8
place	8
pine	8
peace	8
nest	8
name	8
must	8
most	8
mortal	8
lips	8
into	8
heavy	8
few	8
faint	8
dim	8
delight	8
care	8
breast	8
beneath	8
along	8
ago	8
across	8
wise	7
wings	7
wind	7
voice	7
vain	7
stay	7
sleep	7
since	7
shore	7
serene	7
sea	7
round	7
room	7
quest	7
meet	7
loving	7
kept	7
head	7
hair	7
first	7
fate	7
ere	7
dust	7
dreams	7
dream	7
door	7
dearest	7
crying	7
clear	7
cannot	7
calm	7
brown	7
blossom	7
beside	7
behind	7
apart	7
|arabic1digit|	6
yellow	6
wrong	6
without	6
whole	6
weeds	6
way	6
thus	6
storm	6
sore	6
slowly	6
slow	6
sleeps	6
skies	6
sings	6
sight	6
seems	6
same	6
robes	6
purple	6
prime	6
precious	6
pink	6
passed	6
moment	6
mine	6
mild	6
look	6
living	6
lives	6
live	6
left	6
indeed	6
growth	6
grows	6
grieve	6
ghost	6
fragrance	6
faithful	6
darling	6
dainty	6
crown	6
cool	6
below	6
bed	6
beautiful	6
amid	6
wouldst	5
words	5
window	5
welcome	5
ways	5
wandering	5
vine	5
trees	5
town	5
today	5
sultry	5
stand	5
splendour	5
sphere	5
sound	5
small	5
sigh	5
said	5
sad	5
proud	5
pride	5
presence	5
peach	5
pale	5
nothing	5
much	5
morning	5
morn	5
might	5
makes	5
made	5
lover	5
lily	5
lies	5
less	5
leave	5
lay	5
kitty	5
kiss	5
hues	5
hour	5
home	5
held	5
hard	5
hadst	5
grateful	5
glory	5
gather	5
fresh	5
fire	5
false	5
everywhere	5
ever	5
dull	5
dread	5
deeds	5
daylight	5
crowned	5
comfort	5
clouds	5
close	5
changed	5
breath	5
brave	5
bliss	5
bird	5
bees	5
baby	5
answer	5
angels	5
angel	5
anew	5
am	5
young	4
wrought	4
worn	4
women	4
wintery	4
win	4
whence	4
weaves	4
weary	4
weariness	4
waters	4
watch	4
warmth	4
wander	4
wake	4
velvet	4
utter	4
twilight	4
trim	4
touched	4
tiny	4
three	4
thought	4
thing	4
thick	4
tear	4
tardy	4
sweetly	4
sweeten	4
sunset	4
sunlight	4
strife	4
strength	4
stars	4
spirit	4
sought	4
sorrow	4
songs	4
snowy	4
slender	4
silent	4
shower	4
shine	4
sense	4
self	4
seemed	4
seeks	4
seek	4
secret	4
scent	4
scanty	4
say	4
rosy	4
rolled	4
reward	4
repeat	4
rejoice	4
quiet	4
queen	4
pure	4
promise	4
power	4
pleasant	4
perfume	4
patience	4
path	4
past	4
pass	4
pane	4
open	4
neighbour	4
music	4
met	4
mark	4
marble	4
magnolia	4
low	4
loss	4
longer	4
load	4
line	4
limbs	4
lilacs	4
lightly	4
lie	4
level	4
kindred	4
kind	4
keeps	4
keen	4
just	4
hills	4
high	4
hidden	4
hear	4
heal	4
growing	4
ground	4
grey	4
gracious	4
good	4
goes	4
glow	4
gloom	4
glad	4
gentle	4
garments	4
frozen	4
frost	4
friends	4
freedom	4
form	4
forgets	4
forevermore	4
forever	4
fond	4
fear	4
falls	4
eden	4
earthly	4
early	4
eager	4
dry	4
doom	4
despite	4
despair	4
darkness	4
cruel	4
crowding	4
clasp	4
cheek	4
charmed	4
charm	4
cast	4
carry	4
came	4
burning	4
bruised	4
broken	4
brief	4
bridge	4
born	4
blown	4
blossoms	4
blessed	4
between	4
best	4
bereft	4
bear	4
bare	4
awake	4
ask	4
aside	4
arms	4
afar	4
about	4
."	4
work	3
wore	3
woods	3
wondrous	3
wonder	3
wives	3
winds	3
whom	3
wept	3
weep	3
wealth	3
waves	3
water	3
want	3
wandered	3
wall	3
walks	3
walked	3
waiting	3
wage	3
voices	3
violets	3
vines	3
vex	3
vainly	3
turns	3
truth	3
trust	3
treasure	3
track	3
toss	3
took	3
timid	3
throne	3
thoughts	3
think	3
tenderest	3
tall	3
take	3
t	3
swings	3
sweets	3
sweetest	3
sure	3
sturdy	3
stretch	3
stream	3
stranger	3
stood	3
stem	3
sprout	3
splendid	3
speech	3
speak	3
sparrows	3
space	3
sod	3
smiling	3
smiles	3
slopes	3
slave	3
sits	3
simple	3
shut	3
showers	3
shoulders	3
sharp	3
shadowy	3
servant	3
selfsame	3
selfish	3
seem	3
saw	3
root	3
rise	3
ripe	3
return	3
redbreast	3
recompense	3
ranks	3
radiant	3
put	3
praise	3
plants	3
pausing	3
patient	3
passionate	3
paradise	3
pallid	3
outgrown	3
often	3
odour	3
none	3
narrow	3
murmuring	3
mournful	3
mould	3
moon	3
master	3
magic	3
lying	3
luminous	3
lovers	3
loud	3
looked	3
lonely	3
lived	3
listening	3
listen	3
lines	3
lilies	3
leaving	3
laughter	3
languid	3
laid	3
lady	3
knowing	3
kissed	3
join	3
itself	3
insect	3
hushed	3
hush	3
hue	3
homesick	3
holds	3
heat	3
hearth	3
heap	3
haunted	3
happier	3
hands	3
grieving	3
griefs	3
grew	3
great	3
gladness	3
giving	3
gives	3
ghosts	3
gently	3
gates	3
future	3
friendship	3
friend	3
fragrant	3
found	3
forget	3
forest	3
forehead	3
follow	3
fold	3
floods	3
flit	3
flee	3
flame	3
fingers	3
fine	3
field	3
fare	3
fancy	3
fame	3
faith	3
fairest	3
fairer	3
fade	3
faces	3
eye	3
evening	3
end	3
dwell	3
drop	3
done	3
distance	3
died	3
despairing	3
depart	3
denial	3
dawn	3
curious	3
cups	3
crust	3
crowd	3
cricket	3
crave	3
count	3
constant	3
conscious	3
clearer	3
choose	3
chilly	3
changes	3
ceased	3
called	3
butterflies	3
burden	3
bud	3
brought	3
broad	3
brightly	3
briers	3
brier	3
breeze	3
bound	3
boughs	3
bore	3
border	3
bonds	3
bluebird	3
blue	3
blossoming	3
blight	3
blessing	3
bless	3
beyond	3
behold	3
beat	3
bashful	3
band	3
awhile	3
autumn	3
artist	3
april	3
anguish	3
alien	3
?"	3
yield	2
ye	2
wronged	2
wretched	2
wrens	2
wren	2
worth	2
worm	2
worldly	2
word	2
wooing	2
woodside	2
wood	2
woo	2
won	2
wing	2
wine	2
wilt	2
wife	2
wholly	2
whether	2
wherever	2
wheels	2
west	2
weight	2
weeping	2
wearied	2
watching	2
wasting	2
waste	2
warmed	2
war	2
waking	2
waits	2
wait	2
virtue	2
very	2
vague	2
utterly	2
upward	2
until	2
untaught	2
unknown	2
unfold	2
unconsoled	2
turn	2
tune	2
tulips	2
try	2
trod	2
trills	2
trial	2
trellis	2
transfigured	2
tranced	2
trailing	2
toward	2
torn	2
torches	2
tone	2
tired	2
times	2
thunder	2
throats	2
thrill	2
threshold	2
threatening	2
thousand	2
thorns	2
thirsty	2
thinned	2
thinks	2
thin	2
thence	2
tenderness	2
tenderly	2
tempests	2
tempest	2
telling	2
tedious	2
taught	2
tangles	2
swung	2
sword	2
swept	2
sweetness	2
sweeter	2
sway	2
surprise	2
sunny	2
sung	2
summertime	2
suffered	2
such	2
subtle	2
stumbling	2
strives	2
stricken	2
stretches	2
street	2
streams	2
strawberry	2
strains	2
stone	2
stately	2
starve	2
starry	2
stark	2
stalks	2
stained	2
springs	2
sparrow	2
sounded	2
soon	2
sometimes	2
smoke	2
slumber	2
slight	2
sit	2
single	2
sin	2
silken	2
silently	2
silence	2
sighing	2
shudder	2
shrink	2
shivering	2
ships	2
shimmer	2
sheet	2
shed	2
sharpest	2
sharded	2
shape	2
shalt	2
shadows	2
shadow	2
shades	2
severe	2
sets	2
servitude	2
serpent	2
seen	2
seclusion	2
scores	2
scents	2
scarlet	2
scarce	2
saying	2
save	2
sand	2
saints	2
safe	2
sadness	2
sadly	2
saddest	2
sacred	2
rule	2
rude	2
rough	2
rock	2
roar	2
roadside	2
road	2
riven	2
rising	2
ringing	2
replies	2
replied	2
rent	2
render	2
remote	2
remorseful	2
reason	2
ready	2
reached	2
rapt	2
raindrops	2
radiance	2
quite	2
quick	2
questions	2
querying	2
pursuit	2
prize	2
prelude	2
prayer	2
pray	2
praises	2
pour	2
poet	2
plumes	2
plenty	2
plain	2
pitiless	2
pinks	2
pillow	2
petty	2
perhaps	2
people	2
pearls	2
pearl	2
pause	2
patiently	2
paths	2
passion	2
parting	2
pang	2
palms	2
pains	2
ours	2
others	2
older	2
nursed	2
noting	2
notes	2
note	2
noon	2
noise	2
noble	2
moths	2
mothers	2
moan	2
miss	2
misery	2
mind	2
mills	2
methinks	2
merry	2
mere	2
memory	2
mellow	2
measure	2
meagre	2
marvellous	2
martyrs	2
martyr	2
march	2
man	2
maid	2
magnetic	2
mad	2
loyal	2
lowers	2
lovelier	2
longing	2
lonesome	2
loneliness	2
london	2
lofty	2
locust	2
locks	2
lo	2
lingering	2
linger	2
lights	2
lightning	2
lifts	2
lift	2
lifeless	2
leaf	2
large	2
landscape	2
lamp	2
lacked	2
labours	2
labour	2
known	2
joys	2
jewel	2
intended	2
innocent	2
inheritance	2
infant	2
incense	2
imprisoned	2
immortal	2
ill	2
ideal	2
ice	2
hymns	2
husband	2
hungry	2
house	2
hours	2
horizon	2
holy	2
highway	2
higher	2
hides	2
hide	2
hence	2
hell	2
heaviest	2
heavenly	2
heaped	2
heads	2
haste	2
happiness	2
haply	2
hang	2
gush	2
gurgling	2
guiding	2
guide	2
grim	2
greenness	2
greener	2
gratitude	2
grasses	2
grasping	2
grasp	2
grape	2
grand	2
gradual	2
graceful	2
gone	2
goddess	2
goal	2
globes	2
glittering	2
glimmer	2
glare	2
gifts	2
giant	2
germ	2
gazed	2
gaze	2
gay	2
gave	2
gauzy	2
gain	2
funeral	2
fruit	2
fro	2
freshness	2
freshly	2
free	2
fourscore	2
fortune	2
forth	2
forgotten	2
forgives	2
forgetful	2
foliage	2
folds	2
flying	2
fluttering	2
flown	2
flowering	2
fled	2
flaunting	2
finding	2
filled	2
fill	2
fifty	2
fierce	2
fields	2
fetters	2
felt	2
fell	2
feeds	2
feeble	2
fears	2
fearless	2
favoured	2
fast	2
farther	2
farewell	2
fairy	2
fades	2
eyed	2
existence	2
evil	2
evermore	2
everlasting	2
eve	2
ended	2
enchanted	2
edging	2
edge	2
echo	2
east	2
ease	2
earn	2
earliest	2
dwelling	2
dusty	2
dumb	2
droop	2
drifts	2
dreary	2
dreamed	2
doubt	2
divine	2
divides	2
divide	2
distant	2
din	2
dimpled	2
dies	2
dewdrops	2
depths	2
delicately	2
delicate	2
deem	2
decline	2
deck	2
deathless	2
dearer	2
dawns	2
dawning	2
daughters	2
darkening	2
dandelions	2
damps	2
daintiest	2
crystal	2
cry	2
crisp	2
crimson	2
crime	2
cord	2
content	2
constancy	2
consoling	2
concealed	2
common	2
coming	2
colour	2
clover	2
cloud	2
clothe	2
closed	2
cling	2
clasped	2
claim	2
clad	2
city	2
circle	2
chill	2
childish	2
childhood	2
cheered	2
chariot	2
changing	2
change	2
chamber	2
chains	2
cease	2
casement	2
carols	2
caressing	2
cares	2
careless	2
canst	2
butterfly	2
burned	2
burn	2
buried	2
builds	2
build	2
brow	2
brook	2
bringing	2
break	2
bread	2
branch	2
brambles	2
brain	2
bounteous	2
borrowed	2
boon	2
boom	2
bondage	2
boat	2
bluebirds	2
blooms	2
blood	2
blind	2
blessings	2
birth	2
bigotry	2
bids	2
bent	2
begins	2
beetles	2
bee	2
beds	2
beats	2
bay	2
balm	2
babes	2
babe	2
aureole	2
appears	2
angelhood	2
ambition	2
amber	2
although	2
alchemy	2
airy	2
airs	2
aid	2
ages	2
aged	2
)	2
(	2
•	1
zephyr	1
youths	1
youthful	1
yourself	1
yours	1
younger	1
yonder	1
yon	1
yoke	1
yields	1
yes	1
yearns	1
yearned	1
yearn	1
yearly	1
y	1
wrung	1
wrongs	1
wrecked	1
wreaths	1
wreathes	1
wreath	1
wrath	1
wounds	1
worthy	1
worthless	1
worship	1
worlds	1
works	1
wordless	1
wooers	1
woodland	1
wont	1
wonders	1
wonderful	1
woke	1
woes	1
wizard	1
withhold	1
withered	1
wistful	1
wishes	1
wisest	1
wisdom	1
wintee	1
winning	1
winked	1
winged	1
winding	1
wildest	1
wildered	1
widow	1
wicked	1
whitens	1
whiteness	1
whitened	1
whispered	1
whisper	1
whirlwind	1
whirled	1
whirl	1
whir	1
whip	1
whereon	1
wherefore	1
wheel	1
wharves	1
wet	1
wert	1
weird	1
weepest	1
weed	1
wedged	1
wedge	1
wedding	1
wedded	1
wed	1
wears	1
wear	1
weakness	1
waxed	1
waving	1
watercourses	1
watchful	1
watches	1
watched	1
wastes	1
wasted	1
wast	1
wasp	1
wars	1
warmer	1
warbling	1
warblers	1
warble	1
waning	1
wands	1
waltz	1
walls	1
walkedst	1
waited	1
wailing	1
wailed	1
wail	1
waft	1
vulture	1
voyage	1
vows	1
vow	1
vivifying	1
vital	1
visit	1
visions	1
visioned	1
vision	1
visibly	1
virginia	1
virgin	1
violence	1
vigorous	1
vigil	1
view	1
victory	1
vice	1
vexed	1
verdant	1
veins	1
veiled	1
veil	1
various	1
vapours	1
vantage	1
vanished	1
value	1
valleys	1
valiant	1
vale	1
uttermost	1
uttering	1
uttered	1
ushered	1
useless	1
used	1
uprises	1
upland	1
upbears	1
unwounded	1
unwet	1
unvarying	1
unvalued	1
untroubled	1
untried	1
untouched	1
untimely	1
untended	1
untasted	1
unstained	1
unspoken	1
unspoiled	1
unsoiled	1
unseen	1
unrisen	1
unplagued	1
unlovely	1
unloved	1
unkind	1
unjust	1
unholy	1
unhindered	1
unhealed	1
unguessed	1
ungrateful	1
unforgetful	1
unforeshadowed	1
unfearing	1
unfaithful	1
unearthly	1
undreamed	1
undimmed	1
underground	1
uncurling	1
uncurled	1
uncrossed	1
unconscious	1
unclosing	1
unclose	1
unchanging	1
unchallenged	1
uncaught	1
unbound	1
unaware	1
type	1
twinned	1
twine	1
twin	1
twain	1
turning	1
turned	1
turbulence	1
tuning	1
tunes	1
tumult	1
tuft	1
tubers	1
truths	1
trusts	1
trumpet	1
truce	1
troublesome	1
troubadour	1
troth	1
trims	1
trifling	1
tried	1
tribute	1
tribes	1
tremulous	1
trembling	1
trembled	1
tremble	1
treasures	1
tread	1
travel	1
transmutes	1
translucent	1
transitory	1
transcends	1
trampled	1
trains	1
train	1
trade	1
tracing	1
traced	1
towns	1
towers	1
towards	1
torment	1
tongues	1
tomb	1
token	1
toilsome	1
toils	1
toiling	1
together	1
title	1
tiring	1
tiresome	1
tinkling	1
tinder	1
ties	1
tide	1
thwartings	1
thunderous	1
thrust	1
thrown	1
throw	1
throngs	1
throng	1
throbs	1
throated	1
thrive	1
thrills	1
thrice	1
threatened	1
thrall	1
thousands	1
thoughtless	1
thorn	1
thine	1
thickly	1
thews	1
thereon	1
therein	1
thereafter	1
thanks	1
thankless	1
test	1
terror	1
term	1
tendrils	1
tendril	1
tenderer	1
tendance	1
ten	1
tells	1
tell	1
teems	1
teem	1
tearful	1
teacher	1
teach	1
taunt	1
tassels	1
tasks	1
tangled	1
tangible	1
tallest	1
talks	1
talk	1
tales	1
tale	1
systems	1
syringas	1
swoops	1
swing	1
swarm	1
swallow	1
swaddling	1
sustain	1
supreme	1
supporting	1
sunward	1
sunnier	1
summit	1
summers	1
sullen	1
suffering	1
suddenly	1
successes	1
subjections	1
subject	1
stupor	1
stung	1
studies	1
struggles	1
struggle	1
struck	1
strove	1
strongest	1
strewn	1
strew	1
streets	1
streamlet	1
streaked	1
straying	1
straws	1
strangely	1
strands	1
stranded	1
strain	1
storyteller	1
storms	1
store	1
stooping	1
stooped	1
stoop	1
stir	1
stinted	1
stilly	1
stilled	1
steward	1
step	1
stems	1
steam	1
steal	1
steadfast	1
stature	1
state	1
starves	1
starved	1
starlike	1
starlight	1
stands	1
stamped	1
stalking	1
stain	1
stab	1
square	1
sprites	1
springtide	1
spray	1
spot	1
sportive	1
spontaneous	1
spoke	1
spoiling	1
splendours	1
spirits	1
spiked	1
spider	1
spicy	1
spell	1
speing	1
speeding	1
spectre	1
spears	1
spear	1
speaking	1
speakest	1
spark	1
sparely	1
spangled	1
spake	1
southern	1
south	1
souled	1
sorrowing	1
sorely	1
soothing	1
soothe	1
songless	1
something	1
soliciting	1
solemn	1
softlier	1
softened	1
sods	1
sodden	1
sobs	1
sobbed	1
soars	1
soar	1
snugly	1
snuffs	1
snuff	1
snows	1
snapped	1
smouldering	1
smote	1
smoothing	1
smooth	1
smitten	1
smilest	1
smiled	1
slumbrous	1
slumbering	1
slumbered	1
sluggish	1
slope	1
slip	1
slept	1
sleeper	1
slaves	1
slain	1
slab	1
skylark	1
skimming	1
sisters	1
sinned	1
sink	1
sinews	1
sincere	1
simmering	1
silvery	1
sill	1
silks	1
silences	1
sign	1
sighed	1
sickened	1
shyly	1
shrubs	1
shrouding	1
shrouded	1
shrivel	1
shrinking	1
shrines	1
shrine	1
shrilly	1
shrills	1
shrieks	1
shows	1
shoulder	1
short	1
shops	1
shoot	1
shocked	1
shivered	1
shift	1
shielding	1
shelterless	1
sheltering	1
sheltered	1
share	1
shapes	1
shameless	1
shame	1
shaken	1
shake	1
shaft	1
shady	1
shading	1
shade	1
settles	1
set	1
sestina	1
served	1
serve	1
sermon	1
serenely	1
seraph	1
sent	1
sends	1
send	1
selfishness	1
seldom	1
seemingly	1
seeming	1
seeing	1
seedy	1
seeds	1
seedling	1
sedately	1
securely	1
sects	1
seat	1
season	1
searching	1
search	1
seal	1
sculptured	1
scourged	1
scorn	1
scorching	1
schooled	1
school	1
scenes	1
scattering	1
scatter	1
scare	1
scarcely	1
scantiest	1
scan	1
saving	1
sapped	1
sank	1
sandals	1
sake	1
saintlier	1
sail	1
saidst	1
sages	1
saddened	1
sacredly	1
sables	1
rustling	1
rust	1
rushing	1
rushes	1
run	1
royally	1
rows	1
rounded	1
rosebuds	1
roots	1
roofs	1
roof	1
romaunts	1
roll	1
rods	1
robbed	1
roasting	1
roars	1
river	1
risest	1
rippling	1
ripple	1
rings	1
ring	1
rightly	1
right	1
rift	1
richmond	1
richly	1
richest	1
richer	1
rewards	1
reverenced	1
revenue	1
revels	1
revealed	1
returns	1
returner	1
retrace	1
retain	1
restored	1
resting-place	1
responsive	1
responding	1
reproachful	1
repressed	1
reply	1
repayment	1
renew	1
removed	1
remembrance	1
remembered	1
remember	1
remains	1
remain	1
relent	1
release	1
rejects	1
regrets	1
region	1
regained	1
refulgent	1
refrain	1
reeds	1
reed	1
redbreasts	1
recluse	1
reclaim	1
reckoned	1
recedes	1
recede	1
rebellious	1
reaps	1
realm	1
read	1
rays	1
ray	1
ravens	1
rattle	1
rasp	1
rash	1
rarer	1
raptures	1
rapture	1
rank	1
range	1
raiment	1
ragged	1
racked	1
race	1
questioned	1
question	1
query	1
quenching	1
queenlier	1
pyres	1
puts	1
pushing	1
purse	1
purity	1
purer	1
pulses	1
pulse	1
pulling	1
psalm	1
proves	1
proscribed	1
prophetic	1
prophecy	1
promised	1
prized	1
privation	1
prison	1
princelier	1
primrose	1
priest	1
priceless	1
pressing	1
pressed	1
press	1
present	1
prescient	1
prat	1
pranks	1
prank	1
poverty	1
pours	1
possessed	1
porch	1
ponder	1
point	1
poets	1
plumy	1
plume	1
plot	1
pledged	1
pledge	1
pleasures	1
pleasure	1
pleads	1
plead	1
plea	1
playmate	1
plats	1
plantedst	1
planted	1
plans	1
plait	1
placid	1
pityingly	1
pities	1
pinions	1
pinched	1
piercing	1
pictured	1
phlox	1
phase	1
phantom	1
petition	1
petals	1
petal	1
persuasiveness	1
persistent	1
perish	1
performed	1
perfectness	1
perchance	1
perceptive	1
perceiving	1
perceived	1
penny	1
pennons	1
penalties	1
peevish	1
peers	1
peer	1
peeping	1
pebbles	1
peas	1
peaches	1
peacefully	1
pathetic	1
pastures	1
passing	1
passes	1
parted	1
parching	1
parched	1
pansies	1
palpitating	1
palm	1
paled	1
palace	1
painted	1
owner	1
overlooking	1
outward	1
outside	1
outpour	1
outlast	1
orevermore	1
orchard	1
oppressed	1
opposed	1
opens	1
opening	1
opened	1
opal	1
oozy	1
onward	1
olive	1
offering	1
odorous	1
october	1
ocean	1
obliterated	1
object	1
o'erbead	1
numb	1
nourished	1
noonday	1
nook	1
noiseless	1
nobler	1
nile	1
nights	1
nightmare	1
newborn	1
net	1
nestle	1
neither	1
need	1
nearness	1
nay	1
nation	1
nameless	1
nailed	1
mystic	1
mysterious	1
mysteries	1
mute	1
musing	1
muse	1
murmurs	1
murmur	1
multitudes	1
mourns	1
mourners	1
mourned	1
mourn	1
mound	1
mouldy	1
moth	1
moss	1
mortals	1
mortality	1
morns	1
moonlit	1
moonlight	1
mood	1
months	1
monarch	1
mole	1
moderate	1
mocking	1
moaning	1
misty	1
mist	1
missing	1
missed	1
mirth	1
mirrors	1
miracles	1
ministry	1
mingling	1
mingled	1
miner	1
mimosa	1
mighty	1
midwinter	1
midst	1
midnight	1
middle	1
mercy	1
menial	1
memories	1
memorial	1
melted	1
melt	1
melodious	1
melancholy	1
meek	1
meant	1
means	1
mean	1
meadows	1
mazes	1
maze	1
mays	1
mating	1
maternal	1
mated	1
masses	1
mary	1
marvelling	1
marvel	1
marred	1
marking	1
marketplaces	1
marigold	1
maples	1
maple	1
mantle	1
manifold	1
making	1
majorities	1
main	1
maiden	1
magician	1
maddened	1
machinery	1
luxury	1
luxuriance	1
lustre	1
lulled	1
lull	1
loves	1
lovelorn	1
loveliest	1
losses	1
losing	1
lorn	1
lord	1
loosing	1
looks	1
looking	1
longings	1
longed	1
locked	1
lite	1
lissome	1
limpid	1
lilied	1
lilac	1
lightnings	1
lightlier	1
liberty	1
letting	1
letters	1
letter	1
lent	1
length	1
legions	1
legend	1
learning	1
learned	1
leaning	1
lean	1
leagues	1
leafy	1
leafless	1
leading	1
leaden	1
lazy	1
lavender	1
laurels	1
laugh	1
lattice	1
later	1
late	1
lasts	1
last't	1
lark	1
lapped	1
languish	1
lands	1
lances	1
lance	1
lamps	1
lake	1
lain	1
laden	1
lacking	1
laces	1
kisses	1
kindness	1
kindly	1
killed	1
kill	1
keys	1
keeping	1
keels	1
katydid	1
june	1
judge	1
jubilant	1
joyful	1
joyed	1
journey	1
jewels	1
jewelled	1
jest	1
jealousies	1
javelins	1
jasmine	1
jar	1
ite	1
italian	1
isles	1
iris	1
ipomeas	1
intreats	1
intervene	1
intent	1
instinct	1
instead	1
instant	1
innocence	1
inner	1
infrequent	1
indifferent	1
increase	1
incessantly	1
inaccessible	1
imprisoning	1
implore	1
image	1
ills	1
illness	1
ignorance	1
ignoble	1
icy	1
huts	1
husks	1
husk	1
hushing	1
hurrying	1
hurry	1
hunger	1
hung	1
hums	1
hummingbirds	1
hummingbird	1
humility	1
humble	1
humane	1
human	1
hum	1
hughenden	1
hovel	1
hot	1
hosts	1
hostess	1
host	1
hoping	1
hopes	1
hopeless	1
hopeful	1
honours	1
honour	1
honey	1
homeward	1
homely	1
homelike	1
homeless	1
holiday	1
holding	1
hives	1
hill	1
highways	1
hid	1
hesitates	1
heroine	1
heroes	1
heretofore	1
hereafter	1
herds	1
herbage	1
herb	1
henceforth	1
helpless	1
helpful	1
helped	1
help	1
heedless	1
hedged	1
hebe	1
heavier	1
heathen	1
heartsick	1
heard	1
healed	1
headlong	1
hazy	1
having	1
haunts	1
haunting	1
hating	1
hast	1
harsh	1
harmonious	1
hark	1
harebell	1
hardihood	1
hardest	1
hangs	1
handful	1
haloes	1
haired	1
guise	1
guilt	1
guile	1
guidon	1
guest	1
guards	1
grovel	1
group	1
groped	1
grimy	1
grieves	1
greet	1
greensward	1
greeds	1
greatly	1
greatens	1
graves	1
grates	1
grassy	1
grasshopper	1
grant	1
gradually	1
gown	1
gossamer	1
gorgeous	1
gore	1
goodbye	1
gods	1
god	1
goats	1
gnaws	1
gnaw	1
glows	1
glowing	1
glossy	1
glorifies	1
glorified	1
gloried	1
gloomy	1
globule	1
glitter	1
glistening	1
glinting	1
glide	1
glean	1
gleams	1
gleam	1
glancing	1
glance	1
glamour	1
gladden	1
given	1
girls	1
girl	1
gingham	1
gilds	1
gilding	1
gilded	1
ghastly	1
get	1
geraniums	1
gentler	1
genial	1
generous	1
gems	1
gem	1
gazer	1
gathers	1
gathering	1
garrulous	1
garnered	1
garlands	1
garlanding	1
gardens	1
gardener	1
galling	1
gainer	1
gable	1
furrowed	1
furnace	1
fumes	1
fullness	1
fruits	1
frowns	1
frown	1
frogs	1
frittered	1
fringed	1
fright	1
frets	1
fretful	1
freshest	1
fresher	1
freshen	1
freezes	1
frank	1
fragrances	1
fragile	1
fountains	1
fountain	1
fortunate	1
forsake	1
forlorn	1
forgive	1
foremost	1
foreheads	1
force	1
footsteps	1
fondest	1
follows	1
followed	1
foiled	1
fob	1
fly	1
flutter	1
flushed	1
flow	1
floral	1
flood	1
floats	1
float	1
flings	1
fling	1
flickering	1
fleets	1
flaunts	1
flaunt	1
flattering	1
flashing	1
flaming	1
flames	1
flag	1
fists	1
fireside	1
firefly	1
fireflies	1
finger	1
finer	1
finds	1
filter	1
fills	1
file	1
fever	1
fetterless	1
fettering	1
ferns	1
fellows	1
feeling	1
feel	1
feed	1
feathers	1
fearing	1
favour	1
fates	1
fashion	1
farthest	1
fancies	1
fan	1
famished	1
familiar	1
faithfully	1
faints	1
faintness	1
faintly	1
fain	1
fails	1
fail	1
fagots	1
fading	1
faded	1
faced	1
fabrics	1
f	1
exulting	1
exultant	1
extinguished	1
extent	1
exiled	1
exchanging	1
evolving	1
evils	1
evergreen	1
evanescent	1
espaliers	1
err	1
erase	1
envies	1
entreating	1
entreated	1
enthusiasts	1
entertain	1
enter	1
enrichest	1
enough	1
enlightened	1
enjoys	1
enjoying	1
english	1
england	1
enfold	1
endures	1
endless	1
encircled	1
enchantment	1
enchanter	1
enamoured	1
enables	1
empty	1
eminent	1
emerald	1
embroidering	1
elusive	1
else	1
eloquence	1
elfin	1
elate	1
either	1
egyptian	1
effort	1
effervescent	1
eating	1
eat	1
eastern	1
easier	1
ears	1
earnestness	1
earnest	1
eagle	1
dwells	1
dweller	1
dwelled	1
dwarfish	1
duties	1
duteous	1
dusted	1
duller	1
drudge	1
drowsy	1
drops	1
dropped	1
driven	1
drink	1
drifting	1
drift	1
dressed	1
dreariest	1
drear	1
dreading	1
drawing	1
draw	1
drapes	1
drapery	1
drape	1
dragonflies	1
drag	1
downy	1
dowered	1
dove	1
doubtful	1
doubter	1
dotted	1
dormant	1
dooryard	1
doorway	1
doors	1
doomed	1
domain	1
dole	1
divinely	1
divided	1
dives	1
diver	1
dive	1
distrust	1
distress	1
dissolving	1
dispassionate	1
dishonoured	1
discover	1
discord	1
discarded	1
direct	1
dimming	1
differing	1
different	1
did	1
diamonds	1
dewy	1
dews	1
devour	1
devotion	1
detail	1
descended	1
depth	1
departing	1
demon	1
demands	1
delves	1
deluged	1
deluded	1
delirious	1
delightful	1
delicious	1
delicatest	1
defy	1
define	1
decrepit	1
decrees	1
decks	1
decay	1
debt	1
dealt	1
dazed	1
darting	1
dart	1
darlings	1
darksome	1
darkly	1
darkest	1
daring	1
dare	1
dappled	1
dangers	1
dandelion	1
dancing	1
damp	1
daisies	1
daintily	1
daily	1
curtained	1
currents	1
curls	1
curling	1
cup	1
cunning	1
cumbered	1
cultured	1
cull	1
crushed	1
crusade	1
crumpled	1
crumbs	1
crowns	1
crowning	1
crowds	1
crossed	1
cross	1
crosier	1
crop	1
crocuses	1
crocus	1
cringe	1
crimped	1
cries	1
cried	1
cresses	1
creeps	1
creep	1
creeds	1
credit	1
creature	1
created	1
creases	1
creamy	1
cream	1
crashed	1
cramped	1
cradling	1
covet	1
courtly	1
counts	1
country	1
countless	1
counsel	1
couldst	1
costly	1
cost	1
corn	1
core	1
coquetting	1
copper	1
coolest	1
cooled	1
convenience	1
continued	1
continually	1
contend	1
consoled	1
console	1
consent	1
conquest	1
conqueror	1
conquered	1
conjured	1
confessed	1
condemned	1
conceives	1
conceit	1
conceals	1
comradeship	1
complain	1
compelling	1
compass	1
commoner	1
commerce	1
comfortless	1
colourless	1
coloured	1
coldness	1
coiling	1
cobwebbed	1
coasts	1
coarse	1
clutch	1
clusters	1
cloudy	1
clouded	1
closely	1
clinging	1
climbing	1
clenched	1
clearness	1
clasps	1
clamour	1
clambering	1
claimed	1
circles	1
chrysanthemums	1
chrysalis	1
christ	1
choked	1
chirps	1
chimes	1
chime	1
cherubs	1
cherub	1
cherry	1
cheers	1
cheerless	1
cheerful	1
cheap	1
chastened	1
chase	1
chary	1
chant	1
chalice	1
chair	1
centuries	1
cautious	1
caught	1
cattle	1
catch	1
catbird	1
cat	1
castanets	1
casket	1
carved	1
carve	1
carthusian	1
carrara	1
carpeted	1
carolling	1
carol	1
carnival	1
caress	1
carefully	1
capture	1
canopy	1
canopied	1
cannon	1
calmly	1
calmer	1
calls	1
buy	1
buttercup	1
busy	1
bustle	1
bushes	1
bursts	1
bursting	1
burdensome	1
burdened	1
bulbs	1
built	1
budding	1
bubbling	1
bubbles	1
bubble	1
bruising	1
browse	1
brows	1
browed	1
brother	1
brooks	1
brooklet	1
broods	1
brooding	1
brood	1
broidered	1
broider	1
broadest	1
broadens	1
broaden	1
brittle	1
bristling	1
brings	1
brilliants	1
brilliant	1
brightens	1
brighten	1
briery	1
bride	1
breezes	1
breathed	1
breathe	1
breaks	1
breadth	1
bravest	1
bravely	1
brass	1
bramblo	1
bramble	1
braids	1
braid	1
bows	1
bowls	1
bowl	1
bowering	1
bower	1
bowed	1
bounty	1
boulder	1
both	1
bosomed	1
bosom	1
borders	1
bordered	1
booming	1
boomed	1
bondman	1
bond	1
boldly	1
bold	1
boasting	1
blustering	1
blushing	1
blush	1
blundering	1
blow	1
blots	1
blossomy	1
blossomed	1
bloomy	1
bloomed	1
blissful	1
blindly	1
blinded	1
blighting	1
blighted	1
blesses	1
bled	1
blear	1
blast	1
blanch	1
blameless	1
blade	1
blackness	1
blackberry	1
black	1
bitterness	1
bitterly	1
bishop	1
birthdays	1
birthday	1
bind	1
billed	1
bid	1
beware	1
bewail	1
better	1
betrayed	1
bethany	1
bestow	1
bereavement	1
belief	1
being	1
beguiled	1
beguile	1
beginnings	1
begin	1
beggary	1
beggar	1
beg	1
beetle	1
become	1
beckonings	1
beautify	1
beauties	1
beasts	1
bears	1
bearing	1
beams	1
bayonet	1
battle	1
battered	1
bats	1
barren	1
bark	1
banner	1
banned	1
banished	1
baked	1
babyhood	1
azaleas	1
azalea	1
ay	1
awful	1
awe	1
awaiting	1
attend	1
atone	1
astir	1
assistance	1
asks	1
asking	1
asked	1
ashy	1
arrowy	1
arrow	1
arose	1
arm	1
argue	1
archness	1
approach	1
apples	1
apple	1
any	1
angry	1
ancient	1
ambitious	1
ambitions	1
aloud	1
almoner	1
almond	1
almighty	1
allured	1
alive	1
alike	1
alexander	1
aleaf	1
alabaster	1
afterthought	1
affright	1
advance	1
adore	1
added	1
add	1
active	1
aching	1
achieve	1
ached	1
absorbed	1
absent	1
absence	1
abroad	1
abounded	1
<	1
9	1
7	1
(")	1
"(	1
"'	1
!)	1
!'	1
