,	3748
the	1637
and	1180
;	1089
of	1083
in	460
to	385
.	348
all	342
with	325
|'s|	262
his	250
he	243
or	204
that	197
by	188
from	167
a	165
god	152
as	148
their	126
who	112
on	112
life	111
for	108
they	107
earth	104
light	101
where	93
(	92
through	90
heaven	88
|arabic2digit|	85
man	85
whose	82
)	82
sun	76
him	76
divine	75
but	75
its	74
—	72
which	72
her	71
world	68
like	65
one	64
she	62
soul	58
nor	58
not	55
|arabic3digit|	54
death	52
be	52
was	51
so	51
at	51
fire	50
time	47
were	46
those	46
bright	46
angels	45
holy	44
love	43
spirit	41
first	41
now	40
star	39
sacred	39
pure	39
over	39
is	39
'	38
there	37
gods	37
some	36
moon	36
into	36
truth	35
sea	35
golden	35
these	34
then	34
shall	33
still	32
round	32
high	32
an	32
men	31
!	31
when	30
stars	30
might	30
gold	30
:	30
while	29
till	29
made	29
end	28
them	27
passed	27
thus	26
though	26
than	26
more	26
hand	26
had	26
great	26
every	26
born	26
air	26
such	25
power	25
it	25
blessed	25
wisdom	24
starry	24
infinite	24
celestial	24
white	23
things	23
once	23
mountain	23
last	23
king	23
forth	23
are	23
will	22
this	22
name	22
long	22
crowned	22
self	21
own	21
old	21
nature	21
many	21
immortal	21
heavenly	21
eye	21
each	21
sweet	20
skies	20
yet	19
tree	19
night	19
how	19
heavens	19
heart	19
good	19
flower	19
within	18
winged	18
silver	18
rites	18
land	18
far	18
ere	18
deep	18
blood	18
"	18
wise	17
whom	17
whole	17
water	17
thrice	17
taught	17
spheres	17
himself	17
fruit	17
eyes	17
day	17
came	17
bliss	17
birth	17
angel	17
alone	17
after	17
vast	16
upon	16
too	16
space	16
souls	16
sole	16
seven	16
lord	16
living	16
held	16
gave	16
evil	16
ever	16
years	15
what	15
up	15
universe	15
son	15
sin	15
secret	15
perfection	15
mind	15
hallowed	15
down	15
both	15
being	15
we	14
supreme	14
seed	14
nations	14
lost	14
deity	14
beneath	14
wrought	13
wherein	13
whence	13
well	13
way	13
waters	13
throne	13
thou	13
spirits	13
ocean	13
never	13
neath	13
mystic	13
mount	13
knew	13
ill	13
i	13
human	13
gates	13
fate	13
divinity	13
could	13
virtue	12
us	12
tribes	12
temple	12
stream	12
seternal	12
saw	12
race	12
orb	12
mother	12
most	12
kings	12
green	12
free	12
flowers	12
dear	12
child	12
ages	12
word	11
war	11
vital	11
universal	11
times	11
thence	11
themselves	11
solar	11
said	11
royal	11
perfect	11
pearl	11
peace	11
our	11
oracular	11
mysteries	11
mid	11
maid	11
lived	11
isle	11
hill	11
hid	11
fairy	11
eternal	11
dew	11
darkness	11
city	11
beauty	11
age	11
?	11
would	10
wine	10
wind	10
west	10
virtues	10
thee	10
sought	10
song	10
sire	10
silence	10
signs	10
sat	10
rose	10
rise	10
primal	10
oft	10
no	10
mountains	10
luminous	10
lay	10
lands	10
joy	10
isles	10
hills	10
glory	10
flood	10
fall	10
do	10
crown	10
breast	10
bosom	10
back	10
among	10
again	10
wide	9
wave	9
vain	9
thy	9
thousand	9
thought	9
state	9
sphere	9
soon	9
serpent	9
seas	9
river	9
queen	9
prophetic	9
out	9
only	9
magic	9
lore	9
less	9
left	9
led	9
hope	9
honey	9
home	9
hath	9
half	9
gilded	9
gems	9
future	9
fragrant	9
founts	9
faith	9
eve	9
dead	9
dark	9
creation	9
come	9
christ	9
central	9
bound	9
book	9
blue	9
black	9
worlds	8
woe	8
wealth	8
twin	8
streams	8
stone	8
spread	8
spiritual	8
side	8
seterne	8
sands	8
rock	8
reared	8
priest	8
powers	8
perpetual	8
named	8
matter	8
mass	8
main	8
lips	8
known	8
knowledge	8
kind	8
imperial	8
if	8
hell	8
hearts	8
forms	8
form	8
force	8
fixed	8
fields	8
feet	8
fair	8
everlasting	8
dwelled	8
depths	8
days	8
clear	8
cities	8
cause	8
can	8
called	8
aye	8
around	8
abode	8
ye	7
worshipped	7
without	7
winds	7
whereof	7
walls	7
void	7
vision	7
virgin	7
unto	7
until	7
truths	7
true	7
triumphant	7
thunder	7
thine	7
ten	7
tea	7
stood	7
steed	7
snow	7
sleep	7
sins	7
since	7
shades	7
setherial	7
seemed	7
save	7
sad	7
rule	7
rocks	7
red	7
pre	7
passion	7
other	7
order	7
none	7
nile	7
mortal	7
mighty	7
me	7
may	7
lives	7
limbs	7
learned	7
law	7
ice	7
holiest	7
heard	7
head	7
grew	7
grace	7
glassy	7
foot	7
floods	7
flame	7
fiery	7
felt	7
face	7
even	7
essence	7
dust	7
drowned	7
desert	7
delight	7
crystal	7
countless	7
conceived	7
clouds	7
cloud	7
close	7
burning	7
bride	7
breath	7
below	7
beheld	7
arms	7
always	7
youth	6
your	6
woods	6
wood	6
wilds	6
union	6
type	6
tongue	6
three	6
stand	6
speech	6
slave	6
slain	6
sign	6
shores	6
shining	6
separate	6
see	6
seal	6
sceptre	6
sand	6
roots	6
rivers	6
radiant	6
purple	6
point	6
plain	6
path	6
palm	6
orbs	6
nymph	6
nigh	6
names	6
mundane	6
marble	6
lo	6
lion	6
huge	6
hosts	6
heights	6
have	6
hall	6
glittering	6
gifts	6
giant	6
gem	6
full	6
flowery	6
flow	6
fear	6
father	6
fatal	6
fane	6
fairies	6
faerie	6
essential	6
emblem	6
eld	6
dwell	6
doom	6
divinest	6
diamond	6
desire	6
cup	6
creeds	6
creator	6
cold	6
charms	6
chain	6
cast	6
bowl	6
boundless	6
between	6
base	6
bard	6
astral	6
ark	6
ah	6
adored	6
writ	5
wrath	5
words	5
won	5
wings	5
whereby	5
wanderer	5
viewed	5
unknown	5
ultimate	5
two	5
trees	5
towers	5
told	5
title	5
thunderous	5
throughout	5
thrones	5
thoughts	5
streamlet	5
storms	5
stony	5
starred	5
stands	5
spake	5
soil	5
snake	5
sky	5
silent	5
shrine	5
showed	5
should	5
shore	5
shadows	5
shadow	5
set	5
sense	5
seals	5
right	5
reigned	5
reign	5
regal	5
re	5
purity	5
proud	5
pours	5
perfected	5
perchance	5
paradise	5
off	5
odorous	5
o	5
natural	5
mysterious	5
must	5
monarch	5
midst	5
mankind	5
maiden	5
lower	5
lights	5
lightning	5
laws	5
kingly	5
invisible	5
imperfect	5
immortals	5
immortality	5
host	5
honoured	5
holds	5
here	5
hands	5
hailed	5
groves	5
glass	5
give	5
gigantic	5
gift	5
ghosts	5
generations	5
gate	5
gainst	5
fount	5
found	5
fought	5
forest	5
foe	5
flows	5
flew	5
fish	5
fires	5
finite	5
fine	5
final	5
filled	5
fell	5
famed	5
fame	5
ends	5
emerald	5
else	5
elemental	5
east	5
due	5
dread	5
dragon	5
done	5
dim	5
deeps	5
cross	5
cried	5
creative	5
created	5
conqueror	5
closed	5
clad	5
chaos	5
ceaseless	5
caves	5
cave	5
calm	5
brow	5
breathing	5
breathed	5
breasts	5
birds	5
bird	5
before	5
become	5
bearded	5
bade	5
azure	5
away	5
art	5
arid	5
angelic	5
amber	5
altar	5
access	5
|arabic1digit|	4
yore	4
worship	4
wisest	4
willed	4
wild	4
wherewith	4
wherever	4
western	4
weed	4
waves	4
wandering	4
vainly	4
uttered	4
upwards	4
unseen	4
unity	4
twain	4
treasures	4
towards	4
touch	4
took	4
tide	4
throng	4
therefore	4
templed	4
tell	4
tears	4
tall	4
suns	4
sum	4
successive	4
sublime	4
stretched	4
strain	4
stern	4
steps	4
step	4
stem	4
sprang	4
speed	4
source	4
sons	4
soft	4
skilled	4
skiey	4
shrined	4
shine	4
service	4
secrets	4
scattered	4
sanctified	4
same	4
salvation	4
saintly	4
sainted	4
sage	4
rolls	4
ring	4
righteous	4
return	4
renewed	4
regeneration	4
received	4
reason	4
realm	4
read	4
ray	4
rapture	4
proof	4
prime	4
potent	4
plant	4
plains	4
place	4
pearly	4
peak	4
pass	4
pale	4
palace	4
orders	4
orbed	4
open	4
ominous	4
nought	4
nothing	4
nine	4
new	4
net	4
myriads	4
my	4
motion	4
moment	4
miracle	4
mingled	4
millennial	4
mercy	4
mean	4
mead	4
majestic	4
lover	4
loved	4
live	4
legends	4
leaves	4
lamb	4
lakes	4
lake	4
laid	4
justice	4
judgement	4
jove	4
jewels	4
jewelled	4
ivory	4
itself	4
islands	4
intent	4
initial	4
hundred	4
house	4
horn	4
hight	4
herb	4
hearted	4
hear	4
headed	4
hate	4
harmonies	4
haply	4
halls	4
hades	4
hadean	4
grove	4
grass	4
gorge	4
godlike	4
glorified	4
gives	4
girt	4
garden	4
gained	4
fowl	4
fountains	4
fountain	4
fore	4
footed	4
flowing	4
flowed	4
flock	4
flamy	4
fierce	4
few	4
false	4
eyed	4
either	4
drops	4
dropped	4
drew	4
draught	4
drank	4
doomed	4
died	4
did	4
delights	4
deities	4
dedicate	4
deathful	4
dawn	4
daughter	4
daily	4
course	4
core	4
content	4
common	4
clasped	4
claimed	4
christine	4
chariot	4
changed	4
centre	4
bull	4
built	4
brute	4
broad	4
brightness	4
breeze	4
branched	4
blooms	4
blast	4
best	4
beside	4
beloved	4
believed	4
been	4
bear	4
beams	4
babe	4
arch	4
amid	4
alike	4
alas	4
abyss	4
above	4
!)	4
•	3
year	3
worst	3
wonder	3
wing	3
wilt	3
whirlpool	3
whether	3
whereon	3
wept	3
went	3
welcome	3
weighed	3
weal	3
wavelets	3
watery	3
warrior	3
warned	3
warm	3
wander	3
wand	3
waged	3
voluntary	3
volume	3
visions	3
vice	3
various	3
valley	3
urging	3
urged	3
unhappy	3
tyrant	3
typed	3
turn	3
trust	3
translucent	3
translated	3
train	3
traced	3
tower	3
tongues	3
tomb	3
toil	3
tipped	3
throned	3
threefold	3
thick	3
therewith	3
thereof	3
therein	3
terror	3
terrestrial	3
tale	3
table	3
sword	3
sway	3
sung	3
summer	3
suffered	3
studded	3
struck	3
strife	3
stretch	3
straits	3
storm	3
steep	3
springs	3
spouse	3
sped	3
speak	3
soared	3
snowy	3
smile	3
slew	3
sits	3
sings	3
simple	3
silvery	3
sight	3
sidereal	3
shrieking	3
showers	3
show	3
ship	3
shepherd	3
shade	3
serpentine	3
serene	3
sepulchral	3
seized	3
seer	3
seen	3
seats	3
seat	3
scourge	3
say	3
saviour	3
savage	3
sapphire	3
sanguine	3
saints	3
sacrifice	3
runnel	3
ruled	3
ruin	3
rude	3
ruby	3
rubies	3
rooted	3
rode	3
rod	3
robes	3
robe	3
ripe	3
rings	3
revered	3
rest	3
rent	3
remorse	3
rank	3
rainbow	3
quelled	3
purifying	3
purify	3
purified	3
prove	3
prophet	3
progression	3
profound	3
prismatic	3
pride	3
precipitous	3
prayer	3
pools	3
pool	3
pole	3
pleasure	3
play	3
pine	3
piled	3
philosophy	3
pertained	3
perfumes	3
perfumed	3
perfume	3
pendent	3
peer	3
peaked	3
past	3
passions	3
others	3
original	3
origin	3
oberon	3
nymphs	3
north	3
noble	3
next	3
nest	3
necessity	3
nebulous	3
native	3
naked	3
mystery	3
music	3
muse	3
moved	3
mounds	3
mine	3
mental	3
meet	3
meanwhile	3
meaning	3
material	3
marmoreal	3
mark	3
makes	3
maids	3
lyre	3
lunar	3
low	3
lords	3
look	3
lone	3
lip	3
lines	3
lily	3
lightnings	3
lift	3
level	3
let	3
length	3
leaflets	3
lave	3
later	3
lapse	3
ladies	3
knot	3
kiss	3
kindred	3
kin	3
key	3
joyful	3
jasper	3
issuing	3
island	3
intelligence	3
instinct	3
inspired	3
inner	3
initiate	3
inferior	3
inconceivable	3
ignorant	3
iced	3
hung	3
hour	3
horse	3
hordes	3
hold	3
highest	3
hia	3
herself	3
heads	3
gum	3
growth	3
grows	3
groans	3
grim	3
grey	3
graved	3
granite	3
grand	3
goat	3
glowing	3
glories	3
gleams	3
gleaming	3
glance	3
given	3
giants	3
generation	3
gathered	3
g	3
furnished	3
freedom	3
framed	3
frame	3
fourfold	3
four	3
foul	3
forget	3
flowerets	3
floating	3
flesh	3
fired	3
feast	3
fates	3
fallen	3
faithful	3
existence	3
erst	3
entered	3
endless	3
enchanted	3
empire	3
embracing	3
embraced	3
embrace	3
elle	3
elements	3
electric	3
eden	3
earthwards	3
ear	3
eagle	3
dwarf	3
dsemons	3
dry	3
dreams	3
dreadless	3
dragons	3
downwards	3
dominant	3
divining	3
disguised	3
devouring	3
destinies	3
descends	3
delicious	3
deeds	3
date	3
darts	3
danced	3
dance	3
crowns	3
crew	3
crescent	3
crept	3
creatures	3
country	3
coral	3
cool	3
converse	3
continent	3
constellated	3
conquering	3
conquered	3
conned	3
commune	3
comes	3
columns	3
circular	3
childhood	3
chief	3
cherubic	3
charm	3
chambers	3
ceased	3
caused	3
castle	3
buds	3
bubbling	3
brought	3
brings	3
brethren	3
branch	3
bow	3
bodies	3
blow	3
blooming	3
bloom	3
blessing	3
bless	3
beyond	3
berries	3
beings	3
beginning	3
beds	3
bed	3
because	3
beast	3
bark	3
banquet	3
awful	3
assuring	3
arrow	3
arab	3
apt	3
animal	3
ancient	3
altars	3
aloud	3
along	3
almighty	3
adamantine	3
abide	3
zeal	2
youthful	2
yoke	2
yearly	2
yea	2
wretched	2
wreaths	2
wreathed	2
wrapped	2
wove	2
worships	2
worshippers	2
working	2
work	2
wonders	2
womb	2
woman	2
woes	2
withdrew	2
wisely	2
winning	2
win	2
willing	2
wield	2
why	2
whispered	2
whisper	2
whirled	2
wherefore	2
wheel	2
whatever	2
whale	2
westward	2
weltering	2
wells	2
wears	2
weald	2
wavy	2
wastes	2
warred	2
wandered	2
walled	2
vulgar	2
volumes	2
volumed	2
volcanic	2
voice	2
violets	2
vine	2
vile	2
victorious	2
victims	2
versed	2
verdure	2
veins	2
veiled	2
veil	2
vegetive	2
vaults	2
vaulted	2
vases	2
variable	2
vapour	2
vanquished	2
vanished	2
vanish	2
van	2
used	2
urn	2
upward	2
untold	2
unsealed	2
unnamed	2
unhallowed	2
unfolds	2
underneath	2
unconscious	2
tyrannic	2
typhonian	2
twining	2
twice	2
twas	2
turbid	2
trunk	2
truest	2
triple	2
trine	2
trinal	2
trilling	2
tribe	2
tresses	2
trebly	2
tread	2
travelled	2
transmute	2
tradition	2
total	2
torrent	2
torches	2
topaz	2
tongued	2
toned	2
tome	2
tombs	2
together	2
titans	2
titania	2
tides	2
tided	2
tidal	2
thunders	2
thrall	2
thousands	2
thing	2
theretofore	2
thereon	2
theories	2
thenceforth	2
theirs	2
tet	2
tender	2
temporal	2
tempestuous	2
tempest	2
teach	2
tasted	2
talismans	2
talismanic	2
tablet	2
tables	2
sympathies	2
symbolled	2
symbolic	2
swift	2
swept	2
sweetly	2
swayed	2
swam	2
surface	2
sure	2
super	2
sunset	2
sunny	2
sunlight	2
sunless	2
suffering	2
suffer	2
suddenly	2
subterrene	2
sublimely	2
subdued	2
studious	2
stronger	2
strange	2
strait	2
strains	2
straight	2
stormy	2
stepped	2
steering	2
steals	2
states	2
starwise	2
starlets	2
stalks	2
sprung	2
sprites	2
sprinkled	2
spreads	2
spots	2
splendid	2
spires	2
spine	2
spheral	2
spent	2
spells	2
spell	2
speechless	2
spectral	2
sowed	2
sovran	2
sovereign	2
south	2
soundless	2
sound	2
sore	2
somewhat	2
sometime	2
solitude	2
solid	2
solicitous	2
social	2
smote	2
smiling	2
slaves	2
skiff	2
sipped	2
singly	2
shrubs	2
shows	2
shot	2
shorewards	2
shook	2
shod	2
shoals	2
shield	2
shed	2
shapes	2
shape	2
shadowy	2
shadowless	2
seventh	2
sether	2
seternity	2
serenely	2
semi	2
semblance	2
seems	2
seeks	2
seek	2
season	2
searching	2
scrolls	2
science	2
sceptred	2
scents	2
scarcely	2
scarce	2
scaped	2
scaling	2
scalding	2
saving	2
saved	2
savages	2
sang	2
sanctity	2
salt	2
saint	2
sailed	2
sail	2
sagest	2
safety	2
safe	2
sabbatic	2
runs	2
runes	2
royalty	2
rosy	2
roses	2
rosebud	2
roseate	2
root	2
roofs	2
roof	2
roll	2
rocked	2
roamed	2
rivulet	2
rill	2
riches	2
rich	2
revolution	2
revealed	2
returned	2
restless	2
reserved	2
remote	2
rejoiced	2
regions	2
region	2
regenerative	2
regenerate	2
regenerant	2
refuse	2
refuge	2
redeemed	2
recognised	2
reborn	2
reascent	2
realms	2
reach	2
rare	2
ranked	2
ranged	2
raise	2
rain	2
raiment	2
radiance	2
radial	2
quoth	2
quivering	2
quick	2
quest	2
quaffed	2
q	2
pyramid	2
put	2
purge	2
purgatorial	2
providence	2
proves	2
prospective	2
prom	2
progress	2
profane	2
pristine	2
princess	2
prince	2
primseval	2
pressed	2
preserver	2
presence	2
preexistent	2
preached	2
prayed	2
poured	2
portals	2
poppy	2
pomp	2
polished	2
polar	2
poised	2
plied	2
plenished	2
plenipotent	2
played	2
planned	2
planetary	2
pinions	2
pillars	2
pillared	2
phantom	2
periods	2
penned	2
penitent	2
pearls	2
paved	2
paused	2
patriarchal	2
patriarch	2
paternal	2
patent	2
passionless	2
passeth	2
parley	2
parental	2
parent	2
parched	2
paradisal	2
pampas	2
palaces	2
palaced	2
pair	2
pain	2
pagan	2
pacific	2
paced	2
ox	2
owned	2
orient	2
orbit	2
oracles	2
opening	2
opened	2
ones	2
omnipresent	2
olive	2
offence	2
od	2
occult	2
oath	2
oak	2
noonday	2
noon	2
noblest	2
nobler	2
nightly	2
newborn	2
need	2
neared	2
natures	2
natheless	2
natal	2
mutual	2
murderous	2
movement	2
mourns	2
mound	2
moulds	2
mould	2
moss	2
mortals	2
moor	2
moons	2
monstrous	2
monster	2
mocked	2
moaning	2
mm	2
mixed	2
mistress	2
misled	2
minutest	2
mineral	2
mindful	2
million	2
milk	2
mild	2
mightier	2
midnight	2
merry	2
merged	2
mere	2
mediates	2
measurement	2
meant	2
meads	2
meadows	2
maybe	2
mastering	2
mast	2
massed	2
masque	2
mask	2
marvellous	2
marvel	2
marked	2
mansions	2
mansion	2
make	2
maidens	2
magnet	2
lurks	2
lowliest	2
lowest	2
loving	2
loves	2
lovers	2
lovely	2
loveliness	2
lovelier	2
lote	2
lordly	2
longer	2
lonely	2
lofty	2
loftiest	2
loftier	2
locks	2
little	2
lipped	2
line	2
limits	2
lilies	2
lilied	2
lighter	2
lifted	2
lie	2
liberty	2
leviathan	2
lesser	2
lent	2
lends	2
legendary	2
legend	2
lebanon	2
leave	2
least	2
leaf	2
lead	2
launched	2
late	2
lasting	2
lark	2
lapsed	2
lap	2
language	2
lamplets	2
lakelets	2
know'st	2
know	2
knight	2
knee	2
kine	2
kindled	2
killed	2
keep	2
justly	2
jungle	2
juice	2
judged	2
joyed	2
joined	2
jesus	2
ita	2
isled	2
isis	2
iron	2
inward	2
interpreter	2
interior	2
intelligible	2
intellect	2
intact	2
instinctive	2
instant	2
instance	2
inspiring	2
insect	2
insculptured	2
inscribed	2
ingrained	2
influence	2
infinites	2
infallible	2
inexpressive	2
indian	2
incense	2
inane	2
impulse	2
impregned	2
immense	2
immediate	2
image	2
illumined	2
illumes	2
illumed	2
illume	2
ills	2
idol	2
hymn	2
hurled	2
humane	2
hours	2
hound	2
hostile	2
horns	2
hopes	2
honour	2
hollow	2
hoar	2
ho	2
hive	2
higher	2
hidden	2
hewn	2
hermit	2
helped	2
help	2
heel	2
hebrews	2
heaves	2
heated	2
hearkened	2
hazel	2
hawk	2
haunted	2
haunt	2
haughty	2
hast	2
harping	2
harm	2
hard	2
happy	2
hapless	2
handful	2
hallows	2
hallowing	2
hail	2
guardians	2
guardian	2
guarded	2
grown	2
ground	2
grosser	2
gross	2
groaned	2
greek	2
greatest	2
graves	2
graven	2
grave	2
gradually	2
gradual	2
godly	2
goddess	2
glows	2
glorious	2
gloom	2
globe	2
glistering	2
glides	2
glide	2
gladdening	2
glad	2
girl	2
gifting	2
ghouls	2
ghastly	2
gentle	2
genetic	2
general	2
gazing	2
fullness	2
fruits	2
fruitful	2
friend	2
freely	2
fraught	2
frank	2
forthright	2
formed	2
forged	2
food	2
fontal	2
foliage	2
fold	2
foam	2
flying	2
floors	2
flocks	2
flies	2
flash	2
firmamental	2
filmy	2
fills	2
filial	2
fiends	2
fiend	2
fern	2
feminine	2
fellow	2
felicitous	2
feigned	2
fed	2
feathery	2
feasts	2
farewell	2
fared	2
fanes	2
falls	2
falling	2
falchion	2
faiths	2
fairer	2
facial	2
faced	2
fabulous	2
expectant	2
existent	2
exalted	2
estranged	2
errant	2
erect	2
equal	2
eose	2
envy	2
entire	2
enringed	2
enriched	2
enlightening	2
engulfed	2
endowed	2
encrowned	2
empowered	2
empires	2
emerged	2
elsewhere	2
elfin	2
element	2
eldest	2
ehine	2
egyptian	2
egg	2
eesponsive	2
eerie	2
eeason	2
ecstasy	2
echoes	2
ebb	2
earthly	2
earthborn	2
eagles	2
dyed	2
dwells	2
duration	2
dumb	2
dropping	2
drink	2
dreamed	2
draws	2
drains	2
downs	2
dove	2
doubt	2
doubly	2
dome	2
domain	2
dog	2
divinities	2
divinely	2
divined	2
divination	2
diverse	2
dispensed	2
disc	2
dipped	2
dignities	2
diadem	2
dewy	2
devote	2
destroyer	2
destiny	2
destined	2
deserts	2
descent	2
descended	2
depth	2
denizens	2
deluge	2
delighted	2
deified	2
deific	2
deepening	2
deeming	2
deemed	2
decked	2
deathless	2
dealt	2
dazzling	2
dashed	2
darted	2
damsels	2
damsel	2
dame	2
curve	2
cursed	2
current	2
cups	2
culled	2
crystalline	2
crowds	2
cropped	2
crocodile	2
crested	2
crest	2
crelestial	2
create	2
creamy	2
courts	2
court	2
counted	2
counsel	2
costliest	2
corruption	2
cooling	2
contemptuous	2
consummed	2
conserved	2
consecrated	2
consecrate	2
conscience	2
confessed	2
confess	2
cone	2
conduct	2
condensed	2
conclusive	2
commingling	2
commenced	2
commands	2
command	2
coming	2
columned	2
coal	2
clarified	2
circumfused	2
circling	2
circle	2
chose	2
chiselled	2
chieftain	2
chaste	2
charmed	2
chaotic	2
change	2
chance	2
chalice	2
chair	2
cell	2
cease	2
cavernous	2
cates	2
caspian	2
cape	2
canes	2
cane	2
camel	2
bursts	2
bulk	2
builded	2
brutes	2
brotherhood	2
brother	2
broken	2
brine	2
breezes	2
bred	2
breathe	2
brave	2
bounden	2
bough	2
bore	2
bordering	2
body	2
bodily	2
blossoms	2
blind	2
blight	2
blessings	2
blent	2
blended	2
blanched	2
bide	2
better	2
betimes	2
bespoke	2
beryl	2
bent	2
beneficent	2
believe	2
behold	2
beguiled	2
begotten	2
began	2
beech	2
becomes	2
beck	2
beaver	2
beauteous	2
beasts	2
beamy	2
beads	2
battle	2
bathing	2
banks	2
banked	2
bank	2
band	2
baltic	2
balm	2
balance	2
babel	2
awed	2
austral	2
austere	2
aught	2
atonement	2
atoms	2
aspiration	2
aspirant	2
asp	2
asked	2
asian	2
ascetic	2
ascend	2
arts	2
arrowy	2
armlets	2
armies	2
armed	2
arm	2
archives	2
arched	2
apples	2
appeared	2
apparitions	2
appals	2
apart	2
answering	2
annual	2
animate	2
ancestry	2
alternate	2
alphabet	2
alp	2
airs	2
aim	2
ago	2
against	2
affection	2
aery	2
adorn	2
adoring	2
adore	2
active	2
action	2
across	2
achieved	2
achieve	2
accomplished	2
abysses	2
abysmal	2
abstract	2
);	2
|romannumeral|	1
zonelet	1
zeus	1
zenith	1
zenhagal	1
zend	1
zemzem	1
zebra	1
zazaticas	1
zaradean	1
zapatero	1
zana	1
zamolxis	1
zaleucus	1
zahara	1
yucca	1
young	1
you	1
yonder	1
yield	1
yezd	1
yedamic	1
yearned	1
yearful	1
yawn	1
wych	1
wryed	1
wrung	1
writs	1
writhen	1
wrinklet	1
wring	1
wretches	1
wrestlers	1
wreck	1
wreathes	1
wreathe	1
wrasp	1
woven	1
wounds	1
worth	1
worshipping	1
worshipful	1
worse	1
worms	1
worm	1
workman	1
wore	1
wordless	1
wool	1
woodman	1
woodbine	1
wonned	1
wondrous	1
wombs	1
wolves	1
wolf	1
wold	1
woeful	1
wivern	1
witting	1
witnesses	1
witness	1
withering	1
withdraws	1
withdrawn	1
witches	1
witch	1
wit	1
wist	1
wishing	1
wishes	1
wished	1
wintery	1
winters	1
winter	1
winnowed	1
winnebago	1
wink	1
wimbled	1
wilful	1
wiles	1
wiled	1
wildly	1
wilderness	1
wilder	1
wielder	1
wholesome	1
whiteness	1
whitened	1
whisperings	1
whirlwind	1
whirl	1
whilst	1
whereto	1
whereat	1
whenso	1
wheels	1
wheeled	1
wheaten	1
wheat	1
welkin	1
weeping	1
weepers	1
weening	1
weedy	1
weeds	1
wedding	1
wed	1
webbed	1
weaving	1
weapons	1
weak	1
ways	1
wayfarer	1
waving	1
waterless	1
watchet	1
watched	1
wasteful	1
wasted	1
wast	1
washed	1
wars	1
warriors	1
warning	1
warmth	1
warmer	1
warlike	1
warden	1
warbling	1
wants	1
wantonness	1
wanting	1
wanes	1
wane	1
wanderings	1
walnut	1
walling	1
wall	1
walked	1
walk	1
waking	1
waited	1
wait	1
waist	1
wailing	1
wail	1
wafts	1
vulture	1
vulcanian	1
vowed	1
vouched	1
votive	1
voracious	1
volga	1
volcano	1
volant	1
voiced	1
vivifies	1
vivified	1
vivific	1
vivacious	1
visionary	1
visible	1
vishnoo	1
visage	1
virtuous	1
viricocha	1
virgins	1
virginian	1
virgilian	1
vipers	1
viperous	1
violet	1
vintage	1
vines	1
villager	1
village	1
viewless	1
victress	1
victory	1
victories	1
vices	1
vicarious	1
vibrant	1
vetch	1
very	1
vervain	1
verse	1
verity	1
verities	1
veriest	1
verdant	1
venomous	1
venom	1
venerable	1
venal	1
velvet	1
vellum	1
vein	1
veils	1
vegetal	1
vaunts	1
vasty	1
vaster	1
vassals	1
varied	1
variant	1
vapours	1
vanquish	1
vandal	1
valves	1
vales	1
vale	1
uwfmal	1
utter	1
utmost	1
usurps	1
usurped	1
ushered	1
useless	1
use	1
uproots	1
uprooted	1
upright	1
uprears	1
upreared	1
upper	1
upmost	1
upland	1
upheaving	1
upheaves	1
unwavering	1
unuttered	1
untutored	1
untranslated	1
untempled	1
untaint	1
unrolled	1
unrecorded	1
unprofaned	1
unpierced	1
unpeered	1
unnumbered	1
unmorrowing	1
unmeasured	1
unmarked	1
unless	1
unknowing	1
unkinged	1
universal'man	1
unitive	1
unities	1
unite	1
unique	1
unicorn	1
unhorsed	1
unhoped	1
unheard	1
unharmed	1
ungrateful	1
unformed	1
unfold	1
unfiled	1
unfathomed	1
unfathomable	1
unfailing	1
uneyes	1
undistinguished	1
underworld	1
understood	1
underfoot	1
under	1
undefiled	1
unctioned	1
uncreate	1
uncouth	1
unconsciously	1
unconditioned	1
unconceived	1
unclothing	1
unchanged	1
unceasing	1
unburthened	1
unbroken	1
unboundedly	1
unbound	1
unborn	1
unbethought	1
unapparent	1
unable	1
umbrageous	1
ubiquity	1
ubiquitous	1
ubiety	1
uadalupe	1
tzour	1
tyre	1
tyranny	1
tyrannously	1
typing	1
typeth	1
twixt	1
twirls	1
twins	1
twinkling	1
twilight	1
twenty	1
twelve	1
tween	1
tuxtla	1
tutelar	1
tutah	1
tusked	1
tuske'd	1
turtles	1
turtle	1
turning	1
turned	1
turbaned	1
tunes	1
tuneful	1
tufted	1
tuft	1
tucuman	1
tuberose	1
tube	1
tubal	1
ttis	1
tschad	1
trusted	1
trump	1
truly	1
troubled	1
tropic	1
trolls	1
trolled	1
trode	1
trivial	1
triune	1
triunal	1
triumphs	1
triumph	1
trismegist	1
tripping	1
tripod	1
triply	1
triphylian	1
trilingual	1
tried	1
tricks	1
trickling	1
tribelets	1
trending	1
trend	1
trenched	1
trembled	1
trefoil	1
treeful	1
treaties	1
treat	1
treason	1
treachery	1
traveller	1
travel	1
transversive	1
transmigrative	1
transgression	1
transformed	1
transformation	1
transfixed	1
transcript	1
transcends	1
transcendent	1
transcendant	1
tranquil	1
trances	1
trance	1
trail	1
trade	1
tracts	1
track	1
tracing	1
traced)j	1
trace	1
toy	1
townless	1
town	1
towering	1
towered	1
touched	1
tottered	1
totalizing	1
totality	1
tortures	1
torques	1
tore	1
tor	1
tops	1
topping	1
topmost	1
top	1
tooted	1
tonight	1
tongarari	1
tonga	1
tone	1
tombstones	1
tomblets	1
tombed	1
tolu	1
toils	1
toiled	1
tjpsoar	1
tjnsanctified	1
titters	1
tittering	1
titled	1
titicaca	1
titanic	1
titanian	1
tiresias	1
tip	1
tiny	1
tints	1
tinged	1
tinct	1
timeous	1
tilth	1
tills	1
tiger	1
tiers	1
tield	1
tiding	1
tideless	1
thyme	1
thwarted	1
throw	1
throbbing	1
throb	1
throat	1
thrilled	1
thrid	1
threescore	1
threatening	1
threaded	1
thralled	1
thraciau	1
thracian	1
thousandfold	1
thorough	1
thorns	1
thorn	1
thitherward	1
third	1
thinned	1
think	1
thin	1
thief	1
thibetian	1
thereat	1
theocrat	1
thenceforward	1
thebes	1
theban	1
theangeline	1
thanks	1
thanking	1
thames	1
thabou	1
text	1
teutaw	1
tested	1
test	1
terrene	1
terraqueous	1
terraced	1
terms	1
term	1
tequendama	1
tepid	1
tenfold	1
tendril	1
tending	1
tenderest	1
tenable	1
tempting	1
tempted	1
temples	1
tempests	1
tempers	1
tempered	1
temperance	1
teeth	1
teems	1
teaching	1
teacher	1
tchudic	1
tchelminar	1
tawned	1
tauro	1
tasting	1
taste	1
tasked	1
tartarian	1
tarn	1
taret	1
taous	1
tao	1
tamul	1
tameless	1
talmudic	1
tales	1
taking	1
takes	1
taken	1
take	1
tak	1
tailed	1
tahtar	1
tact	1
tablets	1
tabernacles	1
systems	1
system	1
synchronous	1
sympathising	1
symmetry	1
symbols	1
symbolling	1
symbolising	1
symbol	1
sylphs	1
syllables	1
swung	1
swirling	1
swimmer	1
swiftest	1
swells	1
swell	1
sweetens	1
sweeps	1
sweep	1
sweated	1
swathed	1
swans	1
swan	1
swamps	1
swamp	1
swallowing	1
swallow	1
suzerainty	1
sustentation	1
sustenance	1
sustains	1
sustainer	1
surview	1
survey	1
surrounded	1
surpassing	1
surpassed	1
surnamed	1
supremacy	1
supra	1
suppliant	1
supernal	1
sunwards	1
sunstone	1
sunrise	1
sunlike	1
sunken	1
sunk	1
sungskrit	1
sunflower	1
sunfish	1
sundry	1
sundown	1
sunbeam	1
summits	1
summers	1
summed	1
sumatra	1
sultry	1
suhrab	1
sufficing	1
suffers	1
suffereth	1
sued	1
sudden	1
succulent	1
success	1
subtiaba	1
subterraneous	1
substituted	1
substantial	1
substance	1
submerged	1
submarine	1
sublunary	1
subjects	1
subject	1
sub	1
styled	1
stunted	1
stung	1
study	1
strung	1
struggle	1
strove	1
strophes	1
strong	1
striving	1
strived	1
strings	1
stringing	1
stringed	1
striding	1
strewn	1
stretcheth	1
strength	1
streets	1
strayed	1
strata	1
stranger	1
strands	1
strained	1
straightwise	1
straightways	1
story	1
stormiest	1
stork	1
stooped	1
stones	1
stoned	1
stolen	1
stoled	1
stole	1
stinged	1
stilly	1
stifling	1
stepping	1
steppe	1
stems	1
stellate	1
steered	1
steeped	1
steel	1
stealth	1
steadier	1
stately	1
stateliest	1
startle	1
started	1
starstone	1
starlet	1
standing	1
standard	1
stamps	1
stamp	1
stalwarth	1
stair	1
staineth	1
stained	1
stag	1
staff	1
stablishing	1
stabbed	1
spur	1
spring	1
spray	1
spotted	1
sporting	1
sported	1
sport	1
sporadic	1
spoke	1
spoils	1
spiry	1
spiky	1
spikenard	1
spiked	1
spied	1
spices	1
sphseral	1
sphinx	1
sphinges	1
sphered	1
spellbound	1
speechlessly	1
spectrum	1
special	1
spear	1
sparse	1
spars	1
sparkling	1
sparkles	1
sparing	1
spared	1
spare	1
spade	1
spacious	1
sows	1
sown	1
sovereignty	1
southwards	1
southmost	1
southern	1
sounds	1
soudanian	1
soras	1
soothing	1
soothes	1
soothed	1
soothe	1
sooner	1
sonian	1
solves	1
solve	1
solution	1
solstitial	1
solon	1
solidifies	1
solemnly	1
solemnised	1
solely	1
soldier	1
soldan	1
solarized	1
sojourn	1
softened	1
soften	1
soever	1
sodden	1
sod	1
sobbing	1
soaring	1
soar	1
snows	1
snatch	1
snakes	1
smoothed	1
smitten	1
smit	1
smiled	1
smelled	1
smaragdine	1
small	1
slumbered	1
slumber	1
slowly	1
slow	1
slough	1
sloth	1
slopes	1
slipped	1
slime	1
slim	1
slideth	1
slid	1
slept	1
sleeps	1
slay	1
slavish	1
slaving	1
slaved	1
slaughterous	1
slaughtered	1
slate	1
slaked	1
slade	1
slab	1
skywards	1
skirting	1
skins	1
skim	1
skeleton	1
size	1
six	1
sites	1
sires	1
sir	1
sips	1
sip	1
sinners	1
sinned	1
sinless	1
single	1
singing	1
sing	1
sinde	1
simplest	1
simorgh	1
simoom	1
silverweed	1
silvered	1
silt	1
silky	1
silken	1
silenceth	1
signet	1
signalised	1
signal	1
sighting	1
sighted	1
sighs	1
sighing	1
sighed	1
siege	1
sida	1
sickens	1
sicilian	1
sibylline	1
sibilation	1
siberian	1
siam	1
shyly	1
shuns	1
shunned	1
shun	1
shrunk	1
shrub	1
shroud	1
shrinking	1
shrill	1
shrieked	1
shown	1
showing	1
shower	1
shoulder	1
shotted	1
shoshonee	1
shorn	1
shorer	1
shone	1
shoal	1
shirauz	1
shimmering	1
shifting	1
shemiram	1
shelly	1
shell	1
sheddeth	1
shedad	1
sheba	1
sheathed	1
shawe	1
sharpening	1
shark	1
shared	1
shaped	1
shamrock	1
shaming	1
shamans	1
sham	1
shalt	1
shaggy	1
shafts	1
shady	1
shadowed	1
shadim	1
seviternal	1
severing	1
severed	1
severe	1
sever	1
sevenfold	1
setting	1
sethsean	1
sesamum	1
servitude	1
served	1
serrated	1
serpents	1
serimnar	1
serenest	1
seraphic	1
sequent	1
sequences	1
sepulture	1
septenary	1
sentient	1
sent	1
senses	1
senigma	1
senates	1
senate	1
semim	1
sells	1
sell	1
selfish	1
seldom	1
seize	1
sees	1
seem	1
seeking	1
seeker	1
seeded	1
seductive	1
secularly	1
sections	1
sect	1
secretive	1
secreted	1
secrecy	1
secrecies	1
secondary	1
second	1
secklong	1
secern	1
sebastopolis	1
seawards	1
seasons	1
search	1
sealing	1
sealed	1
seahorse	1
scythic	1
sculptured	1
scud	1
scripture	1
screen	1
scourged	1
scorpion	1
scornfully	1
scorned	1
scored	1
score	1
scorching	1
scooped	1
scions	1
scion	1
scintillating	1
schemes	1
sceptral	1
scented	1
scene	1
scattering	1
scathless	1
scarred	1
scarlet	1
scarf	1
scarab	1
scant	1
scale	1
saying	1
sawing	1
saves	1
savannahs	1
saturnian	1
saturated	1
satisfy	1
satchel	1
saronian	1
sapphires	1
sapped	1
sank	1
sandal	1
sanctuary	1
sanctities	1
sanction	1
sanctifies	1
saluting	1
saline	1
sakhrat	1
sake	1
saith	1
saintliest	1
saghalien	1
sages	1
sadly	1
saddest	1
saddened	1
sacrosanct	1
sacro	1
sacrificial	1
sack	1
rye	1
rustle	1
rustam	1
rushen	1
rules	1
rudest	1
ruddy	1
rubied	1
rropakhian	1
royalties	1
rowan	1
roved	1
routed	1
rousing	1
rounding	1
rottenness	1
roofed	1
roods	1
roodloft	1
rood	1
rome	1
romance	1
roman	1
rolling	1
rolled	1
rods	1
rocky	1
robs	1
robed	1
rivalry	1
rivalries	1
rite	1
rising	1
risen	1
ripple	1
ripens	1
ripening	1
ripeness	1
ripened	1
rind	1
rim	1
rigid	1
rights	1
rifled	1
riddle	1
richer	1
rice	1
rhythmic	1
rhinoceros	1
rewinging	1
reviving	1
revising	1
reverent	1
revenge	1
reveals	1
reunion	1
returns	1
returnless	1
returning	1
retrieve	1
retreat	1
retired	1
retains	1
resurgent	1
results	1
rests	1
resting	1
restiff	1
restful	1
rested	1
resplendent	1
resound	1
resonant	1
resolved	1
resistless	1
resisting	1
reserve	1
reseeks	1
reseek	1
requires	1
repulse	1
reptiles	1
reproach	1
representative	1
repose	1
reply	1
repays	1
renowned	1
rendereth	1
remora	1
remembrance	1
remembered	1
remember	1
remained	1
reluctant	1
relief	1
relic	1
released	1
release	1
rekindling	1
reinstal	1
reigns	1
rehabilitated	1
registrar	1
regioned	1
regalia	1
regained	1
reft	1
refrained	1
reflected	1
reeking	1
reek	1
redundant	1
redemption	1
rede	1
recruited	1
recreator	1
recreate	1
recreant	1
recovering	1
recondite	1
reconciled	1
recollecting	1
recoiling	1
recognise	1
recline	1
reckless	1
reciprocal	1
recipient	1
receives	1
receive	1
reboant	1
rebellious	1
rebel	1
reasons	1
reasonable	1
reascend	1
rear	1
reads	1
reaches	1
reached	1
razed	1
raylets	1
rayed	1
ravished	1
ravening	1
raven	1
raught	1
rattling	1
ranges	1
range	1
rambling	1
rambled	1
ramage	1
rama	1
ram	1
rajah	1
raindrops	1
raged	1
raftered	1
racked	1
quorra	1
quitting	1
quitted	1
quit	1
quickening	1
quests	1
questioning	1
quenches	1
queenly	1
quality	1
quaking	1
quaint	1
quaifed	1
qod	1
pyrameidal	1
pygmies	1
pursue	1
purposes	1
purpose	1
purged	1
purgatory	1
purgation	1
purest	1
purer	1
purely	1
punishment	1
puma	1
pulse	1
pulped	1
pulp	1
pulled	1
public	1
psychopompous	1
psyche	1
prudentially	1
prsesolar	1
prsepotent	1
prse	1
proximate	1
prowling	1
provident	1
proven	1
prototypic	1
propped	1
propounds	1
prophesied	1
propensity	1
propensities	1
propelling	1
proofs	1
pronounced	1
prone	1
promised	1
promise	1
promethean	1
projects	1
projected	1
project	1
prohibiting	1
progressive	1
prognostic	1
progenitors	1
profoundly	1
proffered	1
producing	1
produce	1
proceeding	1
proceed	1
probations	1
probation	1
pro	1
prized	1
privilege	1
private	1
prisons	1
prism	1
prior	1
print	1
princely	1
priestly	1
priestess	1
prevision	1
preview	1
prevenient	1
prevalent	1
pretentious	1
presumptuous	1
press	1
preseternal	1
presently	1
present	1
prescriptive	1
prescient	1
presaging	1
presages	1
presageful	1
preponderating	1
preparation	1
preferred	1
preemptive	1
predictive	1
precreative	1
precontinence	1
preconfessed	1
precipitant	1
precedes	1
precede	1
preadamic	1
praying	1
prayers	1
prank	1
praised	1
prairies	1
practick	1
powder	1
pour	1
pouncing	1
potosi	1
potential	1
potable	1
possessor	1
possessed	1
posiea	1
ports	1
portions	1
portion	1
portentous	1
porphyry	1
porched	1
porch	1
poplar	1
poor	1
pomegranates	1
pome	1
polygamous	1
politic	1
poisoning	1
poison	1
points	1
pointed	1
poesies	1
poem	1
pob'shed	1
po	1
plungeth	1
plunged	1
plumeletage	1
plumed	1
plum	1
plucking	1
plucked	1
plomb	1
pliant	1
pleni	1
plenar	1
pleasures	1
pleasing	1
please	1
pleasaunces	1
playthings	1
playmates	1
plastic	1
plashing	1
plants	1
plantain	1
plans	1
planes	1
planed	1
plane	1
plague	1
placed	1
pitied	1
pithiest	1
pithed	1
pitfalls	1
piteously	1
piteous	1
pitched	1
piping	1
piously	1
pious	1
pinnacle	1
pined	1
pilgrims	1
pilgrim	1
pile	1
pike	1
pierced	1
pierce	1
pier	1
picking	1
picked	1
phrat	1
phoenician	1
phoenicia	1
pharos	1
phantoms	1
pews	1
petty	1
petrified	1
petrific	1
petrifactive	1
pestilent	1
pervert	1
perturbing	1
perturbation	1
pertain	1
persuasive	1
persistency	1
persian	1
perseus	1
persargadse	1
perpetuity	1
perpetually	1
perpend	1
permeable	1
perishing	1
perishable	1
peris	1
perfused	1
perfectness	1
perfectly	1
perennial	1
perduring	1
perception	1
perceptible	1
perceived	1
perceive	1
peopling	1
people	1
penumbra	1
pent	1
pennine	1
penitential	1
penitence	1
peninsular	1
pend	1
penance	1
penalties	1
pellucid	1
pelican	1
peers	1
peeped	1
peeled	1
peasant	1
pear	1
peach	1
peaceful	1
pavonian	1
paves	1
pauselessly	1
pauseless	1
pause	1
patricidal	1
patriarchs	1
patmos	1
patagonian	1
pasturing	1
pasture	1
pastime	1
passivity	1
parts	1
partly	1
particles	1
participator	1
partial	1
part	1
parrot	1
paros	1
parnassian	1
park	1
parents	1
paradeisal	1
par	1
papyr	1
papua	1
pantherine	1
pang	1
panehaian	1
pandoo	1
pan	1
palpable	1
palms	1
pali	1
palfreys	1
palenque	1
paled	1
palatial	1
paladin	1
painful	1
pained	1
pactolus	1
pacing	1
oxus	1
owl	1
overwearied	1
overthrow	1
overhung	1
overhang	1
overcome	1
outward	1
outstared	1
outshined	1
outshine	1
outlawed	1
outeyed	1
outer	1
outbranchings	1
outbids	1
ous	1
ourselves	1
ours	1
oural	1
ounce	1
ostrich	1
osseous	1
oscillates	1
orts	1
orris	1
orphic	1
orphean	1
orontes	1
ork	1
orion	1
originally	1
orgies	1
organs	1
ores	1
ore	1
ordinal	1
ordered	1
ordained	1
orchard	1
orbits	1
orbital	1
orbing	1
orbific	1
orbicular	1
orange	1
oppression	1
opposition	1
opposed	1
opens	1
opal	1
oozing	1
oolitic	1
onwards	1
onward	1
ontario	1
onion	1
onetime	1
oned	1
omnipotent	1
omnific	1
omen	1
olympus	1
olympian	1
oils	1
oil	1
ohio	1
ogygian	1
ogres	1
ogham	1
og	1
ofttimes	1
oftener	1
offspring	1
oello	1
odours	1
oceanwards	1
oby	1
obtained	1
obsequious	1
obscurity	1
obscurest	1
oblivion	1
objectless	1
obeys	1
obey	1
obedience	1
oats	1
oarsman	1
oars	1
oared	1
oaks	1
oakcorns	1
o'erweeningly	1
o'erwatchful	1
o'ertowers	1
o'ertoppling	1
o'erspilled	1
o'ersphere	1
o'ershadowing	1
o'erpowered	1
o'erpeep	1
o'erlooked	1
o'erleaping	1
o'erflooding	1
o'erfilling	1
o'ercoming	1
o'erarched	1
nyont	1
nyassi	1
nut	1
nursed	1
numerous	1
numbers	1
numbered	1
number	1
numa	1
nowise	1
nourisheth	1
nothingness	1
notes	1
noted	1
note	1
norwards	1
northern	1
norman	1
norland	1
non	1
nome	1
noks	1
nocturnal	1
nisses	1
niphon	1
ninus	1
nin	1
nimbus	1
nigritian	1
nightwards	1
nighest	1
niched	1
nicest	1
niagara	1
newer	1
netzah	1
nether	1
nestling	1
nested	1
nervous	1
nerbuddah	1
neptunian	1
nepenthes	1
nemesis	1
neighbouring	1
negro	1
negatively	1
negative	1
needy	1
needed	1
nectarous	1
nectarine	1
nectar	1
necromantic	1
neck	1
necessitous	1
nebbed	1
nears	1
nearer	1
navigable	1
navies	1
navelling	1
navel	1
nationed	1
nation	1
narcissus	1
n"orns	1
myths	1
mythic	1
myth	1
mystics	1
mysteriously	1
myself	1
myrtle	1
myrrh	1
myriad	1
muttered	1
mutations	1
musky	1
musical	1
muses	1
mused	1
muscat	1
murmurs	1
murmuring	1
murk	1
murally	1
mummifies	1
multitudinous	1
multiplies	1
multiform	1
much	1
mseotic	1
mrima	1
mowed	1
movements	1
move	1
mouthed	1
mouth	1
mourning	1
mournful	1
mourners	1
mounts	1
mounting	1
mounted	1
mouna	1
mouldy	1
motives	1
moths	1
mothering	1
motes	1
mossy	1
mosaic	1
mortality	1
morse	1
morrow	1
mornwards	1
morns	1
morning	1
morn	1
moray	1
moonwort	1
moonwards	1
moonlit	1
moonlike	1
mooned	1
moods	1
mooa	1
monument	1
montserrat	1
months	1
monsters	1
monks	1
monk	1
mong	1
monarchal	1
moly	1
molucques	1
moisture	1
moist	1
moil	1
moderate	1
mode	1
mockery	1
mob	1
moats	1
mo'ooi	1
mnemonic	1
mix	1
misty	1
mists	1
mist	1
missouri	1
mississippian	1
missing	1
missals	1
misrule	1
misplaced	1
mishap	1
misery	1
misdeemed	1
mischief	1
mis	1
mirrored	1
mirror	1
miracles	1
minute	1
minting	1
mint	1
minstrels	1
minos	1
minor	1
minister	1
miniature	1
mingling	1
mingles	1
mines	1
minds	1
minded	1
minaret	1
millstone	1
millions	1
millet	1
milky	1
militant	1
mildliest	1
midmost	1
midland	1
michael	1
miako	1
meteor	1
metamorphic	1
metal	1
met	1
messianic	1
messages	1
mess	1
meshech	1
meru	1
mermaids	1
meridian	1
merge	1
meres	1
merciful	1
merchant	1
menial	1
menes	1
mendes	1
memory	1
memories	1
memorable	1
melt	1
mellower	1
melilot	1
mekkah	1
megatherium	1
meekest	1
medra	1
medium	1
meditative	1
meditated	1
meditate	1
medina	1
medicinal	1
mediator	1
meadowy	1
meadow	1
mazes	1
maze	1
mayhap	1
maw	1
matzpatz	1
matted	1
matron	1
mates	1
maternal	1
mated	1
mataman	1
mat	1
mastodon	1
master	1
massive	1
masculine	1
mas	1
mary	1
marvels	1
martyrs	1
martial	1
marshalled	1
marish	1
mariner	1
marine	1
margin	1
marge	1
marches	1
march	1
marbles	1
marbled	1
maragnon	1
maracaybo	1
mar	1
manual	1
mantling	1
mantle	1
manou	1
manned	1
manly	1
manlike	1
manikins	1
manifestive	1
mango	1
manger	1
maness	1
maned	1
mane	1
mandrake	1
mandates	1
manco	1
mammoth	1
mama	1
malignity	1
malignant	1
malice	1
male	1
malay	1
makers	1
maker	1
majesty	1
maize	1
maidenhood	1
magog	1
magnolia	1
magnify	1
magnified	1
magician	1
magellanic	1
mage	1
maelstrom	1
madding	1
madder	1
maddening	1
mackinaw	1
machine	1
macaw	1
lymph	1
lydian	1
lycurgus	1
luxury	1
luxurious	1
luxuries	1
lustres	1
lustration	1
lush	1
lurid	1
lupata	1
luminaries	1
lulls	1
lucent	1
loyally	1
loyal	1
lowly	1
loveably	1
louqsor	1
loud	1
lotus	1
lots	1
lot	1
lordlings	1
loose	1
looming	1
looked	1
lonesome	1
loneness	1
lonelier	1
lomond	1
loin	1
logan	1
loegria	1
lode	1
locust	1
loathly	1
loam	1
loadstone	1
llama	1
lizards	1
lizard	1
lithic	1
lithe	1
literal	1
lite	1
lit	1
listless	1
list	1
lispings	1
lipping	1
lions	1
lionnese	1
linn	1
links	1
linked	1
linger	1
ling	1
lineally	1
limned	1
limited	1
limed	1
lime	1
limbed	1
limb	1
lilac	1
likeness	1
lightness	1
lightened	1
lighted	1
lifts	1
lifting	1
lifteth	1
lifeless	1
lifed	1
lieu	1
lies	1
lieges	1
liege	1
lidless	1
lidded	1
licked	1
liberated	1
libation	1
levies	1
letters	1
lethsean	1
lethean	1
lethe	1
lesbian	1
lerne	1
leopard	1
leonine	1
lentil	1
lens	1
lena	1
leman	1
legislative	1
legendist	1
lee	1
leaving	1
leavened	1
leaved	1
leash	1
learning	1
learn	1
leapt	1
leap	1
leagues	1
leagued	1
league	1
leafy	1
leafs	1
leaflet	1
leafed	1
lea	1
lawny	1
laves	1
laurel	1
laughed	1
laugh	1
latmian	1
lashing	1
larnassus	1
larklike	1
larisssean	1
larger	1
largelier	1
lapsing	1
lapped	1
lapp	1
lank	1
languidly	1
languescent	1
landscape	1
landing	1
lance	1
lamplike	1
lamping	1
lamped	1
lamp	1
lambs	1
lamalmon	1
lama	1
ladylings	1
lady	1
ladoga	1
laden	1
ladder	1
lactifluous	1
lacquered	1
lack	1
labyrinthine	1
labrador	1
l'hassa	1
kumara	1
kronos	1
kraken	1
koyal	1
kouyunjik	1
kouroo	1
kour	1
kosmical	1
kosmial	1
koosh	1
konfutse	1
kokonor	1
kobolds	1
kobi	1
knowest	1
knoll	1
knights	1
knighthood	1
knelt	1
kneeling	1
kneaded	1
klarian	1
kirtle	1
kingliest	1
kinged	1
khourdad	1
khosrou	1
khorsabad	1
khan	1
kham	1
keys	1
ketus	1
kerman	1
kept	1
ken	1
kelpies	1
keen	1
kathaian	1
karnak	1
kamschatka	1
kalamath	1
kailasa	1
kai	1
kaffrarian	1
kaf	1
kadtnus	1
kabalistic	1
k"gami	1
jutting	1
just	1
jurisdiction	1
juices	1
juiced	1
jubilant	1
joys	1
joyous	1
journeying	1
journey	1
jotunheim	1
jormundgandr	1
jordan	1
joppa	1
jointly	1
join	1
jogged	1
jocund	1
jjons	1
jetty	1
jets	1
jeternal	1
jeolian	1
jealous	1
jaws	1
javelin	1
javan	1
jasmine	1
jarring	1
jacynth	1
iximaya	1
ivy	1
itise	1
isthmus	1
issued	1
israel	1
isolate	1
islets	1
isleted	1
islet	1
irresistible	1
irradiate	1
iris	1
ire	1
invoked	1
invisibly	1
inviolably	1
inviolable	1
invincible	1
investured	1
invested	1
invading	1
invade	1
inured	1
inundate	1
introvertive	1
intolerant	1
intertwining	1
interstitial	1
interspheral	1
interpretative	1
interpendent	1
intermittent	1
intermediate	1
interlapped	1
interjacent	1
interests	1
interest	1
interchanged	1
interchange	1
intercept	1
intents	1
intense	1
intellectual	1
intangible	1
insubstantial	1
instructed	1
instate	1
instarred	1
instantaneously	1
instals	1
inspires	1
inspiration	1
insphered	1
insinuate	1
insensibly	1
insculpt	1
inscribes	1
inquiring	1
innumerous	1
innumerably	1
innumerable	1
innocent	1
innocence	1
innately	1
inland	1
injustice	1
inherited	1
inhabit	1
ingratiates	1
ingenerate	1
ing	1
infusing	1
informing	1
influences	1
inflamed	1
infant	1
inextinct	1
inexplored	1
inexpiable	1
inexhaustless	1
inertia	1
inert	1
ineffable	1
inedible	1
individual	1
indignant	1
indigenous	1
indifference	1
indians	1
independent	1
indeed	1
ind	1
increment	1
incorporate	1
incomparable	1
incessant	1
incepted	1
incaved	1
incas	1
incarnate	1
incandescence	1
imputed	1
impure	1
impropriate	1
imprayed	1
imposed	1
imported	1
imponderable	1
implunged	1
impersonate	1
imperishable	1
imperfection	1
impearled	1
impassable	1
imparts	1
imparted	1
impalpable	1
impacted	1
immure	1
immoveable	1
immolated	1
immixed	1
imminent	1
immerged	1
immensurable	1
immemorial	1
immarbled	1
immaculate	1
imbued	1
imbowered	1
imbosomed	1
imblossomed	1
imbathed	1
imbapfcize	1
ilus	1
illusion	1
illumines	1
illumination	1
illuminate	1
illimitable	1
igneous	1
ifestus	1
ieson	1
idols	1
idiot	1
ideal	1
ide	1
icy	1
iceless	1
ibis	1
iberian	1
i'th	1
hythe	1
hypsethral	1
hyperborean	1
hymns	1
hydromel	1
hydra	1
hydaspes	1
hyaline	1
hyacinth	1
hutted	1
huts	1
husbandman	1
hurls	1
hurlers	1
hurl	1
huntress	1
hungria	1
hunger	1
hundredth	1
hun	1
hummingbird	1
humbly	1
humblest	1
humble	1
humanity	1
hues	1
hued	1
hue	1
hrimthursar	1
howsoever	1
howl	1
hourless	1
hounded	1
hospitable	1
horrors	1
horned	1
hormuzd	1
horizon	1
hopeful	1
honeysuckle	1
honeyed	1
honest	1
homeric	1
homely	1
homeliest	1
homed	1
homage	1
holding	1
hoang	1
historic	1
hissus	1
hisses	1
hinted	1
hint	1
hindered	1
himyaritic	1
himalaya	1
highliest	1
hies	1
hierarchies	1
hied	1
hideth	1
hides	1
hidekkel	1
hide	1
hest	1
hertha	1
hers	1
heron	1
heroic	1
heroes	1
hero	1
hermetic	1
herd	1
hercynian	1
herculean	1
herblet	1
herat	1
herakles	1
hephaistos	1
henna	1
henchman	1
henceforth	1
hemispheres	1
hemispheral	1
helm	1
hells	1
hellenic	1
hekla	1
heirs	1
heired	1
heir	1
heightened	1
height	1
heavenwards	1
heavenward	1
heave	1
heathen	1
heat	1
heartlike	1
hearth	1
heartfloods	1
heaped	1
health	1
healing	1
headlands	1
headland	1
hazy	1
haze	1
hayti	1
having	1
hatred	1
hateful	1
hatchment	1
hasting	1
hasted	1
haste	1
haschisch	1
has	1
harvested	1
harvest	1
harpstrings	1
harps	1
harped	1
harmony	1
harmonise	1
harmonious	1
harmless	1
hardening	1
happiness	1
happiest	1
happier	1
hangs	1
hang	1
handed	1
hamlet	1
ham	1
halo	1
hallow	1
haleb	1
halcyon	1
hails	1
hailing	1
hade	1
habana	1
h	1
gyndes	1
gush	1
gunga	1
gums	1
gulphy	1
gulleys	1
gull	1
gulfwards	1
gulfs	1
gulf	1
gules	1
guise	1
guilty	1
guiltless	1
guides	1
guide	1
guestling	1
guerdon	1
guava	1
guards	1
guadiana	1
gryphons	1
grumbled	1
growing	1
grouping	1
grounded	1
grots	1
groped	1
grod	1
grisly	1
grieved	1
grieve	1
grief	1
greet	1
greenwood	1
greeks	1
greece	1
greatness	1
greatly	1
greater	1
graze	1
gravity	1
graving	1
gratitude	1
grateful	1
grasping	1
grasped	1
grasp	1
grants	1
granted	1
grant	1
granitic	1
grains	1
grain	1
graftedst	1
graduated	1
gradient	1
grades	1
graded	1
gracious	1
graced	1
government	1
govern	1
gourds	1
goths	1
got	1
gossamer	1
goshen	1
gory	1
gorgon	1
gore	1
gopher	1
goodness	1
gone	1
golcond	1
gog	1
godwards	1
godlings	1
godless	1
goblins	1
goblet	1
gnostic	1
gnome	1
glyphic	1
gluttonous	1
gloss	1
glorying	1
glorify	1
globules	1
globular	1
globed	1
gloaming	1
glistening	1
glistened	1
glimpse	1
glimmered	1
gleeful	1
glebe	1
gleamy	1
gleamed	1
glared	1
glare	1
glaive	1
gladness	1
gladly	1
glades	1
gladdened	1
glacial	1
girdle	1
gins	1
gild	1
ghostliest	1
ghostlier	1
ghor	1
ghauts	1
ggod	1
gerents	1
gentlest	1
genius	1
genial	1
generative	1
generate	1
gazed	1
gauds	1
gaudma	1
gas	1
garrulous	1
garnished	1
garlands	1
gap	1
gan	1
gaming	1
games	1
gambia	1
gallic	1
gallant	1
gale	1
galaxies	1
gaily	1
gaffer	1
gabriel	1
gabble	1
fused	1
further	1
furrows	1
furrow	1
funereal	1
funeral	1
function	1
fumed	1
fulminations	1
fullest	1
fulfilment	1
fulfilling	1
fulfilled	1
fruited	1
fructified	1
froze	1
frown	1
frosty	1
frost	1
frore	1
front	1
frond	1
frith	1
friendship	1
friends	1
freshets	1
freshening	1
fresh	1
frere	1
freight	1
freeborn	1
fraternal	1
framing	1
framers	1
fragrancies	1
fragrance	1
fracture	1
foxglove	1
fox	1
fourfooted	1
fountwards	1
fountless	1
fountainous	1
founded	1
foundations	1
foulnesses	1
fostered	1
fortune	1
fortunate	1
fortify	1
fortified	1
fort	1
formless	1
forming	1
formative	1
formalist	1
forgiven	1
forge	1
forfeiture	1
foreworld	1
foretold	1
forethoughtful	1
forests	1
forestage	1
foreseeing	1
foremost	1
foreknew	1
foreign	1
forefend	1
forbidding	1
forbade	1
footstool	1
footsteps	1
foolish	1
foodful	1
font	1
fond	1
followed	1
folk	1
foil	1
foes	1
focal	1
foamy	1
foaming	1
fly	1
fluvial	1
flutter	1
flute	1
flung	1
flowings	1
flowering	1
flowered	1
flout	1
florins	1
florid	1
floral	1
floodlets	1
floes	1
flocked	1
float	1
flit	1
flinty	1
flings	1
fling	1
flight	1
flickering	1
fleshy	1
fleshly	1
fleshless	1
fleet	1
flax	1
flatters	1
flashing	1
flaming	1
fivefold	1
five	1
fittest	1
fitted	1
fits	1
fit	1
fishy	1
fisherman	1
firth	1
firmament	1
firing	1
fireland	1
finished	1
fingers	1
finer	1
fined	1
finds	1
find	1
fin	1
filling	1
fill	1
files	1
figuring	1
figured	1
figurative	1
figment	1
fighting	1
fig	1
fifty	1
fiendly	1
field	1
festive	1
festivals	1
ferns	1
fenella	1
fending	1
fenced	1
feigning	1
feel	1
feejee	1
features	1
feats	1
feathers	1
feat	1
feasting	1
feasted	1
fears	1
fay	1
fawn	1
favouring	1
fathers	1
fatherland	1
fateful	1
fated	1
fasting	1
fasted	1
fast	1
fascinative	1
fare	1
fardusi	1
fanned	1
fangs	1
fancy	1
fanatic	1
fan	1
family	1
faltered	1
falcons	1
falcon	1
fairyland	1
faintly	1
fainted	1
fails	1
failing	1
fail	1
fadeless	1
fade	1
fact	1
fabric	1
fabled	1
fable	1
f	1
eyne	1
eyen	1
eyebright	1
eyeball	1
extremest	1
extorting	1
extolled	1
extinct	1
externe	1
expurgation	1
explored	1
explore	1
explode	1
explicates	1
expiry	1
expiate	1
experienced	1
expatiate	1
expansive	1
expanded	1
exist	1
exile	1
exhaling	1
exemption	1
exempt	1
exemplars	1
exchanged	1
excess	1
exception	1
except	1
excellence	1
excavate	1
evolving	1
evolved	1
evocative	1
evils	1
evermore	1
event	1
evening	1
evech	1
evanishing	1
evanished	1
euss	1
europe	1
euphratean	1
eumbling	1
euler	1
euled	1
eudely	1
euby	1
eternity	1
eternals	1
esteemed	1
esteem	1
estate	1
essenced	1
espied	1
espendennad	1
especial	1
escarped	1
erring	1
erreth	1
erom	1
erin	1
eremites	1
erebus	1
erases	1
eradicate	1
eradiating	1
equatorial	1
epopt	1
eouted	1
eoused	1
eounds	1
eounding	1
eound	1
eoses	1
eoman	1
eoelestial	1
eock	1
eoa	1
enzoned	1
entrance	1
entombed	1
enthroned	1
enter	1
ensued	1
enstoned	1
ensigns	1
ensconced	1
enough	1
enorme	1
ennoble	1
enlightened	1
enlarging	1
enlarged	1
enlarge	1
enjoyed	1
enjoy	1
engulf	1
engirthed	1
engine	1
engendering	1
energy	1
enemies	1
enduring	1
endued	1
endows	1
endogenous	1
encrusting	1
encompassed	1
enclosing	1
enclose	1
encircled	1
enchantress	1
enchant	1
enamoured	1
empty	1
empoisons	1
emperor'd	1
emeth	1
emeralds	1
embroidered	1
embraces	1
embouchures	1
emblems	1
embleming	1
embanked	1
embalmed	1
emanateth	1
emanant	1
elysium	1
elysian	1
elves	1
eloquent	1
elohistic	1
elm	1
ellipse	1
elk	1
eliminate	1
elicited	1
elhai	1
elephant	1
eldritch	1
elbow	1
elate	1
eiver	1
eill	1
eighteousness	1
eicher	1
eich	1
ehone	1
ehodian	1
ehaiadwr	1
effusion	1
effluxive	1
effluence	1
eeturning	1
eesuscitant	1
eesultant	1
eeply	1
eenowned	1
eeligion	1
eegenerant	1
eegain	1
eeeked	1
eede	1
eeciprocally	1
eeared	1
educing	1
educe	1
educative	1
edged	1
eddying	1
eclipse	1
eclect	1
echoing	1
echoed	1
echo	1
ebullient	1
ebony	1
eaves	1
eastward	1
eastern	1
ease	1
earthquakes	1
earthlier	1
ears	1
earns	1
earned	1
earn	1
early	1
earliest	1
eapt	1
eaphael	1
eanging	1
eanges	1
eabbin	1
dynasts	1
dying	1
dyes	1
dye	1
dwindling	1
dwellings	1
dwarves	1
duty	1
dusty	1
dusted	1
dusky	1
durlindana	1
dungeoned	1
dun	1
dug	1
dues	1
dubious	1
dsemoniac	1
droves	1
drove	1
droplets	1
drop	1
drone	1
drives	1
drive	1
drenched	1
dreaming	1
dream	1
dreading	1
dreadest	1
draye	1
drawn	1
draughts	1
drake	1
drained	1
drag	1
dracontian	1
downward	1
dowered	1
doubtless	1
doubtful	1
doubted	1
doublet	1
double	1
doth	1
dotage	1
dorado	1
doomful	1
don	1
dominions	1
dominion	1
dominance	1
domes	1
domains	1
dolphin	1
doing	1
dogs	1
dogged	1
doer	1
dodona	1
dodo	1
divulges	1
divisive	1
divinified	1
diving	1
diviner	1
divided	1
divide	1
dives	1
divergent	1
divaricate	1
disturbed	1
distinct	1
distills	1
disrobed	1
disporting	1
dispensing	1
dispels	1
disparts	1
disorder	1
disobedient	1
dismounting	1
disintegrate	1
disguise	1
disdeigns	1
disdain	1
discrown	1
discord	1
discontent	1
disclosed	1
dischevelled	1
discerned	1
disastrous	1
disappearing	1
disappeared	1
dis	1
directeth	1
dipsas	1
dine	1
dims	1
dimpling	1
dimly	1
diluvian	1
dignify	1
differing	1
different	1
dies	1
dictated	1
dice	1
dianthus	1
dian	1
diamonds	1
diademed	1
dherreem	1
dhawalaghiri	1
dhami	1
dexter	1
dews	1
devour	1
devotion	1
devotees	1
devoid	1
devised	1
development	1
devanagari	1
determinate	1
detected	1
desultory	1
destruction	1
destroy	1
destitution	1
destinations	1
despot	1
desperation	1
desisted	1
desires	1
designs	1
designate	1
design	1
descending	1
derives	1
derate	1
deposed	1
depasture	1
departing	1
departed	1
denude	1
denote	1
denied	1
demon	1
demolished	1
demiurgic	1
demiurge	1
demigod	1
demi	1
demands	1
delusive	1
deludes	1
delphic	1
dell	1
delightsome	1
delian	1
delegated	1
delectation	1
delayeth	1
dekkan	1
deinother	1
deigned	1
degrees	1
deftliest	1
defiled	1
defile	1
defensive	1
defection	1
defect	1
defaults	1
deevs	1
deeplier	1
deepest	1
deem	1
deed	1
deduced	1
decreed	1
decreasing	1
decrease	1
debate	1
deathly	1
deathland	1
dearest	1
dearer	1
deadly	1
dazed	1
dawning	1
dauntless	1
daughters	1
dateless	1
dashing	1
darro	1
darling	1
darknesses	1
darkly	1
darkens	1
daphne	1
dancing	1
dances	1
damp	1
damon	1
dames	1
damask	1
damasek	1
damaras	1
dam	1
dale	1
daisies	1
daintily	1
dainties	1
dahlia	1
dagger	1
dace	1
d	1
cytherean	1
cyprian	1
cypress	1
cyphers	1
cypher	1
cyclops	1
cycladic	1
curseworthy	1
curls	1
curl	1
curious	1
cunning	1
cumbered	1
culling	1
csesar	1
crystalled	1
crumbling	1
cruel	1
crude	1
crowd	1
crosswise	1
crosses	1
crossed	1
crooked	1
crones	1
crone	1
cromlech	1
crocus	1
crimsoned	1
crimson	1
criminal	1
crimes	1
creeping	1
creek	1
creates	1
creanced	1
crawling	1
crawled	1
crawl	1
crashing	1
crash	1
cranes	1
craft	1
cradled	1
cradle	1
crab	1
coy	1
cowering	1
covering	1
covenant	1
courses	1
courage	1
countries	1
counsels	1
counselling	1
couched	1
coseval	1
cosequal	1
corrupts	1
corrupted	1
corra	1
cornelian	1
corn	1
cormorant	1
corineus	1
corcoran	1
copse	1
copper	1
copan	1
coolness	1
cooler	1
cooled	1
conveyed	1
convex	1
converter	1
conversive	1
conversant	1
convergent	1
contur	1
contrived	1
contrite	1
contrast	1
contrary	1
contrarious	1
continuity	1
continued	1
continents	1
continental	1
contentiously	1
contending	1
contend	1
contempt	1
contemning	1
contained	1
consummate	1
consuming	1
consubstantive	1
constrained	1
constellations	1
constellate	1
constant	1
consphserate	1
consociate	1
consigned	1
considerate	1
consecrates	1
consciousness	1
connatural	1
connate	1
conjunctive	1
conjugal	1
conglomerate	1
congenerate	1
confusion	1
conflict	1
confirms	1
confines	1
confined	1
confession	1
confce	1
conductress	1
condensing	1
condemning	1
concurrent	1
concur	1
concupiscence	1
concrete	1
concordant	1
concluding	1
conciliates	1
conchs	1
concerted	1
conceptive	1
conceptacle	1
concentric	1
concentrate	1
conceiving	1
conceivable	1
concave	1
compulsory	1
compulsive	1
compugn	1
composing	1
composed	1
comports	1
complete	1
compensation	1
compels	1
compatient	1
compassionating	1
compassion	1
compass	1
companionably	1
communion	1
communed	1
commending	1
commemorate	1
commanding	1
cometlike	1
cometary	1
comeliest	1
combs	1
combat	1
columnar	1
columnal	1
columbian	1
colossal	1
collapsing	1
coincide	1
coin	1
coils	1
cohsering	1
coflined	1
coffined	1
coffered	1
coexist	1
coerced	1
coelestials	1
coelar	1
codestial	1
cobra	1
coats	1
coasts	1
coast	1
coalesce	1
co<eterne	1
co	1
clutha	1
clusters	1
clustering	1
clung	1
clueless	1
clue	1
club	1
clover	1
clove	1
cloudy	1
cloudlet	1
cloudland	1
clouded	1
clothes	1
closing	1
closely	1
clomb	1
cloistered	1
cloaked	1
clime	1
climbs	1
clifts	1
cliffs	1
cliffed	1
cliff	1
clerk	1
clemency	1
cleaves	1
clays	1
clay	1
clarions	1
clans	1
claim	1
civic	1
citron	1
citied	1
circumvolant	1
circumferent	1
circuitous	1
circuition	1
circlets	1
circlet	1
circles	1
churner	1
church	1
chuquibamba	1
chrysalis	1
christened	1
chosen	1
chord	1
choosing	1
cholula	1
choir	1
choicest	1
chivalric	1
chipped	1
chimes	1
chimed	1
chill	1
children	1
childling	1
chiefs	1
chestnut	1
chequered	1
checkless	1
check	1
cheap	1
chasmy	1
chasm	1
chased	1
chase	1
charts	1
charter	1
chart	1
charity	1
charities	1
chariest	1
chaplain	1
chanting	1
channel	1
changing	1
changeless	1
changeful	1
changeable	1
chandra	1
champaigns	1
chamo	1
chaliced	1
chaldees	1
chains	1
chained	1
ceylon	1
certainty	1
ceremonious	1
centrals	1
centaur	1
censer	1
celled	1
celestials	1
celebrant	1
ceiling	1
ceerulean	1
cede	1
cedar	1
ceaseth	1
cayman	1
cavern	1
causing	1
causate	1
catapult	1
casually	1
casts	1
cast-off	1
cassia	1
caskets	1
carving	1
carried	1
carquanets	1
cares	1
career	1
care	1
carbuncle	1
caracolling	1
caraccan	1
car	1
capped	1
capitulates	1
capitol	1
capital	1
capac	1
cap	1
cannes	1
canine	1
caneques	1
camphire	1
cam	1
calmly	1
calls	1
calculations	1
calculable	1
cairn	1
caducean	1
cadent	1
c'naan	1
byblos	1
butts	1
busts	1
burnished	1
burnish	1
buoyant	1
builders	1
buddhists	1
buddhist	1
bud	1
bubastean	1
bruit	1
bruised	1
browze	1
brows	1
brown	1
browed	1
brotherhoods	1
brooklets	1
brooklet	1
brook	1
broods	1
broodeth	1
brood	1
broke	1
broidered	1
broadens	1
broaden	1
britain	1
brinked	1
bring	1
brimmed	1
brim	1
brilliant	1
brilliance	1
brightly	1
brighter	1
brightening	1
brightened	1
bridle	1
bridge	1
brides	1
bridegroom	1
bridal	1
briarean	1
breedeth	1
breed	1
breathings	1
breathes	1
breasted	1
breaks	1
breakers	1
bread	1
brazen	1
braves	1
braved	1
brass	1
brasil	1
brands	1
branchy	1
branchlet	1
branching	1
branches	1
branchery	1
brake	1
brainlike	1
brain	1
brahmapootra	1
bracelets	1
bows	1
bowls	1
bowers	1
bowered	1
bourgeoned	1
bounties	1
bounteous	1
bounds	1
bounding	1
bounded	1
boug	1
bouddha	1
bossed	1
boscage	1
borneo	1
boreal	1
boot	1
boor	1
boon	1
booming	1
boom	1
bones	1
bone	1
bonds	1
bonded	1
bomerang	1
bolotoo	1
bole	1
boldly	1
bold	1
boisterous	1
boiled	1
bogota	1
boding	1
boated	1
boat	1
boast	1
board	1
boar	1
boa	1
blythely	1
blushes	1
blundering	1
blows	1
blown	1
blot	1
blossomed	1
blossom	1
bloomless	1
bloomed	1
bloodstone	1
blooded	1
blithe	1
blinds	1
blindness	1
blindly	1
blinded	1
blew	1
blending	1
bled	1
bleached	1
blazoned	1
blazing	1
blaze	1
blasphemous	1
blank	1
bland	1
blackest	1
bkck	1
bittern	1
bite	1
bison	1
birthright	1
birthplace	1
birchen	1
bindeth	1
bind	1
billowy	1
billows	1
billow	1
bier	1
bideth	1
bidden	1
bid	1
beyaussa	1
bewildered	1
beweep	1
beveals	1
betwixt	1
betrayed	1
bethought	1
bestow	1
bestarred	1
besought	1
besotted	1
beset	1
beseems	1
berou	1
benighted	1
benevolent	1
beneficence	1
benefic	1
bends	1
belted	1
belongs	1
bells	1
belligerent	1
bell	1
belief	1
beldames	1
beldame	1
belated	1
behoof	1
behind	1
behalf	1
begot	1
beglooms	1
begins	1
begin	1
begetting	1
begets	1
begenerate	1
begat	1
befitting	1
bees	1
bedight	1
becoming	1
became	1
beautiful	1
beautified	1
beauties	1
bearing	1
beaming	1
beamed	1
bay	1
battlemented	1
bats	1
bathes	1
bath	1
bass	1
basque	1
basking	1
basilisk	1
basely	1
basaltic	1
barrows	1
barren	1
barred	1
bares	1
bareheaded	1
bare	1
barbel	1
barbaric	1
barbarian	1
bar	1
baptistry	1
baptism	1
baobab	1
banyan	1
bantlings	1
banished	1
banded	1
balsam	1
balkh	1
balkan	1
bale	1
balanced	1
bala	1
baku	1
baited	1
baikal	1
bagradas	1
bagha	1
bad	1
backward	1
bacchic	1
babylonian	1
baboon	1
baali	1
baalbek	1
baal	1
b	1
aztek	1
ayoob	1
awes	1
awe	1
awaked	1
awaiting	1
awaited	1
avouched	1
avenues	1
avarice	1
avalon	1
auvergne	1
ausean	1
auroral	1
aurochs	1
aurifluous	1
auriferous	1
aureole	1
auphir	1
auk	1
augusted	1
augury	1
augurial	1
augel	1
audible	1
aturian	1
attributes	1
attraction	1
attracting	1
attest	1
attainable	1
attached	1
atoning	1
atlantis	1
atlantic	1
atlantean	1
athwart	1
athos	1
athabascan	1
ate	1
astounded	1
aster	1
astarte	1
assurance	1
assumption	1
assuming	1
assumed	1
assuaged	1
assimilations	1
assimilant	1
assigning	1
asshur	1
assessor	1
assemblant	1
aspire	1
aspirations	1
asphodel	1
ashore	1
ashima	1
ash	1
aselline	1
ascertained	1
ascending	1
asbestine	1
artist	1
artificer	1
arthur	1
arteries	1
arrows	1
array	1
arose	1
aromatic	1
armoric	1
armlet	1
arkite	1
arise	1
arian	1
argued	1
argent	1
arena	1
arctic	1
architects	1
architect	1
archetypal	1
arches	1
archer	1
archangel	1
archaic	1
arcane	1
arborescent	1
arboreal	1
arblast	1
arbitrative	1
araucanian	1
araluen	1
aral	1
arakhain	1
arach	1
aquatic	1
approves	1
appropriate	1
approbation	1
approached	1
apportioned	1
apple	1
appease	1
appear	1
appeal	1
apparent	1
apotheosis	1
apollo	1
aphric	1
aphelion	1
ape	1
apathy	1
any	1
anxious	1
antlers	1
antiquity	1
anticlinal	1
anticipative	1
ante	1
antarctic	1
antar	1
answereth	1
answered	1
ansarij	1
another	1
anon	1
anoint	1
annulled	1
annals	1
ankobar	1
animates	1
animastic	1
angry	1
anglian	1
angered	1
angelical	1
angelica	1
angelhood	1
anew	1
andes	1
anderidan	1
andate	1
ancientry	1
anchored	1
ancestral	1
anakim	1
anaglyphs	1
anadyrsk	1
amulet	1
amucu	1
amschaspands	1
amplified	1
ample	1
amphibious	1
amorphous	1
amethyst	1
ambrosial	1
ambre	1
ambled	1
ambition	1
ambiguity	1
amber'd	1
ambassage	1
amazonian	1
amazed	1
am	1
altitude	1
altaic	1
altai	1
aloft	1
alms	1
ally	1
alluvium	1
allures	1
allure	1
allotting	1
alligator	1
allies	1
allied	1
allegiance	1
alive	1
alighted	1
alight	1
aleutians	1
alcides	1
alchemist	1
alchemic	1
albyn	1
alborz	1
albatross	1
alabastrine	1
alabaster	1
aishi	1
aims	1
aiming	1
aimed	1
aided	1
aidant	1
aid	1
aheieh	1
agnize	1
aglaophant	1
agla	1
agile	1
aggrandise	1
ageless	1
aged	1
afterwards	1
aftermath	1
afrits	1
afraid	1
aforetime	1
affrighted	1
affixed	1
affinities	1
affiliate	1
affied	1
affairs	1
afar	1
aeterne	1
aeon	1
advised	1
adventures	1
adventure	1
adulterous	1
adorned	1
adorers	1
adopted	1
administrative	1
adhsesion	1
adept	1
adduetive	1
adding	1
adders	1
adder	1
added	1
add	1
adamant	1
adam	1
act	1
acquest	1
aches	1
achate	1
accustomed	1
accordant	1
accomptant	1
accomplishment	1
accomplish	1
accepts	1
accepted	1
academus	1
abstracted	1
abstinent	1
absorption	1
absorbed	1
absolved	1
absolute	1
abroad	1
abraxas	1
about	1
abodes	1
abnegation	1
abhorred	1
abdicating	1
abdera	1
abba	1
abacus	1
aa	1
^ethiop	1
^emim	1
^edenic	1
\vith	1
?,	1
0	1
*	1
).	1
),	1
