,	1188
the	617
and	441
.	334
of	295
|'s|	283
to	282
—	208
in	190
her	188
"	186
that	178
;	167
his	158
a	152
!	140
he	112
with	101
but	101
not	94
for	91
from	90
'	89
was	88
she	85
my	80
on	77
as	74
shall	70
when	69
:	69
their	67
by	67
i	63
had	58
your	55
our	54
you	53
him	51
it	47
is	47
yet	44
thy	41
be	40
or	39
its	39
were	38
they	38
all	38
love	36
like	34
at	33
twas	32
no	32
?	32
one	31
me	31
what	30
we	29
where	28
still	28
life	26
have	26
heart	25
even	25
."	25
this	24
said	24
more	24
heaven	24
death	24
then	23
over	23
now	23
could	23
though	22
so	22
if	22
who	21
which	21
us	21
there	21
may	21
has	21
them	20
nor	20
long	20
are	20
would	19
whose	19
thou	19
soul	19
pride	19
mind	19
fair	19
each	19
came	19
an	19
|arabic2digit|	18
than	18
how	18
first	18
come	18
spirit	17
peace	17
grief	17
)	17
went	16
upon	16
udolph	16
own	16
name	16
memory	16
made	16
left	16
last	16
been	16
again	16
till	15
those	15
th	15
tears	15
land	15
julia	15
high	15
earth	15
constance	15
(	15
words	14
woe	14
well	14
time	14
should	14
pain	14
men	14
man	14
england	14
tell	13
sweet	13
make	13
looked	13
home	13
hearts	13
gave	13
eyes	13
breath	13
|arabic1digit|	12
ye	12
true	12
tis	12
thoughts	12
thought	12
these	12
theodric	12
thee	12
never	12
many	12
knew	12
down	12
day	12
child	12
brought	12
breast	12
beauty	12
art	12
|arabic3digit|	11
will	11
whilst	11
while	11
told	11
sun	11
some	11
saw	11
might	11
light	11
hour	11
hands	11
hand	11
go	11
felt	11
fame	11
face	11
died	11
boy	11
blood	11
back	11
years	10
up	10
such	10
pale	10
out	10
oft	10
ever	10
ere	10
dying	10
deep	10
cried	10
can	10
bore	10
before	10
arms	10
aodh	10
worth	9
war	9
too	9
star	9
spoke	9
sister	9
saint	9
once	9
most	9
mine	9
loved	9
look	9
little	9
lips	9
let	9
joy	9
into	9
holy	9
heard	9
fire	9
fate	9
faith	9
brow	9
brave	9
blessed	9
beneath	9
above	9
•	8
youth	8
yon	8
world	8
wept	8
view	8
speak	8
song	8
smile	8
see	8
parting	8
part	8
only	8
laid	8
far	8
alas	8
age	8
-	8
young	7
waves	7
very	7
thine	7
temple	7
stood	7
sound	7
smiled	7
sir	7
sea	7
say	7
sad	7
s	7
reullura	7
public	7
power	7
page	7
old	7
none	7
nature	7
mountain	7
mother	7
lovely	7
latest	7
jane	7
image	7
house	7
half	7
gone	7
glory	7
friendship	7
friend	7
fell	7
drew	7
die	7
cold	7
brother	7
bright	7
bann	7
aid	7
*	7
!"	7
word	6
woman	6
white	6
watch	6
voice	6
ve	6
vain	6
took	6
tidings	6
think	6
sword	6
sight	6
show	6
sent	6
seen	6
seemed	6
rose	6
roland	6
return	6
remnant	6
poor	6
ocean	6
night	6
lona	6
living	6
lines	6
knight	6
kiss	6
kindred	6
himself	6
gloom	6
gael	6
freedom	6
form	6
f	6
every	6
dreamed	6
despair	6
dead	6
church	6
cheek	6
charms	6
changed	6
cast	6
both	6
bosom	6
born	6
bliss	6
bade	6
ask	6
amidst	6
ah	6
affection	6
adieu	6
abbot	6
wrote	5
without	5
wild	5
waste	5
warm	5
veil	5
torch	5
struck	5
spoken	5
spell	5
sought	5
shore	5
ship	5
self	5
scorn	5
scene	5
scarce	5
sang	5
sacred	5
ritter	5
reached	5
pure	5
prize	5
past	5
oh	5
must	5
music	5
muse	5
morn	5
midst	5
magic	5
loss	5
husband	5
human	5
hope	5
herself	5
here	5
grew	5
graves	5
god	5
forth	5
flee	5
feel	5
eye	5
dumb	5
dream	5
dim	5
did	5
dame	5
chance	5
cause	5
call	5
broke	5
british	5
brain	5
bound	5
below	5
being	5
band	5
away	5
absence	5
|romannumeral|	4
zeal	4
yours	4
wonted	4
wish	4
window	4
why	4
way	4
ulvfagre	4
two	4
trust	4
tomorrow	4
together	4
taste	4
take	4
sworn	4
sweetness	4
strife	4
stone	4
statue	4
sprung	4
spot	4
spirits	4
soon	4
son	4
soldier	4
smiling	4
slow	4
sleep	4
sky	4
sigh	4
shone	4
ships	4
shine	4
shade	4
set	4
search	4
scenes	4
save	4
round	4
room	4
reason	4
raised	4
proud	4
place	4
people	4
passion	4
passed	4
parted	4
paint	4
nurse	4
new	4
neck	4
near	4
moment	4
mercy	4
melt	4
march	4
lord	4
lonely	4
live	4
lights	4
lay	4
kinghorn	4
honour	4
hither	4
heroes	4
helvetian	4
held	4
hear	4
head	4
hath	4
green	4
graced	4
grace	4
glow	4
glorious	4
glare	4
given	4
give	4
friends	4
free	4
forlorn	4
flood	4
flame	4
fingers	4
fight	4
few	4
fear	4
father	4
fancy	4
false	4
fall	4
dear	4
dark	4
cup	4
crushed	4
cross	4
chief	4
calm	4
burst	4
broken	4
brief	4
bow	4
boat	4
bland	4
best	4
beside	4
beautiful	4
bear	4
battle	4
arts	4
around	4
arm	4
ancient	4
air	4
accents	4
yonder	3
yes	3
wrung	3
wounded	3
wound	3
worse	3
won	3
wished	3
whom	3
weep	3
visions	3
victory	3
unconscious	3
truth	3
trumpet	3
trophied	3
trode	3
triumphs	3
trembling	3
tree	3
traits	3
tower	3
touch	3
torn	3
tone	3
tomb	3
toil	3
thus	3
three	3
thousand	3
things	3
tear	3
task	3
tale	3
swell	3
stunned	3
storm	3
stanzas	3
stage	3
st	3
sprite	3
springs	3
spread	3
speed	3
speech	3
spectre	3
spear	3
spark	3
sore	3
skill	3
sires	3
sighs	3
shut	3
shroud	3
shores	3
shook	3
shock	3
shed	3
share	3
shapes	3
secret	3
scotland	3
route	3
roof	3
romance	3
rocks	3
rise	3
rhine	3
revealed	3
resolved	3
replied	3
remember	3
relief	3
reality	3
reach	3
rash	3
rapture	3
rang	3
rack	3
race	3
put	3
proudly	3
princess	3
poet	3
played	3
picture	3
perish	3
perhaps	3
patriots	3
pass	3
parents	3
painting	3
o	3
nunnery	3
native	3
mute	3
much	3
mould	3
mild	3
mighty	3
methought	3
meet	3
meanwhile	3
meant	3
martyrs	3
martyr	3
maiden	3
maid	3
loud	3
lighted	3
lift	3
letter	3
less	3
lent	3
led	3
leader	3
laughed	3
lake	3
know	3
knelt	3
kindness	3
kind	3
kemble	3
k	3
jubilee	3
joys	3
journey	3
isles	3
isle	3
illusion	3
hide	3
hid	3
heroic	3
hence	3
height	3
heathen	3
happy	3
hallowed	3
ground	3
great	3
gold	3
glad	3
gift	3
gem	3
gallant	3
fresh	3
forgot	3
foot	3
fondness	3
foe	3
flushed	3
flung	3
flesh	3
firm	3
find	3
filled	3
fields	3
field	3
feelings	3
feared	3
fatal	3
fallen	3
faithful	3
fairest	3
existence	3
event	3
eve	3
english	3
end	3
embrace	3
eclipse	3
ear	3
dwelled	3
dust	3
dropped	3
drink	3
delivered	3
deliver	3
days	3
dane	3
crest	3
conscious	3
composed	3
common	3
coming	3
clime	3
clergy	3
clear	3
clasped	3
claim	3
clad	3
chivalry	3
charlotte	3
charge	3
change	3
chain	3
caught	3
cannot	3
campbell	3
bursts	3
burning	3
built	3
britain	3
bring	3
bride	3
bower	3
boundless	3
blue	3
bloom	3
blessing	3
blame	3
bitter	3
beyond	3
beat	3
beams	3
beam	3
banner	3
bands	3
baffled	3
arch	3
anguish	3
angel	3
am	3
alone	3
ages	3
aged	3
across	3
?"	3
.,	3
.'	3
|arabic5+digit|	2
younger	2
yield	2
yesternight	2
yellow	2
wreaths	2
wreath	2
wrath	2
wrapped	2
wooed	2
women	2
woes	2
within	2
withered	2
withdraw	2
witched	2
wisest	2
wings	2
wine	2
wind	2
wildly	2
wife	2
widow	2
whence	2
wheel	2
whatever	2
welcome	2
weeds	2
wedded	2
weary	2
wealth	2
weal	2
waving	2
water	2
warning	2
warned	2
wall	2
waking	2
wake	2
vulgar	2
vows	2
vow	2
visited	2
virtues	2
virtue	2
vigorous	2
vexed	2
vengeance	2
valiant	2
uplifted	2
until	2
unnatural	2
unlike	2
unfold	2
unfinished	2
types	2
type	2
twenty	2
trouble	2
triumphed	2
tread	2
transport	2
tranced	2
trance	2
trains	2
tragic	2
towns	2
touching	2
touches	2
tongue	2
tones	2
tie	2
through	2
throng	2
theodbic	2
theme	2
thanks	2
ten	2
teach	2
taught	2
taken	2
swooned	2
sweep	2
sway	2
suspense	2
surveyed	2
supernal	2
strong	2
strike	2
stretched	2
strength	2
street	2
strangers	2
stranger	2
strand	2
story	2
stings	2
stand	2
stamped	2
spun	2
spring	2
sprang	2
spoils	2
sped	2
spears	2
span	2
spain	2
space	2
sounded	2
sorrow	2
songs	2
solace	2
soil	2
softened	2
smiles	2
slight	2
slept	2
slavery	2
slain	2
skies	2
sit	2
since	2
similitude	2
silently	2
signed	2
side	2
shun	2
shown	2
shield	2
sheet	2
shape	2
shalt	2
shake	2
shaft	2
sepulchral	2
send	2
seldom	2
seems	2
seeming	2
seem	2
seek	2
seeing	2
seed	2
sealed	2
seal	2
scroll	2
scorning	2
scarcely	2
sail	2
safe	2
sadness	2
ruth	2
run	2
rolandseck	2
robust	2
robe	2
roamed	2
rites	2
ring	2
rights	2
rhenish	2
revived	2
revere	2
restored	2
rest	2
resisting	2
resigned	2
remembrance	2
remain	2
regard	2
recall	2
rebuke	2
realms	2
read	2
re	2
ravens	2
rapt	2
quench	2
purpose	2
purity	2
proof	2
print	2
priests	2
priest	2
prepare	2
preaching	2
preach	2
prayer	2
powers	2
poured	2
possessed	2
pomp	2
plunged	2
pleasure	2
please	2
plan	2
pile	2
phantom	2
perfect	2
pen	2
paused	2
patriot	2
passions	2
pang	2
pall	2
pains	2
pages	2
pageants	2
ourselves	2
other	2
off	2
object	2
o'ercomes	2
note	2
norse	2
norman	2
nigh	2
nations	2
nation	2
mutual	2
moved	2
mourns	2
mourn	2
mountains	2
mortal	2
morning	2
moral	2
moor	2
mood	2
months	2
moments	2
mocked	2
mixed	2
misfortune	2
mien	2
met	2
message	2
measured	2
means	2
marriage	2
mansion	2
makes	2
majesty	2
main	2
m	2
luxuriant	2
loyalty	2
low	2
lovelier	2
loth	2
lot	2
lost	2
lose	2
looks	2
lone	2
london	2
liveth	2
lives	2
lived	2
listened	2
lingering	2
limb	2
likeness	2
lightning	2
lifted	2
liberty	2
letters	2
leave	2
laws	2
laugh	2
landscape	2
lady	2
known	2
knee	2
kings	2
king	2
kindled	2
j	2
itself	2
island	2
interposed	2
inspired	2
inscribed	2
innisfail	2
inherit	2
influence	2
immortality	2
ill	2
ice	2
hushed	2
hundred	2
humankind	2
hours	2
horrors	2
hopes	2
homeward	2
holds	2
hold	2
hills	2
herds	2
helm	2
heights	2
heat	2
hearing	2
health	2
healed	2
hazards	2
hast	2
harm	2
hard	2
hair	2
h	2
guilt	2
guessed	2
guess	2
grown	2
grieve	2
griefs	2
grey	2
grave	2
grateful	2
grasped	2
grasp	2
grandsire	2
glance	2
gladness	2
ghost	2
gaze	2
gay	2
gates	2
garden	2
future	2
full	2
fragments	2
found	2
fortune	2
forms	2
forgive	2
foreign	2
footprints	2
fondest	2
flowers	2
flower	2
flow	2
flock	2
flew	2
fled	2
fixed	2
finished	2
fever	2
ferdinand	2
feigned	2
fears	2
fathers	2
fates	2
fast	2
farewell	2
faint	2
extinguished	2
expired	2
episcopacy	2
entered	2
enclosed	2
enchantment	2
embracing	2
embark	2
ellen	2
elate	2
ecstasy	2
eagle	2
e	2
dwelling	2
dried	2
dread	2
drawn	2
dragged	2
drachenfells	2
doubt	2
door	2
doomed	2
doom	2
done	2
domestic	2
do	2
dismal	2
discrowned	2
dies	2
descended	2
demons	2
delicious	2
deeds	2
debt	2
daunted	2
daughter	2
darling	2
d	2
curtain	2
culdees	2
crew	2
creation	2
corps	2
conquered	2
conjured	2
conjure	2
compassion	2
command	2
clouds	2
close	2
classic	2
civic	2
churchmen	2
children	2
childhood	2
cheered	2
check	2
charm	2
champion	2
century	2
cease	2
caused	2
cataracts	2
case	2
care	2
campaign	2
camp	2
called	2
brook	2
britons	2
brings	2
brighter	2
brightened	2
breathed	2
breathe	2
breasts	2
break	2
bread	2
brand	2
bowers	2
bounding	2
bone	2
boast	2
blush	2
blown	2
bloody	2
bless	2
bled	2
blaze	2
blade	2
bird	2
bids	2
bid	2
between	2
bend	2
bell	2
believe	2
behold	2
beheld	2
bears	2
bark	2
b	2
ay	2
awful	2
ashes	2
ardent	2
applause	2
appeal	2
appalled	2
any	2
anthem	2
answers	2
anew	2
ambition	2
although	2
altars	2
almost	2
albyn	2
alarm	2
ailment	2
agonised	2
ago	2
against	2
affliction	2
adjacent	2
adelgitha	2
adam	2
actor	2
account	2
accord	2
('	2
''	2
«»	1
zone	1
zest	1
youthful	1
youngest	1
yields	1
yew	1
yesterday	1
yester	1
yes'ter	1
wrought	1
wroth	1
wronged	1
writhe	1
writers	1
write	1
wretched	1
wretch	1
wrenched	1
wrench	1
wrecked	1
wreck	1
wrack	1
woven	1
wounds	1
would'st	1
worthless	1
worst	1
worshipped	1
worm	1
worldly	1
works	1
wore	1
woods	1
wood	1
woo	1
wont	1
wondering	1
wonder	1
womankind	1
wolves	1
wolf	1
witnessed	1
withdrew	1
withdraws	1
wit	1
wise	1
wisdom	1
wio	1
winter	1
winnowed	1
winged	1
wing	1
windsor	1
windows	1
winding	1
win	1
willows	1
willow	1
willed	1
widowed	1
wide	1
whole	1
whispered	1
whirled	1
whetted	1
whether	1
wheresoever	1
wherefore	1
wheeled	1
west	1
wert	1
weltering	1
wellborn	1
weeps	1
weeping	1
wedlock	1
wed	1
wearing	1
wear	1
weapons	1
wealthy	1
weak	1
we've	1
we'll	1
waxen	1
wax	1
waterloo	1
watched	1
washed	1
wash	1
warrior	1
warradein	1
warmth	1
warlike	1
warbling	1
want	1
wanders	1
wan	1
walls	1
walks	1
walk	1
waken	1
waits	1
waited	1
wait	1
wailings	1
wailing	1
wail	1
wafer	1
vowed	1
vouching	1
void	1
vizor	1
visiting	1
visitants	1
vision	1
virgins	1
vines	1
views	1
vienna	1
victorious	1
victim	1
veterans	1
vested	1
vestal	1
verse	1
vermilion	1
vent	1
veins	1
vast	1
vassals	1
van	1
valour	1
vales	1
valedictory	1
vainly	1
vaches	1
utterly	1
utterances	1
usurped	1
ushered	1
use	1
usage	1
urged	1
upstood	1
uprose	1
upraised	1
uplifteth	1
unwritten	1
unworldliness	1
unwoo'd	1
unwearied	1
untrod	1
untouched	1
untold	1
unto	1
unstirr'd	1
unspoken	1
unshroud	1
unscathed	1
unsay	1
unriveted	1
unraptured	1
unperplex'd	1
unnumbered	1
unmomentous	1
unmask	1
unlikely	1
unless	1
unknown	1
unkind	1
universe	1
union	1
unheeded	1
unfounded	1
unforgiven	1
undoubting	1
undivided	1
undispensed	1
undid	1
understood	1
undersigned	1
underneath	1
undeluged	1
undegenerate	1
uncounted	1
unconfined	1
unclosed	1
unborn	1
ulvfagrt	1
ultimately	1
uist	1
tyrants	1
tyranny	1
typ'd	1
twos	1
twins	1
twin	1
twelfth	1
tvvas	1
turns	1
turned	1
turn	1
turks	1
turban	1
tub	1
truths	1
troubled	1
trophies	1
trocadero	1
trivial	1
triumphant	1
triumphal	1
trickling	1
tribute	1
trials	1
trenches	1
tremulous	1
trembled	1
trees	1
treble	1
treasuring	1
treasure	1
treachery	1
transports	1
transient	1
transcripts	1
tranquillized	1
tranquil	1
trampled	1
tramp	1
traitor	1
trained	1
tragedy	1
tradition	1
trace	1
town	1
tottering	1
torturing	1
torches	1
tops	1
tolled	1
token	1
tli	1
tiriee	1
tinkling	1
tinged	1
timid	1
times	1
ties	1
tide	1
tickings	1
thyself	1
throughout	1
throne	1
throb	1
thrilling	1
threatened	1
threat	1
threads	1
thrall	1
thorns	1
thkodric	1
thkodiuc	1
thistle	1
third	1
thick	1
they've	1
thereon	1
theodkic	1
thence	1
themselves	1
theatrk	1
thb	1
thanked	1
test	1
terror	1
terrific	1
terrible	1
terrace	1
tent	1
tenfold	1
temples	1
tempest	1
temper	1
tells	1
teem	1
teardrops	1
talk	1
tainted	1
table	1
t1ieodkjc	1
symptoms	1
sympathetic	1
sydney	1
swords	1
swooning	1
swiftly	1
swift	1
swept	1
swells	1
swelled	1
swear	1
swayed	1
swarms	1
sward	1
suspicions	1
suspicion	1
survived	1
survey	1
surprised	1
surge	1
surely	1
sunshine	1
sunset	1
sung	1
summers	1
sumless	1
sum	1
suitors	1
suited	1
suit	1
sufferings	1
sufferer	1
suffer	1
succoured	1
succour	1
succeeding	1
substance	1
subside	1
submission	1
sublime	1
subjected	1
style	1
stupor	1
stupendous	1
stung	1
studied	1
strove	1
stripling	1
string	1
striking	1
stretching	1
strengl^	1
streel	1
stream	1
straw	1
strangely	1
strange	1
strain	1
straight	1
storms	1
stormed	1
stopped	1
stooped	1
stole	1
stirs	1
stir	1
sting	1
stifling	1
sternly	1
stern	1
steering	1
steered	1
steer	1
steeple	1
steel	1
steed	1
steals	1
steadfast	1
stayed	1
station	1
startling	1
start	1
stars	1
stands	1
standing	1
stan/iis	1
stamp	1
staid	1
stable	1
stab	1
spur	1
spreads	1
spotless	1
sported	1
spoiler	1
spirited	1
spine	1
spfread	1
speedy	1
speechless	1
sparks	1
spanish	1
sovereigns	1
southern	1
sounds	1
souls	1
sort	1
sorrows	1
sorrowing	1
sons	1
something	1
somehow	1
solemn	1
soldiership	1
soldiers	1
soldierlike	1
soft	1
sob	1
soared	1
soaffbld	1
snowy	1
snowstorm	1
snows	1
snay	1
smote	1
smoothness	1
smoke	1
smit	1
smell	1
smart	1
small	1
slumbers	1
slowly	1
slew	1
slayers	1
slavishly	1
slaves	1
slave	1
slaughtered	1
slanderer	1
slacken	1
skull	1
skey	1
skeletons	1
sjster	1
sixth	1
sixteen	1
six	1
sits	1
sire	1
sings	1
singled	1
singing	1
sing	1
simple	1
silken	1
silent	1
signs	1
signifies	1
signified	1
signet	1
signature	1
signal	1
sign	1
sighed	1
siddons	1
sickly	1
shunned	1
shudders	1
shuddering	1
shudder	1
shrunk	1
shrouds	1
shrived	1
shrines	1
shrieks	1
shrieked	1
shriek	1
shreckhorn	1
shower	1
shouting	1
shoulder	1
short	1
shines	1
shelves	1
shelter	1
sheathe	1
shares	1
shaped	1
shame	1
shakespeare	1
shafts	1
shadows	1
shadowed	1
shades	1
sett'st	1
service	1
served	1
servant	1
serpent	1
sere	1
sentence	1
send'st	1
senates	1
seminary	1
semblance	1
second	1
seat	1
season	1
seas	1
seaman	1
sealing	1
scythe	1
scutcheon	1
sculptured	1
sculpture	1
scowled	1
scottish	1
scotch	1
science	1
scholar	1
scents	1
scented	1
scenery	1
scattered	1
scatter	1
scanty	1
scant	1
scabbard	1
saying	1
saxon	1
sawest	1
saved	1
sat	1
sanctuary	1
same	1
sake	1
sage	1
sagacious	1
sadly	1
sack	1
sable	1
rustic	1
rusted	1
russell	1
rung	1
rules	1
rule	1
rued	1
rudest	1
royalty	1
royal	1
rows	1
rowers	1
rowed	1
roving	1
roused	1
rounded	1
roses	1
roncevall	1
rona	1
rome	1
romantic	1
roman	1
roll	1
rode	1
robbed	1
roared	1
roam	1
rkullura	1
rkulluba	1
riveted	1
rivers	1
riven	1
rising	1
ripened	1
right	1
rifted	1
richly	1
richest	1
riches	1
rich	1
rew	1
revolving	1
revive	1
review	1
revert	1
reverend	1
revenge	1
revels	1
revelry	1
revelling	1
reveller	1
reveal	1
reulmjra	1
reullura.*	1
reullujia	1
returns	1
returning	1
returned	1
retired	1
resumed	1
restraining	1
restore	1
respecting	1
respect	1
resembling	1
requiem	1
request	1
reproof	1
reproach	1
reported	1
reply	1
replanted	1
repentance	1
repay	1
repast	1
repair	1
renowned	1
remote	1
remembrancer	1
remeasuring	1
remarked	1
religious	1
religion	1
relieved	1
relic	1
relate	1
rejoicing	1
rejected	1
reined	1
rehearsed	1
regrets	1
regret	1
regions	1
regency	1
regards	1
refused	1
refreshed	1
reflection	1
reflecting	1
refined	1
reeds	1
red	1
recording	1
reconnoitring	1
recollection	1
recollected	1
receiving	1
receive	1
recalled	1
rebut	1
rebuked	1
rebuilt	1
rebuilds	1
reared	1
real	1
reaching	1
raved	1
rave	1
rattling	1
raptured	1
ranz	1
ranker	1
range	1
ran	1
rally	1
rain	1
raging	1
rages	1
radiant	1
r	1
quiver	1
quit	1
quiet	1
quenched	1
purposed	1
purpled	1
purest	1
pulse	1
proved	1
prove	1
prostrate	1
prospect	1
prophetic	1
prophet	1
prophecy	1
prop	1
promised	1
promise	1
prolonged	1
prognosticating	1
private	1
prison	1
printed	1
principles	1
primitive	1
prime	1
primaeval	1
pressed	1
preserved	1
presentiment	1
present	1
presence	1
presbyters	1
presbyterian	1
presage	1
preparing	1
preluded	1
precipice	1
preached	1
prayed	1
praised	1
praise	1
practice	1
postponed	1
portraying	1
portrayed	1
portray	1
portion	1
pore	1
popish	1
poison	1
point	1
poetry	1
poems	1
plumed	1
plume	1
plough	1
pleasing	1
pleaded	1
planted	1
planned	1
plain	1
plagues	1
plague	1
placing	1
places	1
placed	1
piteous	1
pious	1
pined	1
piles	1
pierced	1
pictures	1
pictured	1
picts	1
pictish	1
phrase	1
phoenix	1
philosophy	1
phantoms	1
persecution	1
perpetrate	1
periods	1
performed	1
penury	1
peerless	1
pedestal	1
pearl	1
peal	1
pay	1
pauses	1
pause	1
paul	1
patriotism	1
pathos	1
pastoral	1
partner	1
parlour	1
pardoning	1
pard'ning	1
paragons	1
papal	1
palsy	1
pair	1
paints	1
paced	1
owns	1
owes	1
overwhelm	1
overthrown	1
overhear	1
overcome	1
outward	1
outspread	1
outposts	1
outlive	1
outlast	1
outflow	1
orphans	1
origin	1
orgies	1
organ	1
ore	1
ordonnances	1
ordeal	1
orbs	1
optics	1
oppressors	1
opinions	1
opening	1
open	1
opal	1
op	1
onward	1
omen	1
odours	1
odorous	1
occasion	1
obsequies	1
oblivion	1
obdurate	1
oars	1
oar	1
oak	1
nush'd	1
nursed	1
nun	1
numbers	1
numbered	1
nought	1
notes	1
north	1
norseman	1
nonnenwerder	1
nobly	1
noble	1
niy	1
nine	1
neighbouring	1
neglect	1
needful	1
need	1
nearer	1
nay	1
navies	1
napoleon	1
named	1
myself	1
myrtle	1
myriad	1
mutability	1
musulman	1
mushroom	1
mused	1
multitudes	1
mr	1
mown	1
move	1
mournful	1
mourners	1
mourner	1
mourned	1
mounted	1
mount	1
motto	1
motionless	1
mothers	1
moss	1
mor	1
monuments	1
monument	1
month	1
monks	1
monk	1
monastery	1
moistened	1
mode	1
mock	1
moarn'd	1
mitred	1
mite	1
mistress	1
mistold	1
missed	1
miss	1
misgivings	1
mischance	1
mirror'd	1
mint	1
minstrelsy	1
miniature	1
mindedly	1
millstone	1
miles	1
midway	1
midnight	1
methinks	1
messenger	1
merited	1
memorial	1
melting	1
melted	1
meeting	1
meed	1
medal	1
measure	1
meanest	1
mean	1
mb	1
matters	1
material	1
mate	1
matchless	1
master	1
massacred	1
mass	1
mask	1
martyred	1
martyrdom	1
martial	1
married	1
marked	1
mariner	1
marble	1
mantling	1
mantle	1
manly	1
manliness	1
manliest	1
manlier	1
mankind	1
manglers	1
majestic	1
mailed	1
maidens	1
mahomet	1
magnified	1
madness	1
macaillain	1
lustre	1
lurked	1
loyal	1
lowing	1
loves	1
lovers	1
lover	1
loveliest	1
lore	1
lordly	1
loose	1
looking	1
longer	1
lofty	1
loftiest	1
loflg	1
locks	1
lock	1
lochow	1
lochlin*	1
lochlin	1
load	1
lo	1
list	1
lionet	1
linked	1
lingers	1
likelier	1
lightens	1
lifetime	1
lies	1
lied	1
lie	1
levantine	1
lets	1
lethe	1
lest	1
lessening	1
lengthened	1
lends	1
lend	1
legend	1
leaves	1
least	1
learning	1
learned	1
learn	1
lear	1
leaf	1
leach	1
law	1
launched	1
laud	1
later	1
lately	1
late	1
lashes	1
lashed	1
lark	1
language	1
lane	1
lands	1
lances	1
lakes	1
ladies	1
lacked	1
laburnum	1
labourer	1
la1jy	1
knows	1
knowledge	1
knowest	1
knit	1
knights	1
kneeling	1
kisses	1
kingdoms	1
kindle	1
kin	1
killed	1
keys	1
key	1
kerchief	1
kept	1
keep	1
keel	1
kath'rine	1
justice	1
just	1
june	1
jousts	1
journeying	1
joined	1
join	1
jocund	1
jetna	1
jest	1
jealous	1
james	1
it's	1
islet	1
islesmen	1
islands	1
iron	1
irish	1
ireland	1
ire	1
ip	1
inwrought	1
invoking	1
invisible	1
interviews	1
interchanged	1
intent	1
intense	1
intellect	1
instruct	1
instinct	1
inspiring	1
inspiration	1
insane	1
inquisitorial	1
inquire	1
innisfail."t	1
inn	1
inlands	1
inhale	1
ingenuous	1
infused	1
influences	1
inflict	1
infectiously	1
inexpressive	1
inevitably	1
indie	1
independence	1
indeed	1
increased	1
incensed	1
incense	1
impression	1
impressible	1
impressed	1
implored	1
impetuous	1
impart	1
imagined	1
imaged	1
illumined	1
illumed	1
ills	1
il	1
ikolmill	1
icy	1
icvell'd	1
i.r.i	1
hyperboles	1
hush	1
hurrying	1
hunted	1
hungary	1
hung	1
hue	1
howsoever	1
howl	1
howel	1
hovering	1
household	1
housed	1
hotspur	1
hostile	1
hostelrie	1
hospitable	1
horse	1
horn	1
horizon	1
hoped	1
honoured	1
holier	1
hktllura	1
hitter	1
hiding	1
hides	1
hideous	1
hi	1
hew	1
hers	1
hero	1
heretofore	1
herd	1
herbage	1
herald	1
help	1
helmet	1
hell	1
helicon	1
heiress	1
heed	1
heavenly	1
heath	1
hearths	1
healthful	1
heal	1
he's	1
having	1
haughty	1
hating	1
hate	1
hasty	1
hastily	1
hartland	1
harsh	1
harmony	1
harmoniously	1
happiest	1
haplessly	1
hapless	1
hangmen	1
hang	1
handkerchief	1
hampden	1
hamlets	1
hallow	1
halleluiah	1
hall	1
haired	1
hail	1
hag	1
habitation	1
ha	1
gyves	1
gulf	1
guided	1
guest	1
guardian	1
guard	1
grudge	1
grow	1
grovelling	1
groups	1
grieved	1
greeting	1
greet	1
greece	1
gre\tf	1
gratitude	1
grass	1
grain	1
graces	1
gracefully	1
graceful	1
gothic	1
gothard	1
gorgeous	1
goodly	1
good	1
golden	1
godlike	1
goal	1
glowing	1
glove	1
glorying	1
gloomy	1
glooms	1
glittering	1
glittered	1
glimpses	1
glide	1
glamorgan	1
gladsome	1
gladly	1
glacier	1
giver	1
girgling	1
girdle	1
gifted	1
ghastly	1
germany	1
german	1
gentle	1
genius	1
gems	1
gazing	1
gazette	1
gazed	1
gayest	1
gauntlet	1
gathers	1
gathering	1
gather	1
gaspings	1
gasp	1
garland	1
gardens	1
game	1
gallic	1
gallantry	1
gall	1
gales	1
gale	1
gain	1
gaelic	1
g	1
fwas	1
futurity	1
further	1
fulfiltd	1
fulfilled	1
fugitive	1
fruits	1
fruitless	1
frowning	1
frowned	1
fro	1
freshened	1
freemen	1
fraud	1
fraternal	1
frantic	1
frankness	1
frame	1
frailty	1
fragrance	1
fpotsteps	1
founded	1
foully	1
foul	1
fought	1
forward	1
fortnight	1
forsook	1
formed	1
forgotten	1
forgiven	1
forgets	1
foresight	1
foreseeing	1
foresaw	1
forefathers	1
forced	1
force	1
forbear	1
footstep	1
fond	1
followed	1
follow	1
foils	1
foes	1
foam	1
flying	1
flutters	1
fluttering	1
flush	1
flowed	1
flourished	1
floating	1
flits	1
flings	1
flight	1
flies	1
fleets	1
fleetness	1
fleetly	1
flash	1
fitful	1
fisher	1
firmness	1
fires	1
fill	1
fiery	1
fiercest	1
fiends	1
fictitious	1
fictions	1
fiat	1
fi	1
feuds	1
feudal	1
festive	1
festal	1
feet	1
feels	1
feeble	1
features	1
feats	1
fearless	1
fearing	1
favour	1
fault	1
fathoms	1
fatality	1
farms	1
fare	1
fantasy	1
fanned	1
fanes	1
fancying	1
fanciful	1
fancies	1
fancied	1
famine	1
famed	1
falling	1
fake	1
faithless	1
fainted	1
failed	1
fading	1
fade	1
faced	1
fabling	1
fable	1
eyed	1
extreme	1
extinct	1
extends	1
extant	1
exquisite	1
expressive	1
expressed	1
express	1
explored	1
explanatory	1
explaining	1
expire	1
experience	1
exiled	1
execrations	1
exclude	1
except	1
example	1
exalted	1
evil	1
evening	1
eternal	1
esteem	1
established	1
escape	1
erst	1
errors	1
errands	1
erinobling	1
erected	1
epistolary	1
envying	1
envy	1
entwine	1
entire	1
enthusiast	1
entailed	1
enriched	1
enough	1
ennobling	1
ennobled	1
enlarged	1
enjoined	1
engulf	1
engrossed	1
enemies	1
endures	1
endured	1
endurance	1
enchanted	1
enchant	1
enamelled	1
empire	1
emotion	1
emerge	1
emerald	1
elude	1
elijah	1
eleventh	1
elemental	1
electrifying	1
electrified	1
effect	1
een	1
eclipsed	1
echoed	1
ebbings	1
eath	1
earthly	1
early	1
earliest	1
earl	1
duty	1
durst	1
dungeons	1
duly	1
dull	1
duke	1
dry	1
dross	1
drop	1
drooped	1
droop	1
drifting	1
dress	1
dreams	1
draws	1
drank	1
downward	1
doubting	1
double	1
dost	1
doors	1
dome	1
doleful	1
distinguished	1
distance	1
dissevered	1
dissension	1
disposed	1
disports	1
displayed	1
displaced	1
dispense	1
dismayed	1
disentwine	1
disease	1
disdain	1
discover	1
discord	1
dirge	1
direly	1
dip	1
din	1
dimmed	1
dimly	1
dignity	1
differently	1
didst	1
dictated	1
dial	1
dewy	1
devotion	1
devoted	1
devon	1
detraction	1
detained	1
detain	1
destiny	1
deserved	1
desert	1
describe	1
des	1
dens	1
denounced	1
denmark	1
den	1
demands	1
delight	1
delay	1
degenerate	1
defy	1
defied	1
defiance	1
defamed	1
deeper	1
deepen	1
deceiver	1
deceit	1
decayed	1
deaths	1
dearly	1
de	1
dbuby	1
daylight	1
dauntless	1
daughters	1
date	1
dashed	1
dash	1
darkness	1
darkly	1
darkening	1
darkened	1
danish	1
danger	1
danes	1
dance	1
damped	1
damp	1
damnation	1
dames	1
dairy	1
cypress	1
curtained	1
cursing	1
curse	1
curls	1
cured	1
cure	1
cultured	1
culdee.t	1
culdee	1
crying	1
cry	1
crushes	1
crush	1
cruel	1
crucifix	1
crowned	1
crossed	1
crosier	1
crone	1
crime	1
crescent	1
credibility	1
cravens	1
crashed	1
cowl'd	1
coward	1
covered	1
covenant	1
cousin	1
courts	1
court	1
courser	1
country	1
countrie	1
counterfeit	1
counsel	1
cottages	1
cost	1
correct	1
corpse	1
cordially	1
cordelia	1
copied	1
cool	1
convoy	1
convocation	1
convictions	1
converse	1
contrition	1
contentment	1
content	1
contained	1
consume	1
conspicuous	1
consentaneous	1
consent	1
consanguinity	1
conquest	1
conquer	1
connubial	1
conjures	1
congratulates	1
congenial	1
confidential	1
confessed	1
conferred	1
condemn	1
concord	1
concern	1
concealment	1
comrade	1
composure	1
compose	1
completely	1
compassionate	1
communed	1
commander	1
commanded	1
comfort	1
combat	1
columns	1
column'd	1
columb	1
coloured	1
colour	1
coexist	1
cock	1
clustering	1
clung	1
clue	1
closing	1
cloisters	1
cloister	1
clod	1
cleuch'd	1
clearly	1
clearer	1
clay	1
clarion	1
claremont	1
claimed	1
cities	1
churchyard	1
christianity	1
christian	1
christendom	1
chords	1
choice	1
chivalrous	1
chivalric	1
chilling	1
childlike	1
chiefs	1
chide	1
cherish	1
cheerfully	1
checked	1
chase	1
charter	1
charity	1
chariots	1
charges	1
chanted	1
chantbey	1
chant	1
challenge	1
chains	1
censer	1
cell	1
celibacy	1
celestial	1
ceases	1
caves	1
caution	1
cato	1
catch	1
castle	1
carry	1
carriage	1
carnival	1
career	1
captured	1
captivity	1
captive	1
caprice	1
canopy	1
canons	1
canonised	1
cannons	1
cancel	1
campbells	1
calmed	1
caesar	1
burnt	1
burned	1
burn	1
buried	1
bujt	1
buckled	1
bubble	1
brouzed	1
bronzed	1
broadsword	1
broad	1
brittleness	1
brittle	1
bringest	1
brighten	1
brigade	1
bridge	1
breathless	1
breaks	1
breakfast	1
breaches	1
bravery	1
brands	1
bows	1
bourbon	1
bouquetin	1
bounded	1
bought	1
bosoms	1
bony	1
bonn	1
boldest	1
blushing	1
blotted	1
blot	1
blossomed	1
blooms	1
blooming	1
bloomed	1
bloodred	1
bloated	1
blithe	1
blindfold	1
blind	1
blew	1
blends	1
blended	1
bleeding	1
bleed	1
bleaching	1
blazoning	1
blast	1
blasphemers	1
blank	1
blameless	1
blamed	1
blacken	1
black	1
bitterness	1
bitterly	1
bitterer	1
birthrights	1
birthday	1
birth	1
birds	1
bind	1
bigots	1
bigotry	1
bigot	1
bewailed	1
betwixt	1
better	1
betrothed	1
betrayed	1
besides	1
bequeathed	1
bentley	1
bent	1
benignant	1
benign	1
benefits	1
beneficent	1
beloved	1
believing	1
believed	1
beings	1
beholder	1
behind	1
begun	1
beguiled	1
begged	1
began	1
bee	1
bedewed	1
beauties	1
beauteous	1
beaten	1
beamed	1
beaks	1
bbitons	1
bay	1
battles	1
bathed	1
bat	1
baser	1
barred	1
bared	1
barb	1
bar	1
banquet	1
bannered	1
bane	1
balmy	1
ballad	1
baffle	1
babe	1
axes	1
awe	1
aware	1
awake	1
awaits	1
avenging	1
avenge	1
avail	1
auxiliar	1
autumn	1
autochthones	1
austrian	1
austria	1
augurs	1
auguring	1
augured	1
aught	1
aud	1
au	1
attired	1
attire	1
attests	1
attend	1
attempt	1
atonement	1
atmosphere	1
assured	1
assurance	1
assume	1
assuaged	1
assessor	1
assent	1
assaulters	1
aspired	1
aspect	1
arrived	1
arriere	1
arrested	1
arose	1
ark	1
archer	1
appears	1
appearing	1
apparently	1
appal	1
answering	1
another	1
anon	1
anil	1
angouleme	1
anger	1
angels	1
and.udolph	1
ample	1
among	1
ami	1
altar	1
already	1
alpine	1
aloud	1
along	1
aloft	1
alms	1
alloy	1
allied	1
allemayne	1
alive	1
alight	1
alee	1
akin	1
aisles	1
airy	1
agony	1
agonies	1
agincourts	1
agincourt	1
after	1
afflicts	1
affections	1
afar	1
adventurous	1
advances	1
admiral	1
acts	1
action	1
acting	1
act	1
acorn	1
achieved	1
achaians	1
accursed	1
accomplished	1
absolved	1
absent	1
abruptly	1
abrupt	1
abroad	1
about	1
abide	1
abhorred	1
abbey	1
?)	1
.;	1
-,	1
*•	1
*,	1
%	1
",	1
"*	1
"'	1
