,	1635
the	1135
and	957
of	472
.	452
to	296
:	270
|'s|	268
in	253
a	253
that	252
my	216
for	216
i	193
is	166
—	152
her	147
you	145
we	134
with	129
are	125
!	118
not	115
all	112
?	112
your	105
'	104
but	102
on	94
no	94
from	92
where	87
o	86
(	84
she	83
me	78
they	74
there	73
love	72
it	72
day	72
as	72
or	71
be	71
wind	62
his	62
rose	60
by	59
"	58
go	57
|arabic2digit|	56
our	56
red	55
shall	54
long	53
grey	52
were	51
sweet	51
away	51
;	51
now	50
nor	50
may	49
heart	49
white	48
have	48
eyes	48
at	48
what	47
will	46
song	46
gold	46
over	45
thy	44
thee	44
yet	43
when	43
their	42
feet	42
far	42
so	41
he	41
fair	41
who	40
was	40
night	38
dead	37
wild	36
sea	36
one	36
never	36
like	36
sorrow	35
hair	35
!)	35
would	34
sun	34
old	34
here	34
head	34
come	34
us	33
upon	33
though	33
its	33
has	33
)	33
roses	32
out	32
thou	31
death	31
dear	31
any	31
helen	30
down	30
oh	29
more	29
light	29
hear	28
snow	27
kind	27
hands	27
green	27
golden	27
fire	27
dream	27
cold	27
world	26
see	26
lord	26
know	26
dreams	26
up	25
sing	25
life	25
let	25
east	25
how	24
way	23
than	23
still	23
none	23
if	23
flowers	23
|arabic1digit|	22
him	22
fairy	22
dark	22
till	21
sleep	21
say	21
hill	21
ah	21
while	20
voice	20
set	20
mother	20
hand	20
cry	20
breast	20
back	20
|arabic3digit|	19
them	19
sails	19
lily	19
lilies	19
leaves	19
care	19
am	19
winds	18
west	18
own	18
little	18
grow	18
face	18
black	18
an	18
tree	17
take	17
moon	17
low	17
hold	17
goes	17
days	17
bird	17
time	16
through	16
then	16
stand	16
pale	16
must	16
might	16
man	16
make	16
lips	16
half	16
grief	16
good	16
fields	16
came	16
among	16
again	16
too	15
thine	15
many	15
lay	15
joy	15
hills	15
ere	15
dawn	15
call	15
yellow	14
ye	14
winter	14
these	14
some	14
since	14
sad	14
poppies	14
once	14
music	14
men	14
lover	14
lost	14
grows	14
grave	14
god	14
give	14
fain	14
dumb	14
dim	14
die	14
blue	14
bed	14
alas	14
stay	13
sake	13
pan	13
lies	13
knows	13
heard	13
find	13
fall	13
dew	13
blow	13
bees	13
wings	12
turn	12
star	12
sings	12
seek	12
rain	12
pain	12
near	12
name	12
mercy	12
maid	12
loved	12
land	12
knew	12
king	12
it's	12
heigho	12
hearts	12
alone	12
today	11
soul	11
shepherds	11
sans	11
only	11
meet	11
la	11
kindly	11
into	11
honey	11
had	11
going	11
gods	11
follow	11
fawn	11
earth	11
do	11
dame	11
belle	11
apples	11
amid	11
after	11
whose	10
weary	10
water	10
watch	10
very	10
under	10
took	10
songs	10
son	10
sin	10
round	10
mine	10
made	10
live	10
last	10
glad	10
flower	10
even	10
deep	10
deelish	10
charm	10
calling	10
blows	10
beside	10
air	10
."	10
young	9
word	9
well	9
ways	9
war	9
wandering	9
w	9
tonight	9
summer	9
strong	9
strangers	9
sit	9
singing	9
sigh	9
said	9
rise	9
rest	9
praise	9
play	9
place	9
pass	9
moan	9
linden	9
kine	9
idle	9
heed	9
hall	9
grass	9
gather	9
full	9
forlorn	9
forget	9
folded	9
empty	9
door	9
criona	9
bring	9
blown	9
blood	9
bid	9
beyond	9
before	9
?"	9
.)	9
years	8
why	8
went	8
turns	8
tune	8
together	8
this	8
sword	8
strange	8
slept	8
silver	8
silk	8
sighing	8
should	8
ships	8
shadowy	8
shadows	8
saw	8
sang	8
reeds	8
queen	8
piping	8
passed	8
open	8
nora	8
mauryeen	8
maiden	8
living	8
lightly	8
lie	8
left	8
laid	8
known	8
kiss	8
keep	8
ivy	8
ireland	8
hollow	8
grace	8
gay	8
gave	8
fiachra	8
fear	8
every	8
danish	8
coming	8
close	8
can	8
brown	8
brought	8
break	8
blowing	8
blossoms	8
bloom	8
best	8
beneath	8
b	8
also	8
alien	8
women	7
wine	7
waves	7
threads	7
those	7
tears	7
tall	7
surely	7
such	7
stars	7
soft	7
shore	7
shining	7
reed	7
quicken	7
people	7
odin	7
moirin	7
mid	7
mavrone	7
loves	7
lonely	7
lad	7
kin	7
i'll	7
hope	7
holds	7
grew	7
ghost	7
gentle	7
gate	7
garden	7
followed	7
folk	7
faces	7
eireag	7
ears	7
each	7
dwell	7
dusk	7
dreaming	7
draw	7
did	7
denise	7
dancing	7
dance	7
cried	7
colleen	7
cast	7
burns	7
born	7
bitter	7
being	7
|romannumeral|	6
words	6
wood	6
wise	6
windy	6
which	6
weep	6
until	6
turned	6
trees	6
throne	6
three	6
thought	6
thor	6
things	6
sure	6
sunset	6
stood	6
spring	6
sown	6
softly	6
skies	6
silken	6
silent	6
silence	6
sif	6
shame	6
roisin	6
persephone	6
passing	6
off	6
nest	6
neither	6
most	6
morning	6
morn	6
mist	6
met	6
maire	6
maids	6
magic	6
lovers	6
look	6
leave	6
lais	6
kisses	6
isles	6
iseult	6
irish	6
i'm	6
hunter	6
high	6
hence	6
help	6
heavy	6
hears	6
grown	6
gone	6
geese	6
fog	6
flame	6
fires	6
few	6
fade	6
ever	6
dubh	6
dry	6
drowned	6
done	6
diana	6
delay	6
dawning	6
darkness	6
connaught	6
clear	6
burden	6
bride	6
breath	6
bower	6
blind	6
bless	6
art	6
arrow	6
always	6
ago	6
!"	6
youth	5
wreath	5
worth	5
won	5
withered	5
wisdom	5
win	5
wicklow	5
warm	5
walk	5
vikings	5
twixt	5
twine	5
twilight	5
track	5
tis	5
thais	5
takes	5
syrinx	5
stands	5
spin	5
souls	5
smile	5
slow	5
sleeping	5
sky	5
sits	5
ship	5
shadow	5
seas	5
sat	5
rosemary	5
roads	5
rings	5
put	5
prayers	5
pipes	5
phyllis	5
past	5
outland	5
neath	5
mouth	5
mortal	5
merry	5
making	5
lotus	5
lift	5
less	5
leaf	5
laughter	5
ladies	5
island	5
hers	5
held	5
heaven	5
hath	5
harvest	5
growing	5
ghostly	5
garlands	5
garland	5
fruit	5
forth	5
forest	5
footsteps	5
flying	5
first	5
fed	5
faun	5
father	5
fast	5
end	5
eily	5
eat	5
earl	5
dying	5
dust	5
druid	5
dove	5
donegal	5
dare	5
damon	5
crown	5
cries	5
country	5
columbines	5
children	5
chamber	5
castara	5
cannot	5
brows	5
bound	5
bough	5
blossom	5
between	5
behind	5
bee	5
autumn	5
april	5
apple	5
against	5
above	5
•	4
yours	4
year	4
woman	4
wives	4
without	4
willow	4
william	4
wife	4
wide	4
wheel	4
wept	4
weird	4
wed	4
we've	4
wander	4
wakes	4
wailing	4
voices	4
vexed	4
ulick	4
two	4
tunes	4
troy	4
travel	4
town	4
thorn	4
tell	4
talk	4
tale	4
swift	4
sweeter	4
sunshine	4
streams	4
sore	4
snows	4
sisters	4
sidhe	4
shut	4
show	4
shed	4
serve	4
secret	4
scarlet	4
save	4
sail	4
rushes	4
rosy	4
road	4
river	4
quiet	4
purple	4
prayer	4
pleasure	4
plain	4
pity	4
pipers	4
patrick	4
other	4
north	4
nights	4
nay	4
milk	4
merrily	4
meadows	4
makes	4
ma	4
loose	4
lives	4
listening	4
listen	4
leeks	4
lament	4
knee	4
kissed	4
keeps	4
islands	4
io	4
ingeborg	4
indeed	4
honesty	4
homeward	4
home	4
hoist	4
hebe	4
heat	4
hay	4
happy	4
hangs	4
ha	4
griefs	4
gossips	4
gloaming	4
gives	4
girls	4
gathered	4
gardens	4
fruits	4
fret	4
fortunate	4
forgot	4
foot	4
fly	4
flute	4
flood	4
flee	4
fine	4
fill	4
farewell	4
fame	4
faint	4
endless	4
eats	4
ease	4
ear	4
e	4
dwelled	4
dublin	4
drink	4
drift	4
divine	4
desiring	4
desire	4
daughter	4
daphnis	4
danced	4
curses	4
crying	4
crowned	4
corn	4
comfort	4
columbine	4
colour	4
castle	4
called	4
built	4
broke	4
brakes	4
bow	4
bosom	4
borrow	4
bore	4
blessed	4
better	4
below	4
been	4
because	4
beat	4
autonoe	4
another	4
although	4
ai	4
across	4
about	4
),	4
you'll	3
yesterday	3
wot	3
within	3
wistful	3
whole	3
whitethorn	3
whereby	3
wheat	3
weak	3
wayward	3
waters	3
walked	3
wake	3
waits	3
wait	3
venus	3
veil	3
valhall	3
vair	3
used	3
use	3
unto	3
true	3
tristram	3
tread	3
touch	3
tomorrow	3
thunderer	3
thousand	3
thoughts	3
thank	3
terror	3
terence	3
tender	3
tares	3
swords	3
sweetness	3
sweetest	3
swallow	3
sunrise	3
sunlight	3
stream	3
strayed	3
stern	3
steps	3
st	3
spears	3
space	3
south	3
sound	3
softer	3
smiles	3
sleet	3
shy	3
shoheen	3
shade	3
seeks	3
seeking	3
seat	3
seagulls	3
sailed	3
safe	3
run	3
rue	3
rock	3
rising	3
riding	3
ride	3
rhodope	3
read	3
raths	3
ran	3
rai'ssa	3
quenched	3
princess	3
priest	3
poplars	3
poplar	3
pluck	3
peace	3
part	3
parsley	3
papyrus	3
overhead	3
ours	3
osiris	3
olives	3
note	3
noon	3
nine	3
niam	3
naiads	3
mysteries	3
myrtle	3
morrow	3
meets	3
meanwhile	3
meadow	3
maybe	3
maurice	3
mate	3
manan	3
maive	3
maidens	3
loud	3
lone	3
locked	3
lo	3
lifts	3
lief	3
lethe	3
leontium	3
leas	3
laugh	3
late	3
lark	3
lands	3
lack	3
kingdoms	3
khem	3
keen	3
jove	3
joan	3
ill	3
ida	3
i'd	3
hush	3
humble	3
hum	3
holy	3
heimdal	3
hearth	3
hearing	3
hate	3
h	3
gulls	3
guinevere	3
gudrun	3
grieving	3
graves	3
gown	3
giving	3
gifts	3
gift	3
gates	3
four	3
found	3
forts	3
forgotten	3
fomoroh	3
folds	3
flaxen	3
finds	3
filled	3
feast	3
fears	3
falls	3
falling	3
fairer	3
fail	3
fading	3
faded	3
eve	3
eri	3
enter	3
ends	3
egypt	3
earthly	3
dwells	3
dreamed	3
drank	3
doves	3
dion	3
died	3
deaf	3
darkened	3
dane	3
cups	3
cuckoo	3
creevin	3
complaining	3
comes	3
cock	3
cno	3
clay	3
clad	3
city	3
chloe	3
chase	3
ceol	3
canst	3
bridal	3
breaks	3
boughs	3
boon	3
bonds	3
bold	3
boat	3
blossomed	3
blast	3
birds	3
bind	3
betwixt	3
beset	3
berries	3
beauty	3
bear	3
bawn	3
battle	3
barrow	3
bare	3
band	3
avourneen	3
asleep	3
arthur	3
arm	3
aphrodite	3
almond	3
abroad	3
-	3
you've	2
you're	2
you'd	2
yonder	2
yarrow	2
y	2
wrong	2
wrack	2
worked	2
wore	2
woods	2
wish	2
wing	2
window	2
wilt	2
wildfire	2
whit	2
wherewith	2
whence	2
wet	2
wert	2
welded	2
weeds	2
wedding	2
wearily	2
wear	2
wave	2
watched	2
warder	2
walls	2
wall	2
walks	2
wakens	2
waiting	2
wail	2
viking	2
velvet	2
valleys	2
valkyrs	2
vainly	2
vain	2
vagrants	2
unkind	2
unending	2
unbound	2
unafraid	2
una	2
tyre	2
twain	2
try	2
trojan	2
treason	2
tramping	2
towards	2
tintagel	2
tides	2
tide	2
thyme	2
throng	2
throat	2
thorarin	2
thistle	2
thinking	2
thing	2
they're	2
theirs	2
tended	2
tempest	2
teeth	2
taste	2
tangled	2
taken	2
sway	2
sudden	2
sturdy	2
stripped	2
strife	2
strength	2
stranger	2
straight	2
storeen	2
store	2
stonehenge	2
stirs	2
stir	2
steer	2
steal	2
state	2
spins	2
sphinx	2
spell	2
spear	2
speaks	2
speak	2
sowed	2
sought	2
sorry	2
sooth	2
sons	2
somewhere	2
smite	2
slowly	2
slew	2
slender	2
sleepers	2
skein	2
sister	2
sir	2
sight	2
sighed	2
side	2
sick	2
shuts	2
shrill	2
shorter	2
short	2
shone	2
shields	2
sheogue	2
shell	2
sharp	2
shamed	2
shalt	2
shake	2
shafts	2
service	2
served	2
servant	2
sent	2
sekhet	2
sees	2
seen	2
seed	2
seaweeds	2
season	2
seal	2
seagull	2
scorn	2
scent	2
salt	2
saint	2
sailing	2
saav	2
runes	2
rune	2
rule	2
ruined	2
rude	2
royalty	2
row	2
rough	2
ring	2
right	2
rides	2
rhyme	2
remembered	2
reached	2
rainy	2
ragweed	2
race	2
r	2
pull	2
promise	2
prison	2
prince	2
poor	2
pools	2
pool	2
plumes	2
plant	2
pipe	2
pines	2
pine	2
pilot	2
phaeacian	2
patient	2
paths	2
path	2
passes	2
parted	2
paradise	2
painted	2
ousel	2
oslo	2
oscar	2
orion	2
oreads	2
oread	2
olympus	2
olive	2
oaks	2
oak	2
o'nights	2
nymphs	2
nought	2
norroway	2
norns	2
noise	2
nog	2
new	2
nets	2
need	2
na	2
mystery	2
moving	2
moves	2
mound	2
mosses	2
morris	2
mood	2
moly	2
moaned	2
mists	2
miscann	2
minstrels	2
minstrel	2
mighty	2
midmost	2
merrows	2
merlin	2
memory	2
mellow	2
master	2
marsh	2
maker	2
lying	2
lowlands	2
loving	2
loosed	2
longer	2
listlessly	2
listens	2
link	2
limit	2
lilith	2
lights	2
lest	2
leprechaun	2
leinster	2
leaving	2
least	2
lea	2
lawn	2
lavender	2
laughs	2
laughing	2
lane	2
lamps	2
lake	2
lady	2
knife	2
knees	2
kissing	2
kings	2
kindness	2
kindling	2
kept	2
judgement	2
jewels	2
jealous	2
ivory	2
iris	2
instead	2
idalia	2
ice	2
i've	2
hymn	2
hyacinth	2
hunger	2
hung	2
house	2
hour	2
horn	2
hopes	2
homing	2
homespun	2
hither	2
hid	2
herself	2
herne	2
hell	2
heal	2
heads	2
hawthorn	2
hawks	2
hasty	2
harp	2
harold	2
hark	2
halls	2
gunhild	2
guess	2
guard	2
grudge	2
groves	2
greet	2
greek	2
great	2
grasses	2
gramarye	2
grain	2
gorses	2
goodly	2
goeth	2
glory	2
gloom	2
glittering	2
glee	2
gleamed	2
gleam	2
given	2
girl	2
giants	2
gerald	2
gathers	2
gateways	2
galway	2
gales	2
gain	2
furze	2
fur	2
fulfilled	2
frozen	2
frigga	2
friends	2
friend	2
free	2
france	2
frail	2
foes	2
foe	2
flutters	2
flutings	2
flushed	2
floor	2
fish	2
fionn	2
finished	2
fingers	2
fight	2
feel	2
fates	2
fate	2
fare	2
falter	2
fallen	2
faithful	2
faith	2
f	2
evening	2
euphrasy	2
entered	2
ended	2
emptied	2
elfin	2
eivir	2
eager	2
dusky	2
dryads	2
dryad	2
drowsy	2
drowsily	2
drouth	2
drifting	2
dree	2
draws	2
drawn	2
doubtful	2
doors	2
doom	2
doe	2
dian	2
dews	2
demeter	2
delight	2
deathly	2
deathless	2
dearest	2
deadly	2
de	2
daughters	2
dart	2
dancers	2
dale	2
cypress	2
cup	2
crowded	2
crooning	2
crocus	2
crimson	2
crest	2
covered	2
could	2
cools	2
cool	2
coloured	2
colleens	2
climb	2
clasp	2
choose	2
childish	2
cheeks	2
cheek	2
cease	2
cattle	2
casts	2
cares	2
careless	2
canna	2
calls	2
cabins	2
butterflies	2
bush	2
burn	2
builded	2
bud	2
brynhild	2
brow	2
broken	2
bringing	2
bright	2
bridled	2
breeze	2
breathes	2
brave	2
brain	2
bowers	2
bought	2
both	2
boreen	2
bondsmen	2
bolt	2
blowest	2
blew	2
blee	2
blame	2
birth	2
berengere	2
bends	2
belt	2
beloved	2
behold	2
beer	2
beats	2
bears	2
bearded	2
bay	2
baux	2
battles	2
banks	2
bank	2
balder	2
babe	2
ay	2
awhile	2
aside	2
ashes	2
around	2
arise	2
answer	2
angels	2
amber	2
along	2
afar	2
acushla	2
/	2
.}	2
).	2
«iseult	1
«	1
£tiennette	1
},	1
zeus	1
yourself	1
youngest	1
yegrudge	1
yeats	1
yea	1
yammer	1
xir	1
wrought	1
writ	1
wrens	1
wreck	1
wreathed	1
wrath	1
wraps	1
woven	1
woundes	1
wound	1
wouldst	1
worshippers	1
worlds	1
works	1
work	1
woodland	1
womanhood	1
wolves	1
woke	1
woes	1
woe	1
withering	1
wither	1
withdrawn	1
wit	1
wistfully	1
wist	1
wirrasthrue	1
winters	1
winning	1
wingless	1
windless	1
windflowers	1
wilder	1
wiil	1
widowed	1
whoso	1
whom	1
who'd	1
whits	1
whitens	1
whistles	1
whispers	1
whispered	1
whether	1
wherever	1
wherein	1
wheels	1
whatever	1
wells	1
welcomed	1
welcome	1
wefladay	1
weeping	1
wee	1
webs	1
web	1
weave	1
weather	1
wears	1
we'll	1
waxes	1
wavering	1
watching	1
wasted	1
waste	1
wasps	1
wars	1
warrior	1
warmer	1
wanting	1
waning	1
wane	1
wanderer	1
wand	1
wan	1
wallflowers	1
walled	1
walkest	1
waking	1
wakening	1
wad	1
w.c	1
vowed	1
void	1
visions	1
vines	1
vine	1
victor	1
vests	1
vessels	1
vert	1
vanished	1
urasus	1
upwards	1
upstand	1
upsala	1
unworn	1
unveiled	1
unused	1
untrue	1
untrodden	1
untouched	1
unsweet	1
unstricken	1
unsought	1
unshriven	1
unscathed	1
unsaid	1
unreturning	1
unhurt	1
unhastening	1
unforgotten	1
undying	1
undone	1
understanded	1
understand	1
undelaying	1
uncourtly	1
uncharted	1
unborn	1
unanswered	1
ululu	1
tyrian	1
tyres	1
tyr	1
tynan	1
twist	1
twines	1
twined	1
twilights	1
turning	1
tuneless	1
tulip	1
truth	1
trudgeth	1
truce	1
trodden	1
trod	1
tries	1
tried	1
tresses	1
trembling	1
treading	1
traveller	1
travail	1
tramp	1
towered	1
touches	1
touched	1
toss	1
torch	1
top	1
tongue	1
tomb	1
toll	1
told	1
toils	1
tired	1
tir	1
times	1
thus	1
thunder	1
thrush	1
throned	1
throats	1
thread	1
thrall	1
thracian	1
thoth	1
thorny	1
thorns	1
thole	1
thither	1
thinned	1
thinks	1
thereof	1
therefore	1
theban	1
thatlooketh	1
thatch	1
thanks	1
terry	1
terence'gave	1
tents	1
tendrils	1
tenderly	1
tenderer	1
tempts	1
tempered	1
tells	1
tear	1
tarries	1
tangles	1
tangle	1
taller	1
taking	1
tajce	1
taia	1
table	1
sylvia	1
swing	1
swim	1
swiftest	1
swept	1
swells	1
sweetheart	1
sweetens	1
sweeps	1
sweeping	1
sweep	1
swathes	1
swan	1
swallows	1
sup	1
sunless	1
sung	1
sunflower	1
sundown	1
sunburnt	1
sunburned	1
summertide	1
summers	1
sultry	1
sullen	1
sublime	1
stung	1
stubborn	1
strings	1
string	1
striking	1
strikes	1
strike	1
strengthen	1
streets	1
street	1
streaming	1
strays	1
stray	1
strand	1
strait	1
story	1
stormy	1
stormbound	1
stored	1
stops	1
stop	1
stoning	1
stones	1
stone	1
stoled	1
stole	1
stinging	1
stillness	1
sticklestead	1
stewart	1
stepping	1
stems	1
stem	1
steeps	1
steel	1
stealthy	1
steals	1
steady	1
start	1
standing	1
stair	1
stain	1
squirrels	1
squirrel	1
square	1
spun	1
springs	1
spreads	1
spray	1
spoke	1
spoils	1
splash	1
spilling	1
spilled	1
spiders	1
spices	1
spent	1
spend	1
spells	1
speed	1
sped	1
spearsmen	1
speaketh	1
sparta	1
sows	1
sow	1
southernwood	1
sorrowful	1
soontree	1
somewhat	1
sometimes	1
solemn	1
soldiers	1
soil	1
softlier	1
softened	1
snowy	1
snowdrops	1
snatched	1
snares	1
smother	1
smooth	1
smiling	1
smiled	1
small	1
slumbers	1
slumber	1
sloe	1
slips	1
slipped	1
slings	1
slim	1
slid	1
sleeps	1
slaying	1
slay	1
slain	1
skipper	1
skin	1
skates	1
sirens	1
sinning	1
sinner	1
sink	1
simois	1
sigurd	1
signals	1
sighs	1
shrunken	1
shrouding	1
shrivels	1
shrinking	1
shrines	1
shrine	1
shrieked	1
shriek	1
shown	1
shouldst	1
shoulders	1
shorn	1
shores	1
shoon	1
shod	1
sho	1
shines	1
shepherd	1
sheogues	1
shem	1
sheathes	1
shatters	1
shattering	1
shatter	1
shaking	1
shakes	1
shaken	1
shadowed	1
sew	1
setting	1
sets	1
serving	1
servants	1
serpent	1
separate	1
sends	1
sending	1
send	1
selk	1
seems	1
seeing	1
seeds	1
sedgy	1
secrets	1
seb	1
seaward	1
seasons	1
scorpions	1
scorned	1
scents	1
scentless	1
scented	1
scattered	1
scathlessly	1
scarabs	1
savour	1
sard	1
sands	1
sandals	1
salute	1
sakes	1
saith	1
saints	1
sailors	1
safely	1
sadness	1
sadder	1
s	1
rusted	1
rust	1
rush	1
running	1
rules	1
ruins	1
ruin	1
rugged	1
ruffle	1
ruddy	1
royal	1
rounder	1
rotten	1
rosier	1
roofed	1
romping	1
rome	1
rods	1
rode	1
rocks	1
rocked	1
robins	1
roaring	1
risen	1
ripple	1
ripened	1
ripe	1
ringing	1
rim	1
rightly	1
richer	1
rich	1
rhymers	1
returns	1
respective	1
requitedst	1
repeated	1
renewed	1
remote	1
remembering	1
remembereth	1
remember	1
remains	1
remain	1
reign	1
regret	1
reared	1
reapers	1
reads	1
reaches	1
reach	1
re	1
rather	1
rath	1
rapture	1
ranks	1
raised	1
ragweeds	1
quit	1
quickening	1
quick	1
quenches	1
quarrel	1
purged	1
pure	1
published	1
proud	1
proteus	1
proserpine	1
prophet	1
promises	1
produce	1
printed	1
print	1
prinks	1
priestess	1
pricked	1
priam	1
pressed	1
press	1
prays	1
pray	1
praises	1
poured	1
poppy	1
pond	1
polar	1
poet	1
poems	1
plumed	1
plume	1
plot	1
pleiad	1
please	1
plead	1
playthings	1
plaint	1
plains	1
places	1
pithys	1
piteously	1
pishogue	1
pinks	1
pinions	1
pillows	1
phrah	1
philae	1
phasacian	1
phasacia	1
pharaohs	1
phaeacians	1
phaeacia	1
perpetual	1
permitting	1
peril	1
peopled	1
peerie	1
peep	1
pause	1
patched	1
pasture	1
pastheen	1
passion	1
parting	1
paris	1
parcae	1
paphian	1
pallid	1
pall	1
palaces	1
palace	1
paint	1
pace	1
overthrown	1
oversweet	1
oversea	1
overpast	1
overlong	1
overgrown	1
outward	1
outruns	1
outer	1
others	1
orpheus	1
originally	1
orders	1
orchards	1
opened	1
opal	1
onward	1
oliver	1
older	1
oge	1
ofhtones	1
odours	1
october	1
octaves	1
observer	1
obey	1
o'ertakes	1
o'ersped	1
o'erhead	1
nymph	1
nutbrown	1
number	1
notes	1
nosegay	1
northward	1
northland	1
northern	1
norseman	1
norn	1
norfolk	1
noiseless	1
noinin	1
nodding	1
nobles	1
nobler	1
noble	1
nitocris	1
nile	1
nike	1
nightly	1
nightingales	1
nigh	1
niggard	1
next	1
nested	1
nesses	1
ness	1
nesbit	1
nereids	1
neith	1
needs	1
neatherd	1
national	1
narrow	1
nameless	1
n6ra	1
myrtles	1
mute	1
murmured	1
mullein	1
muffled	1
muffle	1
much	1
mown	1
mourned	1
mourn	1
mountains	1
mountain	1
mount	1
moths	1
morns	1
mopes	1
moor	1
moonshine	1
moonlit	1
month	1
moment	1
mocking	1
moans	1
misty	1
mistily	1
mistier	1
missed	1
miolnir	1
minutes	1
mint	1
minstreling	1
mimir	1
mills	1
miles	1
mile	1
midsea	1
midnight	1
middle	1
michael	1
message	1
mermaids	1
mere	1
merchants	1
melted	1
meeting	1
measure	1
meal	1
meadowsweet	1
mead	1
mays	1
mavis	1
matted	1
math	1
masthead	1
masterless	1
mary	1
martyr	1
marshes	1
marriage	1
marrest	1
marketplace	1
mark	1
marie	1
mantle	1
mandragore	1
manannan	1
maketh	1
makest	1
maidenhood	1
maidenhair	1
mahild	1
magicians	1
magazines	1
magazine	1
madam	1
lydian	1
lullaby	1
loyalty	1
lowly	1
lowest	1
lower	1
loveliest	1
lot	1
loss	1
lose	1
loosens	1
loom	1
looks	1
looking	1
looked	1
longships	1
longing	1
longest	1
lonelier	1
london	1
loiters	1
loitering	1
lock	1
lizards	1
liveth	1
livelong	1
liris	1
linus	1
lined	1
limbed	1
lilac	1
liked	1
lightless	1
lighting	1
lighthearted	1
lightest	1
lighter	1
lighted	1
lifting	1
lifteth	1
lifted	1
lieth	1
lids	1
lianan	1
les	1
legends	1
leda	1
led	1
leaven	1
leaps	1
leap	1
leans	1
lean	1
leagues	1
leaguered	1
leafless	1
leads	1
laurels	1
laughed	1
later	1
latch	1
lasts	1
lash	1
larks	1
laps	1
lancelot	1
lamentings	1
lacked	1
lace	1
labouring	1
labour	1
knowledge	1
knowing	1
knowest	1
knot	1
kneel	1
kirtle	1
kinsmen	1
kingship	1
kingdom	1
kindliest	1
kindlier	1
kindles	1
kinder	1
keys	1
key	1
kerne	1
ker\ahan	1
kens	1
kenmare	1
keepers	1
keeling	1
kathleen	1
katharine	1
k	1
juno	1
juniper	1
junes	1
july	1
judgeth	1
judgest	1
judge	1
judas	1
joys	1
joyous	1
journey	1
john	1
jilted	1
jeanne	1
january	1
jade	1
j	1
iso	1
isle	1
isis	1
iseult"all	1
iscult	1
ioo	1
inshore	1
inns	1
inishkea	1
impulse	1
illustrated	1
idly	1
idlest	1
ictian	1
ibis	1
hy	1
hurrying	1
hurled	1
hungry	1
hungering	1
hundred	1
humming	1
hover	1
houseless	1
hours	1
hourly	1
hounds	1
hound	1
hot	1
hostage	1
host	1
horus	1
horses	1
horse	1
honour	1
honeyed	1
homestead	1
hollyhock	1
hollows	1
holiday	1
holdeth	1
hives	1
himself	1
hillside	1
highest	1
higher	1
hifn	1
hie	1
hiding	1
hides	1
hide	1
hidden	1
heroes	1
hermes	1
hera	1
helping	1
helped	1
hel	1
height	1
heel	1
heather	1
heathen	1
hearths	1
hearkened	1
hearken	1
healed	1
heading	1
he's	1
hazel	1
haze	1
hathor	1
hated	1
hast	1
harvester	1
harvested	1
harper	1
harness	1
hardly	1
harbours	1
harbour	1
hangings	1
hanging	1
hang	1
hallowed	1
hallblithe	1
hades	1
gusty	1
gull	1
guest	1
guessed	1
groping	1
grope	1
groaning	1
grinding	1
grievous	1
grieved	1
greedily	1
greece	1
greatest	1
grayer	1
graybeard	1
gravely	1
gratefully	1
grasped	1
grapes	1
granted	1
grania	1
graithing	1
gracious	1
godspeed	1
goddess	1
glowing	1
glow	1
gloves	1
glimmer	1
glides	1
glass	1
glasir	1
glancing	1
gladness	1
girdle	1
gipsies	1
giftless	1
ghosts	1
gently	1
gaze	1
gaul	1
garners	1
garlanded	1
ganconagh	1
game	1
galore	1
gallantly	1
gale	1
gabriel	1
g	1
futile	1
furled	1
fuming	1
fulfil	1
fruitful	1
fro	1
friendly	1
fray	1
frauenlob	1
francis	1
fragrant	1
fragrance	1
frae	1
foxglove	1
fox	1
fountain	1
formoroh	1
former	1
forgiven	1
forborn	1
footstep	1
footfall	1
food	1
follows	1
following	1
folkard	1
fold	1
foam	1
flutter	1
fluting	1
flutes	1
flushes	1
flush	1
flung	1
flown	1
flowing	1
floweth	1
flout	1
float	1
flitting	1
flits	1
flit	1
fling	1
flight	1
flies	1
flew	1
fletcher	1
flesh	1
fleet	1
fledglings	1
fled	1
flashing	1
flaming	1
flames	1
flake	1
flags	1
fjords	1
fjord	1
five	1
fishing	1
fir	1
finvarragh	1
finnish	1
finest	1
finding	1
fills	1
fights	1
fig	1
field	1
fiddle	1
fewer	1
ferns	1
fennel	1
fellow	1
fell	1
feeds	1
featherfew	1
fearless	1
fearing	1
fauns	1
fault	1
fashion	1
farther	1
faring	1
fanned	1
fan	1
fairies	1
fairest	1
faced	1
eyelids	1
eyebright	1
except	1
evil	1
everyone	1
everyday	1
evenfall	1
eurydice	1
euros	1
escape	1
errant	1
eros	1
eridhu	1
erato	1
envious	1
entering	1
enna	1
english	1
elsewhere	1
elsa	1
elm	1
ellen	1
eld	1
eggs	1
edwin	1
editors	1
edith	1
edges	1
echoes	1
echoed	1
ebony	1
early	1
eagles	1
eagle	1
dwellest	1
dweller	1
dune	1
dun	1
dulled	1
dull	1
dug	1
drowses	1
drowning	1
drown	1
drove	1
drought	1
dropping	1
dropped	1
droning	1
driving	1
drives	1
driven	1
drinks	1
drinking	1
drifted	1
dries	1
dried	1
dressed	1
dree'd	1
dreamest	1
dread	1
dower	1
doubt	1
doth	1
dost	1
doorway	1
donat	1
dogs	1
does	1
dodona	1
diverse	1
distance	1
dismayed	1
discover	1
discord	1
discontent	1
discomforted	1
dipped	1
dinny	1
dimmer	1
dies	1
dhoul	1
dewdrops	1
devonshire	1
devenish	1
desolate	1
desireth	1
desired	1
des	1
derrycarn	1
departing	1
deny	1
delays	1
delaying	1
deil	1
deeps	1
deeming	1
deeds	1
december	1
dearer	1
deal	1
daylight	1
darkling	1
darker	1
darkens	1
darkening	1
dares	1
dared	1
danger	1
dananns	1
danann	1
damsels	1
daisy	1
daffodils	1
d'esterre	1
cytherea	1
cyprus	1
cyprian	1
cursed	1
cure	1
cumber	1
cud	1
crushes	1
crumb	1
crows	1
crowning	1
crossing	1
crossed	1
crop	1
croons	1
croon	1
crew	1
cressets	1
creeping	1
creep	1
cradle	1
courting	1
courtesy	1
countest	1
counsel	1
coulson	1
couldst	1
couches	1
cottage	1
cord	1
cora	1
connaughtman	1
completeness	1
compels	1
company	1
common	1
comest	1
combs	1
comb	1
coldly	1
colder	1
coins	1
coat	1
coast	1
clovers	1
clover	1
clouts	1
cloud	1
closer	1
closely	1
clings	1
clinging	1
climbing	1
cliffs	1
cleopatra	1
clambers	1
clamber	1
claims	1
claim	1
chisels	1
child	1
chewing	1
chesson	1
cherry	1
cheer	1
chatelaine	1
chateau	1
charon	1
charlocks	1
chanted	1
changeless	1
changed	1
change	1
chance	1
chambers	1
chair	1
chains	1
chained	1
chain	1
chaffer	1
ceres	1
ceased	1
caves	1
castles	1
carven	1
carry	1
caresses	1
captain	1
cap	1
cairn	1
cage	1
cabestan	1
bwee	1
butterfly	1
butler	1
bushes	1
buried	1
burial	1
burdens	1
builders	1
buds	1
browner	1
brothers	1
broom	1
brook	1
brogues	1
broad	1
briony	1
brine	1
bridge	1
breathless	1
breathed	1
breaking	1
brawling	1
brasail	1
brands	1
branches	1
branch	1
bragi	1
boyhood	1
bows	1
bowman	1
bounty	1
bounds	1
bouchaleen	1
bouchal	1
bordered	1
book	1
boholaun	1
bogland	1
body	1
bode	1
board	1
blush	1
blooms	1
bloodred	1
blissful	1
bliss	1
blinds	1
blindness	1
blinded	1
blenching	1
blaze	1
blade	1
blackbird	1
bitted	1
bis	1
birch	1
bines	1
binds	1
billow	1
bifrost	1
bids	1
bides	1
bide	1
bereft	1
berard	1
bend	1
believe	1
beheld	1
begotten	1
begins	1
beginning	1
began	1
befall	1
beeches	1
beech	1
beds	1
bedesmen	1
beckons	1
beautiful	1
beast	1
bearing	1
bean	1
bays	1
baussette	1
basking	1
barren	1
barefooted	1
bared	1
bar	1
banshee	1
banner	1
bane	1
ban	1
ballad	1
bade	1
backward	1
baby	1
aztec	1
azrael	1
aye	1
axe	1
awoke	1
awaken	1
awake	1
await	1
avaiortfifbaths	1
auster	1
attain	1
athwart	1
athene	1
ate	1
asthore	1
asphodels	1
ashamed	1
arne	1
arms	1
armenian	1
armed	1
ark	1
aries	1
ariel	1
argos	1
arcady	1
aprils	1
apollo	1
apart	1
aongus	1
aodh	1
anubis	1
angry	1
anger	1
angel	1
anew	1
anadyomene	1
amenti	1
amen	1
amaranth	1
aly	1
altered	1
altar	1
aloud	1
aloof	1
almost	1
alight	1
alice	1
ale	1
aileen	1
agra	1
age	1
agamemnon	1
afternoon	1
afraid	1
ades	1
acknowledge	1
achill	1
acheron	1
ablaze	1
abide	1
[	1
?)	1
',	1
