,	1706
the	1482
and	1034
.	780
—	539
of	439
a	337
to	332
in	293
i	237
my	223
with	189
!	180
we	178
is	168
for	165
it	147
all	142
that	139
no	131
one	114
not	111
at	106
but	105
as	101
heart	99
from	97
long	95
be	95
was	94
this	89
our	89
they	86
|'s|	83
here	83
her	82
love	80
day	77
you	76
upon	76
men	75
where	74
so	72
are	72
out	67
:	66
little	65
there	61
his	61
their	58
will	57
when	57
sweet	57
more	57
have	56
by	56
on	55
bright	55
far	54
like	53
wind	51
who	51
still	51
how	51
time	48
never	48
me	48
?	47
"	47
nor	46
way	45
these	43
oh	43
your	42
then	42
new	42
many	42
light	42
;	42
come	41
were	39
rain	39
land	38
sun	37
grey	37
away	37
|arabic2digit|	36
an	36
shall	35
eyes	35
hand	34
down	34
came	34
again	34
now	33
what	32
song	32
path	32
old	32
hour	32
gone	32
us	31
up	31
dear	31
white	30
over	30
its	30
ever	30
within	29
know	29
world	28
some	28
sea	28
if	28
green	28
soul	27
low	27
last	27
he	27
had	27
field	27
fair	27
each	27
than	26
strange	26
open	26
hearts	26
air	26
too	25
road	25
poor	25
past	25
night	25
name	25
may	25
great	25
or	24
look	24
life	24
joy	24
spirit	23
she	23
own	23
hill	23
golden	23
alone	23
|arabic3digit|	22
word	22
them	22
mine	22
made	22
has	22
found	22
soon	21
set	21
morning	21
could	21
clear	21
blue	21
'	21
youth	20
once	20
o	20
near	20
must	20
hope	20
breath	20
runs	19
fallen	19
desire	19
blowing	19
against	19
young	18
spring	18
since	18
say	18
need	18
dream	18
cool	18
city	18
any	18
ancient	18
years	17
pain	17
make	17
loving	17
lovely	17
fleet	17
find	17
do	17
weary	16
thought	16
soft	16
sky	16
should	16
mist	16
man	16
him	16
garden	16
follow	16
flame	16
feet	16
faithful	16
dark	16
brave	16
."	16
winds	15
warm	15
very	15
stood	15
round	15
ran	15
noon	15
mother	15
lost	15
leave	15
house	15
hear	15
gold	15
first	15
every	15
deep	15
close	15
before	15
wide	14
went	14
voice	14
two	14
through	14
tender	14
singing	14
silver	14
sang	14
peace	14
pass	14
mute	14
loved	14
labour	14
knew	14
into	14
go	14
flowers	14
end	14
empty	14
dawn	14
child	14
change	14
am	14
along	14
woman	13
stone	13
sit	13
lying	13
left	13
keep	13
gentle	13
forth	13
doubt	13
days	13
comes	13
children	13
beauty	13
back	13
ah	13
yonder	12
would	12
wear	12
tall	12
stay	12
see	12
said	12
place	12
pale	12
looking	12
immortal	12
heard	12
hands	12
grass	12
gods	12
gay	12
foot	12
flower	12
faith	12
dusk	12
coming	12
care	12
call	12
ago	12
work	11
wood	11
while	11
touch	11
times	11
suddenly	11
streets	11
street	11
simple	11
plain	11
palm	11
pace	11
off	11
none	11
measure	11
lips	11
less	11
lay	11
kept	11
hundred	11
having	11
happy	11
good	11
god	11
face	11
even	11
daily	11
among	11
|arabic1digit|	10
yet	10
woe	10
without	10
wet	10
turn	10
try	10
true	10
toward	10
thy	10
task	10
sudden	10
strength	10
steep	10
sprang	10
speed	10
silence	10
secret	10
save	10
running	10
run	10
quiet	10
passing	10
only	10
most	10
mortal	10
lonely	10
living	10
let	10
invisible	10
home	10
going	10
friend	10
fleetly	10
few	10
faint	10
delight	10
colour	10
chanting	10
wonder	9
windy	9
whose	9
waiting	9
vain	9
tower	9
toil	9
tis	9
three	9
take	9
storm	9
stand	9
spent	9
sorrow	9
secure	9
saw	9
praise	9
morrow	9
misty	9
late	9
hills	9
high	9
head	9
haste	9
free	9
forward	9
forgotten	9
fields	9
early	9
door	9
death	9
cry	9
anxious	9
always	9
across	9
about	9
yield	8
words	8
wild	8
well	8
watch	8
wait	8
truth	8
took	8
thou	8
smile	8
side	8
seas	8
same	8
rough	8
rose	8
quickly	8
poet	8
perfect	8
moment	8
mile	8
might	8
makes	8
lord	8
indeed	8
houses	8
hours	8
half	8
glad	8
gift	8
fear	8
fairy	8
earth	8
eager	8
dull	8
did	8
dew	8
cold	8
cloud	8
climbing	8
brown	8
body	8
bitter	8
)	8
(	8
wise	7
twas	7
town	7
till	7
thousand	7
strain	7
straight	7
sober	7
sign	7
shore	7
shining	7
self	7
river	7
return	7
quick	7
purple	7
passed	7
page	7
often	7
meadow	7
looked	7
live	7
line	7
lands	7
knows	7
kind	7
isle	7
heaven	7
grown	7
grave	7
goes	7
goal	7
friends	7
following	7
fire	7
feel	7
eye	7
ease	7
dreams	7
doors	7
done	7
cup	7
choose	7
calling	7
blown	7
bird	7
beyond	7
between	7
bent	7
been	7
|arabic5+digit|	6
women	6
whereto	6
wandering	6
wall	6
unknown	6
under	6
trudging	6
tree	6
tone	6
told	6
together	6
thus	6
thither	6
think	6
tell	6
tears	6
swift	6
sunlight	6
stars	6
speech	6
sometimes	6
sitting	6
sits	6
sing	6
sets	6
seek	6
rest	6
pure	6
pay	6
ours	6
other	6
nottingham	6
much	6
memory	6
mantle	6
looks	6
lives	6
lines	6
length	6
known	6
kiss	6
joyously	6
infinite	6
heavy	6
haven	6
hard	6
glowing	6
gloom	6
gate	6
full	6
fail	6
doth	6
content	6
cheek	6
caught	6
cast	6
can	6
burden	6
brook	6
brief	6
breast	6
bold	6
being	6
ask	6
answer	6
alien	6
yesterday	5
year	5
wish	5
wine	5
whom	5
whither	5
which	5
west	5
wearing	5
water	5
twenty	5
trudge	5
those	5
things	5
summons	5
such	5
star	5
square	5
spun	5
springs	5
spread	5
space	5
sound	5
slip	5
skies	5
sings	5
sill	5
serene	5
seen	5
seemed	5
saying	5
room	5
right	5
rich	5
ravello	5
rains	5
power	5
pleasure	5
pilgrim	5
pause	5
part	5
murmuring	5
miss	5
mighty	5
mark	5
london	5
lies	5
lie	5
leaf	5
just	5
hung	5
housed	5
hourly	5
height	5
hath	5
gave	5
gain	5
four	5
fled	5
felt	5
fast	5
faithfully	5
evening	5
enough	5
edge	5
dreamed	5
doubtful	5
does	5
dim	5
dare	5
country	5
chants	5
broad	5
brimmed	5
blows	5
blow	5
behind	5
bay	5
bare	5
baby	5
another	5
after	5
yellow	4
wore	4
wife	4
whereon	4
wheat	4
ways	4
waters	4
watching	4
waste	4
violet	4
vine	4
valiant	4
utter	4
until	4
troubled	4
travellers	4
travel	4
towns	4
today	4
thoughts	4
though	4
tasks	4
tarry	4
tale	4
takes	4
surpassing	4
suns	4
sum	4
strong	4
strangely	4
store	4
step	4
springing	4
spend	4
speak	4
spare	4
span	4
sought	4
sore	4
sleep	4
single	4
sight	4
sigh	4
shrill	4
shine	4
shadow	4
shade	4
seize	4
seaward	4
sails	4
roofs	4
roads	4
rhyme	4
returning	4
race	4
press	4
perpetual	4
perhaps	4
patience	4
passionate	4
pane	4
nothing	4
north	4
narrow	4
music	4
meadows	4
marching	4
march	4
magic	4
loves	4
longer	4
listening	4
lifts	4
lest	4
learn	4
laughing	4
lane	4
lamp	4
lady	4
joyous	4
journey	4
intent	4
idle	4
hot	4
honour	4
hold	4
harbour	4
grow	4
glancing	4
given	4
generous	4
forever	4
flung	4
fingers	4
fame	4
everywhere	4
estate	4
eloquent	4
ears	4
ear	4
dully	4
drifting	4
doing	4
distance	4
difficult	4
dewy	4
desired	4
departure	4
darken	4
crying	4
common	4
clouds	4
closed	4
climbs	4
claim	4
chosen	4
built	4
brow	4
brings	4
breathed	4
bramblehead	4
brain	4
boys	4
blood	4
best	4
begun	4
bed	4
beam	4
august	4
apart	4
anew	4
already	4
above	4
wrath	3
wondering	3
wonderful	3
wisdom	3
winter	3
winged	3
windows	3
window	3
wholly	3
whereof	3
wherein	3
whence	3
weak	3
war	3
wanderer	3
wander	3
vision	3
vigil	3
view	3
vast	3
valleys	3
unheard	3
unforgotten	3
unfailing	3
turning	3
turned	3
tried	3
trembled	3
treasure	3
travelling	3
tranquil	3
traffic	3
touching	3
toll	3
tides	3
thrice	3
thread	3
thousands	3
thee	3
tenderly	3
ten	3
sure	3
supper	3
sung	3
summoning	3
summer	3
stream	3
stones	3
stir	3
stern	3
steps	3
stepped	3
splendid	3
spire	3
spends	3
sped	3
speaks	3
spade	3
sons	3
songs	3
somewhere	3
solitary	3
sold	3
snows	3
smooth	3
slow	3
slender	3
slain	3
silences	3
show	3
shone	3
ships	3
ship	3
shelter	3
shadowy	3
serve	3
sends	3
seat	3
season	3
scarcely	3
saving	3
sat	3
roses	3
robin	3
risen	3
returns	3
request	3
red	3
put	3
promises	3
prince	3
prime	3
pretty	3
presence	3
prayer	3
portrait	3
poppies	3
poplars	3
poem	3
pledge	3
playing	3
pipe	3
people	3
patient	3
passes	3
paced	3
outward	3
ourselves	3
nodding	3
news	3
narrowly	3
names	3
mystery	3
myself	3
moon	3
midst	3
mend	3
meet	3
master	3
mask	3
mart	3
lustrous	3
loyal	3
longing	3
lofty	3
lip	3
lift	3
letter	3
leaves	3
lead	3
lavender	3
laugh	3
lagging	3
labours	3
labourer	3
l1ttle	3
knowing	3
kingdom	3
jealously	3
italy	3
island	3
innocence	3
impulse	3
imperious	3
imagined	3
illimitable	3
human	3
holland	3
holding	3
hither	3
hidden	3
held	3
heed	3
heartache	3
hating	3
hasten	3
hardy	3
hardly	3
hampsh1re	3
hall	3
grew	3
greed	3
grasses	3
glory	3
fruit	3
follows	3
fold	3
fleeting	3
fine	3
fern	3
fell	3
favour	3
faces	3
eyed	3
england	3
ends	3
east	3
dwelling	3
dumb	3
dower	3
divine	3
dimmed	3
depart	3
dead	3
dancing	3
crossways	3
cried	3
crept	3
corinna	3
constancy	3
compelling	3
companion	3
columns	3
coin	3
clime	3
chill	3
charm	3
chance	3
certain	3
cease	3
careless	3
careful	3
calls	3
called	3
buy	3
burning	3
builded	3
brows	3
brothers	3
brother	3
bring	3
briefly	3
bread	3
bound	3
bore	3
books	3
book	3
bodies	3
black	3
birds	3
better	3
beneath	3
below	3
bells	3
begins	3
because	3
beautiful	3
banner	3
austere	3
arm	3
arduous	3
almost	3
airs	3
age	3
|romannumeral|	2
yours	2
wrong	2
written	2
worth	2
worshippers	2
worn	2
wondrous	2
won	2
wives	2
wist	2
wishing	2
wished	2
whitechapel	2
whistles	2
whispered	2
wept	2
welcoming	2
weight	2
weaker	2
walls	2
walked	2
wage	2
voices	2
voiceless	2
visible	2
virgin	2
verse	2
veins	2
veils	2
vanished	2
valley	2
vainly	2
uttermost	2
useless	2
unutterably	2
untired	2
unseen	2
unrest	2
unpitying	2
ungiven	2
unclose	2
un	2
ultimate	2
ugly	2
twice	2
turns	2
tune	2
truly	2
travels	2
traveller	2
travelled	2
trample	2
tramping	2
tramped	2
trail	2
towers	2
touched	2
torn	2
tool	2
toils	2
tireless	2
tidings	2
throng	2
thrill	2
thirty	2
thing	2
thine	2
thin	2
temples	2
telling	2
tear	2
tamely	2
swims	2
swimming	2
sunset	2
sunrise	2
strike	2
strife	2
strict	2
stranger	2
strait	2
stormy	2
storms	2
stores	2
stony	2
stem	2
stayed	2
sprung	2
spoken	2
splendour	2
spiritual	2
spirits	2
sphere	2
spell	2
spaces	2
sowing	2
south	2
souls	2
sorrows	2
sordid	2
somewhat	2
somehow	2
sombre	2
small	2
slowly	2
slips	2
slipped	2
sleeping	2
singer	2
signora	2
sighing	2
shut	2
shops	2
shimmering	2
shield	2
share	2
shame	2
shadowing	2
sewn	2
service	2
sent	2
seems	2
seeks	2
seeking	2
seed	2
seats	2
scarlet	2
scarce	2
says	2
satisfied	2
sand	2
sailed	2
sadly	2
sad	2
runner	2
rule	2
ruined	2
rows	2
row	2
roof	2
rode	2
rock	2
rim	2
richly	2
returned	2
restless	2
resting	2
required	2
renown	2
remembering	2
remembered	2
remains	2
release	2
reason	2
realms	2
realm	2
real	2
ready	2
rare	2
rapture	2
radiant	2
quest	2
purposes	2
purpose	2
puritan	2
pulling	2
psestum	2
promise	2
prisoner	2
prisoned	2
prison	2
pride	2
praises	2
powers	2
poverty	2
pool	2
poems	2
plot	2
plods	2
plenty	2
plaint	2
places	2
pitiful	2
piping	2
pine	2
petunia	2
peterborough	2
perilous	2
per	2
pausing	2
paths	2
passionately	2
passion	2
pallid	2
palace	2
paid	2
pacing	2
overtake	2
overmastering	2
outrun	2
others	2
ones	2
offer	2
obey	2
nowhere	2
november	2
noise	2
nights	2
neither	2
needy	2
needs	2
nears	2
nameless	2
named	2
mysterious	2
mutely	2
muted	2
mourned	2
morn	2
months	2
moan	2
misery	2
mirror	2
mire	2
mind	2
midway	2
mid	2
met	2
merry	2
melodious	2
mean	2
marvellous	2
market	2
marched	2
lustily	2
luminous	2
ludgate	2
lovers	2
loss	2
lose	2
lo	2
listeners	2
listened	2
listen	2
list	2
linger	2
lily	2
lights	2
lifelong	2
levels	2
lend	2
least	2
learning	2
learned	2
laws	2
laughter	2
laughed	2
lark	2
lantern	2
laid	2
lads	2
la	2
l1ke	2
knees	2
knee	2
kindly	2
keys	2
keeps	2
keeping	2
june	2
joys	2
invade	2
intimate	2
innumerable	2
innocent	2
infants	2
imperishable	2
hunger	2
humble	2
horizons	2
hopeless	2
hopeful	2
honest	2
homeward	2
holds	2
himself	2
herself	2
henceforth	2
heels	2
heaping	2
heads	2
harvest	2
hardily	2
handed	2
guest	2
grudging	2
ground	2
grim	2
grain	2
gossamer	2
goad	2
gleam	2
give	2
gifts	2
gathered	2
gather	2
garment	2
gale	2
frown	2
freedom	2
forest	2
food	2
fond	2
followed	2
folding	2
floor	2
flash	2
fit	2
fisherman	2
fireside	2
filling	2
fill	2
fees	2
father	2
fate	2
falling	2
f	2
exquisite	2
evil	2
erasmus	2
entreat	2
english	2
ending	2
else	2
dutch	2
dusty	2
dust	2
dulls	2
drudgery	2
dropped	2
dripping	2
drink	2
dress	2
doubts	2
doubting	2
dizzy	2
divides	2
distant	2
dismay	2
diana	2
despite	2
despair	2
delos	2
delicate	2
delay	2
deemed	2
debt	2
deathless	2
dearer	2
dawns	2
darkling	2
daring	2
dante	2
danced	2
d	2
crutch	2
cruelly	2
crown	2
crowding	2
crowd	2
craving	2
crave	2
courage	2
count	2
concerns	2
compt	2
complete	2
comfort	2
coldly	2
clue	2
clinging	2
cling	2
climb	2
cities	2
church	2
choice	2
chioggia	2
cheeks	2
cheapside	2
chattering	2
changed	2
chamber	2
catch	2
carry	2
cannot	2
candlelight	2
cameo	2
burn	2
brought	2
brotherly	2
brooding	2
broke	2
brimming	2
brim	2
brightening	2
brick	2
briar	2
breathe	2
breaks	2
brahms	2
boy	2
boldly	2
blooms	2
bleak	2
blank	2
bishopsgate	2
birches	2
bid	2
beside	2
belong	2
belled	2
bee	2
beckon	2
beauties	2
beat	2
bearing	2
beamy	2
battleground	2
ballad	2
baia	2
azure	2
aware	2
await	2
austerely	2
asking	2
art	2
around	2
apron	2
anywhere	2
answering	2
ample	2
aloud	2
alas	2
aglow	2
!"	2
•	1
|arabic4digit|	1
zve	1
yverdon	1
yourself	1
youngest	1
younger	1
york	1
yielding	1
yes	1
yearning	1
yearn	1
yd	1
wrote	1
writ	1
wrestle	1
wreathed	1
wreath	1
woven	1
worthy	1
worlds	1
workmen	1
working	1
worker	1
worked	1
woody	1
woke	1
withal	1
wit	1
wistfully	1
wistful	1
wishes	1
wintery	1
winning	1
winking	1
windowed	1
winding	1
wills	1
willing	1
wilderness	1
whitest	1
whistle	1
whisper	1
whipping	1
whether	1
wherever	1
whereunto	1
wherefor	1
whenever	1
whatever	1
wharfe	1
westward	1
wended	1
well-known	1
welcomes	1
weighing	1
weed	1
wed	1
wearying	1
wears	1
weariness	1
wearily	1
weaknesses	1
weakness	1
weakly	1
wayward	1
wayfaring	1
wave	1
watery	1
watershore	1
watchfully	1
watcher	1
wars	1
warmly	1
wares	1
waning	1
wane	1
wanderers	1
wand	1
walks	1
walking	1
walk	1
wakening	1
waits	1
waited	1
waif	1
wagon	1
w1thout	1
w1th1n	1
w1nd	1
voyage	1
void	1
visitor	1
violets	1
vineyard	1
victory	1
via	1
venture	1
venite	1
venice	1
vend	1
veiling	1
veil	1
veduf	1
vassals	1
vanishing	1
vane	1
valour	1
valorous	1
valiancy	1
vague	1
v"xi"i	1
utterly	1
use	1
upward	1
uprose	1
upper	1
uplifted	1
uplands	1
unwitting	1
unwillingly	1
unwilling	1
unwearying	1
unweary	1
unvisited	1
unveiled	1
unvarying	1
unutterable	1
untuned	1
untroubled	1
untrodden	1
untravelled	1
unto	1
untiring	1
untaken	1
unstinted	1
unspent	1
unsought	1
unsaid	1
unreserved	1
unreined	1
unperishiftg	1
unperceived	1
unobscured	1
unnumbered	1
unless	1
unkind	1
unimagined	1
ungrudging	1
ungathered	1
unfruitful	1
unfound	1
unfilled	1
unfathomable	1
unending	1
unemployed	1
undreamed	1
undreaded	1
undone	1
understand	1
underlings	1
unconceived	1
uncompleted	1
unclothed	1
unclosed	1
unclean	1
uncertain	1
unceasing	1
uncaring	1
unburthened	1
unbowed	1
unborn	1
unbind	1
unbetraying	1
unbar	1
unafraid	1
tyre	1
twilight	1
twenties	1
twain	1
tuw	1
turbulent	1
tulip	1
tugging	1
tugged	1
tryst	1
truer	1
trudged	1
truckle	1
troubling	1
troll	1
trod	1
trips	1
trial	1
trenched	1
tremulously	1
trees	1
trebled	1
treasures	1
traverse	1
travail	1
tranquilly	1
tramp	1
trains	1
trafficking	1
trace	1
tossed	1
tortured	1
torch	1
topsails	1
tongue	1
toned	1
tomorrow	1
toiling	1
tiny	1
timely	1
tilled	1
tideless	1
tide	1
thrust	1
throbbing	1
throated	1
thrives	1
thrive	1
thrall	1
thorns	1
thorniest	1
thorn	1
thk	1
thinking	1
thievery	1
thick	1
therefore	1
themselves	1
theirs	1
thefimver	1
th	1
terrible	1
tens	1
tends	1
tenderer	1
tended	1
tend	1
tempt	1
tells	1
taunt	1
tatters	1
tasked	1
tarrying	1
tarries	1
tancook	1
tanagra	1
talks	1
talk	1
taking	1
taken	1
taint	1
tabor	1
table	1
t1s	1
t	1
syria	1
sword	1
sweetest	1
sweeter	1
sweeten	1
sweep	1
sweeney	1
swam	1
surpass	1
surmise	1
surge	1
supreme	1
sunshine	1
sunny	1
sunnier	1
sunlit	1
sums	1
summoned	1
summers	1
sullenly	1
suffered	1
suffer	1
submissive	1
stubble	1
struggling	1
struck	1
stronger	1
strives	1
string	1
strikes	1
streams	1
straying	1
stray	1
strangers	1
strand	1
strains	1
straightway	1
story	1
stornello	1
stonehenge	1
stirs	1
stirring	1
stirred	1
stinging	1
stilly	1
steering	1
steeper	1
steepened	1
steel	1
stealthily	1
steadfast	1
stays	1
stave	1
staunch	1
starve	1
start	1
starry	1
starlight	1
stare	1
stands	1
standing	1
stair	1
stain	1
st	1
spurned	1
sprent	1
spreading	1
spray	1
spot	1
spoke	1
spite	1
spires	1
spelled	1
speechless	1
speeches	1
spears	1
sows	1
sowers	1
sow	1
sovereign	1
southmost	1
sounding	1
sorry	1
sorrowful	1
sonnets	1
son	1
sometime	1
something	1
solitude	1
solfatara	1
soldi	1
soil	1
softly	1
soberly	1
soars	1
snatch	1
snare	1
smoothly	1
smoky	1
smoking	1
smite	1
smirched	1
smiling	1
smiles	1
smiled	1
slumber	1
sloth	1
slept	1
sleeve	1
sleety	1
sleepy	1
sleek	1
slaves	1
slacken	1
skill	1
sister	1
sire	1
sinks	1
sinful	1
sin	1
silent	1
signore	1
signet	1
signal	1
sighed	1
shun	1
shrouded	1
shrills	1
shrilling	1
shower	1
showed	1
shouting	1
shoulder	1
shoes	1
shivering	1
shirk	1
shines	1
shell	1
sheen	1
sheave	1
shawl	1
shalt	1
shakespeare	1
shadows	1
seven	1
setting	1
servilely	1
services	1
served	1
september	1
senza	1
sentinelled	1
sentinel	1
send	1
selfsame	1
seers	1
seem	1
seekers	1
seeing	1
seeds	1
seeding	1
secretly	1
seasons	1
scream	1
scourge	1
scorn	1
score	1
schubert	1
school	1
scents	1
scent	1
scatheless	1
scarred	1
scant	1
scanned	1
scan	1
savins	1
saved	1
sappho	1
santa	1
salerno	1
sale	1
sailors	1
sailor	1
sailing	1
sail	1
sage	1
safely	1
safe	1
sacrifice	1
sable	1
rusty	1
rung	1
rulers	1
ruin	1
rugged	1
rude	1
royally	1
royal	1
roots	1
rooted	1
rootage	1
rooms	1
rome	1
romances	1
roland	1
robe	1
rippling	1
rippled	1
ripe	1
rills	1
righteous	1
ride	1
ribbon	1
ribbed	1
rhymes	1
rhymed	1
rheims	1
rewards	1
review	1
reverent	1
reverend	1
revealed	1
restore	1
resounding	1
resolved	1
requires	1
require	1
reproof	1
replies	1
replace	1
repeats	1
repair	1
renowned	1
renewing	1
renew	1
remember	1
remained	1
reluctant	1
reedy	1
record	1
recompense	1
reckoning	1
reckon	1
receives	1
receive	1
reaping	1
reading	1
read	1
reach	1
rayed	1
ray	1
ravesteyn	1
rattling	1
rapperswyl	1
range	1
rang	1
raised	1
rags	1
races	1
r'ain'anb	1
quite	1
quilted	1
questioning	1
questioned	1
question	1
quaffed	1
putting	1
puts	1
pursuit	1
pursuing	1
pursued	1
pursue	1
purest	1
punctually	1
pulse	1
proven	1
proved	1
prove	1
proud	1
prop	1
proofs	1
proof	1
prompting	1
prolong	1
proclaim	1
procession	1
prize	1
prisons	1
printed	1
princely	1
princelier	1
priests	1
prides	1
price	1
prey	1
prevented	1
prettiest	1
pressing	1
present	1
pray	1
poultry	1
pouch	1
possessions	1
possess	1
portugal	1
ports	1
portal	1
port	1
poppy	1
pools	1
pont	1
ponders	1
poise	1
poinciana	1
poets	1
plying	1
plucked	1
pluck	1
plough	1
plodding	1
plod	1
pleased	1
please	1
pleasaunces	1
pleasant	1
player	1
play	1
plash	1
plan	1
plaintive	1
plains	1
plactntia	1
placid	1
placentia	1
pitiless	1
pines	1
pinching	1
pillows	1
pilgrims	1
pigmy	1
piercing	1
pierce	1
pied	1
pieces	1
pictures	1
picture	1
phlox	1
phidias	1
perpetually	1
perishing	1
peril	1
perfume	1
perfectly	1
perduf	1
peoples	1
pent	1
pence	1
pen	1
peering	1
peer	1
peep	1
pebbles	1
peasant	1
pearl	1
peaceful	1
pautuckaway	1
pauses	1
paused	1
patiently	1
patched	1
pasture	1
paradise	1
paper	1
panting	1
pant	1
pang	1
pan	1
paler	1
palely	1
palaces	1
pair	1
paestum	1
p	1
owns	1
overshadowing	1
overlooking	1
overlook	1
overcoming	1
outside	1
outliving	1
outlast	1
outer	1
outbrave	1
otto	1
otherwise	1
otf	1
order	1
orangeman	1
olden	1
oils	1
oftener	1
nyon	1
nurse	1
nourished	1
nought	1
note	1
northernmere	1
noons	1
nooks	1
noisier	1
nodded	1
nod	1
nine	1
nia	1
newly	1
newer	1
nest	1
needing	1
nakedness	1
naked	1
n	1
mv	1
musk	1
musing	1
muse	1
murmurs	1
murmured	1
multitudinous	1
mrs	1
moving	1
moves	1
move	1
mouthed	1
mouth	1
mountains	1
mountain	1
motto	1
mothers	1
motherly	1
moss	1
mornings	1
morn1ng	1
moonlike	1
mood	1
monks	1
monk	1
monarchy	1
moments	1
momentous	1
mockery	1
mixed	1
mists	1
mistress	1
misting	1
mischances	1
mirroring	1
mint	1
minstrel	1
minster	1
minded	1
mill	1
militant	1
miles	1
mild	1
milan	1
mew	1
meted	1
messenger	1
merely	1
merciless	1
menace	1
meets	1
meekly	1
meek	1
meat	1
measures	1
meanwhile	1
meant	1
meaning	1
meaner	1
meal	1
meagre	1
meadowworth	1
mcneel	1
mattock	1
matter	1
mates	1
mate	1
masters	1
mast	1
massy	1
marvels	1
marvelling	1
marshes	1
marsh	1
marring	1
marking	1
marked	1
mariner	1
marigold	1
marge	1
manly	1
manfully	1
mane	1
malice	1
making	1
main	1
maids	1
maidens	1
maiden	1
machines	1
lusty	1
lulled	1
lt	1
lowly	1
lovelier	1
loveless	1
loud	1
lot	1
losing	1
lords	1
looms	1
loom	1
loneliness	1
lombard	1
lodge	1
locked	1
loaves	1
load	1
lizard	1
lists	1
lire	1
liquid	1
lingers	1
limpid	1
limit	1
limbs	1
limbed	1
lighting	1
lightens	1
lifted	1
lids	1
lido	1
lessons	1
lesser	1
lent	1
leisure	1
legend	1
ledge	1
learner	1
leapt	1
leagues	1
leafs	1
leads	1
leading	1
leader	1
laughters	1
lattdl	1
latest	1
lately	1
larkspur	1
largess	1
lapping	1
landward	1
landfall	1
lake	1
lain	1
laggingly	1
ladies	1
lacks	1
laboured	1
laborious	1
knotted	1
kneed	1
knaves	1
kissing	1
kings	1
king	1
kindness	1
key	1
ken	1
keen	1
k	1
justice	1
juniper	1
judged	1
judge	1
joyfully	1
journeys	1
itself	1
it's	1
isles	1
islands	1
intend	1
instrument	1
inspire	1
insistent	1
inherit	1
inert	1
ineffectual	1
indescribable	1
increasing	1
incomparable	1
incessant	1
imperfect	1
impatient	1
impatience	1
immortality	1
immensities	1
immemorial	1
illy	1
illumine	1
ills	1
idly	1
idling	1
icy	1
iago	1
i7th	1
i've	1
hymned	1
hymn	1
huts	1
hush	1
husband	1
hurrying	1
hurry	1
hungry	1
hungers	1
hundreds	1
humber	1
hue	1
huddle	1
hosts	1
horn	1
hora	1
hopes	1
hood	1
honoured	1
homer	1
homage	1
hobbles	1
hire	1
hilly	1
highways	1
highway	1
highland	1
higher	1
hiding	1
hide	1
hid	1
hers	1
hero	1
herding	1
heralds	1
herald	1
hence	1
hemlock	1
hem	1
helpless	1
help	1
hedge	1
heavenward	1
heat	1
hearth	1
heartening	1
hearted	1
hearse	1
healed	1
haunting	1
hate	1
hastening	1
harvesting	1
harm	1
harken	1
harbours	1
happiness	1
happily	1
happier	1
hangs	1
hang	1
ham1lton	1
halting	1
halt	1
hailed	1
hail	1
h1mself	1
h1gh	1
h	1
gulls	1
gulf	1
guide	1
guida	1
guests	1
guarding	1
grudge	1
growing	1
grotf	1
grievous	1
greets	1
greener	1
greek	1
greedy	1
greece	1
greatly	1
greater	1
gravel	1
graced	1
grace	1
goodnight	1
goers	1
godless	1
glorious	1
glories	1
gloomily	1
glimpse	1
gleams	1
glass	1
glances	1
glanced	1
glance	1
gladdening	1
giving	1
gives	1
giver	1
girth	1
girt	1
gird	1
gently	1
gentler	1
generously	1
gean	1
gaze	1
gavest	1
gaunt	1
gathering	1
gatherers	1
gates	1
garmented	1
gardens	1
game	1
gallant	1
gall	1
gaily	1
gables	1
futures	1
future	1
furs	1
fun	1
fulfils	1
fulfilling	1
fulfilled	1
frugal	1
frowning	1
frosty	1
frost	1
frond	1
frightened	1
friendly	1
fresh	1
frequent	1
freeze	1
freely	1
freed	1
francestown	1
frailty	1
frail	1
fragrant	1
foxglove	1
founding	1
foster	1
fortune	1
form	1
forgot	1
forget	1
forehead	1
forbidding	1
forbade	1
forage	1
footsore	1
footprints	1
fools	1
foes	1
foam	1
flushed	1
flush	1
flowery	1
flowering	1
flora	1
flooding	1
flood	1
floated	1
flits	1
flit	1
flings	1
flesh	1
fleetest	1
fleeter	1
flee	1
fives	1
fires	1
firelight	1
fireless	1
fir	1
finer	1
finds	1
fills	1
filled	1
figure	1
fierce	1
felicity	1
feeble	1
fears	1
fearful	1
faun	1
faulty	1
fathers	1
farthest	1
farewell	1
fare	1
familiar	1
faltered	1
falls	1
fall	1
fairer	1
fainting	1
fainter	1
fails	1
fading	1
fades	1
faded	1
factory	1
exultant	1
exile	1
except	1
evils	1
evenclose	1
ev1l	1
ethereally	1
errors	1
envious	1
entered	1
enter	1
ensnared	1
enkindled	1
engage	1
enemy	1
endure	1
endeth	1
enchanting	1
employs	1
embrace	1
elze	1
elms	1
element	1
elder	1
either	1
eck	1
echo	1
ebbs	1
easy	1
earthen	1
earn	1
e	1
dwell	1
duty	1
dutiful	1
dumbly	1
dulled	1
dullard	1
drudging	1
drowse	1
drowning	1
drought	1
dropping	1
drones	1
drone	1
drives	1
dribble	1
dreamy	1
dreamer	1
dread	1
dowers	1
doubled	1
double	1
doom	1
dome	1
domain	1
dolorous	1
doleful	1
diviner	1
divided	1
divide	1
distraught	1
distances	1
dissonant	1
disperse	1
dismayed	1
disgrace	1
disdain	1
direction	1
dire	1
dipping	1
din	1
dimpled	1
died	1
devouring	1
devices	1
desirfcd	1
deserve	1
desdemona	1
departed	1
denies	1
denier	1
denied	1
denial	1
delights	1
delighted	1
delays	1
defend	1
deeply	1
deed	1
dedicated	1
decree	1
dearth	1
dearest	1
dazzles	1
dart	1
darkens	1
darkening	1
darkened	1
dangerous	1
dances	1
dance	1
damp	1
dame	1
daisies	1
daffodil	1
cypresses	1
cypress	1
curious	1
cuddle	1
crumbling	1
cruel	1
crowned	1
crowing	1
cross	1
croons	1
cries	1
crest	1
creeping	1
creeds	1
creed	1
creditor	1
craves	1
craven	1
cowls	1
covetous	1
covers	1
cover	1
courageous	1
countless	1
counting	1
counted	1
couldn't	1
cosy	1
cost	1
corner	1
corn	1
copies	1
continuing	1
continually	1
continual	1
contents	1
consuming	1
constantly	1
constant	1
confident	1
confessed	1
concerning	1
con	1
comrades	1
compreso	1
company	1
companionship	1
companioning	1
commemoration	1
commands	1
cometh	1
comely	1
columba	1
colours	1
coloured	1
cock	1
coats	1
coast	1
clouding	1
closer	1
clings	1
climbed	1
cliffs	1
cliff	1
clears	1
clean	1
clay	1
clasping	1
clasped	1
clasp	1
clan	1
clamour	1
claimed	1
clack	1
cinque	1
chose	1
choir	1
choicely	1
chime	1
chiesa	1
chicory	1
chiara	1
chester	1
cherishing	1
cherish	1
cheering	1
cheer	1
chatter	1
chase	1
chart	1
chanted	1
changing	1
chairs	1
chained	1
certainty	1
censure	1
cedar	1
caverns	1
cave	1
cause	1
cattle	1
casually	1
case	1
carving	1
carried	1
caribou	1
cares	1
capped	1
canvas	1
canterbury	1
candle	1
campanile	1
calm	1
cadence	1
cabot	1
cabinet	1
c1ty	1
busy	1
bury	1
burned	1
bungled	1
buildings	1
builders	1
budding	1
browning	1
brood	1
broken	1
broadcloth	1
briskly	1
bringing	1
bringer	1
brightest	1
brighter	1
bridge	1
bride	1
breeze	1
breed	1
breathing	1
breathes	1
breasting	1
break	1
brands	1
bowl	1
bowered	1
bowed	1
bounty	1
boulders	1
boughten	1
bough	1
bosom	1
born	1
bondsman	1
bona	1
bole	1
boisterous	1
boats	1
boast	1
bluest	1
blotting	1
blot	1
blossoms	1
blossoming	1
blossomed	1
blossom	1
blocks	1
blither	1
blithelier	1
bliss	1
blinding	1
blind	1
blight	1
blessed	1
bless	1
bleeding	1
bleaker	1
blazon	1
blackened	1
bitterest	1
birth	1
birch	1
big	1
bidding	1
betimes	1
bespread	1
berry	1
berries	1
bermuda	1
bereft	1
bequeath	1
bep	1
bends	1
bend	1
belying	1
beloved	1
bellissima	1
bell	1
bel'fiore	1
beheld	1
begin	1
begging	1
began	1
befalls	1
beethoven	1
beds	1
beckoning	1
beautifully	1
beats	1
bears	1
bearers	1
beard	1
bear	1
basely	1
bartered	1
barter	1
bars	1
barrier	1
barren	1
barred	1
bargain	1
barbing	1
barberry	1
banners	1
bannered	1
banishment	1
ban	1
balm	1
ball	1
bade	1
babes	1
aweight	1
aweary	1
awakening	1
awake	1
augustine	1
attire	1
attempt	1
attain	1
astray	1
astir	1
assail	1
aspired	1
asleep	1
asked	1
arrogant	1
arouse	1
arose	1
arms	1
armour	1
arise	1
ardour	1
aprils	1
april	1
approve	1
appointed	1
apple	1
appear	1
angry	1
angel	1
amid	1
ambitious	1
amazing	1
amalfi	1
altogether	1
altar	1
also	1
alight	1
alfred	1
alarmed	1
agleam	1
ageing	1
aftermath	1
afraid	1
aflame	1
afar	1
adventuring	1
adventures	1
admits	1
acre	1
accustomed	1
absent	1
abroad	1
ablow	1
abiding	1
abandoned	1
?"	1
6th	1
--	1
',	1
"'	1
!-	1
