,	2035
the	1354
and	636
.	564
of	491
a	383
;	319
to	308
in	285
with	266
—	258
his	205
i	192
that	187
|'s|	186
!	175
her	166
my	132
from	130
"	123
on	121
as	120
is	118
all	112
he	108
me	100
thy	98
their	95
for	95
not	89
?	89
:	89
was	83
but	83
or	82
its	78
through	72
like	70
at	70
be	67
by	66
it	65
you	64
she	64
this	59
which	55
when	55
odo	55
have	53
one	51
upon	50
your	48
no	48
heaven	47
him	45
who	44
our	43
heart	43
would	41
so	41
were	40
shall	40
'	40
they	39
yet	38
there	38
now	38
man	38
duke	38
here	37
are	37
where	36
what	36
see	36
down	36
over	35
eyes	35
thee	34
love	34
we	33
thou	33
long	33
!"	33
then	32
some	32
round	32
still	31
o	31
day	31
ye	30
may	30
how	30
had	30
within	29
will	29
till	29
than	29
more	29
look	29
light	29
god	29
ugo	28
them	28
if	27
hand	27
giulia	27
before	27
power	26
daughter	26
an	26
while	25
might	25
has	25
face	25
earth	25
came	25
around	25
time	24
come	24
why	23
up	23
thought	23
soul	23
said	23
lips	23
full	23
again	23
sun	22
can	22
|arabic1digit|	21
though	21
podesta	21
own	21
count	21
beneath	21
."	21
old	20
life	20
every	20
ever	20
above	20
joy	19
ivory	19
christ	19
artist	19
yon	18
too	18
such	18
out	18
little	18
know	18
john	18
hills	18
alone	18
world	17
winter	17
star	17
only	17
nor	17
never	17
nature	17
into	17
ice	17
first	17
father	17
each	17
us	16
thoughts	16
sin	16
pain	16
once	16
night	16
death	16
child	16
went	15
thing	15
stars	15
spirit	15
sometimes	15
sir	15
must	15
let	15
hear	15
head	15
golden	15
bright	15
whose	14
well	14
way	14
until	14
tears	14
seemed	14
other	14
nothing	14
new	14
holy	14
high	14
flowers	14
fear	14
brow	14
breath	14
|arabic2digit|	13
work	13
words	13
wide	13
stood	13
stand	13
sad	13
proud	13
make	13
home	13
even	13
could	13
blood	13
between	13
bear	13
air	13
very	12
tis	12
things	12
slowly	12
silent	12
sea	12
saw	12
poor	12
pardon	12
oh	12
music	12
lost	12
io	12
i'll	12
grew	12
good	12
gave	12
far	12
eye	12
ere	12
comes	12
cold	12
away	12
among	12
wonder	11
voice	11
trees	11
summer	11
spoke	11
solemn	11
smile	11
sky	11
rose	11
passed	11
open	11
made	11
low	11
lay	11
hour	11
half	11
dull	11
both	11
young	10
year	10
word	10
toil	10
times	10
think	10
tell	10
song	10
ocean	10
name	10
lie	10
land	10
labour	10
just	10
hearts	10
grass	10
forever	10
evening	10
did	10
deep	10
cursed	10
cottage	10
cannot	10
bore	10
amid	10
wood	9
wisdom	9
twas	9
turned	9
thus	9
sweet	9
spring	9
sight	9
side	9
shame	9
shadows	9
sail	9
rich	9
planet	9
pale	9
men	9
many	9
maiden	9
loved	9
looked	9
lies	9
laid	9
knew	9
human	9
haughty	9
hands	9
ground	9
grief	9
grave	9
gold	9
forth	9
felt	9
fall	9
fair	9
dim	9
died	9
calm	9
broad	9
bosom	9
born	9
bone	9
behind	9
art	9
ah	9
about	9
wine	8
white	8
vine	8
true	8
trembling	8
three	8
these	8
sword	8
strong	8
sound	8
shout	8
say	8
saint	8
roar	8
reason	8
pride	8
presence	8
path	8
passion	8
miracle	8
mark	8
lord	8
i'm	8
house	8
hope	8
hark	8
grace	8
glory	8
fruitful	8
form	8
forest	8
florio	8
find	8
faint	8
end	8
dost	8
dead	8
close	8
change	8
cast	8
call	8
back	8
bacche	8
arms	8
along	8
against	8
years	7
wrath	7
woe	7
weary	7
venus	7
train	7
sunny	7
spirits	7
sorrow	7
son	7
smiles	7
since	7
silver	7
should	7
shone	7
set	7
seen	7
roof	7
rest	7
pray	7
place	7
patient	7
past	7
off	7
narrow	7
mystery	7
much	7
morning	7
mind	7
left	7
last	7
knows	7
held	7
heavenly	7
hang	7
grow	7
grocer	7
great	7
grand	7
grain	7
gone	7
give	7
flow	7
flood	7
fled	7
fire	7
fields	7
false	7
faith	7
do	7
dark	7
clouds	7
closed	7
clay	7
children	7
charms	7
called	7
burst	7
bound	7
blue	7
beyond	7
been	7
anselm	7
alas	7
across	7
?"	7
wondrous	6
without	6
wind	6
whole	6
welcome	6
ways	6
waves	6
wall	6
walk	6
vast	6
two	6
twilight	6
triumph	6
together	6
throng	6
talked	6
sudden	6
strength	6
stranger	6
store	6
stone	6
steady	6
spear	6
south	6
soft	6
snow	6
singing	6
simple	6
silently	6
sign	6
sick	6
ships	6
sense	6
right	6
red	6
priests	6
planets	6
plain	6
piercing	6
mother	6
mine	6
merry	6
lo	6
lived	6
led	6
leaves	6
knowledge	6
indeed	6
hung	6
hot	6
hill	6
hell	6
heavy	6
heard	6
hard	6
gracious	6
glance	6
frozen	6
foot	6
flower	6
flame	6
ferry	6
either	6
door	6
darkness	6
dance	6
curse	6
crowned	6
cried	6
country	6
caught	6
castle	6
blind	6
blazing	6
birth	6
bears	6
barren	6
backward	6
bacchus	6
ay	6
awhile	6
another	6
am	6
age	6
after	6
yonder	5
wrought	5
wound	5
wonted	5
wings	5
wicked	5
wealth	5
we'll	5
warm	5
virtue	5
veins	5
upward	5
under	5
turns	5
turn	5
tree	5
towards	5
tomb	5
thrice	5
tender	5
stream	5
strange	5
state	5
stare	5
standing	5
spread	5
splendour	5
sphere	5
sought	5
soon	5
something	5
sit	5
sister	5
shook	5
shadow	5
settled	5
self	5
scorn	5
saints	5
sacred	5
rule	5
rude	5
roll	5
rise	5
raise	5
put	5
poured	5
palm	5
opening	5
near	5
move	5
mouth	5
most	5
morn	5
moon	5
mere	5
mercy	5
master	5
lustre	5
loud	5
looks	5
lip	5
limb	5
leave	5
lead	5
laugh	5
join	5
influence	5
humanity	5
horrid	5
hollow	5
hast	5
hair	5
grows	5
grim	5
green	5
goes	5
go	5
glow	5
gentle	5
future	5
frown	5
forms	5
flaming	5
firm	5
filled	5
figure	5
feet	5
feel	5
fearful	5
fatal	5
falling	5
ears	5
ear	5
dying	5
dumb	5
drum	5
dripping	5
drew	5
dread	5
done	5
depths	5
cunning	5
cry	5
cruel	5
crime	5
church	5
chorus	5
choral	5
chilling	5
catch	5
cataracts	5
carve	5
care	5
brows	5
breast	5
brain	5
books	5
boldly	5
blow	5
birds	5
bed	5
bands	5
autumn	5
aside	5
ancient	5
aloft	5
almost	5
•	4
wounds	4
worked	4
wondering	4
woman	4
woke	4
window	4
wild	4
whispered	4
wed	4
wave	4
wail	4
virgin	4
vengeance	4
valleys	4
twisted	4
tread	4
tossing	4
torch	4
told	4
thorn	4
temple	4
tear	4
swing	4
sunbeams	4
stubborn	4
stout	4
stately	4
speed	4
sped	4
solid	4
sluggish	4
slow	4
sled	4
single	4
signor	4
shades	4
send	4
sealed	4
sculptured	4
screen	4
says	4
satyr	4
sat	4
same	4
roses	4
road	4
rent	4
rather	4
rare	4
question	4
pure	4
promise	4
priest	4
precious	4
pope	4
point	4
plot	4
pleased	4
play	4
pine	4
pictures	4
pathway	4
passing	4
part	4
onward	4
nought	4
notes	4
nodding	4
next	4
nay	4
murmur	4
moving	4
mountain	4
mortals	4
mortal	4
mighty	4
met	4
memory	4
melt	4
melody	4
meaning	4
mars	4
marble	4
mankind	4
main	4
maid	4
mad	4
luscious	4
load	4
live	4
lily	4
lights	4
lightly	4
lighted	4
leaf	4
laughed	4
lands	4
knotted	4
kept	4
keep	4
itself	4
inner	4
idle	4
hundred	4
host	4
hid	4
hero	4
helpless	4
heads	4
he'll	4
hanging	4
guilt	4
grown	4
growing	4
glowing	4
glittering	4
glanced	4
given	4
gazing	4
gaze	4
gathered	4
fruit	4
fresh	4
franklin	4
finger	4
fell	4
feeble	4
features	4
fancy	4
fancies	4
eternal	4
equal	4
english	4
england	4
echoes	4
drop	4
dreary	4
divine	4
dew	4
dear	4
days	4
current	4
crowd	4
common	4
coming	4
cloudy	4
clear	4
cities	4
cheer	4
cheek	4
changes	4
carving	4
carver	4
busy	4
bud	4
brought	4
brook	4
bring	4
breeze	4
brave	4
boy	4
bold	4
bloom	4
blessed	4
bless	4
blaze	4
blame	4
billows	4
better	4
being	4
beauty	4
battles	4
bank	4
ask	4
arm	4
appear	4
angel	4
agony	4
ages	4
youthful	3
youth	3
wrong	3
wreath	3
wore	3
won	3
wolf	3
wish	3
winged	3
winds	3
win	3
whirl	3
whereon	3
wheeling	3
whaler	3
weeping	3
weep	3
ween	3
waving	3
waste	3
wars	3
war	3
walks	3
vows	3
vision	3
violets	3
violet	3
village	3
vex	3
vernal	3
valley	3
utter	3
unto	3
universe	3
twixt	3
truth	3
trust	3
triumphant	3
trampled	3
toys	3
towered	3
took	3
today	3
tide	3
thyself	3
throne	3
throats	3
thoughtful	3
thither	3
thin	3
therefore	3
terrors	3
terror	3
teach	3
task	3
talk	3
tale	3
take	3
sweetness	3
sweeping	3
sunshine	3
struggles	3
strike	3
stride	3
streams	3
storm	3
stirring	3
stirred	3
stir	3
steps	3
stepped	3
steer	3
steel	3
stealing	3
starve	3
startled	3
stands	3
spot	3
spears	3
spain	3
spade	3
small	3
slighted	3
sing	3
silly	3
sights	3
shuddering	3
shrinks	3
shrinking	3
shrill	3
shrewd	3
showed	3
show	3
shouted	3
shoulders	3
shot	3
shining	3
sharp	3
shapes	3
shallow	3
shake	3
setting	3
senseless	3
selfish	3
seeming	3
seasons	3
sank	3
sang	3
salt	3
saintly	3
rustling	3
roots	3
room	3
rocks	3
rising	3
ripened	3
rings	3
ringing	3
rills	3
restless	3
replied	3
rear	3
ran	3
rain	3
quiet	3
purpose	3
purple	3
psalm	3
present	3
prayed	3
prattle	3
potent	3
pole	3
poet	3
poems	3
plumes	3
placid	3
peter	3
perhaps	3
people	3
peaceful	3
paused	3
pause	3
patience	3
parting	3
paradise	3
panting	3
outstretched	3
often	3
oaks	3
oak	3
northern	3
north	3
nods	3
nest	3
neighbouring	3
natures	3
native	3
nations	3
mystic	3
mysterious	3
murmurs	3
murmured	3
mountains	3
mouldering	3
moody	3
mood	3
moment	3
modest	3
misty	3
mists	3
misery	3
miscellaneous	3
mid	3
melting	3
melted	3
mellow	3
meek	3
measured	3
matter	3
marvellous	3
marvel	3
mantle	3
majesty	3
maids	3
maidens	3
lonely	3
loaded	3
lit	3
listeners	3
listen	3
lilies	3
lightning	3
lid	3
less	3
leaping	3
laws	3
knee	3
justice	3
joyful	3
jealous	3
issue	3
intelligence	3
indian	3
imperious	3
immortal	3
ill	3
ignorance	3
icy	3
i'd	3
hymn	3
hurled	3
howl	3
holiest	3
hold	3
hither	3
himself	3
hide	3
heir	3
height	3
hate	3
hasten	3
harmony	3
grey	3
glorified	3
gloomy	3
gloom	3
glitter	3
glee	3
gleam	3
glared	3
glare	3
gives	3
girl	3
gently	3
general	3
gale	3
fury	3
front	3
free	3
frame	3
found	3
foul	3
forests	3
forehead	3
follow	3
flying	3
fly	3
fluttering	3
flushed	3
flown	3
flowery	3
flashing	3
flaring	3
fixing	3
fixed	3
fill	3
few	3
festal	3
fears	3
familiar	3
eyed	3
exultant	3
eve	3
eternity	3
esquimaux	3
else	3
eden	3
echo	3
earthly	3
early	3
dusty	3
dry	3
drops	3
dropped	3
drive	3
distant	3
dimples	3
die	3
demon	3
decay	3
daylight	3
dashed	3
dart	3
damp	3
currents	3
crystal	3
crown	3
constant	3
commerce	3
comfort	3
cloud	3
clad	3
choose	3
childish	3
cheering	3
charm	3
changed	3
cause	3
carved	3
cannon	3
burnt	3
burning	3
burden	3
broken	3
brimming	3
brightest	3
breed	3
breathe	3
brazen	3
branches	3
bowed	3
bow	3
boundless	3
boughs	3
boar	3
blown	3
bloody	3
blank	3
black	3
bitter	3
big	3
bewildered	3
beside	3
bent	3
bending	3
bend	3
began	3
beating	3
bearded	3
beard	3
beams	3
battle	3
bare	3
band	3
balanced	3
awful	3
astray	3
answered	3
angry	3
angels	3
alms	3
alike	3
acts	3
|romannumeral|	2
youths	2
yourself	2
wrested	2
wrathful	2
worthy	2
worth	2
worn	2
wonders	2
woes	2
woeful	2
withered	2
wise	2
wines	2
widowed	2
whither	2
whispers	2
whisper	2
whirled	2
wherever	2
wherein	2
wheeled	2
wet	2
westward	2
weight	2
weed	2
weakness	2
waters	2
water	2
warming	2
wanton	2
waning	2
wanders	2
walking	2
wakes	2
wake	2
waits	2
waiting	2
vow	2
votive	2
voices	2
victory	2
vessels	2
vessel	2
vesper	2
verge	2
venture	2
vengeful	2
vapours	2
van	2
vain	2
vague	2
usual	2
upraised	2
unseen	2
unheard	2
understand	2
unceasing	2
ugly	2
twist	2
twain	2
turning	2
tugging	2
trumpets	2
truly	2
trophies	2
tricks	2
tremble	2
treasures	2
treads	2
treacherous	2
trailing	2
trade	2
town	2
touched	2
toss	2
torture	2
torpid	2
tongues	2
tongue	2
timid	2
tides	2
thunder	2
thrown	2
throbs	2
threatening	2
threads	2
thine	2
thickening	2
thick	2
themselves	2
ten	2
teeming	2
tearful	2
teardrops	2
taught	2
taste	2
tall	2
sympathy	2
sympathetic	2
swept	2
swelling	2
sweets	2
sweeter	2
sweeps	2
swaying	2
sway	2
sunset	2
sunlight	2
sunless	2
sum	2
sullen	2
suit	2
sublime	2
stupid	2
struggling	2
struck	2
strode	2
striving	2
stricken	2
stretch	2
strengthen	2
streaming	2
straying	2
strayed	2
strait	2
strains	2
strain	2
story	2
storms	2
stored	2
stop	2
stooping	2
stoop	2
stones	2
sternly	2
stern	2
steep	2
steadily	2
startle	2
start	2
starry	2
stammered	2
stained	2
staid	2
spurning	2
springs	2
spoken	2
speech	2
space	2
sown	2
sovereign	2
source	2
sounds	2
souls	2
sons	2
solitude	2
sole	2
soldier	2
soil	2
softly	2
softened	2
soften	2
snows	2
sneer	2
smiling	2
smiled	2
sly	2
slides	2
sleep	2
slay	2
skirts	2
skies	2
sitting	2
sisters	2
sinking	2
sings	2
sinful	2
silken	2
signs	2
signer	2
sightless	2
sighs	2
sighing	2
shy	2
shutting	2
shrunk	2
shrink	2
shrieking	2
showing	2
shore	2
shock	2
ship	2
shield	2
shell	2
sharply	2
shakespeare	2
several	2
sets	2
servants	2
serenely	2
serene	2
selfsame	2
sees	2
seems	2
seem	2
seeks	2
seek	2
secret	2
second	2
seal	2
score	2
scattered	2
scarfs	2
scar	2
saviour	2
saturn	2
sailors	2
sailor	2
sage	2
sadness	2
sadly	2
sabres	2
rustic	2
rust	2
running	2
run	2
rumour	2
ruin	2
ruffian	2
ruddy	2
ruby	2
royal	2
rout	2
rough	2
rosy	2
rooted	2
rome	2
rolling	2
rock	2
roared	2
river	2
rim	2
ride	2
reward	2
revealed	2
return	2
retreat	2
resounding	2
replies	2
rending	2
remember	2
relief	2
regal	2
reed	2
redder	2
receive	2
rebel	2
reached	2
reach	2
re	2
rays	2
ray	2
rave	2
rattling	2
rapid	2
ranks	2
rang	2
raised	2
raging	2
raged	2
rage	2
radiant	2
race	2
quivering	2
quick	2
questions	2
purity	2
puny	2
puffed	2
prove	2
proof	2
promised	2
profound	2
prior	2
prime	2
primaeval	2
pressed	2
praise	2
pours	2
possessor	2
possession	2
port	2
pomp	2
polar	2
points	2
poets	2
pliant	2
pleasures	2
pleasure	2
pleasant	2
plead	2
plashed	2
pinnacles	2
piled	2
phantom	2
persian	2
perfumes	2
perfect	2
perchance	2
peer	2
peeping	2
pauses	2
paths	2
passions	2
pass	2
pang	2
pan	2
palsied	2
owed	2
outspread	2
ours	2
orphan	2
olden	2
oft	2
offering	2
ods	2
oaken	2
noise	2
nod	2
nigh	2
niggard	2
needs	2
neck	2
navies	2
nails	2
mystical	2
myriad	2
mused	2
murder	2
multitudinous	2
moved	2
mournful	2
motives	2
motion	2
moonbeams	2
monster	2
mockery	2
moan	2
mixed	2
merely	2
meet	2
meadows	2
meadow	2
may-day	2
mastery	2
mass	2
masked	2
mask	2
mary	2
marked	2
marco	2
march	2
mar	2
making	2
makes	2
majestic	2
lute	2
lustrous	2
lulling	2
loving	2
loves	2
lore	2
lone	2
living	2
listened	2
lion	2
linked	2
lifts	2
lifting	2
lifted	2
liberal	2
lethargy	2
legendary	2
leaving	2
least	2
learning	2
leap	2
leagues	2
leads	2
lazy	2
law	2
laughter	2
late	2
larks	2
larger	2
laboured	2
knit	2
kingdom	2
kindness	2
kindly	2
kindling	2
kind	2
jubilee	2
jove	2
jolly	2
joined	2
ivy	2
instincts	2
infant	2
impious	2
image	2
hush	2
hurra	2
hunter	2
humming	2
humble	2
huge	2
hounds	2
horsemen	2
horror	2
hoary	2
hilt	2
higher	2
herself	2
hermitage	2
heritage	2
hence	2
help	2
hellas	2
heavens	2
heath	2
heat	2
hearthstone	2
hath	2
haste	2
harmonious	2
hardy	2
happy	2
hapless	2
hall	2
hairy	2
hairs	2
ha	2
guilty	2
guideless	2
grotesque	2
groan	2
greeting	2
greet	2
greensward	2
greater	2
grapes	2
grape	2
grant	2
grandeur	2
gorgeous	2
goodly	2
godlike	2
goblet	2
gloomily	2
glide	2
glancing	2
glances	2
glades	2
girls	2
girded	2
ghastly	2
genius	2
generous	2
gay	2
gather	2
gaping	2
furs	2
furrows	2
furious	2
funeral	2
friars	2
freight	2
freeze	2
fraud	2
frank	2
francis	2
framed	2
fountains	2
fount	2
founded	2
forgotten	2
forgive	2
forget	2
footmen	2
following	2
followed	2
fold	2
foemen	2
flows	2
floor	2
floating	2
flit	2
flings	2
flickering	2
flesh	2
flatterer	2
flattered	2
flash	2
flags	2
fit	2
figures	2
festival	2
fate	2
fame	2
falls	2
faithful	2
fain	2
faces	2
faced	2
eyeballs	2
evil	2
europe	2
essence	2
enough	2
endure	2
endless	2
eloquence	2
ecstasy	2
echoing	2
eagle	2
dusky	2
dullest	2
dukedom	2
dtjke	2
drudge	2
drowsy	2
drowned	2
dropping	2
drooping	2
drives	2
drip	2
dreams	2
dreadful	2
draw	2
downward	2
dove	2
doubts	2
doubt	2
doubled	2
double	2
doth	2
doors	2
doom	2
does	2
dizzy	2
divide	2
dismal	2
discourse	2
dims	2
diadem	2
dews	2
devil	2
desperate	2
despair	2
desert	2
delayed	2
defiance	2
defect	2
deeper	2
deed	2
deck	2
deathless	2
dazzling	2
daunt	2
dashing	2
darksome	2
dare	2
cymbals	2
cutting	2
curious	2
crusted	2
crossed	2
cross	2
crimson	2
crew	2
crested	2
creep	2
creatures	2
creation	2
crawl	2
coyness	2
cower	2
courage	2
countless	2
cordelia	2
contented	2
consent	2
conquered	2
confess	2
concealed	2
company	2
compact	2
colour	2
clutched	2
clustered	2
cloven	2
clouded	2
cloth	2
closer	2
clod	2
clashing	2
circle	2
chose	2
chips	2
chimes	2
chide	2
cheerless	2
cheeks	2
cheating	2
chase	2
charity	2
charge	2
chaos	2
chanting	2
chance	2
centuries	2
ceased	2
caverns	2
cares	2
careless	2
calmness	2
bury	2
bursts	2
burn	2
burdened	2
buds	2
brown	2
browed	2
brothers	2
brother	2
brooks	2
brooding	2
broke	2
brim	2
brightness	2
brighter	2
breezes	2
break	2
bowing	2
bounds	2
book	2
bonfires	2
boast	2
blunt	2
blossomed	2
blossom	2
bliss	2
blindly	2
blessings	2
blending	2
bled	2
blare	2
bishop	2
bind	2
billowing	2
betrothed	2
betray	2
belong	2
bells	2
believed	2
behold	2
bee	2
because	2
became	2
becalmed	2
beat	2
beast	2
bearing	2
beaming	2
battlefield	2
bashful	2
bars	2
bar	2
balmy	2
ballad	2
baleful	2
baffled	2
axe	2
awoke	2
awe	2
attica	2
attic	2
aspiring	2
asked	2
arts	2
arose	2
arise	2
arc	2
apart	2
anything	2
anon	2
ambitious	2
ambition	2
amain	2
altered	2
altar	2
aloud	2
aether	2
adverse	2
advancing	2
add	2
action	2
act	2
acres	2
acorns	2
aches	2
accordant	2
accents	2
absent	2
abode	2
abject	2
*	2
(	2
{	1
zone	1
zig	1
zenith	1
zag	1
yourselves	1
yours	1
yore	1
yield	1
yesterday	1
yes	1
yeomen	1
yells	1
yearn	1
yawn	1
yards	1
wtith	1
wry	1
wrung	1
wrongs	1
wronger	1
wrongej	1
writhing	1
writhed	1
writhe	1
wrinkle	1
wretch	1
wrestle	1
wren	1
wrecks	1
wrecked	1
wreck	1
wrapped	1
wounded	1
would'st	1
worse	1
wooed	1
woodmen	1
wooded	1
woo	1
wont	1
wonderful	1
womb	1
womanhood	1
wits	1
withstood	1
wither	1
withdrew	1
witchery	1
wipe	1
wintery	1
wins	1
winks	1
wink	1
wing	1
windy	1
wily	1
willful	1
wilful	1
wiles	1
wilderness	1
widely	1
whorp	1
whomever	1
whom	1
whiter	1
whistle	1
whirring	1
whirling	1
whether	1
whenever	1
whence	1
wheel	1
western	1
west	1
wending	1
weltering	1
weighed	1
weeps	1
weepiug	1
weekday	1
weeds	1
wearying	1
wears	1
wearily	1
wearied	1
weapon	1
weaning	1
weaken	1
weak	1
wayward	1
waved	1
watering	1
washed	1
wash	1
wary	1
warriors	1
warring	1
warrant	1
warmth	1
warms	1
warmer	1
warmed	1
warlike	1
warbling	1
wane	1
wanderers	1
wanderer	1
walked	1
wains	1
wailing	1
wage	1
voyager	1
vowed	1
votaries	1
voiced	1
vocal	1
vlncenzo	1
visions	1
visionary	1
visaged	1
viol	1
vintage	1
vinos	1
vineyards	1
vines	1
vincenzo	1
villainy	1
villain	1
victorious	1
victor	1
vibrant	1
vestures	1
vested	1
verdant	1
vent	1
venal	1
veined	1
vein&l	1
vein	1
veil'st	1
veil	1
vaunt	1
vaulted	1
vassal	1
varlets	1
various	1
vapour	1
vanish	1
valour	1
vagrant	1
vacant	1
uttered	1
usurp	1
ushers	1
uses	1
useless	1
use	1
urns	1
urn	1
urged	1
urge	1
upturned	1
upset	1
uplifted	1
upholding	1
uphold	1
unworthy	1
unwonted	1
unweeting	1
unusual	1
unsuited	1
unsubstantial	1
unsubdued	1
unseized	1
unquestioned	1
unpardoned	1
unnumbered	1
unmoving	1
unmarked	1
unmanned	1
unlovely	1
unlocks	1
unlike	1
unless	1
unkind	1
united	1
unite	1
unhook	1
unhood	1
unhealthy	1
unguided	1
unfilled	1
unfilial	1
unfaltering	1
unfaithful	1
uneasy	1
undone	1
undiscovered	1
uncramped	1
uncoupled	1
unconsumed	1
tyre	1
tyranny	1
type	1
twists	1
twisting	1
twirling	1
twinge	1
twined	1
twine	1
twin	1
twice	1
twelvemonth	1
twelfth	1
tween	1
tutors	1
turret	1
turmoil	1
turbid	1
tuneful	1
tumult	1
tufted	1
trysting	1
try	1
trusting	1
trunks	1
trunk	1
trumpet	1
trulls	1
troubled	1
trouble	1
tropic	1
trophied	1
trooping	1
troop	1
trod	1
trinket	1
trine	1
trim	1
trilling	1
tries	1
tried	1
trick	1
tresses	1
trembled	1
treble	1
treated	1
treasure	1
treason	1
treachery	1
treacheries	1
transparent	1
transmuted	1
translucent	1
transient	1
transfiguring	1
transcending	1
tranquilly	1
tranquil	1
traitors	1
traitor	1
trains	1
trained	1
trailed	1
trail	1
traffic	1
tracks	1
tracing	1
trace	1
towers	1
touch	1
tottering	1
tortures	1
torrents	1
tornado	1
torn	1
tore	1
topmost	1
tones	1
tone	1
tomorrow	1
tome	1
tombs	1
tombed	1
todesta	1
tjgo	1
tittle	1
tittering	1
tired	1
tips	1
tip	1
tiny	1
tinkle	1
timed	1
timbrel	1
tills	1
tiiick	1
tightened	1
tie	1
thyrsus	1
thyme	1
thwarted	1
thunders	1
thundering	1
thundered	1
thundercloud	1
thrusting	1
thrush	1
throw	1
throttle	1
throngs	1
thrones	1
throned	1
throes	1
throat	1
thrive	1
thrilled	1
threshold	1
threats	1
threatened	1
threading	1
thousands	1
thousand	1
thoughtless	1
thou'st	1
those	1
thorny	1
thorns	1
thon	1
thkee	1
thirst	1
third	1
thinner	1
thinking	1
thicket	1
thickened	1
theorised	1
theo	1
thanks	1
thankless	1
terrific	1
terrible	1
terms	1
term	1
tenures	1
tempted	1
temples	1
temper	1
tearest	1
teardrop	1
teacherous	1
taxing	1
tawny	1
taunts	1
taunt	1
tattered	1
tasso	1
taper	1
tan	1
talking	1
taking	1
takes	1
taken	1
tainted	1
taint	1
tabors	1
tabor	1
table	1
system	1
syrinx	1
synods	1
symphony	1
sympathise	1
swung	1
swords	1
swoop	1
swollen	1
swinging	1
swerving	1
swelled	1
sweetest	1
sweep	1
sweaty	1
swarming	1
swam	1
swallow	1
swain	1
survivors	1
surviving	1
surprise	1
surly	1
surging	1
surely	1
sure	1
suppose	1
supported	1
support	1
superstitious	1
supernal	1
sunrise	1
sunlit	1
sunk	1
summon	1
summits	1
summit	1
suitor	1
sufficient	1
suffered	1
suddenly	1
succour	1
subtle	1
substance	1
subject	1
subdued	1
stupendous	1
stung	1
stumbling	1
studious	1
stubbles	1
strove	1
strongest	1
strive	1
string	1
strides	1
strictly	1
street	1
stray	1
straw	1
strategies	1
strangeness	1
strangely	1
strands	1
straith	1
straining	1
straight	1
straggle	1
stoutly	1
stormy	1
storied	1
stores	1
stopped	1
stolid	1
stole	1
stitches	1
stirs	1
stilt	1
stills	1
stillness	1
stiffness	1
stiffen	1
sterile	1
stems	1
steers	1
steely	1
steam	1
stealthy	1
steal	1
steadfast	1
starving	1
starves	1
starved	1
startles	1
stark	1
staring	1
stares	1
stared	1
stanches	1
stale	1
stalactites	1
stairway	1
stainless	1
staggers	1
staggering	1
staggered	1
stagger	1
stage	1
stag	1
squared	1
squander	1
spurned	1
sprout	1
springtide	1
springing	1
spreading	1
spray	1
sprang	1
spouting	1
spoils	1
splintered	1
splendid	1
splashing	1
spinning	1
spicy	1
spices	1
spheres	1
spell	1
spectre	1
speak	1
spasm	1
sparkles	1
spanning	1
spanish	1
spake	1
sowing	1
sowed	1
southern	1
sour	1
soulless	1
sorrows	1
sorrowful	1
sorcerer	1
sonorous	1
somewhat	1
solve	1
soldiers	1
sodden	1
sod	1
sockets	1
social	1
sober	1
sobbed	1
sob	1
snowy	1
snatched	1
snares	1
snare	1
smouldered	1
smothered	1
smooth	1
smoky	1
smitten	1
smite	1
smell	1
slyly	1
slumbers	1
slumber	1
sloth	1
slope	1
slip	1
slimy	1
slew	1
slept	1
sleet	1
sleepy	1
sleeps	1
slaying	1
slavish	1
slaves	1
slave	1
slashed	1
slanted	1
slanderer	1
slander	1
skirting	1
skirt	1
skirmished	1
skips	1
skip	1
skim	1
skill	1
sitteth	1
sins	1
sinner	1
singled	1
sinew	1
silvery	1
sill	1
silks	1
silenus	1
silenced	1
silence	1
significance	1
sifted	1
siege	1
sideways	1
sides	1
sicken	1
shyly	1
shun	1
shuddered	1
shrouded	1
shroud	1
shrilling	1
shrank	1
showy	1
shows	1
shown	1
showers	1
shouts	1
shouting	1
shouldst	1
shoulder	1
short	1
shoreward	1
shoes	1
shod	1
shivering	1
shine	1
shimmers	1
shifting	1
shifted	1
shepherd	1
sheltering	1
shelter	1
sheer	1
sheds	1
shed	1
she.keeps	1
shattered	1
shape	1
shaming	1
shameless	1
shameful	1
shaking	1
shakes	1
shaken	1
shady	1
shadowy	1
shade	1
settle	1
servitors	1
service	1
servant	1
sermon	1
sentences	1
sentence	1
sent	1
sensualist	1
sensual	1
sensu	1
senses	1
sensation	1
sends	1
semblance	1
selfishness	1
seized	1
seetned	1
seething	1
seest	1
seemly	1
seekers	1
seeing	1
seeds	1
sedges	1
sedge	1
sedately	1
sedate	1
secured	1
secure	1
secrets	1
seat	1
season	1
seared	1
seals	1
scythe	1
sculptures	1
sculpture	1
scud	1
scrolls	1
scroll	1
screening	1
scream	1
scratching	1
scraps	1
scowl	1
scoured	1
scour	1
scornful	1
scorched	1
sceptics	1
scents	1
scented	1
scent	1
scene	1
scattering	1
scat	1
scars	1
scarlet	1
scarf	1
scarcely	1
scarce	1
scale	1
scabbard	1
saying	1
saving	1
save	1
savage	1
saucy	1
satyrs	1
satellites	1
sapience	1
sap	1
sane	1
sands	1
sanctity	1
salute	1
salutation	1
sake	1
saith	1
sainthood	1
sailed	1
sages	1
safer	1
ruthless	1
rusty	1
rustics	1
rusted	1
rushing	1
rush	1
runs	1
rumoured	1
rumbling	1
ruins	1
rugged	1
rubs	1
routed	1
roused	1
roundness	1
roundecf	1
rotting	1
rots	1
root	1
rood	1
romantic	1
romance	1
roman	1
rolls	1
rolled	1
rocky	1
rocked	1
robin	1
robed	1
roaring	1
roaming	1
roadside	1
riven	1
rites	1
rippling	1
rippled	1
ripple	1
ripening	1
ripeness	1
riot	1
ringed	1
ring	1
rill	1
rightful	1
rifted	1
rife	1
riding	1
ridges	1
riches	1
ribbons	1
ribbed	1
rhyme	1
revolving	1
reverie	1
reverend	1
revelling	1
revelation	1
returned	1
retains	1
resume	1
restlessly	1
rested	1
responsive	1
respect	1
rescue	1
request	1
reproof	1
reproaches	1
reproach	1
reposes	1
repose	1
replaced	1
repeat	1
renewed	1
renew	1
removed	1
remnants	1
remembering	1
reluctant	1
religious	1
religion	1
relics	1
reliant	1
relentless	1
rejoicing	1
rein	1
regarding	1
refluent	1
reflections	1
reflection	1
refined	1
reeling	1
reeking	1
reeds	1
redeemed	1
reddening	1
reddened	1
recoil	1
reclaim	1
reckoner	1
reckon	1
recall	1
rebuke	1
rebuilds	1
rebuff	1
reasoning	1
reasoned	1
rearward	1
reared	1
reaped	1
realm	1
real	1
reaching	1
reaches	1
ravishing	1
ravished	1
ravens	1
rattle	1
rate	1
rapt	1
ranging	1
ranged	1
rainbow	1
ragged	1
rabbits	1
quiver	1
quite	1
questioned	1
queenly	1
queen	1
quaintly	1
quaint	1
quails	1
pursuing	1
purse	1
purposes	1
purgatorial	1
purer	1
protect	1
prospect	1
propped	1
prophets	1
prophetic	1
prophetess	1
prophecy	1
proper	1
prop	1
prone	1
promising	1
promethean	1
prolong	1
prologue	1
projects	1
proffered	1
product	1
prodigy	1
prodigious	1
prodigal	1
proclaimed	1
procession	1
prize	1
prithee	1
prison	1
princely	1
primroses	1
priestess	1
prices	1
priced	1
price	1
prevailed	1
presuming	1
presses	1
press	1
prelude	1
pregnant	1
predict	1
preaching	1
preach	1
praises	1
practice	1
poverty	1
pouting	1
pouring	1
pour	1
potosi	1
potentates	1
posts	1
ports	1
portrait	1
portionest	1
porter	1
portal	1
poplars	1
pool	1
ponderous	1
pomps	1
pompous	1
polluted	1
polestar	1
poised	1
poise	1
pointing	1
pointed	1
poetical	1
pocket	1
plunged	1
plundered	1
plunder	1
plumed	1
plough	1
plotting	1
plenty	1
pledges	1
pledge	1
please	1
playing	1
playfellow	1
plash	1
plants	1
planted	1
plans	1
plaintive	1
plains	1
placed	1
pitying	1
pity	1
pitched	1
pipes	1
piped	1
pipe	1
piny	1
pining	1
pines	1
pimp	1
pillared	1
pillage	1
pilgrim	1
pile	1
pigmy	1
pierced	1
pieces	1
pick	1
phrases	1
philosophy	1
philosopher	1
philanthropy	1
phantasies	1
pettish	1
petrarch	1
pervades	1
peruvian	1
person	1
perils	1
periled	1
peril	1
peopled	1
pent	1
pens	1
pennons	1
penance	1
peevish	1
peering	1
peeps	1
pediments	1
pebbly	1
pebbles	1
peasant	1
pearls	1
pealing	1
peaks	1
peacefully	1
peace	1
patriot	1
patriarchal	1
pathos	1
passes	1
passer	1
partial	1
parted	1
parents	1
parent	1
pardoned	1
pard	1
parades	1
pants	1
pantings	1
pangs	1
panes	1
pane	1
palnis	1
palms	1
pallid	1
pall	1
paled	1
palace	1
pair	1
painfully	1
pageant	1
paean	1
pack	1
paced	1
pace	1
owes	1
overweight	1
overstorod	1
overspread	1
overmatch	1
overhead	1
overhang	1
overflowing	1
overcome	1
overbore	1
outsummed	1
outrageous	1
outposts	1
outplotted	1
outer	1
outcast	1
outburst	1
outbrave	1
ourselves	1
ou	1
orioles	1
orient	1
organ	1
ordorod	1
ordered	1
order	1
ordeal	1
orange	1
oppressed	1
oozy	1
ones	1
omnipotent	1
older	1
office	1
offered	1
offer	1
odours	1
odorous	1
odo^s	1
odds	1
odd	1
obvious	1
obscure	1
oblivion	1
obeys	1
obey	1
obedience	1
oaths	1
o'errules	1
o'ergathered	1
o'erfreighted	1
o'ercharged	1
o'erburdencd	1
nymphs	1
nursing	1
nursed	1
numbs	1
numbing	1
numbers	1
noticed	1
nothingness	1
note	1
nostrils	1
nostril	1
noon	1
none	1
noises	1
nocturns	1
noblest	1
nobler	1
noble	1
nitrous	1
nights	1
nightly	1
nicest	1
nicely	1
news	1
newborn	1
netted	1
nether	1
nests	1
nestled	1
neither	1
neglect	1
needed	1
need	1
neath	1
nearly	1
nearer	1
nat	1
names	1
nameless	1
named	1
myrtle	1
muzzles	1
muttered	1
mutter	1
mutiny	1
musing	1
murderous	1
mumbled	1
multiform	1
muffled	1
movements	1
movement	1
mourners	1
mourner	1
mounting	1
mountainous	1
moulded	1
mould	1
mottled	1
motionless	1
moss	1
mortality	1
moral	1
moodily	1
monuments	1
month	1
monks	1
monarchs	1
mole	1
modelling	1
mocks	1
mocked	1
mock	1
moaned	1
mix	1
mist	1
missions	1
missed	1
missals	1
misgivings	1
miser	1
misdeeds	1
mirth	1
ministering	1
minions	1
mingled	1
mingle	1
miner	1
mimicked	1
mimic	1
mill	1
mild	1
milan	1
mightest	1
mien	1
midsummer	1
midst	1
midnight	1
meteor	1
meshes	1
merriment	1
mercury	1
menials	1
melodiously	1
melodious	1
meets	1
meeting	1
medusa	1
measures	1
means	1
mean	1
mazes	1
maze	1
maypole	1
mayhap	1
maturity	1
matrons	1
matin	1
mated	1
massy	1
masses	1
marvelling	1
martyrs	1
martyr	1
marts	1
martial	1
mart	1
marshalled	1
marry	1
marriage	1
marks	1
margin	1
marges	1
mantled	1
manned	1
manna	1
manly	1
mane	1
managed	1
mammoth	1
malignant	1
malicious	1
mailed	1
magnified	1
magnificent	1
magic	1
maddened	1
madaline	1
m)re	1
lying	1
lusty	1
lust	1
lushy	1
lurk	1
lured	1
lungs	1
lulled	1
lull	1
lucy	1
lucid	1
lower	1
lovingly	1
lovelorn	1
lose	1
lordship	1
lords	1
lordly	1
lopped	1
loosen	1
loosed	1
loose	1
looming	1
looking	1
longer	1
lonesome	1
logs	1
locks	1
locked	1
loathful	1
loath	1
loan	1
loadcst	1
lives	1
listening	1
list	1
link	1
lining	1
line	1
limits	1
likeness	1
liis	1
lighthearted	1
lighter	1
lifeless	1
liege	1
lids	1
liberty	1
libations	1
liaise	1
levin	1
levels	1
level	1
lethe	1
lesson	1
lent	1
length	1
legs	1
lees	1
leers	1
lee	1
lebanon	1
learns	1
lear	1
leaned	1
leaguering	1
leagued	1
league	1
leafy	1
leafless	1
lazily	1
lave	1
laura	1
launches	1
laughing	1
lately	1
lash	1
large	1
lapsing	1
lapped	1
languid	1
language	1
landmarks	1
lamp	1
lake	1
lair	1
lain	1
lag	1
lady	1
laden	1
labouring	1
knowest	1
knight	1
knelt	1
kisses	1
kissed	1
kings	1
king	1
kindred	1
kindler	1
kindled	1
killing	1
khan	1
keeps	1
keeping	1
kadiant	1
jupiter	1
judgement	1
judge	1
joyous	1
journeyed	1
journey	1
jollity	1
jingling	1
jetting	1
jeering	1
jeer	1
jaw	1
jars	1
jarring	1
jane	1
jade	1
jackson	1
j	1
ivied	1
italy	1
isle	1
irradiate	1
irksome	1
inward	1
invoke	1
inverted	1
invents	1
inventive	1
intestine	1
interest	1
interchanged	1
intent	1
intense	1
instant	1
instances	1
inspiring	1
insolence	1
insecure	1
innocent	1
innocence	1
inheritor	1
ingots	1
informed	1
inflexibly	1
infinite	1
indulges	1
indistinct	1
indignant	1
inclinings	1
inch	1
incense	1
impure	1
imprecating	1
implacable	1
imperfect	1
impending	1
imminent	1
images	1
illustrious	1
illuming	1
iliad	1
idol	1
idea	1
iceland	1
icebergs	1
iceberg	1
i've	1
hymen	1
husk	1
hushed	1
husband	1
hurly	1
hurls	1
hurlest	1
hunted	1
hums	1
humours	1
hummingbirds	1
humility	1
humbly	1
humbler	1
hum	1
hugo	1
hug	1
hue	1
howsoever	1
howbeit	1
household	1
hotter	1
hotly	1
hostile	1
hospitality	1
horses	1
horse	1
horologe	1
hopes	1
hop	1
honoured	1
honour	1
honeysuckles	1
honest	1
homes	1
homely	1
holiness	1
holiday	1
holding	1
hoarded	1
hoard	1
ho	1
history	1
hist	1
hissing	1
hiss	1
hips	1
hinted	1
hindrances	1
hindoostan	1
hind	1
hideous	1
hers	1
heroical	1
heroic	1
heroes	1
hereditary	1
herald	1
hems	1
helping	1
heights	1
heightening	1
heighten	1
heels	1
heavier	1
heave	1
heathen	1
hearty	1
heartsick	1
heartfelt	1
hearted	1
hears	1
hearken	1
hearest	1
heals	1
headstone	1
headsman	1
headlong	1
hazel	1
haze	1
hawk	1
hav	1
haunts	1
haunted	1
haunt	1
haunch	1
hateful	1
hastened	1
harsh	1
harrowed	1
harp	1
harnessed	1
harms	1
harm	1
happily	1
happier	1
haply	1
handed	1
halting	1
haloing	1
halo	1
hallows	1
hallowed	1
hadst	1
hacked	1
habitual	1
gusty	1
gust	1
gushed	1
gush	1
gurgling	1
guns	1
gulf	1
guides	1
guide	1
guest	1
guess	1
guardians	1
growl	1
gross	1
groping	1
groom	1
groans	1
groaning	1
groaned	1
griping	1
grins	1
grinning	1
grimed	1
grievous	1
griefs	1
greets	1
grecian	1
greatness	1
graveyard	1
gravestones	1
graves	1
gratulate	1
grateful	1
grapple	1
granite	1
grandeurs	1
grander	1
gossips	1
gossip	1
gory	1
gorgon	1
goods	1
goodness	1
going	1
gods	1
goblets	1
goat	1
goads	1
glows	1
glowed	1
glossy	1
glorious	1
glorify	1
glories	1
glooming	1
gloomed	1
glimmered	1
glimmer	1
gliding	1
glides	1
gleans	1
gleaned	1
gleams	1
gleaming	1
glass	1
glad	1
giving	1
girth	1
girt	1
giralda	1
gilded	1
gigantic	1
gifts	1
giddy	1
giant	1
get	1
genial	1
gems	1
gem	1
gear	1
gazed	1
gaunt	1
gaudy	1
gateway	1
gate	1
garrulous	1
garment	1
garland	1
garden	1
garbage	1
garb	1
gap	1
galloping	1
gallant	1
gainsay	1
gain	1
gables	1
furrowing	1
furled	1
fur	1
functions	1
fumes	1
fueling	1
fruitless	1
fruitage	1
froze	1
frowns	1
frown'st	1
froth	1
frosty	1
fro	1
frighted	1
fright	1
friends	1
fretted	1
freshness	1
frescoes	1
frequent	1
frenzy	1
frenzied	1
frenchman	1
france	1
framing	1
frailer	1
fragrant	1
fragments	1
fourth	1
four	1
foundations	1
fought	1
fosters	1
forward	1
forsook	1
forsake	1
formless	1
formed	1
forlorn	1
forgetful	1
forfeit	1
forestalling	1
forestall	1
foreign	1
foreheads	1
foredoomed	1
forces	1
force	1
footsteps	1
footstep	1
footprints	1
fools	1
fool	1
fond	1
folly	1
follows	1
foliage	1
folded	1
foil	1
fog	1
foe	1
foam	1
flutter	1
flutes	1
fluent	1
flowrcts	1
flowing	1
floundered	1
florentine	1
flock	1
flint	1
flight	1
fleshy	1
fleets	1
fleeting	1
fleet	1
flaunts	1
flattery	1
flat	1
flask	1
flashes	1
flashed	1
flank	1
flagstaff	1
fjorio	1
fitly	1
fitful	1
fish	1
firmer	1
firmament	1
fireside	1
fires	1
fingers	1
fine	1
finale	1
filmy	1
film	1
fights	1
fight	1
fifty	1
fiery	1
fiercely	1
fierce	1
field	1
fickle	1
fiat	1
fellow	1
feigned	1
feels	1
feeling	1
fed	1
featured	1
feathery	1
feast	1
fearless	1
feared	1
fe	1
fault	1
fathomed	1
fathom	1
fatherly	1
fastened	1
farther	1
fares	1
fare	1
fantastic	1
fane	1
fancied	1
fallen	1
falcone	1
faithless	1
fairy	1
fairer	1
fails	1
failing	1
fades	1
faded	1
faculty	1
fabled	1
eyne	1
extremes	1
exotics	1
exit	1
existence	1
exclaimed	1
excelling	1
exalting	1
exalt	1
evoe	1
evils	1
everywhere	1
everlasting	1
etna	1
estates	1
essay	1
escape	1
errant	1
ermine	1
erewhile	1
epilogue	1
eome	1
envious	1
entranced	1
entrance	1
enticed	1
enters	1
ensnare	1
enormous	1
enlinks	1
enlinking	1
enlarges	1
englishman	1
engendered	1
engaged	1
enemy	1
ends	1
ended	1
enclosed	1
emotions	1
emotion	1
embers	1
embayed	1
elements	1
elder	1
elate	1
edges	1
edged	1
edge	1
eddying	1
eclipse	1
echoed	1
ebbs	1
ebb	1
eavilers	1
eastern	1
east	1
easily	1
eases	1
ease	1
earthquake	1
eager	1
dyed	1
dye	1
dwindled	1
dwelling	1
dwelled	1
dwell	1
dwarfed	1
duty	1
duties	1
dust	1
dusk	1
duriug	1
dungeon	1
duly	1
dulls	1
dulcet	1
due	1
drunken	1
drums	1
drowsily	1
drove	1
droop	1
drinking	1
drill	1
drifted	1
dried	1
dressed	1
drear	1
dreamy	1
dreamed	1
dream	1
dreading	1
draws	1
draught	1
drain	1
dragging	1
drag	1
dozing	1
downcast	1
dowerless	1
dower	1
doubted	1
dotard	1
doomed	1
don't	1
domain	1
doleful	1
dogs	1
doe	1
divulges	1
diverse	1
diver	1
distrust	1
distressful	1
distinguish	1
distilment	1
disrespect	1
disease	1
disdaiu	1
disdainful	1
disdained	1
discordant	1
discontent	1
discloses	1
direful	1
direct	1
dipped	1
dintless	1
dimmed	1
dies	1
didst	1
dictate	1
devices	1
development	1
determinate	1
destiny	1
desolation	1
desolate	1
desire	1
deserts	1
descents	1
descending	1
departing	1
denial	1
demands	1
deluging	1
dell	1
delight	1
deity	1
deigning	1
degrees	1
degrading	1
defiant	1
deeply	1
deem	1
deductions	1
decrepit	1
decks	1
december	1
deceit	1
debts	1
debate	1
deals	1
deadly	1
deadening	1
de	1
dawn	1
dauntless	1
dash	1
darkly	1
darker	1
darkening	1
darken	1
dared	1
dangle	1
danger	1
dancing	1
dancers	1
dams	1
dampness	1
dales	1
dainty	1
dainties	1
daily	1
daggled	1
cwde	1
cushion	1
curved	1
curt	1
curses	1
curled	1
curb	1
cups	1
cultured	1
culprit	1
crypts	1
crying	1
crust	1
crushing	1
crushed	1
crumpled	1
crumbs	1
crumbled	1
cruise	1
cruelly	1
crucibles	1
crowning	1
crowds	1
crow	1
crouched	1
crossing	1
crooking	1
crooked	1
crone	1
crocus	1
crisp	1
cringing	1
cringe	1
crimes	1
crib	1
cretan	1
crest	1
crescent	1
creed	1
creature	1
creator	1
crawling	1
crashing	1
crashes	1
crash	1
cramping	1
crags	1
cowslips	1
cowls	1
cowering	1
cowards	1
coward	1
covertly	1
covert	1
covered	1
cover	1
cousin	1
courtesy	1
courtesies	1
courteous	1
coursing	1
course	1
coupling	1
counts	1
countries	1
counterfeit	1
counted	1
counsels	1
counselled	1
couldst	1
couch	1
cost	1
cossack	1
corslet	1
corrupt	1
corridor	1
corpse	1
core	1
copse	1
coppice	1
cooler	1
cool	1
convulsed	1
convoy	1
convent	1
contrast	1
contract	1
content	1
contend	1
consecrated	1
conscious	1
conqueror	1
connoisseur	1
confusion	1
conflict	1
confines	1
confidence	1
confession	1
conceit	1
conceals	1
concealing	1
complex	1
completed	1
compared	1
communion	1
commotion	1
commingled	1
comment	1
commandment	1
command	1
comforting	1
combustion	1
combined	1
columns	1
column	1
colourless	1
coleridge	1
coldest	1
coil	1
cohorts	1
coffin	1
cock	1
coast	1
coarsest	1
coarse	1
cnnnot	1
clutches	1
clustering	1
clothing	1
clothes	1
clomb	1
cloak	1
clipping	1
clip	1
clink	1
climbing	1
climb	1
cliffs	1
clenched	1
cleaving	1
cleave	1
clearly	1
cleared	1
clean	1
clattering	1
clatter	1
clasped	1
clash	1
clank	1
clang	1
clamour	1
clamorous	1
claim	1
circling	1
circled	1
churchyard	1
christs	1
choice	1
chivalry	1
chimney	1
chiming	1
chime	1
chillest	1
chilled	1
chill	1
childlike	1
childhood	1
chiefest	1
chief	1
cherub	1
cherry	1
cheered	1
checks	1
cheat	1
chasing	1
charts	1
charred	1
charities	1
chargers	1
chaplet	1
chapel	1
changing	1
chances	1
chambers	1
chair	1
chained	1
cerebus	1
centres	1
central	1
censure	1
censer	1
cell	1
celestial	1
cedar	1
cease	1
caverned	1
cave	1
cautious	1
catches	1
castles	1
castanet	1
carry	1
carol	1
caring	1
career	1
cardinal	1
car	1
captain	1
capability	1
cap	1
canst	1
canons	1
cannonballs	1
candid	1
calvary	1
calmed	1
calls	1
calculated	1
cajoled	1
caesars	1
byword	1
bygone	1
buzzed	1
buzz	1
buxom	1
butter	1
bushy	1
bushes	1
bush	1
burying	1
bursting	1
burrowing	1
burns	1
burnished	1
burned	1
burly	1
buried	1
bulwark	1
bulk	1
built	1
bugle	1
buckled	1
bubbles	1
brushed	1
bruise	1
browsing	1
brotherhood	1
brood	1
broils	1
broidered	1
bristling	1
brink	1
brindled	1
brightening	1
brightened	1
bridge	1
bride	1
bridal	1
bribes	1
bribe	1
breeds	1
breeding	1
breathings	1
breathes	1
breathed	1
breasts	1
breasted	1
breast-high	1
breakers	1
breadth	1
breaches	1
breach	1
brazils	1
bravely	1
brands	1
brandished	1
brand	1
boyish	1
box	1
bows	1
bowl	1
bounties	1
bounteous	1
bounden	1
bounded	1
bought	1
borrow	1
bordeaux	1
bony	1
bones	1
bolt	1
boldest	1
boaster	1
board	1
blustered	1
blushing	1
blushed	1
blurred	1
blunder	1
blows	1
blossoms	1
bloomy	1
blooms	1
bloomed	1
blithsome	1
blinds	1
blinder	1
blighted	1
blew	1
blessing	1
bleed	1
bleating	1
bleak	1
blazoned	1
blazon	1
blazed	1
blasted	1
blankly	1
blanched	1
blade	1
blackness	1
blackened	1
blacken	1
bishops	1
bis	1
birthplace	1
birthday	1
bird	1
bier	1
bidding	1
bid	1
bewitches	1
bettering	1
betrayed	1
bethink	1
bestowing	1
bestirs	1
best	1
besides	1
beseech	1
benumbing	1
bemoan	1
belts	1
below	1
believe	1
behoof	1
beheld	1
behalf	1
begotten	1
begins	1
beggar	1
beget	1
beg	1
befall	1
bees	1
beds	1
bedlam	1
becomes	1
beautiful	1
beauties	1
beau	1
beaten	1
bearest	1
bearer	1
beam	1
beaker	1
beads	1
baying	1
bayed	1
bay	1
battled	1
battering	1
bass	1
bases	1
base	1
bartered	1
barred	1
bark	1
barges	1
barbed	1
barbarous	1
baptist	1
banners	1
banner	1
bankrupt	1
balm	1
baits	1
baffin	1
backed	1
bacchantian	1
babbling	1
awkward	1
awhilu	1
awed	1
awaking	1
awake	1
awaits	1
avenging	1
avalanche	1
availed	1
auto	1
aught	1
audacious	1
athwart	1
athena	1
assumed	1
assigned	1
assaults	1
assassin	1
assailed	1
ass	1
asleep	1
asking	1
array	1
armour	1
armed	1
argues	1
ardent	1
arches	1
arched	1
arch	1
arcadian	1
arabian	1
approaches	1
approach	1
appointment	1
appointed	1
appian	1
appals	1
aphrodite	1
apace	1
any	1
antlered	1
anthems	1
anger	1
angelic	1
andrew	1
anchorite	1
ancestral	1
amorous	1
amongst	1
amen	1
amazed	1
although	1
altars	1
allure	1
allow	1
allayed	1
alive	1
alien	1
albeit	1
alarums	1
alarms	1
alarm	1
aisles	1
aisle	1
airy	1
aim	1
agonies	1
aglow	1
aghast	1
aged	1
agaze	1
afraid	1
aflame	1
afflict	1
afar	1
aerial	1
advised	1
advertised	1
advance	1
admiring	1
admiralty	1
adam	1
actual	1
achilles	1
achieved	1
ached	1
accustomed	1
abroad	1
abound	1
ablaze	1
[	1
.}	1
.)	1
'.	1
